best_callsign,best_field_strength,best_distance_km,stations_above_threshold,covered,city,state_id,lat,lng,population,county_name
KHB-60,59.19,6.05,1,True,Renton,WA,47.4757,-122.1904,100953.0,King
WXM-62,47.46,22.95,0,False,Chehalis,WA,46.6649,-122.966,7498.0,Lewis
KHB-60,77.74,5.65,2,True,Mercer Island,WA,47.5624,-122.2265,25134.0,King
KHB-60,64.81,21.67,2,True,Lynnwood,WA,47.8285,-122.3034,38092.0,Snohomish
WXM-62,71.91,19.21,1,True,Centralia,WA,46.7226,-122.9695,41077.0,Lewis
KHB-60,67.01,19.51,3,True,Mountlake Terrace,WA,47.7921,-122.3077,21182.0,Snohomish
KHB-60,58.03,11.39,2,True,Seattle,WA,47.6217,-122.3238,3541236.0,King
WXL-86,67.96,17.48,1,True,Liberty Lake,WA,47.6687,-117.1031,9209.0,Spokane
WXL-86,63.62,28.84,1,True,Airway Heights,WA,47.6464,-117.5802,6672.0,Spokane
KHB-60,67.32,18.83,2,True,Brier,WA,47.7924,-122.2736,6743.0,Snohomish
WWG-24,72.6,9.7,3,True,Port Townsend,WA,48.1219,-122.7873,8782.0,Jefferson
WWG-24,64.9,23.6,1,True,Oak Harbor,WA,48.2965,-122.6331,34689.0,Island
WWG-24,35.93,35.33,0,False,Anacortes,WA,48.4878,-122.6291,17667.0,Skagit
WWF-56,72.29,18.38,2,True,Grandview,WA,46.2432,-119.9082,18909.0,Yakima
WXM-48,51.6,32.66,1,True,Quincy,WA,47.2342,-119.8512,7644.0,Grant
WNG-604,36.47,16.77,0,False,Kelso,WA,46.1249,-122.8907,12047.0,Cowlitz
WXL-86,61.52,36.85,1,True,Cheney,WA,47.49,-117.5789,12213.0,Spokane
WXM-62,72.98,16.98,1,True,Lacey,WA,47.0444,-122.7933,47688.0,Thurston
KIG-75,80.87,6.84,1,True,Selah,WA,46.648,-120.5388,7768.0,Yakima
KHB-60,41.77,26.66,0,False,Sultan,WA,47.8703,-121.8036,8681.0,Snohomish
KHB-60,66.07,21.73,3,True,Edmonds,WA,47.8114,-122.3534,41840.0,Snohomish
KHB-60,68.16,17.07,1,True,Lake Forest Park,WA,47.7592,-122.2877,13266.0,King
KIG-75,79.48,8.04,1,True,Yakima,WA,46.5926,-120.5492,133687.0,Yakima
KHB-60,62.77,20.63,1,True,Pacific,WA,47.261,-122.2507,7122.0,King
KHB-60,45.01,12.53,0,False,Snoqualmie,WA,47.5292,-121.8409,25455.0,King
KAD-93,73.35,9.4,3,True,Lynden,WA,48.9502,-122.4542,16966.0,Whatcom
KHB-60,66.3,19.37,2,True,Federal Way,WA,47.3091,-122.3358,96757.0,King
KHB-60,65.39,22.51,1,True,Mill Creek,WA,47.8631,-122.2037,20303.0,Snohomish
WXM-62,54.38,31.46,2,True,Lakewood,WA,47.1627,-122.5299,60665.0,Pierce
XKK-506,53.15,45.17,1,True,Port Angeles,WA,48.1141,-123.4565,23818.0,Clallam
KIG-75,59.02,13.69,2,True,Wapato,WA,46.4435,-120.4213,7723.0,Yakima
KHB-60,46.21,43.3,0,False,Arlington,WA,48.1698,-122.144,19112.0,Snohomish
KHB-60,78.54,5.16,1,True,Sammamish,WA,47.6045,-122.0446,63773.0,King
KHB-60,71.05,12.24,1,True,Covington,WA,47.3665,-122.105,20478.0,King
WXM-48,73.88,8.83,1,True,Wenatchee,WA,47.4251,-120.329,71426.0,Chelan
WWF-49,42.58,15.49,0,False,Omak,WA,48.4214,-119.5178,8208.0,Okanogan
WWG-24,55.54,46.61,1,True,Sedro-Woolley,WA,48.5095,-122.2344,11476.0,Skagit
WWF-56,69.84,20.58,2,True,Sunnyside,WA,46.3159,-120.0058,17931.0,Yakima
WXM-62,62.94,49.0,1,True,Normandy Park,WA,47.4344,-122.3436,6651.0,King
WXM-62,62.1,51.06,2,True,SeaTac,WA,47.4444,-122.2985,28873.0,King
WXM-62,68.37,28.98,1,True,Steilacoom,WA,47.1702,-122.5938,6309.0,Pierce
WNG-604,70.08,13.65,2,True,Ridgefield,WA,45.8112,-122.7053,6318.0,Clark
WWF-56,70.01,23.91,2,True,Kennewick,WA,46.1979,-119.1732,229624.0,Benton
WXK-98,36.42,37.54,0,False,Pullman,WA,46.7327,-117.1634,33204.0,Whitman
WNG-604,52.13,20.57,1,True,Longview,WA,46.1471,-122.9642,65156.0,Cowlitz
WWF-56,77.09,10.56,1,True,West Richland,WA,46.3115,-119.3996,14198.0,Benton
WXL-86,11.07,56.19,0,False,Colville,WA,48.545,-117.8975,5088.0,Stevens
WWF-56,73.85,15.33,1,True,Prosser,WA,46.2065,-119.7659,6040.0,Benton
KHB-60,70.74,12.69,1,True,Maple Valley,WA,47.3664,-122.037,25698.0,King
KHB-60,54.73,17.24,1,True,Auburn,WA,47.3039,-122.2108,77472.0,King
WWG-24,55.48,41.53,1,True,Burlington,WA,48.4676,-122.3298,8768.0,Skagit
WWF-56,63.81,40.2,1,True,Connell,WA,46.6627,-118.8403,5243.0,Franklin
KHB-60,48.76,21.41,0,False,Bainbridge Island,WA,47.6439,-122.5434,24404.0,Kitsap
KHB-60,65.03,23.1,2,True,Edgewood,WA,47.2309,-122.2832,10734.0,Pierce
KHB-60,67.57,18.29,2,True,Shoreline,WA,47.7563,-122.3425,55333.0,King
WWF-56,66.52,35.93,1,True,Othello,WA,46.8226,-119.1654,12324.0,Adams
WXM-62,67.39,32.43,3,True,University Place,WA,47.2146,-122.5461,33288.0,Pierce
WWG-24,39.68,23.1,0,False,Poulsbo,WA,47.7417,-122.6408,10400.0,Kitsap
WXM-62,66.53,35.9,2,True,Hoquiam,WA,46.9857,-123.9006,8434.0,Grays Harbor
WWF-56,34.85,63.65,0,False,Ephrata,WA,47.3119,-119.5342,7289.0,Grant
KHB-60,71.4,11.76,2,True,Kent,WA,47.3887,-122.2128,127514.0,King
WWG-24,62.92,29.71,1,True,Mukilteo,WA,47.9096,-122.3035,21462.0,Snohomish
KHB-60,69.5,11.56,1,True,Kirkland,WA,47.6996,-122.1982,87701.0,King
KHB-60,71.07,9.27,1,True,Redmond,WA,47.6776,-122.1176,62458.0,King
KHB-60,73.7,9.01,1,True,Tukwila,WA,47.4749,-122.2727,20033.0,King
WXM-62,69.88,24.32,1,True,Yelm,WA,46.9398,-122.6261,16125.0,Thurston
WXM-62,75.72,12.35,1,True,Olympia,WA,47.0417,-122.8958,194532.0,Thurston
KHB-60,46.4,24.31,0,False,Fife,WA,47.2327,-122.3519,10103.0,Pierce
WWG-24,57.22,36.66,1,True,Port Orchard,WA,47.516,-122.6616,13945.0,Kitsap
WXM-62,64.78,44.08,1,True,Bremerton,WA,47.5436,-122.7121,214549.0,Kitsap
KHB-60,35.73,31.73,0,False,Lake Stevens,WA,48.0028,-122.0964,31679.0,Snohomish
WXM-62,40.48,21.24,0,False,Montesano,WA,47.0108,-123.5868,8385.0,Grays Harbor
XLA-726,56.57,31.5,2,True,Sequim,WA,48.0747,-123.0948,20330.0,Clallam
KHB-60,64.09,26.28,2,True,Tacoma,WA,47.2431,-122.4531,211277.0,Pierce
KHB-60,69.37,14.84,1,True,Woodinville,WA,47.7568,-122.1479,12000.0,King
WXM-62,61.62,47.76,2,True,Ocean Shores,WA,46.9686,-124.1521,5463.0,Grays Harbor
WWF-56,40.56,52.97,0,False,Moses Lake,WA,47.1276,-119.2762,36662.0,Grant
WXM-62,44.04,42.37,0,False,Puyallup,WA,47.1794,-122.2901,40640.0,Pierce
KHB-60,43.48,23.18,0,False,Sumner,WA,47.219,-122.2337,9969.0,Pierce
WWF-56,55.97,63.88,1,True,Walla Walla,WA,46.0678,-118.3364,56509.0,Walla Walla
KHB-60,68.44,16.52,1,True,Bothell,WA,47.774,-122.2039,44546.0,King
WXM-62,77.35,10.27,1,True,Tumwater,WA,46.9925,-122.9227,22538.0,Thurston
KHB-60,69.48,14.69,1,True,Duvall,WA,47.7354,-121.9726,7701.0,King
KHB-60,52.65,22.56,1,True,Monroe,WA,47.8594,-121.9854,18408.0,Snohomish
WXK-98,68.17,20.73,1,True,Clarkston,WA,46.4154,-117.0501,7341.0,Asotin
KHB-60,43.45,26.98,0,False,Gig Harbor,WA,47.335,-122.5966,9110.0,Pierce
WXM-62,63.63,48.2,2,True,Des Moines,WA,47.3914,-122.3154,31172.0,King
KHB-60,56.54,26.54,1,True,Snohomish,WA,47.9277,-122.0971,9915.0,Snohomish
WWF-56,73.54,15.92,2,True,Richland,WA,46.2828,-119.2939,54989.0,Benton
WNG-604,73.52,9.19,1,True,Woodland,WA,45.9147,-122.7503,6333.0,Cowlitz
KIG-98,47.46,31.2,0,False,Washougal,WA,45.5812,-122.3433,15466.0,Clark
KHB-60,43.86,25.36,0,False,Bonney Lake,WA,47.1789,-122.1698,20310.0,Pierce
WXL-86,67.34,18.77,1,True,Spokane Valley,WA,47.6625,-117.2345,96340.0,Spokane
KHB-60,80.4,4.18,3,True,Bellevue,WA,47.5953,-122.155,141400.0,King
KHB-60,48.43,37.21,0,False,Marysville,WA,48.0812,-122.1559,163547.0,Snohomish
KHB-60,63.1,2.71,1,True,Newcastle,WA,47.5304,-122.1633,11567.0,King
KHB-60,31.24,16.04,0,False,North Bend,WA,47.4899,-121.7741,6739.0,King
KHB-60,61.96,24.26,2,True,Enumclaw,WA,47.2018,-121.9898,11654.0,King
WXM-62,73.05,16.86,1,True,Shelton,WA,47.2186,-123.1128,18981.0,Mason
XKK-506,56.42,47.34,2,True,Bellingham,WA,48.7534,-122.4683,123933.0,Whatcom
KHB-60,44.44,15.82,0,False,Kenmore,WA,47.7531,-122.246,22357.0,King
WXN-21,65.73,17.79,2,True,Ellensburg,WA,47.001,-120.5491,22847.0,Kittitas
WXM-62,69.7,24.81,1,True,DuPont,WA,47.1079,-122.6496,9497.0,Pierce
WWG-24,59.52,44.38,1,True,Granite Falls,WA,48.0874,-121.9705,6421.0,Snohomish
WXM-62,63.59,43.21,2,True,Milton,WA,47.2522,-122.3153,7970.0,Pierce
WWG-24,62.51,31.19,1,True,Stanwood,WA,48.245,-122.3427,7073.0,Snohomish
WXM-48,72.73,10.08,1,True,East Wenatchee,WA,47.4172,-120.2809,13968.0,Douglas
WXL-86,65.58,23.01,1,True,Spokane,WA,47.6671,-117.433,400936.0,Spokane
WXM-48,18.02,25.76,0,False,Chelan,WA,47.8414,-120.026,6023.0,Chelan
KIG-98,67.62,33.13,2,True,Camas,WA,45.6006,-122.4301,22449.0,Clark
KAD-93,80.27,4.23,2,True,Blaine,WA,48.9839,-122.7406,5164.0,Whatcom
KIG-75,80.11,7.46,1,True,Union Gap,WA,46.5569,-120.4937,6110.0,Yakima
WWF-56,69.97,24.08,2,True,Pasco,WA,46.2499,-119.1271,70579.0,Franklin
KHB-60,83.12,3.04,1,True,Issaquah,WA,47.5414,-122.0436,37322.0,King
KIG-75,72.29,18.4,2,True,Toppenish,WA,46.3807,-120.3125,14550.0,Yakima
WXM-62,34.46,44.49,0,False,Orting,WA,47.0967,-122.2113,7693.0,Pierce
KHB-60,46.17,28.81,0,False,Fircrest,WA,47.2308,-122.5157,6780.0,Pierce
WNG-604,64.96,24.76,1,True,Vancouver,WA,45.6352,-122.5972,174826.0,Clark
WNG-604,69.15,15.25,2,True,Battle Ground,WA,45.7763,-122.5415,20110.0,Clark
WWF-56,54.18,62.28,1,True,College Place,WA,46.043,-118.3869,9142.0,Walla Walla
WWG-24,60.46,39.74,1,True,Mount Vernon,WA,48.4203,-122.3114,68613.0,Skagit
KAD-93,69.03,10.31,1,True,Ferndale,WA,48.8525,-122.5893,13403.0,Whatcom
WXM-62,49.71,31.54,0,False,Aberdeen,WA,46.9768,-123.8083,28863.0,Grays Harbor
KHB-60,48.26,28.38,0,False,Everett,WA,47.9524,-122.1672,109043.0,Snohomish
KHB-60,71.4,11.73,2,True,Burien,WA,47.4761,-122.3393,50997.0,King
KHB-36,82.9,9.91,1,True,Manassas Park,VA,38.7717,-77.4448,15915.0,Manassas Park (city)
KHB-36,63.38,17.24,1,True,Fairfax,VA,38.8531,-77.2998,24164.0,Fairfax (city)
WWG-68,29.63,28.87,0,False,Big Stone Gap,VA,36.8615,-82.7774,7885.0,Wise
KZZ-28,43.12,17.45,0,False,Waynesboro,VA,38.0673,-78.9012,21887.0,Waynesboro (city)
WXL-60,35.94,55.91,0,False,Lexington,VA,37.7825,-79.444,8765.0,Lexington (city)
WXM-42,53.26,34.76,1,True,Winchester,VA,39.1734,-78.1745,72928.0,Winchester (city)
KZZ-28,27.6,40.63,0,False,Orange,VA,38.2484,-78.1125,5179.0,Orange
WXM-73,35.79,29.79,0,False,Strasburg,VA,38.9944,-78.3541,7218.0,Shenandoah
WXL-60,57.77,23.06,1,True,Radford,VA,37.1229,-80.5583,17483.0,Radford (city)
WXK-65,86.33,4.06,1,True,Richmond,VA,37.5294,-77.4755,1041877.0,Richmond (city)
KHB-37,67.08,24.1,1,True,Virginia Beach,VA,36.7335,-76.0435,1487505.0,Virginia Beach (city)
KHB-36,58.57,23.77,1,True,Herndon,VA,38.9699,-77.3867,24393.0,Fairfax
KHB-37,80.41,13.16,1,True,Chesapeake,VA,36.6778,-76.3024,237940.0,Chesapeake (city)
KHB-36,49.07,38.12,0,False,Purcellville,VA,39.1378,-77.7109,14645.0,Loudoun
WXM-72,36.02,39.25,0,False,Covington,VA,37.7786,-79.9868,7804.0,Covington (city)
KZZ-28,77.28,15.77,1,True,Charlottesville,VA,38.0374,-78.4856,99664.0,Charlottesville (city)
KHB-37,78.88,13.79,1,True,Smithfield,VA,36.9753,-76.6162,10652.0,Isle of Wight
KHB-37,80.75,12.71,1,True,Norfolk,VA,36.8945,-76.259,245115.0,Norfolk (city)
KHB-36,78.43,7.54,1,True,Dumfries,VA,38.567,-77.3234,5186.0,Prince William
WXK-65,69.88,22.24,1,True,Petersburg,VA,37.2042,-77.3914,31882.0,Petersburg (city)
WXL-60,23.33,46.68,0,False,Clifton Forge,VA,37.8232,-79.825,5080.0,Alleghany
KHB-36,68.95,22.71,2,True,Falls Church,VA,38.8846,-77.1751,14014.0,Falls Church (city)
WXL-60,42.59,19.84,0,False,Rocky Mount,VA,37.0045,-79.8855,6047.0,Franklin
WNG-588,45.47,35.34,0,False,Galax,VA,36.666,-80.9176,6652.0,Galax (city)
KZZ-28,58.6,43.13,1,True,Farmville,VA,37.2968,-78.3993,8916.0,Prince Edward
WXL-42,71.89,35.42,3,True,Martinsville,VA,36.6827,-79.8636,34132.0,Martinsville (city)
KJY-86,61.11,28.29,2,True,Danville,VA,36.5831,-79.4088,48015.0,Danville (city)
KHB-36,84.07,8.62,1,True,Manassas,VA,38.748,-77.484,41483.0,Manassas (city)
KHB-37,80.74,12.68,1,True,Suffolk,VA,36.6953,-76.6398,89273.0,Suffolk (city)
WXM-73,35.11,37.79,0,False,Harrisonburg,VA,38.4362,-78.8735,72470.0,Harrisonburg (city)
WZ-2527,98.77,0.86,1,True,Fredericksburg,VA,38.2992,-77.4871,164610.0,Fredericksburg (city)
KHB-36,76.2,20.3,1,True,Warrenton,VA,38.7177,-77.7973,9861.0,Fauquier
WZ-2500,41.88,25.08,0,False,Marion,VA,36.8389,-81.5135,7808.0,Smyth
WXM-73,41.91,26.49,0,False,Broadway,VA,38.6083,-78.8016,6513.0,Rockingham
KZZ-28,37.03,38.28,0,False,Bridgewater,VA,38.3863,-78.9674,6048.0,Rockingham
KHB-36,62.22,32.23,1,True,Culpeper,VA,38.4705,-78.0002,19544.0,Culpeper
WXL-60,79.08,15.33,1,True,Vinton,VA,37.2747,-79.8886,8185.0,Roanoke
WXL-60,68.22,15.4,2,True,Blacksburg,VA,37.23,-80.4277,93560.0,Montgomery
KHB-37,86.42,6.59,1,True,Portsmouth,VA,36.8468,-76.354,95252.0,Portsmouth (city)
KHB-37,74.58,20.22,1,True,Newport News,VA,37.1052,-76.5185,181825.0,Newport News (city)
WXL-60,84.71,8.0,1,True,Salem,VA,37.2864,-80.0554,25549.0,Salem (city)
KHB-36,37.48,33.56,0,False,Leesburg,VA,39.1057,-77.5543,52607.0,Loudoun
WZ-2500,60.29,19.63,2,True,Pulaski,VA,37.0531,-80.7624,15625.0,Pulaski
KZZ-28,39.65,28.04,0,False,Staunton,VA,38.1593,-79.0608,58077.0,Staunton (city)
WZ-2500,87.21,3.31,1,True,Wytheville,VA,36.953,-81.0881,7114.0,Wythe
WXK-47,77.99,12.29,1,True,Bristol,VA,36.618,-82.1607,16960.0,Bristol (city)
WXK-65,67.42,18.14,1,True,Ashland,VA,37.7597,-77.4715,7649.0,Hanover
KHB-37,74.23,17.51,1,True,Hampton,VA,37.0551,-76.3629,135410.0,Hampton (city)
WXL-60,81.26,11.93,1,True,Roanoke,VA,37.2784,-79.9581,215793.0,Roanoke (city)
KHB-37,67.56,34.04,1,True,Williamsburg,VA,37.2691,-76.7075,81840.0,Williamsburg (city)
WXM-42,43.57,51.38,0,False,Front Royal,VA,38.926,-78.1837,19557.0,Warren
WNG-736,75.55,10.44,2,True,Alexandria,VA,38.8184,-77.0861,155810.0,Alexandria (city)
WWG-69,38.17,25.04,0,False,Norton,VA,36.9317,-82.626,10259.0,Norton (city)
KHB-36,64.73,21.08,1,True,Vienna,VA,38.8996,-77.2597,16468.0,Fairfax
WXL-92,85.74,4.42,2,True,Lynchburg,VA,37.4004,-79.1911,123795.0,Lynchburg (city)
WWG-33,63.14,16.82,1,True,Emporia,VA,36.6953,-77.5356,6393.0,Emporia (city)
WXM-73,46.42,22.37,0,False,Woodstock,VA,38.8753,-78.5158,7225.0,Shenandoah
WZ-2543,71.39,2.47,1,True,Richlands,VA,37.0877,-81.8082,8938.0,Tazewell
KHB-37,68.54,22.67,1,True,Poquoson,VA,37.1318,-76.3569,12017.0,Poquoson (city)
WXL-92,65.04,22.7,2,True,Bedford,VA,37.3359,-79.5181,7259.0,Bedford
WXK-47,73.72,20.15,1,True,Abingdon,VA,36.7089,-81.9711,8083.0,Washington
KHB-37,62.61,27.68,2,True,Franklin,VA,36.6831,-76.9386,8913.0,Franklin (city)
WXK-65,66.52,19.8,1,True,Hopewell,VA,37.2914,-77.2985,22735.0,Hopewell (city)
WXL-60,29.39,57.02,0,False,Buena Vista,VA,37.7316,-79.3565,6341.0,Buena Vista (city)
KJY-86,97.67,1.78,1,True,South Boston,VA,36.7131,-78.9135,8109.0,Halifax
WXL-60,79.62,14.45,1,True,Christiansburg,VA,37.1411,-80.4028,22088.0,Montgomery
WXK-65,65.6,18.27,1,True,Colonial Heights,VA,37.265,-77.3969,17772.0,Colonial Heights (city)
KIH-28,52.37,36.87,2,True,Newark,DE,39.6777,-75.7573,33398.0,New Castle
WXJ-94,62.51,22.08,1,True,Milford,DE,38.9095,-75.4232,20683.0,Sussex
WXK-97,58.47,21.54,1,True,Middletown,DE,39.4451,-75.7165,32540.0,New Castle
WXJ-94,89.31,4.71,2,True,Millsboro,DE,38.5865,-75.3018,10403.0,Sussex
KEC-92,73.45,10.46,2,True,Seaford,DE,38.6539,-75.6118,7736.0,Sussex
WXJ-94,76.81,11.45,1,True,Lewes,DE,38.7784,-75.1455,27008.0,Sussex
KIH-28,50.2,27.31,1,True,Elsmere,DE,39.7385,-75.5946,6106.0,New Castle
WXJ-94,80.68,9.45,2,True,Georgetown,DE,38.6899,-75.3872,10136.0,Sussex
KIH-28,65.02,24.58,1,True,Wilmington,DE,39.7349,-75.5286,71442.0,New Castle
WXJ-94,80.36,9.54,1,True,Ocean View,DE,38.5357,-75.0991,13612.0,Sussex
WXK-97,55.9,21.34,1,True,Dover,DE,39.16,-75.5204,116114.0,Kent
KIH-28,58.53,29.14,1,True,New Castle,DE,39.6689,-75.5684,5357.0,New Castle
WXK-97,62.13,18.47,1,True,Smyrna,DE,39.2922,-75.6079,11371.0,Kent
KIG-65,74.9,15.88,1,True,Kaukauna,WI,44.2777,-88.2645,15900.0,Outagamie
KEC-60,85.94,6.97,1,True,Oconomowoc,WI,43.0993,-88.4952,16526.0,Waukesha
WXJ-87,89.31,4.69,2,True,Verona,WI,42.9879,-89.5371,12969.0,Dane
WXL-64,70.18,15.89,2,True,Platteville,WI,42.7334,-90.4716,12550.0,Grant
WXJ-88,61.9,30.91,1,True,Rice Lake,WI,45.4862,-91.7448,9468.0,Barron
WWG-87,84.45,8.28,1,True,North Fond du Lac,WI,43.8107,-88.4861,5034.0,Fond du Lac
WXJ-87,79.37,14.85,2,True,Windsor,WI,43.2165,-89.3393,6785.0,Dane
KIG-65,80.42,11.97,1,True,Howard,WI,44.5703,-88.0924,19410.0,Brown
KEC-60,57.53,25.43,2,True,Burlington,WI,42.6748,-88.2724,23990.0,Racine
WXJ-88,55.35,24.27,1,True,Chippewa Falls,WI,44.9358,-91.3903,14084.0,Chippewa
WNG-552,80.54,8.91,1,True,Waupaca,WI,44.3508,-89.0719,7598.0,Waupaca
KXI-41,62.95,22.57,3,True,Lake Geneva,WI,42.5825,-88.4283,14974.0,Walworth
WXJ-87,85.49,7.34,1,True,Fitchburg,WI,42.9859,-89.4255,28875.0,Dane
WXJ-89,65.69,18.06,1,True,Merrill,WI,45.1818,-89.7005,9818.0,Lincoln
WXJ-87,82.63,10.18,3,True,Monona,WI,43.054,-89.3334,8179.0,Dane
KEC-60,55.02,37.39,3,True,Beaver Dam,WI,43.4687,-88.8312,18121.0,Dodge
KIG-65,73.72,17.75,1,True,Little Chute,WI,44.2889,-88.3184,11250.0,Outagamie
WXJ-88,58.28,25.68,1,True,Baldwin,WI,44.9543,-92.3708,5856.0,St. Croix
KZZ-76,86.42,3.61,1,True,Mount Pleasant,WI,42.7129,-87.8875,26360.0,Racine
KEC-60,65.18,25.85,2,True,Shorewood,WI,43.0913,-87.8863,13368.0,Milwaukee
WXJ-87,64.36,31.94,3,True,Columbus,WI,43.3354,-89.0299,6674.0,Columbia
KZZ-57,81.74,11.32,2,True,Beloit,WI,42.523,-89.0184,63470.0,Rock
KEC-60,72.01,20.15,2,True,Greenfield,WI,42.9619,-88.005,36858.0,Milwaukee
KZZ-76,66.34,20.06,2,True,Greendale,WI,42.9371,-88.0019,14211.0,Milwaukee
KIG-65,78.79,15.9,1,True,Suamico,WI,44.6352,-88.0664,12588.0,Brown
KEC-60,84.78,7.95,1,True,Pewaukee,WI,43.0853,-88.2523,8176.0,Waukesha
WWG-87,86.34,6.68,1,True,Fond du Lac,WI,43.7719,-88.4396,54811.0,Fond du Lac
KEC-60,87.94,5.52,1,True,Hartland,WI,43.1024,-88.3398,9212.0,Waukesha
WWG-90,79.24,5.53,2,True,Edgerton,WI,42.8385,-89.0698,7327.0,Rock
KEC-60,67.69,20.0,1,True,Hartford,WI,43.3215,-88.3777,14605.0,Washington
KEC-60,68.95,26.02,3,True,Elkhorn,WI,42.6711,-88.5376,12198.0,Walworth
WNG-565,86.93,6.24,3,True,Rhinelander,WI,45.6361,-89.4255,8769.0,Oneida
KHA-47,83.42,5.11,2,True,Baraboo,WI,43.4696,-89.7378,13902.0,Sauk
WXJ-89,58.04,32.62,2,True,Plover,WI,44.4614,-89.5373,12552.0,Portage
WWG-90,78.51,6.12,3,True,Janesville,WI,42.6855,-89.0137,70299.0,Rock
KXI-41,64.89,18.86,3,True,Twin Lakes,WI,42.5192,-88.249,6081.0,Kenosha
WXN-69,61.21,28.34,2,True,Marinette,WI,45.087,-87.6305,18947.0,Marinette
KZZ-76,75.6,10.12,2,True,Pleasant Prairie,WI,42.5265,-87.8895,20734.0,Kenosha
KEC-60,67.08,16.7,2,True,Muskego,WI,42.8859,-88.1291,24882.0,Waukesha
WWG-91,43.41,23.43,0,False,Manitowoc,WI,44.099,-87.6812,45261.0,Manitowoc
WXJ-89,83.7,9.03,1,True,Kronenwetter,WI,44.8163,-89.5806,7619.0,Marathon
WXJ-88,66.68,24.07,1,True,Lake Hallie,WI,44.8921,-91.4201,6650.0,Chippewa
KZZ-76,80.82,5.95,2,True,Kenosha,WI,42.5861,-87.8755,124580.0,Kenosha
KEC-60,65.43,21.45,1,True,Slinger,WI,43.3318,-88.2799,5287.0,Washington
KEC-60,59.41,21.13,3,True,Jefferson,WI,43.0042,-88.8084,8024.0,Jefferson
KEC-60,62.17,18.43,2,True,Hales Corners,WI,42.941,-88.0492,7674.0,Milwaukee
KEC-60,81.18,11.03,1,True,Sussex,WI,43.1338,-88.2233,10765.0,Waukesha
KZZ-76,72.48,10.36,2,True,Union Grove,WI,42.687,-88.0501,6980.0,Racine
KEC-60,75.14,12.55,1,True,Mukwonago,WI,42.8569,-88.3273,21532.0,Waukesha
KEC-60,67.46,20.15,1,True,Watertown,WI,43.1893,-88.7285,23304.0,Jefferson
WWG-87,63.39,25.91,2,True,Ripon,WI,43.8436,-88.8386,7961.0,Fond du Lac
WXJ-86,82.9,9.87,1,True,Onalaska,WI,43.888,-91.2075,18697.0,La Crosse
WXJ-87,91.36,3.73,2,True,Middleton,WI,43.1059,-89.5073,19109.0,Dane
KZZ-78,94.67,2.53,1,True,Ashland,WI,46.5801,-90.8715,7063.0,Ashland
KEC-60,57.05,20.47,2,True,Waterford,WI,42.7653,-88.2164,5378.0,Racine
KZZ-57,53.74,29.34,3,True,Delavan,WI,42.6281,-88.6324,12045.0,Walworth
KE2XKP,67.16,11.54,2,True,Sparta,WI,43.9403,-90.8084,10086.0,Monroe
WXJ-87,78.98,15.56,2,True,De Forest,WI,43.2319,-89.3424,9690.0,Dane
WXJ-86,85.71,7.12,1,True,La Crosse,WI,43.8234,-91.2279,102427.0,La Crosse
KIG-65,79.91,9.86,1,True,Hobart,WI,44.4965,-88.1602,8599.0,Brown
KEC-60,69.0,21.94,2,True,Whitewater,WI,42.8371,-88.734,14352.0,Walworth
WXJ-89,61.98,28.26,2,True,Stevens Point,WI,44.524,-89.5506,43735.0,Portage
WWG-86,70.11,13.62,1,True,Prairie du Chien,WI,43.044,-91.139,6647.0,Crawford
KIG-65,72.1,19.35,3,True,Kimberly,WI,44.267,-88.3382,6739.0,Outagamie
WXJ-87,77.97,17.48,3,True,Sun Prairie,WI,43.1829,-89.2353,32820.0,Dane
KHA-47,77.4,10.19,2,True,Prairie du Sac,WI,43.2922,-89.7337,8397.0,Sauk
WWG-87,74.97,18.73,2,True,Oshkosh,WI,44.0242,-88.561,75057.0,Winnebago
WXJ-87,70.83,22.66,2,True,Evansville,WI,42.7781,-89.2967,5954.0,Rock
WXJ-89,68.12,29.54,1,True,Marshfield,WI,44.6633,-90.1731,18760.0,Wood
KEC-60,57.94,29.94,1,True,Grafton,WI,43.3205,-87.9482,11568.0,Ozaukee
KZZ-76,66.04,19.16,2,True,Cudahy,WI,42.9467,-87.8638,18200.0,Milwaukee
WWG-91,87.51,2.25,1,True,Sheboygan,WI,43.7448,-87.7317,70436.0,Sheboygan
KZZ-76,76.8,9.03,2,True,Caledonia,WI,42.7987,-87.8763,24910.0,Racine
KEC-60,66.01,15.79,1,True,Menomonee Falls,WI,43.1487,-88.1227,36769.0,Waukesha
WXJ-89,89.19,4.78,1,True,Rothschild,WI,44.8761,-89.6172,5347.0,Marathon
WXJ-89,85.49,7.31,1,True,Weston,WI,44.8905,-89.5488,15092.0,Marathon
KEC-60,65.85,19.51,1,True,Germantown,WI,43.2343,-88.1217,20027.0,Washington
WXJ-88,81.92,11.09,1,True,Menominee,WI,44.8893,-91.9087,18063.0,Dunn
WNG-552,79.86,8.93,1,True,New London,WI,44.395,-88.7393,7512.0,Waupaca
KHA-47,67.42,18.72,1,True,Reedsburg,WI,43.5346,-89.9971,9526.0,Sauk
WWG-91,41.44,26.98,0,False,Port Washington,WI,43.3847,-87.8851,11642.0,Ozaukee
WWG-87,62.95,16.2,2,True,Kiel,WI,43.9167,-88.0266,6841.0,Manitowoc
WXJ-87,82.37,10.51,2,True,Mount Horeb,WI,43.0061,-89.7317,7448.0,Dane
KZZ-76,63.15,16.75,2,True,South Milwaukee,WI,42.9119,-87.8624,21052.0,Milwaukee
KEC-60,60.33,15.45,2,True,Elm Grove,WI,43.048,-88.0867,6174.0,Waukesha
KEC-60,62.24,23.16,1,True,Jackson,WI,43.3244,-88.1668,6933.0,Washington
KIG-65,69.79,21.25,3,True,Appleton,WI,44.2775,-88.3896,221379.0,Outagamie
WXJ-87,81.45,11.67,2,True,Oregon,WI,42.9252,-89.3887,12297.0,Dane
KEC-60,67.47,13.75,1,True,Brookfield,WI,43.064,-88.1231,38016.0,Waukesha
WXJ-87,78.22,16.97,2,True,Cottage Grove,WI,43.0913,-89.2023,6996.0,Dane
KEC-60,61.7,26.55,2,True,Saint Francis,WI,42.9716,-87.873,9466.0,Milwaukee
WWG-91,83.94,3.91,2,True,Sheboygan Falls,WI,43.7289,-87.8262,7824.0,Sheboygan
KHA-47,74.37,13.19,2,True,Lake Delton,WI,43.5937,-89.7842,5585.0,Sauk
KIG-65,90.53,4.13,1,True,De Pere,WI,44.4312,-88.0795,24893.0,Brown
WXJ-87,70.62,18.27,2,True,Stoughton,WI,42.9237,-89.2219,13134.0,Dane
KEC-60,71.26,18.39,2,True,West Allis,WI,43.0068,-88.0296,60087.0,Milwaukee
KE2XKP,79.83,7.68,1,True,Tomah,WI,43.9882,-90.4996,9311.0,Monroe
WXJ-88,68.36,26.67,1,True,Altoona,WI,44.8029,-91.4387,7489.0,Eau Claire
KIG-65,72.23,20.64,3,True,Harrison,WI,44.2265,-88.3312,9561.0,Calumet
WXJ-86,80.91,12.43,2,True,Holmen,WI,43.9697,-91.2686,9628.0,La Crosse
KIG-65,89.78,4.47,1,True,Allouez,WI,44.472,-88.0261,13896.0,Brown
KEC-60,63.5,26.23,2,True,Fox Point,WI,43.1582,-87.9015,6691.0,Milwaukee
KEC-60,44.17,28.69,0,False,West Bend,WI,43.4184,-88.1823,69810.0,Washington
KEC-60,81.3,7.54,1,True,Waukesha,WI,43.0088,-88.2462,72363.0,Waukesha
KZZ-76,74.76,12.48,2,True,Bristol,WI,42.5378,-88.015,5008.0,Kenosha
KEC-60,60.86,24.36,1,True,Glendale,WI,43.1289,-87.9277,12779.0,Milwaukee
WXJ-87,69.72,31.91,2,True,Monroe,WI,42.601,-89.6437,10777.0,Green
WWG-91,48.4,28.52,0,False,Two Rivers,WI,44.1565,-87.5824,11261.0,Manitowoc
WXJ-89,48.68,37.04,0,False,Wisconsin Rapids,WI,44.393,-89.8262,28406.0,Wood
KEC-60,57.73,21.57,2,True,Milwaukee,WI,43.064,-87.9669,1377104.0,Milwaukee
WXJ-89,59.08,30.31,1,True,Antigo,WI,45.1409,-89.1551,7791.0,Langlade
KIG-65,90.53,4.11,1,True,Bellevue,WI,44.4592,-87.9553,15524.0,Brown
KEC-60,56.83,24.9,1,True,Mequon,WI,43.2352,-87.9838,24086.0,Ozaukee
WWG-90,66.8,13.27,3,True,Fort Atkinson,WI,42.9253,-88.8443,21399.0,Jefferson
WNG-564,77.49,5.31,1,True,Black River Falls,WI,44.2981,-90.8418,5563.0,Jackson
WWG-87,64.55,27.94,3,True,Menasha,WI,44.2129,-88.4272,17856.0,Winnebago
WXN-69,45.74,31.89,0,False,Sturgeon Bay,WI,44.8228,-87.366,8396.0,Door
KEC-60,64.36,25.43,2,True,Whitefish Bay,WI,43.1132,-87.9004,13972.0,Milwaukee
WXJ-87,82.85,9.95,2,True,Waunakee,WI,43.183,-89.4426,13607.0,Dane
WXJ-87,85.41,7.42,2,True,Madison,WI,43.0809,-89.3921,434967.0,Dane
KZZ-76,66.08,14.8,2,True,Oak Creek,WI,42.8803,-87.9008,35881.0,Milwaukee
WXJ-89,91.5,3.68,1,True,Wausau,WI,44.9616,-89.6439,74186.0,Marathon
KC2XBZ,73.49,11.82,1,True,Shawano,WI,44.7749,-88.5843,10242.0,Shawano
KIG-65,85.98,6.48,1,True,Ashwaubenon,WI,44.4796,-88.089,17274.0,Brown
KEC-60,60.39,23.21,1,True,Brown Deer,WI,43.1743,-87.975,12011.0,Milwaukee
KZZ-76,84.79,4.34,1,True,Racine,WI,42.7274,-87.8135,131517.0,Racine
KEC-60,61.4,16.07,1,True,Richfield,WI,43.2372,-88.2413,11622.0,Washington
WWG-87,64.51,24.44,1,True,Waupun,WI,43.6314,-88.7379,11366.0,Fond du Lac
WXJ-87,63.47,31.88,2,True,Lake Mills,WI,43.0775,-88.9041,6728.0,Jefferson
WXJ-87,80.87,12.52,2,True,McFarland,WI,43.0192,-89.2922,8320.0,Dane
KIG-64,86.1,6.84,1,True,Superior,WI,46.694,-92.0823,26475.0,Douglas
KIG-65,85.49,7.3,1,True,Green Bay,WI,44.5151,-87.9895,208670.0,Brown
KZZ-76,65.46,17.04,2,True,Franklin,WI,42.8854,-88.0104,36131.0,Milwaukee
KEC-60,94.05,2.73,1,True,Delafield,WI,43.0717,-88.391,7494.0,Waukesha
WXJ-88,57.48,33.22,1,True,New Richmond,WI,45.1225,-92.5341,8791.0,St. Croix
KHA-47,75.56,12.61,2,True,Portage,WI,43.5489,-89.4657,10431.0,Columbia
KEC-65,64.25,23.28,1,True,Hudson,WI,44.964,-92.7317,24001.0,St. Croix
KEC-60,59.93,18.15,1,True,Wauwatosa,WI,43.0616,-88.0347,47945.0,Milwaukee
WWG-87,66.83,25.48,3,True,Neenah,WI,44.1672,-88.4762,25914.0,Winnebago
KZZ-76,85.99,3.79,1,True,Somers,WI,42.6403,-87.9104,8300.0,Kenosha
KEC-65,52.39,29.64,1,True,River Falls,WI,44.8601,-92.622,15698.0,Pierce
WWG-90,87.54,3.17,3,True,Milton,WI,42.7752,-88.9431,5580.0,Rock
KZZ-76,86.73,3.47,2,True,Sturtevant,WI,42.7005,-87.9014,6937.0,Racine
WWG-91,75.05,10.03,2,True,Plymouth,WI,43.7453,-87.9654,8887.0,Sheboygan
WXJ-88,67.07,23.8,1,True,Eau Claire,WI,44.8202,-91.4948,106681.0,Eau Claire
KEC-60,67.78,13.9,1,True,New Berlin,WI,42.9726,-88.1292,39803.0,Waukesha
KEC-60,53.92,27.44,1,True,Cedarburg,WI,43.2991,-87.9887,11518.0,Ozaukee
WXJ-84,63.43,5.75,1,True,South Charleston,WV,38.3482,-81.711,12859.0,Kanawha
WXJ-85,48.72,20.38,0,False,Buckhannon,WV,38.9927,-80.2279,8688.0,Upshur
KZZ-46,41.75,31.45,0,False,Point Pleasant,WV,38.853,-82.1303,10925.0,Mason
WXJ-85,74.63,1.47,1,True,Clarksburg,WV,39.2862,-80.323,42552.0,Harrison
WWF-35,91.96,3.46,1,True,Wheeling,WV,40.0753,-80.6951,78088.0,Ohio
WXJ-84,47.08,22.83,0,False,Hurricane,WV,38.4294,-82.0168,6604.0,Putnam
WXM-42,80.28,13.35,1,True,Martinsburg,WV,39.458,-77.9779,17687.0,Berkeley
WXJ-85,55.39,17.53,1,True,Fairmont,WV,39.4768,-80.149,33265.0,Marion
WXM-75,38.05,14.54,0,False,Logan,WV,37.8509,-81.9857,9667.0,Logan
WXJ-84,85.86,7.03,1,True,Dunbar,WV,38.3688,-81.7345,7543.0,Kanawha
WXM-72,62.06,26.15,2,True,Beckley,WV,37.7878,-81.1841,61693.0,Raleigh
WXJ-84,70.41,11.69,1,True,Saint Albans,WV,38.3769,-81.8198,10553.0,Kanawha
KIH-39,66.48,10.65,1,True,Huntington,WV,38.4109,-82.4344,198419.0,Cabell
WXJ-84,98.68,1.56,1,True,Charleston,WV,38.3484,-81.6323,146462.0,Kanawha
WXJ-85,51.71,18.19,1,True,Grafton,WV,39.3409,-80.0162,5881.0,Taylor
KWN-35,94.09,1.51,2,True,Morgantown,WV,39.6379,-79.9468,73183.0,Monongalia
WNG-734,57.32,12.83,2,True,Parkersburg,WV,39.2624,-81.5419,65331.0,Wood
WXM-43,76.89,10.82,1,True,Keyser,WV,39.4394,-78.9823,6730.0,Mineral
WXM-72,61.72,15.1,1,True,Lewisburg,WV,37.8096,-80.4327,7124.0,Greenbrier
WXJ-85,78.78,5.61,1,True,Bridgeport,WV,39.3036,-80.2476,8364.0,Harrison
WXM-42,74.35,23.2,1,True,Ranson,WV,39.325,-77.8667,5166.0,Jefferson
WWF-35,45.33,28.0,0,False,New Martinsville,WV,39.6636,-80.8569,5925.0,Wetzel
WWF-35,53.96,25.84,1,True,Weirton,WV,40.406,-80.5671,68173.0,Hancock
WXM-71,54.85,15.28,1,True,Princeton,WV,37.3688,-81.0961,5962.0,Mercer
WZ-2543,43.06,33.24,0,False,Bluefield,WV,37.2602,-81.217,43012.0,Mercer
WXM-71,59.16,27.66,2,True,Oak Hill,WV,37.9889,-81.1467,8544.0,Fayette
KXI-73,41.82,21.38,0,False,Elkins,WV,38.9237,-79.854,11206.0,Randolph
WWF-35,61.05,9.68,1,True,Moundsville,WV,39.9221,-80.7422,8741.0,Marshall
WXM-42,67.08,26.64,1,True,Charles Town,WV,39.2746,-77.8632,23759.0,Jefferson
WXJ-84,60.48,12.19,1,True,Nitro,WV,38.4119,-81.8194,6686.0,Kanawha
WXM-42,75.82,17.54,1,True,Shepherdstown,WV,39.4318,-77.8048,5575.0,Jefferson
WNG-734,64.11,8.93,1,True,Vienna,WV,39.3236,-81.5381,10459.0,Wood
KEC-50,69.99,14.82,1,True,Tequesta,FL,26.9619,-80.1012,5990.0,Palm Beach
KEC-50,88.53,5.03,1,True,North Palm Beach,FL,26.8217,-80.0574,12993.0,Palm Beach
WXJ-60,66.84,22.09,2,True,Keystone Heights,FL,29.781,-82.0339,7081.0,Clay
WZ-2531,94.46,1.41,3,True,Miami Springs,FL,25.8195,-80.2896,14431.0,Miami-Dade
KHB-32,68.82,30.82,3,True,Bradenton,FL,27.49,-82.5746,55687.0,Manatee
KHB-32,74.95,24.0,1,True,Lakeland,FL,28.0556,-81.9542,286876.0,Polk
KIH-63,74.66,11.23,2,True,Winter Springs,FL,28.689,-81.2708,35599.0,Seminole
KPS-505,71.17,13.9,1,True,Mascotte,FL,28.611,-81.9107,5538.0,Lake
KHB-34,84.65,8.09,2,True,Miami Lakes,FL,25.9125,-80.3214,30873.0,Miami-Dade
WWG-92,70.86,21.72,2,True,Estero,FL,26.4275,-81.7952,32140.0,Lee
WWF-85,99.28,0.74,2,True,Ocala,FL,29.1803,-82.1487,165111.0,Marion
KIH-26,83.64,9.07,1,True,Ormond Beach,FL,29.2951,-81.0999,42162.0,Volusia
KHB-32,57.81,35.89,2,True,Dade City,FL,28.3564,-82.1942,7099.0,Pasco
WXK-83A,70.05,19.69,1,True,Lake Placid,FL,27.2967,-81.3719,16610.0,Highlands
KPS-505,61.41,25.29,1,True,Brooksville,FL,28.5404,-82.3901,7999.0,Hernando
KIH-26,90.53,4.13,1,True,Daytona Beach,FL,29.1959,-81.0935,66645.0,Volusia
KEC-38,91.96,3.49,2,True,Pinellas Park,FL,27.8586,-82.7075,52137.0,Pinellas
KPS-505,90.4,4.16,1,True,Wildwood,FL,28.8004,-82.0051,7464.0,Sumter
KIH-26,67.06,19.58,1,True,Edgewater,FL,28.9619,-80.9414,22077.0,Volusia
KHB-34,73.34,19.55,3,True,Key Biscayne,FL,25.6908,-80.1653,13019.0,Miami-Dade
KHB-32,59.75,36.25,1,True,Winter Haven,FL,28.0126,-81.7021,231412.0,Polk
KHB-34,84.13,8.56,2,True,Pembroke Pines,FL,26.0127,-80.3384,168587.0,Broward
KHB-34,69.47,22.5,1,True,Lighthouse Point,FL,26.2785,-80.089,11143.0,Broward
KEC-38,100.4,1.28,2,True,Seminole,FL,27.8429,-82.7835,18334.0,Pinellas
KHB-32,58.11,39.42,2,True,New Port Richey,FL,28.2468,-82.7169,16167.0,Pasco
KEB-97,100.07,0.77,2,True,Lake City,FL,30.1892,-82.647,26128.0,Columbia
WWF-69,75.82,11.77,1,True,Port Saint Lucie,FL,27.2795,-80.3882,422966.0,St. Lucie
KIH-24,57.21,32.23,2,True,Quincy,FL,30.5659,-84.5856,8952.0,Gadsden
WWG-59,98.62,1.64,1,True,Venice,FL,27.1165,-82.4135,22465.0,Sarasota
KEC-38,83.64,9.03,2,True,Clearwater,FL,27.9787,-82.7623,114361.0,Pinellas
KPS-505,68.69,13.57,1,True,Lady Lake,FL,28.924,-81.93,14974.0,Lake
KGG-67,73.56,6.75,1,True,Panama City,FL,30.1985,-85.6153,147788.0,Bay
WXM-58,82.37,5.66,1,True,South Bay,FL,26.6783,-80.7268,5111.0,Palm Beach
WWG-59,69.88,16.94,2,True,Sarasota,FL,27.3391,-82.5439,701487.0,Sarasota
KHB-34,73.11,18.97,3,True,South Miami,FL,25.7078,-80.2952,12207.0,Miami-Dade
WXK-83A,70.96,13.18,1,True,Frostproof,FL,27.7492,-81.5251,8103.0,Polk
WXK-83A,67.7,19.43,2,True,Wauchula,FL,27.547,-81.8102,14390.0,Hardee
KIH-63,69.88,14.84,2,True,Oviedo,FL,28.6576,-81.1869,39337.0,Seminole
KIH-63,78.69,9.05,1,True,Orlando,FL,28.4801,-81.3448,1757288.0,Orange
WXK-83A,84.87,6.27,1,True,Sebring,FL,27.4771,-81.453,62473.0,Highlands
KEC-38,72.96,15.12,2,True,Oldsmar,FL,28.0506,-82.6696,14397.0,Pinellas
KIH-63,58.12,26.41,1,True,Saint Cloud,FL,28.2297,-81.2853,47809.0,Osceola
KHB-34,89.66,4.55,2,True,Aventura,FL,25.9566,-80.1371,37724.0,Miami-Dade
KHB-34,85.79,7.11,2,True,Cooper City,FL,26.0465,-80.2866,35405.0,Broward
WXJ-60,70.63,23.48,1,True,Starke,FL,29.9474,-82.1131,5641.0,Bradford
KEC-86,44.59,34.13,0,False,Valparaiso,FL,30.4926,-86.5079,5072.0,Okaloosa
KHB-34,80.09,13.69,1,True,Wilton Manors,FL,26.1593,-80.1395,12682.0,Broward
WWG-92,74.73,17.69,2,True,Bonita Springs,FL,26.3557,-81.7859,382869.0,Lee
KIH-63,85.83,6.95,1,True,Ocoee,FL,28.5785,-81.5336,44820.0,Orange
KEC-86,49.59,35.21,0,False,Niceville,FL,30.5301,-86.4826,14974.0,Okaloosa
WNG-663,75.7,7.76,3,True,Palmetto Bay,FL,25.622,-80.3222,24570.0,Miami-Dade
KIH-63,74.72,11.12,1,True,Winter Garden,FL,28.543,-81.5944,41988.0,Orange
KIH-26,82.99,9.75,1,True,Port Orange,FL,29.1084,-81.0136,61105.0,Volusia
KEC-38,83.31,8.88,2,True,Saint Pete Beach,FL,27.7215,-82.7383,9671.0,Pinellas
KEC-38,65.28,20.81,2,True,Tarpon Springs,FL,28.1492,-82.7622,24867.0,Pinellas
KGG-67,67.8,9.16,1,True,Callaway,FL,30.1352,-85.56,15269.0,Bay
WZ-2531,79.89,5.67,3,True,West Miami,FL,25.7578,-80.2969,7459.0,Miami-Dade
KIH-24,72.21,14.63,1,True,Tallahassee,FL,30.4549,-84.2527,252825.0,Leon
KGG-67,63.91,11.6,1,True,Panama City Beach,FL,30.237,-85.8776,12776.0,Bay
WXJ-95,48.72,31.76,0,False,Marathon,FL,24.7262,-81.0377,9626.0,Monroe
KIH-63,64.45,24.9,1,True,Orange City,FL,28.9345,-81.2886,11403.0,Volusia
KIH-63,69.21,16.13,2,True,Sanford,FL,28.7892,-81.276,58605.0,Seminole
KIH-63,74.05,12.56,2,True,Lake Mary,FL,28.7591,-81.336,16198.0,Seminole
KEC-50,77.51,10.16,2,True,Royal Palm Beach,FL,26.7046,-80.2246,38006.0,Palm Beach
KPS-505,77.72,9.78,1,True,Leesburg,FL,28.7674,-81.8983,146398.0,Lake
KHB-34,75.8,17.19,1,True,Lauderdale-by-the-Sea,FL,26.1989,-80.0972,6512.0,Broward
KHB-34,80.23,12.93,3,True,Miami,FL,25.784,-80.2102,6247425.0,Miami-Dade
KHB-34,100.0,1.35,2,True,West Park,FL,25.984,-80.1922,15112.0,Broward
KHB-32,69.09,28.97,3,True,Palmetto,FL,27.525,-82.5749,13446.0,Manatee
WWG-59,75.08,13.18,1,True,North Port,FL,27.0577,-82.1976,190003.0,Sarasota
KEC-50,90.94,3.94,1,True,West Palm Beach,FL,26.7468,-80.1315,108161.0,Palm Beach
KPS-505,59.72,23.97,1,True,Eustis,FL,28.8568,-81.6783,20768.0,Lake
KIH-26,61.34,25.91,2,True,Palm Coast,FL,29.5403,-81.2468,395224.0,Flagler
KEC-50,69.79,15.31,2,True,Boynton Beach,FL,26.5282,-80.0812,75569.0,Palm Beach
KEC-86,50.57,29.17,1,True,Fort Walton Beach,FL,30.4244,-86.6192,21971.0,Okaloosa
KHB-34,84.85,7.91,2,True,Miramar,FL,25.9773,-80.3357,138449.0,Broward
WXK-83A,95.1,2.45,2,True,Avon Park,FL,27.5934,-81.5086,10259.0,Highlands
WXJ-70,56.91,17.69,1,True,Palm Bay,FL,27.9861,-80.6628,483098.0,Brevard
KEC-38,78.06,11.78,2,True,Safety Harbor,FL,28.008,-82.6965,17606.0,Pinellas
KHB-34,81.59,11.47,2,True,Miami Beach,FL,25.8171,-80.1396,91917.0,Miami-Dade
KHB-32,55.89,41.05,2,True,Lake Wales,FL,27.9192,-81.5969,15860.0,Polk
KHB-39,82.85,9.96,1,True,Atlantic Beach,FL,30.3372,-81.4128,13452.0,Duval
KEC-50,63.48,20.39,2,True,Delray Beach,FL,26.455,-80.0905,67371.0,Palm Beach
KHB-34,78.83,14.7,1,True,Oakland Park,FL,26.1779,-80.1527,44326.0,Broward
KHB-34,79.71,13.89,2,True,Sunrise,FL,26.1547,-80.2998,93734.0,Broward
KHB-34,87.65,5.69,2,True,Sunny Isles Beach,FL,25.9385,-80.1245,22086.0,Miami-Dade
KIH-26,75.6,13.07,2,True,DeLand,FL,29.0225,-81.2872,31569.0,Volusia
KHB-34,89.31,4.75,2,True,Hollywood,FL,26.0293,-80.1679,151998.0,Broward
WXK-83,67.46,15.18,2,True,Fort Myers Beach,FL,26.4325,-81.9169,7085.0,Lee
KEC-50,91.96,3.48,1,True,Lake Park,FL,26.7998,-80.0689,8595.0,Palm Beach
KEC-50,75.14,11.5,1,True,Lantana,FL,26.5834,-80.0558,11221.0,Palm Beach
WWF-69,73.53,13.67,1,True,Vero Beach,FL,27.6463,-80.3929,16751.0,Indian River
KHB-34,96.29,2.14,2,True,Pembroke Park,FL,25.9852,-80.1779,6312.0,Broward
KIH-63,65.6,20.77,2,True,DeBary,FL,28.8815,-81.324,20394.0,Volusia
KHB-34,93.67,2.85,2,True,Miami Gardens,FL,25.9433,-80.2425,113058.0,Miami-Dade
KEC-38,85.79,7.1,2,True,Saint Petersburg,FL,27.7931,-82.6652,260999.0,Pinellas
WXJ-70,66.13,12.06,1,True,West Melbourne,FL,28.0698,-80.6737,21293.0,Brevard
WXK-83,99.32,1.47,2,True,Fort Myers,FL,26.6197,-81.8306,77146.0,Lee
WWG-92,79.31,13.7,1,True,Naples,FL,26.1504,-81.7936,21845.0,Collier
WXJ-60,78.98,13.73,2,True,Newberry,FL,29.6347,-82.6046,5709.0,Alachua
KIH-63,72.93,18.94,1,True,Minneola,FL,28.607,-81.7321,11078.0,Lake
KHB-34,90.27,4.24,2,True,Hallandale Beach,FL,25.9854,-80.1423,39500.0,Broward
WXK-83,57.99,21.81,2,True,Sanibel,FL,26.4535,-82.1024,7351.0,Lee
KHB-39,67.48,27.29,1,True,Fernandina Beach,FL,30.6589,-81.4499,27371.0,Nassau
KPS-505,56.78,18.31,2,True,Groveland,FL,28.602,-81.8205,12493.0,Lake
KHB-34,73.0,18.89,3,True,Coral Gables,FL,25.7037,-80.2715,50815.0,Miami-Dade
KHB-34,80.45,13.12,2,True,Lauderhill,FL,26.1605,-80.2241,71626.0,Broward
WXM-58,59.36,19.74,1,True,Clewiston,FL,26.7532,-80.9399,13716.0,Hendry
WZ-2531,84.08,4.33,3,True,Doral,FL,25.815,-80.3565,57947.0,Miami-Dade
KPS-505,59.81,19.68,2,True,Tavares,FL,28.7927,-81.7365,15922.0,Lake
KEC-38,88.54,5.18,2,True,Treasure Island,FL,27.7731,-82.766,6937.0,Pinellas
KPS-505,79.41,10.79,1,True,Fruitland Park,FL,28.8599,-81.9192,6018.0,Lake
KIH-63,88.08,4.98,1,True,Altamonte Springs,FL,28.6616,-81.395,43492.0,Seminole
WNG-633,58.24,18.16,1,True,Marianna,FL,30.7907,-85.23,9027.0,Jackson
KEC-38,90.27,4.23,2,True,Largo,FL,27.9088,-82.7714,83065.0,Pinellas
KIH-26,83.26,8.27,1,True,Holly Hill,FL,29.2442,-81.0461,12142.0,Volusia
KHB-34,75.97,16.46,1,True,Tamarac,FL,26.2057,-80.2547,65199.0,Broward
KEC-38,91.5,3.65,2,True,Kenneth City,FL,27.8156,-82.7162,5101.0,Pinellas
WWF-69,53.57,29.55,1,True,Okeechobee,FL,27.2412,-80.8298,25692.0,Okeechobee
WWH-20,70.76,14.01,1,True,De Funiak Springs,FL,30.7121,-86.1207,7055.0,Walton
KEC-50,74.27,12.07,1,True,Jupiter,FL,26.9195,-80.1123,63813.0,Palm Beach
KEC-38,84.5,7.75,2,True,Gulfport,FL,27.7463,-82.7099,12407.0,Pinellas
KGG-67,71.34,7.48,1,True,Lynn Haven,FL,30.2362,-85.6389,20850.0,Bay
WXJ-95,66.56,16.39,1,True,Key West,FL,24.5636,-81.7768,35140.0,Monroe
KHB-34,69.7,21.97,3,True,Pinecrest,FL,25.665,-80.3042,19444.0,Miami-Dade
KHB-34,72.82,19.38,1,True,Pompano Beach,FL,26.2428,-80.1312,109393.0,Broward
KEC-50,90.15,4.26,1,True,Palm Beach,FL,26.6928,-80.0405,8690.0,Palm Beach
WXJ-70,77.69,6.51,1,True,Rockledge,FL,28.3199,-80.7318,27068.0,Brevard
KEC-86,46.55,38.17,0,False,Destin,FL,30.395,-86.4701,13654.0,Okaloosa
KEC-50,95.79,2.24,1,True,Riviera Beach,FL,26.7814,-80.0741,34244.0,Palm Beach
KEC-50,81.65,7.95,1,True,Palm Springs,FL,26.6372,-80.0961,24051.0,Palm Beach
KPS-505,71.77,17.97,4,True,Inverness,FL,28.8397,-82.3437,7347.0,Citrus
WXK-83,73.02,11.53,2,True,Cape Coral,FL,26.644,-81.9961,617896.0,Lee
WWF-69,60.19,23.86,1,True,Sebastian,FL,27.7882,-80.4813,24772.0,Indian River
KHB-32,73.89,28.09,1,True,Zephyrhills,FL,28.2404,-82.1796,74712.0,Pasco
KEC-86,73.03,12.29,1,True,Pensacola,FL,30.4427,-87.1886,352187.0,Escambia
KIH-63,48.5,19.12,0,False,Clermont,FL,28.5403,-81.7296,33549.0,Lake
KHB-32,78.88,15.71,2,True,Temple Terrace,FL,28.044,-82.378,26515.0,Hillsborough
WXM-58,89.44,2.56,1,True,Belle Glade,FL,26.6865,-80.6674,27236.0,Palm Beach
KEC-50,70.65,14.41,2,True,Wellington,FL,26.6464,-80.2708,63900.0,Palm Beach
KIH-63,91.07,3.87,1,True,Maitland,FL,28.6293,-81.3716,17519.0,Orange
KEC-86,74.31,16.47,1,True,Gulf Breeze,FL,30.3685,-87.1769,6466.0,Santa Rosa
WWF-69,65.92,20.19,1,True,Stuart,FL,27.1962,-80.2438,16623.0,Martin
KIH-26,69.6,18.86,2,True,Deltona,FL,28.9051,-81.2134,192730.0,Volusia
KHB-32,79.09,15.36,2,True,Tampa,FL,27.9937,-82.4454,2744107.0,Hillsborough
KHB-39,60.84,30.25,2,True,Saint Augustine,FL,29.8979,-81.31,76129.0,St. Johns
KIH-63,68.29,20.05,3,True,Mount Dora,FL,28.8143,-81.6344,13818.0,Lake
KHB-34,79.64,13.63,2,True,Lauderdale Lakes,FL,26.1683,-80.2017,34790.0,Broward
KHB-34,81.83,11.2,2,True,Plantation,FL,26.126,-80.2617,92706.0,Broward
WNG-663,81.86,5.02,3,True,Cutler Bay,FL,25.5765,-80.3357,44707.0,Miami-Dade
WNG-663,74.82,7.72,2,True,Florida City,FL,25.4418,-80.4685,12078.0,Miami-Dade
KIH-63,78.12,9.39,1,True,Belle Isle,FL,28.4724,-81.3491,6825.0,Orange
KHB-34,76.5,16.61,1,True,North Lauderdale,FL,26.2113,-80.2209,43699.0,Broward
KIH-63,73.47,9.99,1,True,Apopka,FL,28.7006,-81.5303,49458.0,Orange
WWF-69,89.9,4.38,1,True,Fort Pierce,FL,27.4263,-80.3421,45295.0,St. Lucie
WXJ-70,69.7,10.03,1,True,Satellite Beach,FL,28.1782,-80.602,10832.0,Brevard
KHB-34,70.87,21.42,1,True,Coconut Creek,FL,26.2803,-80.1842,59405.0,Broward
KHB-34,68.6,23.61,2,True,Deerfield Beach,FL,26.305,-80.1278,79764.0,Broward
KEC-50,79.36,9.14,1,True,Palm Beach Gardens,FL,26.8489,-80.1654,53778.0,Palm Beach
WXJ-70,67.25,11.01,1,True,Indian Harbour Beach,FL,28.1528,-80.5974,8586.0,Brevard
KHB-39,83.24,9.53,1,True,Jacksonville Beach,FL,30.2782,-81.4045,23387.0,Duval
KHB-34,68.84,24.17,1,True,Parkland,FL,26.319,-80.2489,31507.0,Broward
WXJ-70,48.72,24.08,0,False,Titusville,FL,28.5725,-80.8193,57193.0,Brevard
KHB-32,62.17,33.3,1,True,Auburndale,FL,28.0966,-81.8007,15540.0,Polk
KEB-97,50.87,22.07,1,True,Live Oak,FL,30.2956,-82.9846,7110.0,Suwannee
KHB-34,87.65,5.72,2,True,Opa-locka,FL,25.8997,-80.2551,16457.0,Miami-Dade
KHB-34,91.07,3.87,2,True,North Miami Beach,FL,25.9302,-80.166,43891.0,Miami-Dade
KHB-32,79.37,14.85,1,True,Plant City,FL,28.0145,-82.1202,38200.0,Hillsborough
KEC-38,75.56,12.84,2,True,Dunedin,FL,28.0328,-82.7865,36381.0,Pinellas
KHB-34,85.34,7.44,2,True,Miami Shores,FL,25.867,-80.178,10762.0,Miami-Dade
KHB-32,66.23,28.47,2,True,Fort Meade,FL,27.7641,-81.8054,6686.0,Polk
WWF-69,61.64,22.27,1,True,Fellsmere,FL,27.7243,-80.5978,5649.0,Indian River
KHB-32,58.96,37.47,1,True,Lake Alfred,FL,28.1041,-81.7264,5766.0,Polk
KEC-86,93.3,2.97,1,True,Milton,FL,30.6286,-87.0522,9839.0,Santa Rosa
WWF-88,65.9,15.88,1,True,Perry,FL,30.1092,-83.582,6960.0,Taylor
WXJ-60,92.11,3.44,2,True,Gainesville,FL,29.6814,-82.3454,198702.0,Alachua
WWG-59,62.41,23.2,3,True,Longboat Key,FL,27.3926,-82.6341,7326.0,Manatee
WXK-83,55.76,22.94,2,True,LaBelle,FL,26.7212,-81.4526,12337.0,Hendry
WZ-2531,90.81,2.2,3,True,Hialeah,FL,25.8696,-80.3045,236387.0,Miami-Dade
WXM-58,71.48,11.11,1,True,Pahokee,FL,26.8205,-80.6613,7745.0,Palm Beach
KIH-63,81.38,7.65,2,True,Casselberry,FL,28.6621,-81.3217,27053.0,Seminole
KHB-39,83.24,9.5,1,True,Neptune Beach,FL,30.3165,-81.4118,7337.0,Duval
KEC-38,86.18,6.77,2,True,South Pasadena,FL,27.7524,-82.7395,5111.0,Pinellas
WWG-59,53.44,33.5,2,True,Arcadia,FL,27.2213,-81.8586,18184.0,DeSoto
KHB-34,84.52,8.23,2,True,Surfside,FL,25.8787,-80.1251,5811.0,Miami-Dade
KHB-34,83.82,8.9,2,True,Davie,FL,26.0789,-80.287,101871.0,Broward
KHB-32,67.54,27.17,2,True,Bartow,FL,27.8862,-81.8212,19499.0,Polk
KHB-34,73.81,19.03,1,True,Margate,FL,26.2465,-80.2119,57870.0,Broward
WXJ-70,64.14,14.67,1,True,Cape Canaveral,FL,28.3934,-80.605,10352.0,Brevard
WXJ-70,68.49,10.68,1,True,Cocoa Beach,FL,28.3328,-80.6274,11761.0,Brevard
WXJ-70,69.78,10.64,1,True,Cocoa,FL,28.3821,-80.7675,18102.0,Brevard
KIH-26,71.83,15.56,1,True,New Smyrna Beach,FL,29.0246,-80.9637,25796.0,Volusia
KHB-34,86.26,6.7,2,True,Dania Beach,FL,26.0594,-80.1641,31422.0,Broward
KHB-34,80.96,12.37,2,True,Fort Lauderdale,FL,26.1412,-80.1464,178752.0,Broward
KHB-39,73.06,20.96,2,True,Green Cove Springs,FL,29.9903,-81.6808,7666.0,Clay
KEC-50,79.53,8.99,1,True,Lake Worth,FL,26.6195,-80.0592,37812.0,Palm Beach
KHB-39,58.27,34.79,2,True,Saint Augustine Beach,FL,29.8413,-81.2713,6979.0,St. Johns
KIH-63,62.49,19.96,1,True,Kissimmee,FL,28.3042,-81.4164,365099.0,Osceola
WNG-663,80.08,5.58,2,True,Homestead,FL,25.4664,-80.4472,67996.0,Miami-Dade
KHB-34,63.16,28.59,2,True,Boca Raton,FL,26.3749,-80.1078,96114.0,Palm Beach
KHB-39,81.92,11.1,1,True,Orange Park,FL,30.1706,-81.704,8783.0,Clay
KHB-32,56.89,43.66,2,True,Haines City,FL,28.1098,-81.6158,23454.0,Polk
KIH-63,88.99,4.67,1,True,Winter Park,FL,28.5986,-81.3436,30208.0,Orange
WWG-59,59.23,26.79,2,True,Punta Gorda,FL,26.8933,-82.0524,18796.0,Charlotte
KHB-34,82.07,10.88,2,True,Hialeah Gardens,FL,25.888,-80.3573,23837.0,Miami-Dade
KHB-34,88.03,5.46,2,True,North Miami,FL,25.9008,-80.1686,62139.0,Miami-Dade
WZ-2531,77.39,6.71,3,True,Sweetwater,FL,25.7785,-80.3762,20701.0,Miami-Dade
KHB-34,83.58,9.12,2,True,North Bay Village,FL,25.8487,-80.1535,8262.0,Miami-Dade
KGG-67,75.25,6.33,1,True,Springfield,FL,30.1689,-85.6092,9494.0,Bay
KIH-26,81.63,9.15,1,True,South Daytona,FL,29.1656,-81.0056,12789.0,Volusia
KHB-34,77.88,15.12,2,True,Weston,FL,26.1003,-80.4052,70015.0,Broward
KHB-34,71.26,20.9,1,True,Coral Springs,FL,26.2702,-80.2593,130059.0,Broward
KHB-34,81.45,11.67,2,True,Southwest Ranches,FL,26.0476,-80.3762,7898.0,Broward
KHB-39,85.13,7.65,1,True,Jacksonville,FL,30.3322,-81.6749,1141459.0,Duval
KEC-86,37.98,31.25,0,False,Crestview,FL,30.748,-86.5784,36433.0,Okaloosa
WXJ-70,69.7,10.05,1,True,Melbourne,FL,28.1152,-80.653,81185.0,Brevard
KIH-63,79.21,8.66,2,True,Longwood,FL,28.7016,-81.3489,15011.0,Seminole
KHB-39,57.89,33.44,1,True,Macclenny,FL,30.2818,-82.1246,11307.0,Baker
KHB-34,85.41,7.41,2,True,Bay Harbor Islands,FL,25.8878,-80.1335,5975.0,Miami-Dade
WNG-522,81.87,6.08,2,True,Palatka,FL,29.6488,-81.6618,23740.0,Putnam
WNG-573,63.07,39.12,2,True,Worland,WY,44.0026,-107.9543,5294.0,Washakie
WNG-563,74.03,15.02,1,True,Powell,WY,44.7962,-108.7682,6483.0,Park
KXI-34,70.01,19.01,1,True,Green River,WY,41.5124,-109.4708,12458.0,Sweetwater
WNG-571,53.77,48.71,1,True,Torrington,WY,42.0658,-104.1621,7389.0,Goshen
KWN-39,73.24,1.37,1,True,Jackson,WY,43.4723,-110.774,12540.0,Teton
WXM-37,84.0,8.68,1,True,Laramie,WY,41.3095,-105.6097,33587.0,Albany
WXM-37,64.14,35.3,1,True,Cheyenne,WY,41.1418,-104.7943,79217.0,Laramie
WXM-47,85.27,7.55,1,True,Casper,WY,42.843,-106.3205,69224.0,Natrona
KXI-34,75.6,12.56,1,True,Rock Springs,WY,41.595,-109.2237,27173.0,Sweetwater
WXM-61,98.28,1.68,2,True,Lander,WY,42.8313,-108.7599,7397.0,Fremont
KXI-37,80.33,7.29,1,True,Rawlins,WY,41.7849,-107.2265,9087.0,Carbon
WXM-47,41.31,48.22,0,False,Douglas,WY,42.7547,-105.3834,6600.0,Converse
WNG-563,76.74,10.98,1,True,Cody,WY,44.5212,-109.055,9648.0,Park
WNG-660,92.94,3.11,1,True,Gillette,WY,44.2793,-105.5013,36446.0,Campbell
KXI-85,80.63,7.04,1,True,Evanston,WY,41.2602,-110.9646,11755.0,Uinta
WXM-46,62.51,13.41,1,True,Sheridan,WY,44.7949,-106.9611,19335.0,Sheridan
WNG-573,66.88,34.41,2,True,Riverton,WY,43.0416,-108.4125,12705.0,Fremont
WXM-44,51.95,35.03,1,True,Keene,NH,42.9496,-72.2997,22507.0,Cheshire
WXJ-40,93.66,1.32,3,True,Concord,NH,43.2307,-71.5595,42821.0,Merrimack
WNG-575,69.58,23.58,3,True,Manchester,NH,42.9844,-71.4445,159744.0,Hillsborough
KZZ-40,59.98,14.33,1,True,Rochester,NH,43.2991,-70.9791,30345.0,Strafford
WXM-44,81.43,7.43,1,True,Claremont,NH,43.379,-72.3368,9312.0,Sullivan
KZZ-41,34.11,15.13,0,False,Berlin,NH,44.4871,-71.2601,11560.0,Coos
KZZ-40,70.15,22.95,2,True,Portsmouth,NH,43.058,-70.7826,91193.0,Rockingham
KZZ-40,72.93,17.1,2,True,Somersworth,NH,43.2534,-70.8856,11791.0,Strafford
KZZ-40,73.32,16.33,2,True,Dover,NH,43.1887,-70.8845,91514.0,Strafford
WXJ-40,47.56,25.2,0,False,Laconia,NH,43.5727,-71.4777,19241.0,Belknap
WXJ-40,51.61,16.94,1,True,Franklin,NH,43.45,-71.6689,9547.0,Merrimack
WNG-546,70.56,7.05,1,True,Lebanon,NH,43.6353,-72.2531,26396.0,Grafton
WNG-575,69.25,21.14,2,True,Nashua,NH,42.7492,-71.491,230061.0,Hillsborough
KHB-38,78.28,9.5,1,True,Somers Point,NJ,39.3167,-74.6069,10545.0,Atlantic
KWO-35,83.88,8.8,1,True,Bayonne,NJ,40.6659,-74.1141,66238.0,Hudson
KWO-35,85.27,7.54,1,True,Ridgefield Park,NJ,40.8544,-74.0199,13059.0,Bergen
KWO-35,77.43,15.6,1,True,Closter,NJ,40.9733,-73.9606,8705.0,Bergen
WXM-60,64.86,10.76,2,True,Belmar,NJ,40.18,-74.0257,5684.0,Monmouth
KIH-28,81.36,10.39,1,True,Somerdale,NJ,39.8454,-75.0217,5506.0,Camden
KWO-35,74.36,26.55,2,True,Bloomingdale,NJ,41.03,-74.3319,8173.0,Passaic
KIH-28,70.49,18.53,1,True,Burlington,NJ,40.0783,-74.8523,9866.0,Burlington
KHB-38,76.03,11.18,1,True,Ocean City,NJ,39.2687,-74.602,11340.0,Cape May
KWO-35,64.37,24.35,1,True,Metuchen,NJ,40.5422,-74.3628,13871.0,Middlesex
KIH-28,57.07,29.13,2,True,Hammonton,NJ,39.6571,-74.7679,12828.0,Atlantic
KWO-35,79.66,14.33,1,True,Paramus,NJ,40.9455,-74.0712,26880.0,Bergen
KWO-35,96.04,2.2,1,True,Hoboken,NJ,40.7452,-74.0279,54379.0,Hudson
KWO-35,77.01,19.55,1,True,Woodcliff Lake,NJ,41.0256,-74.0605,5891.0,Bergen
KWO-35,67.14,31.79,2,True,Eatontown,NJ,40.2913,-74.0558,12287.0,Monmouth
KWO-35,57.2,22.12,1,True,New Providence,NJ,40.6996,-74.4037,12758.0,Union
KWO-35,66.68,16.26,2,True,North Caldwell,NJ,40.8629,-74.2576,6669.0,Essex
KWO-35,65.36,29.35,1,True,South River,NJ,40.4454,-74.3783,16295.0,Middlesex
KZZ-31,67.48,14.53,1,True,Hopatcong,NJ,40.9541,-74.6592,14384.0,Sussex
KWO-35,58.47,21.39,2,True,Franklin Lakes,NJ,41.0085,-74.2082,10852.0,Bergen
KWO-35,59.96,34.68,1,True,Manville,NJ,40.5422,-74.5892,10430.0,Somerset
KWO-35,67.22,33.49,2,True,Tinton Falls,NJ,40.2708,-74.0949,17800.0,Monmouth
KWO-35,69.48,22.56,2,True,Madison,NJ,40.7585,-74.417,16072.0,Morris
KWO-35,78.54,16.32,1,True,Glen Rock,NJ,40.96,-74.1248,11946.0,Bergen
KWO-35,77.42,15.78,1,True,Emerson,NJ,40.9749,-74.0239,7669.0,Bergen
KWO-35,92.6,3.22,1,True,Guttenberg,NJ,40.7927,-74.0047,11618.0,Hudson
KZZ-31,48.59,17.09,0,False,Rockaway,NJ,40.8969,-74.5155,6478.0,Morris
KWO-35,67.17,16.34,1,True,Totowa,NJ,40.9039,-74.2216,10904.0,Passaic
KIH-28,89.42,4.69,1,True,Gloucester City,NJ,39.8923,-75.1173,11339.0,Camden
KWO-35,48.52,25.87,0,False,Wanaque,NJ,41.044,-74.2901,11759.0,Passaic
KWO-35,76.25,21.31,1,True,Montvale,NJ,41.053,-74.0497,8506.0,Bergen
KWO-35,85.79,7.07,1,True,East Rutherford,NJ,40.8179,-74.0853,9856.0,Bergen
KWO-35,69.98,24.32,1,True,Plainfield,NJ,40.6153,-74.4159,50636.0,Union
KWO-35,61.99,32.37,2,True,Spotswood,NJ,40.3952,-74.3915,8429.0,Middlesex
KWO-35,79.44,14.73,1,True,Paterson,NJ,40.9147,-74.1624,147000.0,Passaic
KWO-35,62.43,26.85,1,True,Fair Haven,NJ,40.3618,-74.0392,5976.0,Monmouth
KIH-28,68.27,20.41,1,True,Clayton,NJ,39.6629,-75.0782,8614.0,Gloucester
KWO-35,93.67,2.85,1,True,West New York,NJ,40.7856,-74.0093,53343.0,Hudson
KWO-35,43.69,28.98,0,False,Ringwood,NJ,41.1063,-74.2754,12399.0,Passaic
KWO-35,75.0,24.56,1,True,Keyport,NJ,40.4327,-74.2013,7085.0,Monmouth
KWO-35,80.54,12.64,1,True,River Edge,NJ,40.9269,-74.0387,11647.0,Bergen
KWO-35,78.41,16.59,1,True,Kenilworth,NJ,40.6782,-74.289,8194.0,Union
KWO-35,67.82,27.99,2,True,Red Bank,NJ,40.348,-74.0674,12160.0,Monmouth
KWO-35,76.08,21.76,1,True,Perth Amboy,NJ,40.5204,-74.2724,52499.0,Middlesex
KWO-35,60.36,31.28,1,True,Milltown,NJ,40.4503,-74.435,7132.0,Middlesex
KWO-35,77.97,17.46,1,True,Ridgewood,NJ,40.9822,-74.1126,25533.0,Bergen
KWO-35,84.78,7.98,1,True,Leonia,NJ,40.8638,-73.9898,9195.0,Bergen
WXJ-94,51.15,33.41,1,True,Wildwood,NJ,38.9886,-74.8199,5120.0,Cape May
KWO-35,85.86,7.02,1,True,Kearny,NJ,40.7526,-74.1202,42126.0,Hudson
KWO-35,82.63,10.21,1,True,Hackensack,NJ,40.8889,-74.0461,44756.0,Bergen
WXM-60,67.54,9.5,2,True,Manasquan,NJ,40.1185,-74.0449,5818.0,Monmouth
WXL-39,57.78,16.05,1,True,Phillipsburg,NJ,40.6895,-75.1821,14455.0,Warren
KWO-35,64.9,29.93,2,True,Oceanport,NJ,40.316,-74.0205,5725.0,Monmouth
KWO-35,81.13,12.11,1,True,Bergenfield,NJ,40.9233,-73.9982,27647.0,Bergen
KWO-35,75.91,22.19,1,True,Fanwood,NJ,40.6417,-74.3857,7700.0,Union
KWO-35,58.88,28.62,2,True,Little Silver,NJ,40.3358,-74.0346,5895.0,Monmouth
KWO-35,81.09,12.2,1,True,Elizabeth,NJ,40.6655,-74.1918,128640.0,Union
KWO-35,78.19,17.05,1,True,Hawthorne,NJ,40.9579,-74.1582,18941.0,Passaic
KWO-35,87.37,5.92,1,True,Ridgefield,NJ,40.8312,-74.0146,11357.0,Bergen
KWO-35,80.57,12.94,1,True,New Milford,NJ,40.9339,-74.0195,16759.0,Bergen
KWO-35,66.02,20.82,2,True,Chatham,NJ,40.7405,-74.3838,8977.0,Morris
KWO-35,65.68,28.83,1,True,Highland Park,NJ,40.5006,-74.4284,14195.0,Middlesex
KWO-35,67.07,26.66,1,True,Matawan,NJ,40.4126,-74.2365,8848.0,Monmouth
KWO-35,72.82,22.54,1,True,Upper Saddle River,NJ,41.0633,-74.0987,8326.0,Bergen
KWO-35,52.41,23.54,2,True,Pompton Lakes,NJ,41.0028,-74.2857,11127.0,Passaic
KZZ-31,42.31,16.4,0,False,Mount Arlington,NJ,40.9188,-74.6391,5455.0,Morris
KWO-35,76.85,19.87,1,True,Westfield,NJ,40.6517,-74.3434,30206.0,Union
KWO-35,85.79,7.12,1,True,Fort Lee,NJ,40.8507,-73.9711,37577.0,Bergen
KWO-35,84.92,7.84,1,True,North Arlington,NJ,40.7872,-74.1269,15868.0,Bergen
KWO-35,78.54,16.38,1,True,Prospect Park,NJ,40.9381,-74.1738,5913.0,Passaic
KHB-38,91.36,3.75,1,True,Pleasantville,NJ,39.3897,-74.5168,20492.0,Atlantic
KWO-35,81.18,12.05,1,True,Glen Ridge,NJ,40.804,-74.2043,7642.0,Essex
KWO-35,55.61,32.81,2,True,Wharton,NJ,40.8999,-74.5808,6577.0,Morris
KWO-35,72.48,23.04,1,True,Union Beach,NJ,40.4455,-74.17,5584.0,Monmouth
KIH-28,86.84,6.3,1,True,Audubon,NJ,39.8906,-75.0723,8727.0,Camden
KIH-28,85.71,7.14,1,True,Haddon Heights,NJ,39.8791,-75.0646,7544.0,Camden
KWO-35,78.15,14.56,1,True,Oradell,NJ,40.9562,-74.0314,8219.0,Bergen
KIH-28,86.1,6.85,1,True,Bellmawr,NJ,39.8665,-75.0942,11478.0,Camden
KHB-38,90.02,4.33,1,True,Brigantine,NJ,39.4127,-74.3802,9042.0,Atlantic
KWO-35,79.03,14.36,1,True,Demarest,NJ,40.955,-73.9568,5000.0,Bergen
KWO-35,79.96,13.59,1,True,Dumont,NJ,40.945,-73.9925,17871.0,Bergen
KIH-28,51.81,34.69,2,True,Vineland,NJ,39.4652,-74.9981,94943.0,Cumberland
KWO-35,70.58,24.41,1,True,Boonton,NJ,40.9047,-74.4048,8382.0,Morris
KWO-35,76.82,19.96,2,True,Summit,NJ,40.7154,-74.3648,22019.0,Union
KWO-35,78.22,17.0,1,True,Carteret,NJ,40.5849,-74.2285,23992.0,Middlesex
KHB-38,89.66,4.56,1,True,Margate City,NJ,39.3307,-74.5071,6142.0,Atlantic
KWO-35,81.36,11.81,1,True,Tenafly,NJ,40.9174,-73.9529,14846.0,Bergen
KIH-28,84.45,8.26,1,True,Runnemede,NJ,39.8521,-75.074,8382.0,Camden
KIH-28,78.99,15.16,1,True,Pitman,NJ,39.7332,-75.1307,8874.0,Gloucester
KHB-38,85.94,6.98,1,True,Linwood,NJ,39.3435,-74.5707,6892.0,Atlantic
KWO-35,76.33,21.13,1,True,Allendale,NJ,41.0332,-74.1332,6853.0,Bergen
KWO-35,69.68,23.95,1,True,South Amboy,NJ,40.4851,-74.2831,8778.0,Middlesex
KWO-35,76.93,19.71,1,True,Waldwick,NJ,41.0132,-74.1262,10026.0,Bergen
KWO-35,89.08,4.85,1,True,Jersey City,NJ,40.7161,-74.0683,264152.0,Hudson
KWO-35,69.02,25.49,1,True,South Plainfield,NJ,40.5746,-74.4151,24221.0,Middlesex
KZZ-31,44.56,25.0,0,False,Hackettstown,NJ,40.854,-74.8257,9549.0,Warren
KHB-38,90.94,3.9,1,True,Absecon,NJ,39.4221,-74.4941,8295.0,Atlantic
KWO-35,48.75,36.51,0,False,Raritan,NJ,40.573,-74.6432,8007.0,Somerset
KIH-28,58.65,28.18,1,True,Trenton,NJ,40.2237,-74.764,293697.0,Mercer
KWO-35,94.05,2.76,1,True,Union City,NJ,40.7675,-74.0323,69296.0,Hudson
KWO-35,81.92,11.07,1,True,Garfield,NJ,40.8791,-74.1083,31876.0,Bergen
KWO-35,66.62,18.52,1,True,Old Tappan,NJ,41.0164,-73.9856,6002.0,Bergen
KWO-35,66.32,25.91,1,True,Morristown,NJ,40.7966,-74.4772,19016.0,Morris
KWO-35,64.09,31.83,2,True,West Long Branch,NJ,40.2883,-74.0186,7963.0,Monmouth
KHB-38,48.21,32.48,0,False,Millville,NJ,39.3903,-75.0561,28059.0,Cumberland
KHB-38,86.61,5.76,1,True,Northfield,NJ,39.3723,-74.5556,8410.0,Atlantic
KWO-35,65.15,20.55,1,True,Lincoln Park,NJ,40.9239,-74.3035,10442.0,Morris
KWO-35,82.9,9.89,1,True,Newark,NJ,40.7242,-74.1724,281764.0,Essex
KWO-35,72.83,31.75,1,True,Bernardsville,NJ,40.7268,-74.5919,7805.0,Somerset
KHB-38,93.12,3.03,1,True,Ventnor City,NJ,39.3457,-74.486,10317.0,Atlantic
WXL-39,51.67,27.48,1,True,Washington,NJ,40.7586,-74.9826,15457.0,Warren
KIH-28,93.12,3.03,1,True,Camden,NJ,39.9361,-75.1072,74420.0,Camden
KWO-35,60.06,25.61,2,True,Butler,NJ,40.9991,-74.3472,7779.0,Morris
KIH-28,83.94,8.75,2,True,Paulsboro,NJ,39.8401,-75.2398,5958.0,Gloucester
KWO-35,78.8,15.71,1,True,Linden,NJ,40.6251,-74.238,42457.0,Union
KIH-28,72.9,16.21,1,True,Berlin,NJ,39.7914,-74.9373,7594.0,Camden
KWO-35,64.44,21.51,1,True,Florham Park,NJ,40.7772,-74.3953,11766.0,Morris
KWO-35,65.87,31.22,2,True,Long Branch,NJ,40.2965,-73.9915,30763.0,Monmouth
KWO-35,82.58,10.28,1,True,Lodi,NJ,40.8784,-74.0815,24778.0,Bergen
KWO-35,83.64,9.11,1,True,Hasbrouck Heights,NJ,40.862,-74.0742,12182.0,Bergen
KIH-28,45.39,36.31,0,False,Bridgeton,NJ,39.4284,-75.2284,34536.0,Cumberland
KWO-35,66.88,27.4,1,True,Dunellen,NJ,40.5902,-74.4656,7374.0,Middlesex
KWO-35,52.42,43.6,1,True,Hightstown,NJ,40.2685,-74.525,5503.0,Mercer
KWO-35,77.31,18.24,1,True,Rahway,NJ,40.6078,-74.2808,29451.0,Union
KIH-28,84.92,7.86,1,True,Woodbury,NJ,39.8378,-75.1523,9962.0,Gloucester
KIH-28,43.52,38.16,0,False,Princeton,NJ,40.3563,-74.6694,31249.0,Mercer
KWO-35,78.84,15.78,1,True,Roselle Park,NJ,40.6653,-74.2667,13638.0,Union
KWO-35,64.5,30.09,1,True,New Brunswick,NJ,40.487,-74.445,56910.0,Middlesex
KWO-35,83.82,8.86,2,True,Wood-Ridge,NJ,40.8509,-74.0878,8600.0,Bergen
KWO-35,62.79,31.53,1,True,Bound Brook,NJ,40.5676,-74.5385,10455.0,Somerset
KWO-35,76.74,20.15,1,True,Mountainside,NJ,40.681,-74.3605,6883.0,Union
KWO-35,88.65,5.1,1,True,Cliffside Park,NJ,40.8221,-73.9878,24856.0,Bergen
KIH-28,55.77,31.23,1,True,Salem,NJ,39.568,-75.4723,5366.0,Salem
KWO-35,83.94,8.75,1,True,Harrison,NJ,40.7431,-74.1532,16231.0,Hudson
KWO-35,88.44,5.23,1,True,Edgewater,NJ,40.8234,-73.974,12044.0,Bergen
KWO-35,46.24,34.92,0,False,Somerville,NJ,40.5696,-74.6092,12165.0,Somerset
KIH-28,85.27,7.5,1,True,Palmyra,NJ,40.0025,-75.0359,7241.0,Burlington
KWO-35,64.82,29.55,1,True,Middlesex,NJ,40.5744,-74.5011,13812.0,Middlesex
KWO-35,77.67,18.08,1,True,North Haledon,NJ,40.9627,-74.1845,8491.0,Passaic
KWO-35,77.29,18.88,1,True,Midland Park,NJ,40.9952,-74.141,7319.0,Bergen
KWO-35,88.97,4.9,2,True,Fairview,NJ,40.8182,-74.0023,14421.0,Bergen
KIH-28,79.78,11.45,1,True,Stratford,NJ,39.8289,-75.0154,7001.0,Camden
KWO-35,74.43,26.37,2,True,Sayreville,NJ,40.4655,-74.3237,44905.0,Middlesex
KWO-35,86.42,6.6,1,True,Carlstadt,NJ,40.825,-74.0614,6249.0,Bergen
KWO-35,83.64,9.06,1,True,Bogota,NJ,40.8753,-74.0293,8507.0,Bergen
KIH-28,79.52,14.62,1,True,Pine Hill,NJ,39.7879,-74.9858,10524.0,Camden
KWO-35,86.1,6.84,1,True,Palisades Park,NJ,40.847,-73.9965,20753.0,Bergen
KWO-35,68.8,25.28,1,True,North Plainfield,NJ,40.621,-74.4385,22073.0,Somerset
KWO-35,80.22,13.35,1,True,Cresskill,NJ,40.9405,-73.9597,8777.0,Bergen
KWO-35,75.91,22.19,1,True,Keansburg,NJ,40.4469,-74.1323,9826.0,Monmouth
KWO-35,79.48,14.67,1,True,Fair Lawn,NJ,40.9358,-74.1177,33453.0,Bergen
KWO-35,62.02,26.67,2,True,Rumson,NJ,40.3626,-74.0046,6824.0,Monmouth
KWO-35,81.31,11.87,1,True,East Orange,NJ,40.7651,-74.2118,64789.0,Essex
KWO-35,53.1,24.81,1,True,Watchung,NJ,40.6433,-74.4391,5949.0,Somerset
KWO-35,77.54,16.71,1,True,Westwood,NJ,40.9878,-74.0307,11235.0,Bergen
KZZ-31,80.66,12.78,1,True,Newton,NJ,41.0535,-74.7527,11808.0,Sussex
KWO-35,64.33,16.49,2,True,Caldwell,NJ,40.839,-74.2777,8018.0,Essex
KIH-28,84.58,8.13,1,True,Barrington,NJ,39.8689,-75.0514,6792.0,Camden
WXM-60,63.39,14.65,1,True,Beachwood,NJ,39.9282,-74.2022,11196.0,Ocean
WXM-60,74.78,8.73,2,True,Freehold,NJ,40.2595,-74.2753,11891.0,Monmouth
KWO-35,58.86,17.59,2,True,Roseland,NJ,40.8207,-74.3085,5885.0,Essex
KWO-35,82.32,10.58,1,True,Passaic,NJ,40.8574,-74.1281,70635.0,Passaic
KWO-35,84.71,8.0,1,True,Rutherford,NJ,40.8203,-74.1058,18635.0,Bergen
KWO-35,74.49,18.15,1,True,Hillsdale,NJ,41.0074,-74.0441,10510.0,Bergen
WXM-60,69.1,9.13,1,True,Point Pleasant,NJ,40.0772,-74.0702,18545.0,Ocean
KWO-35,85.49,7.3,1,True,Little Ferry,NJ,40.8463,-74.0386,10925.0,Bergen
KHB-38,114.8,0.25,1,True,Atlantic City,NJ,39.3795,-74.4524,243285.0,Atlantic
WXM-60,59.9,12.51,2,True,Asbury Park,NJ,40.2226,-74.0118,15722.0,Monmouth
KIH-28,75.29,17.47,1,True,Glassboro,NJ,39.7014,-75.1119,19835.0,Gloucester
KWO-35,78.85,15.79,1,True,Roselle,NJ,40.6527,-74.2599,21625.0,Union
KWO-35,78.31,16.75,1,True,Haledon,NJ,40.9363,-74.1886,8395.0,Passaic
KWO-35,80.62,12.88,1,True,Elmwood Park,NJ,40.9048,-74.1201,20295.0,Bergen
KWO-35,75.57,23.06,1,True,Ramsey,NJ,41.0595,-74.1457,15116.0,Bergen
KWO-35,63.38,36.45,2,True,Jamesburg,NJ,40.3494,-74.4403,6040.0,Middlesex
KWO-35,82.85,9.93,1,True,Englewood,NJ,40.8917,-73.9735,28455.0,Bergen
KWO-35,75.79,17.02,1,True,Norwood,NJ,40.9932,-73.9509,5858.0,Bergen
KIH-28,77.59,12.99,1,True,Lindenwold,NJ,39.8171,-74.9894,17470.0,Camden
KWO-35,83.29,9.47,1,True,Englewood Cliffs,NJ,40.8821,-73.9466,5406.0,Bergen
KZZ-31,91.96,3.49,1,True,Franklin,NJ,41.1101,-74.5886,33799.0,Sussex
KIH-28,88.65,5.12,1,True,Collingswood,NJ,39.916,-75.0759,14010.0,Camden
KWO-35,81.68,11.38,1,True,Maywood,NJ,40.9024,-74.0632,9785.0,Bergen
KIH-28,84.99,7.74,1,True,Haddonfield,NJ,39.8953,-75.0344,11424.0,Camden
KWO-35,45.45,26.53,0,False,Kinnelon,NJ,40.9847,-74.3863,10219.0,Morris
KWO-35,83.12,9.62,1,True,Wallington,NJ,40.8535,-74.1067,11689.0,Bergen
KWO-35,76.8,20.04,1,True,Park Ridge,NJ,41.0353,-74.0422,8900.0,Bergen
KWO-35,55.69,26.45,1,True,Morris Plains,NJ,40.8357,-74.4785,5593.0,Morris
KZZ-31,45.7,17.84,0,False,Dover,NJ,40.8859,-74.5597,18252.0,Morris
KWO-35,81.22,11.97,1,True,Clifton,NJ,40.8631,-74.1575,85845.0,Passaic
KWO-35,50.92,23.66,1,True,Oakland,NJ,41.0313,-74.2411,13130.0,Bergen
KWO-35,89.19,4.76,1,True,Secaucus,NJ,40.7809,-74.0662,19822.0,Hudson
WXK-25,81.27,6.5,3,True,Sunland Park,NM,31.8187,-106.5932,16544.0,Doña Ana
WXL-90,42.19,33.52,0,False,Raton,NM,36.8849,-104.4396,5807.0,Colfax
WXJ-33,33.94,33.98,0,False,Las Vegas,NM,35.6011,-105.2206,15077.0,San Miguel
WWF-37,82.77,3.19,2,True,Carlsbad,NM,32.4064,-104.2385,33008.0,Eddy
WXJ-35,72.34,13.08,1,True,Clovis,NM,34.4375,-103.1924,43327.0,Curry
KWN-54,65.78,39.23,2,True,Aztec,NM,36.8189,-107.9823,7452.0,San Juan
WXJ-38,4.68,168.37,0,False,Grants,NM,35.1538,-107.8347,12305.0,Cibola
WXJ-34,72.48,10.36,2,True,Los Ranchos de Albuquerque,NM,35.1629,-106.6483,6062.0,Bernalillo
WXK-25,71.9,15.86,2,True,Anthony,NM,32.0131,-106.5985,9330.0,Doña Ana
WXJ-37,84.19,4.65,1,True,Farmington,NM,36.7559,-108.1827,48137.0,San Juan
WXJ-34,45.29,16.14,0,False,Rio Rancho,NM,35.2873,-106.6979,96028.0,Sandoval
WXJ-33,62.97,54.31,2,True,Bernalillo,NM,35.3126,-106.5537,9202.0,Sandoval
WXJ-35,79.09,8.39,1,True,Portales,NM,34.1765,-103.3543,12310.0,Roosevelt
WXJ-34,69.2,15.17,2,True,Corrales,NM,35.2367,-106.6197,8586.0,Sandoval
WWF-99,48.24,28.99,0,False,Gallup,NM,35.5178,-108.7473,24172.0,McKinley
WXJ-34,61.59,17.75,1,True,Los Lunas,NM,34.8092,-106.7663,66411.0,Valencia
WZ-2516,59.85,45.06,1,True,Deming,NM,32.2632,-107.7514,14534.0,Luna
WXK-25,9.21,105.49,0,False,Truth or Consequences,NM,33.1851,-107.2587,7365.0,Sierra
WXK-25,43.17,80.46,0,False,Alamogordo,NM,32.8834,-105.9627,32782.0,Otero
WXJ-33,74.58,14.1,1,True,Santa Fe,NM,35.6619,-105.9818,110208.0,Santa Fe
WXJ-34,35.07,26.61,0,False,Belen,NM,34.6804,-106.7875,7122.0,Valencia
WXJ-36,50.03,23.72,1,True,Hobbs,NM,32.7281,-103.1597,41021.0,Lea
WXJ-38,26.02,78.7,0,False,Socorro,NM,34.0544,-106.9064,8554.0,Socorro
KWN-54,49.77,45.36,0,False,Bloomfield,NM,36.7265,-107.9792,8645.0,San Juan
WXJ-38,51.74,8.42,1,True,Ruidoso,NM,33.364,-105.6443,9285.0,Lincoln
WXJ-34,74.32,8.39,1,True,Albuquerque,NM,35.1055,-106.6476,759517.0,Bernalillo
WXL-91,77.46,5.82,2,True,Las Cruces,NM,32.3265,-106.7893,134050.0,Doña Ana
WXJ-36,49.06,20.88,0,False,Lovington,NM,32.9457,-103.3504,12003.0,Lea
WXJ-33,20.48,43.04,0,False,Taos,NM,36.3868,-105.5802,13799.0,Taos
WXN-24,70.09,13.69,1,True,Artesia,NM,32.8479,-104.4277,13816.0,Eddy
WZ-2516,59.86,16.28,1,True,Silver City,NM,32.7783,-108.2699,12202.0,Grant
WXJ-33,70.73,21.99,1,True,Española,NM,36.004,-106.0677,26195.0,Rio Arriba
WWG-36,76.93,6.24,2,True,Roswell,NM,33.3729,-104.5294,49540.0,Chaves
WWF-91,69.54,25.21,1,True,Burnet,TX,30.7508,-98.2375,5765.0,Burnet
WNG-601,76.03,14.4,1,True,Roma-Los Saenz,TX,26.4153,-99.006,10265.0,Starr
WNG-600,71.27,10.47,1,True,Hondo,TX,29.3532,-99.1621,6772.0,Medina
KEC-56,67.0,19.2,2,True,Frisco,TX,33.1551,-96.8219,163656.0,Collin
KXI-55,97.09,1.95,1,True,Onalaska,TX,30.8216,-95.1111,7173.0,Polk
WXK-35,64.7,18.78,1,True,Waco,TX,31.5597,-97.1882,185680.0,McLennan
WNG-713,59.3,23.93,1,True,Pampa,TX,35.5479,-100.965,17931.0,Gray
WXK-22,82.61,6.03,1,True,Sherman,TX,33.6266,-96.6195,66791.0,Grayson
KEC-55,74.36,26.58,2,True,Cedar Hill,TX,32.5809,-96.9592,48343.0,Dallas
KHB-40,61.72,23.7,1,True,Pasadena,TX,29.6583,-95.1498,153351.0,Harris
WXK-35,79.97,13.88,1,True,Woodway,TX,31.4987,-97.2315,8835.0,McLennan
WWG-97,52.93,25.16,1,True,Vernon,TX,34.148,-99.3,10051.0,Wilbarger
KEC-55,90.27,4.23,2,True,Crowley,TX,32.578,-97.3584,14969.0,Tarrant
WNG-562,62.03,21.44,1,True,Denver City,TX,32.968,-102.8319,5337.0,Yoakum
WWG-40,95.33,2.38,2,True,Bay City,TX,28.9816,-95.9603,18953.0,Matagorda
KEC-56,78.39,16.67,2,True,Irving,TX,32.8584,-96.9702,238289.0,Dallas
KEC-56,74.69,18.11,2,True,Coppell,TX,32.9639,-96.9907,41360.0,Dallas
KEC-56,73.17,14.79,1,True,Lucas,TX,33.095,-96.5792,7211.0,Collin
WXK-35,74.67,25.6,1,True,Marlin,TX,31.3085,-96.8934,5542.0,Falls
KJY-78,81.11,8.78,2,True,El Campo,TX,29.1983,-96.2738,11885.0,Wharton
KEC-55,76.75,20.15,2,True,Arlington,TX,32.6998,-97.1251,392772.0,Tarrant
KEC-56,83.29,9.47,2,True,Addison,TX,32.9587,-96.8356,15368.0,Dallas
KXI-87,59.21,27.35,2,True,Mexia,TX,31.6809,-96.4833,6885.0,Limestone
WZ-2541,96.07,1.21,3,True,Pharr,TX,26.1687,-98.1904,77320.0,Hidalgo
KEC-55,76.08,17.28,1,True,Fort Worth,TX,32.7813,-97.3466,854113.0,Tarrant
KWN-32,70.75,14.0,1,True,White Oak,TX,32.5313,-94.8564,6364.0,Gregg
WXK-67,41.94,41.41,0,False,Floresville,TX,29.1403,-98.1627,7053.0,Wilson
KEC-55,62.1,21.61,1,True,Granbury,TX,32.448,-97.7681,34544.0,Hood
WXK-23,70.52,22.18,2,True,Nacogdoches,TX,31.6131,-94.6527,35525.0,Nacogdoches
KEC-56,61.53,32.65,2,True,Aubrey,TX,33.3029,-96.9843,5395.0,Denton
KXI-87,60.72,27.37,1,True,Gun Barrel City,TX,32.3277,-96.1286,15762.0,Henderson
WWG-55,46.51,26.77,0,False,Brenham,TX,30.1576,-96.3957,16951.0,Washington
WZ-2572,84.79,4.33,1,True,Rosenberg,TX,29.5402,-95.8158,36937.0,Fort Bend
WXK-28,85.49,7.34,1,True,Vidor,TX,30.1291,-93.9967,10958.0,Orange
WNG-641,62.67,17.74,2,True,New Braunfels,TX,29.6995,-98.1152,73959.0,Comal
WXK-67,78.26,14.01,1,True,Alamo Heights,TX,29.4828,-98.4681,8284.0,Bexar
KHB-40,59.63,26.19,1,True,Angleton,TX,29.1689,-95.4288,19491.0,Brazoria
WXK-79,74.31,14.18,1,True,Lubbock,TX,33.5665,-101.8867,261076.0,Lubbock
WNG-696,55.77,29.78,1,True,Mathis,TX,28.0909,-97.817,5927.0,San Patricio
KHB-40,79.55,10.37,1,True,Galveston,TX,29.2487,-94.891,46610.0,Galveston
WXK-79,42.75,36.88,0,False,Levelland,TX,33.5806,-102.3636,14104.0,Hockley
KHB-41,84.07,5.46,1,True,Corpus Christi,TX,27.7173,-97.3822,341570.0,Nueces
KEC-56,71.94,21.95,2,True,Duncanville,TX,32.646,-96.9127,39457.0,Dallas
KEC-56,60.46,31.83,2,True,Anna,TX,33.3475,-96.5512,15554.0,Collin
KHB-40,52.33,31.04,2,True,Galena Park,TX,29.745,-95.2334,11067.0,Harris
KEC-56,67.34,19.78,1,True,Lewisville,TX,33.0453,-96.9823,104659.0,Denton
KEC-56,68.19,23.23,1,True,DeSoto,TX,32.5992,-96.8634,52599.0,Dallas
WXL-26,61.36,16.5,2,True,Port Lavaca,TX,28.6181,-96.6278,11963.0,Calhoun
WXK-31,88.63,4.53,1,True,Wichita Falls,TX,33.9072,-98.5293,99596.0,Wichita
KHB-41,51.57,26.0,1,True,Rockport,TX,28.0351,-97.0663,19819.0,Aransas
KHA-99,53.26,21.48,2,True,Sanger,TX,33.3736,-97.1697,6900.0,Denton
KEC-55,72.56,24.93,2,True,Watauga,TX,32.8718,-97.2515,24629.0,Tarrant
KEC-55,69.27,20.41,1,True,Willow Park,TX,32.755,-97.6501,5146.0,Parker
WXK-36,81.56,10.6,1,True,Mineola,TX,32.6461,-95.4774,5860.0,Wood
KGG-68,56.95,29.53,2,True,West University Place,TX,29.7157,-95.4321,15516.0,Harris
WXK-34,30.63,44.65,0,False,Kenedy,TX,28.8176,-97.8518,6288.0,Karnes
KHB-40,54.32,31.61,2,True,Lake Jackson,TX,29.052,-95.4518,76721.0,Brazoria
KHB-33,91.65,3.63,3,True,McAllen,TX,26.2203,-98.2457,798187.0,Hidalgo
WXK-35,74.59,25.84,1,True,Harker Heights,TX,31.0578,-97.6443,29757.0,Bell
WXK-27,74.93,24.83,1,True,Elgin,TX,30.3529,-97.3887,11510.0,Bastrop
KEC-56,55.71,23.75,1,True,Little Elm,TX,33.1792,-96.9284,42504.0,Denton
KEC-56,62.36,31.24,1,True,Kaufman,TX,32.5775,-96.3121,6714.0,Kaufman
KEC-55,63.84,36.61,1,True,Rhome,TX,33.0645,-97.4779,5830.0,Wise
KGG-68,48.92,37.28,0,False,Cleveland,TX,30.3399,-95.0992,10546.0,Liberty
WXK-36,56.18,28.6,3,True,Athens,TX,32.2053,-95.8348,12266.0,Henderson
WXK-27,66.11,24.71,1,True,Georgetown,TX,30.6669,-97.694,67140.0,Williamson
WNG-601,92.27,3.38,1,True,Rio Grande City,TX,26.3808,-98.8215,48516.0,Starr
KEC-56,63.94,17.08,1,True,Fairview,TX,33.1401,-96.6123,8354.0,Collin
WXK-38,66.15,26.81,1,True,Canyon,TX,34.9877,-101.9179,15294.0,Randall
WXK-33,80.88,12.49,1,True,San Angelo,TX,31.4424,-100.4503,100472.0,Tom Green
KHB-40,50.36,33.23,1,True,Freeport,TX,28.9428,-95.3622,12153.0,Brazoria
WXK-35,76.79,20.0,1,True,Belton,TX,31.0564,-97.4789,20873.0,Bell
KHB-41,82.48,7.72,1,True,Portland,TX,27.8858,-97.3201,16618.0,San Patricio
KHB-41,60.42,18.42,1,True,Sinton,TX,28.0402,-97.5147,6020.0,San Patricio
WXK-28,81.83,9.94,1,True,Lumberton,TX,30.2562,-94.2071,12594.0,Hardin
WNG-609,49.63,35.7,0,False,Alice,TX,27.7556,-98.0653,21172.0,Jim Wells
KHB-33,87.6,4.83,3,True,Alamo,TX,26.1795,-98.1183,19220.0,Hidalgo
WXJ-49,104.6,0.79,2,True,Texarkana,TX,33.4487,-94.0814,80888.0,Bowie
KEC-55,58.76,48.78,1,True,Decatur,TX,33.2277,-97.5899,6503.0,Wise
WNG-641,65.35,16.62,2,True,San Marcos,TX,29.8766,-97.9311,72928.0,Hays
KJY-88,94.24,1.7,1,True,Perryton,TX,36.3931,-100.7974,8868.0,Ochiltree
KEC-55,75.49,21.04,2,True,Haltom City,TX,32.8176,-97.2707,44361.0,Tarrant
WNG-649,74.28,13.66,2,True,Cameron,TX,30.8607,-96.9769,5402.0,Milam
WXK-67,71.42,18.18,1,True,Boerne,TX,29.7856,-98.7297,14719.0,Kendall
WZ-2542,83.52,5.05,4,True,La Feria,TX,26.1544,-97.8255,7271.0,Cameron
WXK-67,39.59,49.92,0,False,Pleasanton,TX,28.9636,-98.494,14503.0,Atascosa
KEC-55,69.05,25.47,2,True,Weatherford,TX,32.7547,-97.7665,41333.0,Parker
KEC-56,63.97,27.91,1,True,Melissa,TX,33.2896,-96.5554,8423.0,Collin
WXK-35,61.96,49.56,2,True,Hillsboro,TX,32.0092,-97.1151,8234.0,Hill
KXI-87,61.14,30.55,3,True,Waxahachie,TX,32.4035,-96.8428,34345.0,Ellis
KHB-33,77.98,8.49,3,True,Mission,TX,26.204,-98.3251,83563.0,Hidalgo
WXK-38,60.48,33.93,2,True,Dumas,TX,35.8613,-101.9642,15063.0,Moore
KEC-55,66.5,29.46,2,True,Keller,TX,32.9337,-97.2256,46646.0,Tarrant
WNG-653,61.25,18.7,1,True,Atlanta,TX,33.1136,-94.1672,5694.0,Cass
WXK-26,81.92,11.04,1,True,Rio Bravo,TX,27.3648,-99.482,7990.0,Webb
KWN-51,95.1,2.42,1,True,Uvalde,TX,29.2153,-99.7782,19026.0,Uvalde
WXK-35,45.36,53.45,0,False,Lampasas,TX,31.0659,-98.1831,7026.0,Lampasas
WNG-657,85.34,7.48,1,True,Hereford,TX,34.8232,-102.4001,15468.0,Deaf Smith
WZ-2572,75.31,10.66,2,True,Fulshear,TX,29.6931,-95.8792,7925.0,Fort Bend
WXK-28,64.32,21.3,2,True,Orange,TX,30.1146,-93.7637,19418.0,Orange
WXK-35,75.06,24.3,1,True,Bellmead,TX,31.6025,-97.0896,10306.0,McLennan
KEC-56,82.29,10.4,1,True,Sunnyvale,TX,32.7974,-96.5576,6194.0,Dallas
KHB-40,70.67,15.87,1,True,Friendswood,TX,29.5109,-95.198,39396.0,Galveston
KEC-55,67.89,25.78,1,True,Azle,TX,32.8954,-97.5379,12064.0,Tarrant
KEC-56,45.99,29.97,0,False,Trophy Club,TX,33.0038,-97.1897,12166.0,Denton
WXK-27,65.14,28.59,2,True,Taylor,TX,30.5743,-97.4233,16019.0,Williamson
WNG-601,76.03,14.4,1,True,Roma,TX,26.4153,-99.006,10265.0,Starr
KEC-56,67.36,13.73,1,True,Carrollton,TX,32.9885,-96.9001,133351.0,Dallas
WNG-562,38.28,39.31,0,False,Lamesa,TX,32.7333,-101.9542,11627.0,Dawson
KXI-56,54.99,23.47,2,True,Yoakum,TX,29.2933,-97.1469,5820.0,DeWitt
KEC-56,60.49,20.61,1,True,McKinney,TX,33.1989,-96.6678,223422.0,Collin
KHA-99,45.74,29.73,0,False,Bowie,TX,33.5566,-97.844,5068.0,Montague
WXK-67,73.25,15.94,1,True,Kirby,TX,29.4611,-98.3859,8640.0,Bexar
WNG-692,73.97,12.23,1,True,Crystal City,TX,28.691,-99.8257,7459.0,Zavala
KEC-56,77.54,17.51,1,True,Forney,TX,32.7453,-96.4496,35281.0,Kaufman
WXK-27,49.48,27.47,0,False,Woodcreek,TX,30.0265,-98.1113,5463.0,Hays
WXK-27,70.08,22.42,2,True,Kyle,TX,30.0015,-97.8629,39060.0,Hays
KHB-40,72.7,14.81,1,True,Webster,TX,29.5317,-95.1188,11075.0,Harris
WXK-67,79.68,14.37,1,True,Terrell Hills,TX,29.4771,-98.4471,5373.0,Bexar
KHB-40,61.07,25.31,1,True,Deer Park,TX,29.6897,-95.1151,33782.0,Harris
WNG-695,71.71,16.69,1,True,Pecos,TX,31.4046,-103.5057,12973.0,Reeves
KWN-37,34.51,41.29,0,False,Snyder,TX,32.7136,-100.9108,11938.0,Scurry
WXJ-35,55.4,29.23,1,True,Muleshoe,TX,34.2292,-102.7284,5105.0,Bailey
WNG-600,44.01,28.45,0,False,Devine,TX,29.1457,-98.9049,6366.0,Medina
WXK-26,93.12,3.05,1,True,Laredo,TX,27.5536,-99.489,256752.0,Webb
KEC-56,70.95,23.03,2,True,Euless,TX,32.8507,-97.0798,54769.0,Tarrant
KWN-31,83.95,8.79,2,True,Commerce,TX,33.242,-95.8999,8685.0,Hunt
KEC-56,67.25,27.09,2,True,Southlake,TX,32.9545,-97.1503,30991.0,Tarrant
KWN-32,62.2,16.99,1,True,Longview,TX,32.5192,-94.7622,100852.0,Gregg
KJY-78,74.97,13.86,3,True,Wharton,TX,29.3138,-96.1044,8915.0,Wharton
WZ-2507,41.36,44.44,0,False,Post,TX,33.1911,-101.3814,5014.0,Garza
WWG-34,60.81,20.02,2,True,Port Isabel,TX,26.0538,-97.2505,14991.0,Cameron
KEC-55,70.9,24.6,2,True,Hurst,TX,32.8353,-97.1808,39160.0,Tarrant
WNG-609,71.78,15.37,1,True,Kingsville,TX,27.5095,-97.861,25870.0,Kleberg
KEC-56,65.24,21.87,1,True,Royse City,TX,32.9769,-96.3213,12093.0,Rockwall
KEC-56,83.47,9.26,1,True,Murphy,TX,33.0186,-96.6105,20482.0,Collin
KHB-41,71.18,12.58,1,True,Ingleside,TX,27.8709,-97.2072,18461.0,San Patricio
WXK-27,78.1,14.95,1,True,Pflugerville,TX,30.4544,-97.6053,59245.0,Travis
KWN-31,60.93,20.89,1,True,West Tawakoni,TX,32.8975,-96.0234,8936.0,Hunt
KEC-56,77.14,11.33,2,True,Farmers Branch,TX,32.9272,-96.8804,34988.0,Dallas
WXJ-98,70.98,10.55,1,True,Del Rio,TX,29.3706,-100.8798,44414.0,Val Verde
KHB-40,61.86,22.21,2,True,Manvel,TX,29.4775,-95.3634,8939.0,Brazoria
KEC-56,78.52,14.37,1,True,Allen,TX,33.1087,-96.6735,99179.0,Collin
KHB-33,94.46,2.62,3,True,San Juan,TX,26.1902,-98.1522,36663.0,Hidalgo
KEC-56,57.48,25.29,1,True,Highland Village,TX,33.0897,-97.0615,16624.0,Denton
WNG-562,99.32,1.51,1,True,Seminole,TX,32.7215,-102.6504,7648.0,Gaines
KGG-68,58.4,25.29,1,True,Hempstead,TX,30.0975,-96.0795,7236.0,Waller
KGG-68,95.79,2.27,1,True,Tomball,TX,30.097,-95.6185,11643.0,Harris
WXK-22,55.78,23.16,1,True,Bonham,TX,33.588,-96.1901,9990.0,Fannin
WZ-2572,77.31,7.96,2,True,Sugar Land,TX,29.5956,-95.6283,88177.0,Fort Bend
WXK-67,57.21,16.41,1,True,Leon Valley,TX,29.4954,-98.6141,11314.0,Bexar
WXK-25,71.45,20.29,2,True,San Elizario,TX,31.5793,-106.2632,9000.0,El Paso
WXK-28,63.49,22.44,1,True,Port Arthur,TX,29.8554,-93.9264,157732.0,Jefferson
WXJ-97,56.54,28.25,1,True,Marshall,TX,32.537,-94.3515,22014.0,Harrison
WXK-23,79.78,8.52,2,True,Diboll,TX,31.1881,-94.783,5015.0,Angelina
WXK-38,80.91,12.44,1,True,Amarillo,TX,35.1999,-101.8297,205821.0,Potter
KEC-56,82.07,10.89,1,True,Plano,TX,33.0502,-96.7487,286057.0,Collin
KEC-56,78.69,11.18,1,True,Mesquite,TX,32.7621,-96.5888,143736.0,Dallas
KEC-56,56.67,24.41,1,True,Prosper,TX,33.2394,-96.8088,18379.0,Collin
KHB-40,94.67,2.53,1,True,Hitchcock,TX,29.2945,-95.025,7805.0,Galveston
WNG-561,96.29,2.11,1,True,Plainview,TX,34.1908,-101.7234,24257.0,Hale
KWN-37,44.17,29.88,0,False,Colorado City,TX,32.3994,-100.8582,5740.0,Mitchell
KHB-40,56.18,30.08,1,True,Baytown,TX,29.7607,-94.9628,75992.0,Harris
WWG-55,86.34,6.67,1,True,La Grange,TX,29.9129,-96.8767,5399.0,Fayette
KEC-55,72.06,25.03,2,True,North Richland Hills,TX,32.8605,-97.218,69798.0,Tarrant
WNG-692,27.12,38.76,0,False,Eagle Pass,TX,28.7118,-100.4832,54091.0,Maverick
WWG-55,77.28,18.51,1,True,Giddings,TX,30.1833,-96.9289,5268.0,Lee
KHB-40,70.19,16.95,1,True,Seabrook,TX,29.5751,-95.0236,13656.0,Harris
KEC-56,53.95,29.5,2,True,Celina,TX,33.3201,-96.7854,8006.0,Collin
WXK-28,68.26,18.16,2,True,Bridge City,TX,30.0298,-93.8406,8165.0,Orange
WXK-67,69.63,16.23,2,True,Cibolo,TX,29.5689,-98.2149,27855.0,Guadalupe
KWN-32,67.18,12.79,2,True,Gladewater,TX,32.5435,-94.9453,6427.0,Gregg
WXK-36,88.98,4.39,2,True,Lindale,TX,32.4933,-95.4069,12171.0,Smith
KEC-56,75.29,13.24,1,True,Balch Springs,TX,32.7194,-96.615,25017.0,Dallas
KEC-56,70.62,21.92,2,True,Lancaster,TX,32.5922,-96.7737,38867.0,Dallas
WXK-35,61.46,25.57,1,True,Gatesville,TX,31.444,-97.7333,12147.0,Coryell
WNG-523,67.0,15.7,2,True,Pearsall,TX,28.8885,-99.0988,10410.0,Frio
KEC-56,92.27,3.36,1,True,Garland,TX,32.91,-96.6305,234943.0,Dallas
KWN-32,98.29,1.67,1,True,Gilmer,TX,32.7317,-94.946,5294.0,Upshur
KHB-41,63.89,16.74,1,True,Robstown,TX,27.7886,-97.6685,12022.0,Nueces
KWN-33,78.93,7.98,1,True,Stephenville,TX,32.2148,-98.2205,20213.0,Erath
WXJ-49,92.11,3.41,2,True,Wake Village,TX,33.424,-94.1188,5455.0,Bowie
KHB-40,62.74,23.44,1,True,La Porte,TX,29.669,-95.0483,35086.0,Harris
WXK-27,74.27,17.5,1,True,Leander,TX,30.5707,-97.8587,42761.0,Williamson
WXK-28,75.07,13.3,1,True,Nederland,TX,29.9707,-94.0015,17294.0,Jefferson
KEC-56,84.65,8.08,1,True,Rowlett,TX,32.9165,-96.5494,61999.0,Dallas
KEC-55,80.17,13.53,2,True,Kennedale,TX,32.6434,-97.2173,7840.0,Tarrant
WNG-651,88.82,2.71,1,True,Mineral Wells,TX,32.8169,-98.0776,14225.0,Palo Pinto
KEC-55,87.84,5.58,2,True,Joshua,TX,32.4607,-97.3829,6846.0,Johnson
WXK-28,91.36,3.72,1,True,Beaumont,TX,30.0849,-94.1451,147935.0,Jefferson
WXK-27,78.0,16.52,1,True,Buda,TX,30.0854,-97.844,15023.0,Hays
KWN-34,57.07,29.87,1,True,Crockett,TX,31.3177,-95.4564,5924.0,Houston
KWN-32,58.82,30.15,2,True,Mount Pleasant,TX,33.1613,-94.9717,16715.0,Titus
KHA-99,52.57,27.41,1,True,Krum,TX,33.2651,-97.2261,5018.0,Denton
WZ-2572,112.07,0.19,2,True,Richmond,TX,29.5817,-95.7605,12092.0,Fort Bend
WXK-25,84.91,4.26,2,True,El Paso,TX,31.8478,-106.431,845059.0,El Paso
KGG-68,64.05,24.46,1,True,Humble,TX,29.992,-95.2656,15561.0,Harris
KGG-68,65.55,19.94,1,True,Prairie View,TX,30.085,-95.9897,6434.0,Waller
KEC-56,60.75,34.13,2,True,Denton,TX,33.2165,-97.1411,432200.0,Denton
WZ-2542,76.65,11.11,2,True,Harlingen,TX,26.1914,-97.6977,137119.0,Cameron
WXK-31,72.57,13.39,1,True,Burkburnett,TX,34.0748,-98.5671,10265.0,Wichita
KXI-55,38.9,28.33,0,False,Huntsville,TX,30.705,-95.5545,39476.0,Walker
WXK-67,87.1,6.08,1,True,Bulverde,TX,29.7723,-98.4373,5022.0,Comal
WXK-28,78.36,15.02,1,True,Silsbee,TX,30.3456,-94.1764,9710.0,Hardin
KEC-56,72.07,22.56,2,True,Grapevine,TX,32.9343,-97.0744,51971.0,Tarrant
KEC-55,81.14,12.11,2,True,Forest Hill,TX,32.662,-97.2664,12947.0,Tarrant
KHB-33,80.15,7.66,3,True,Edinburg,TX,26.3183,-98.1622,87650.0,Hidalgo
WNG-692,96.31,1.47,1,True,Carrizo Springs,TX,28.5266,-99.8589,6537.0,Dimmit
KEC-56,77.35,17.94,1,True,Hutchins,TX,32.6421,-96.7093,5639.0,Dallas
KEC-56,81.97,8.18,2,True,Highland Park,TX,32.8311,-96.8012,9149.0,Dallas
WXK-79,45.41,35.79,0,False,Littlefield,TX,33.9191,-102.3349,5605.0,Lamb
KHB-33,82.05,7.96,3,True,Hidalgo,TX,26.108,-98.2481,13831.0,Hidalgo
WXK-67,59.57,16.72,1,True,Helotes,TX,29.5701,-98.6947,8758.0,Bexar
WXK-34,62.55,21.23,2,True,Cuero,TX,29.1006,-97.2865,10090.0,DeWitt
WXK-67,73.19,10.64,1,True,Selma,TX,29.5866,-98.3134,10088.0,Bexar
KEC-56,79.56,14.52,1,True,Rockwall,TX,32.9169,-96.4379,43586.0,Rockwall
KEC-55,74.62,25.17,3,True,Midlothian,TX,32.4716,-96.9879,23689.0,Ellis
WXK-32,76.9,8.0,1,True,Odessa,TX,31.8831,-102.3407,149088.0,Ector
KEC-56,80.29,13.33,1,True,Heath,TX,32.8443,-96.4679,8440.0,Rockwall
KWN-37,78.41,9.05,1,True,Sweetwater,TX,32.4693,-100.4092,10105.0,Nolan
WXK-35,79.09,15.36,1,True,Robinson,TX,31.4501,-97.1202,11493.0,McLennan
WWF-91,74.65,21.03,2,True,Marble Falls,TX,30.5733,-98.2717,6372.0,Burnet
KGG-68,72.25,15.11,2,True,Jersey Village,TX,29.8903,-95.5721,7892.0,Harris
KWN-34,94.67,2.55,1,True,Palestine,TX,31.7544,-95.6471,18914.0,Anderson
KWN-32,42.76,39.99,0,False,Henderson,TX,32.1576,-94.796,14859.0,Rusk
KEC-56,67.75,26.09,3,True,Glenn Heights,TX,32.5507,-96.8548,12336.0,Dallas
KEC-55,71.4,26.77,2,True,Bedford,TX,32.8464,-97.135,49528.0,Tarrant
KEC-55,80.26,11.13,1,True,Keene,TX,32.3955,-97.3226,6293.0,Johnson
WNG-651,40.27,30.55,0,False,Bridgeport,TX,33.2094,-97.7717,6148.0,Wise
WXK-35,74.76,25.34,1,True,Lacy-Lakeview,TX,31.6292,-97.1052,6611.0,McLennan
WXK-27,75.84,16.27,1,True,Round Rock,TX,30.5253,-97.6659,120892.0,Williamson
KHB-33,71.85,11.91,4,True,Palmview,TX,26.2302,-98.3791,5745.0,Hidalgo
WNG-722,42.08,34.76,0,False,Graham,TX,33.1017,-98.5778,8927.0,Young
KGG-68,67.67,25.34,1,True,Willis,TX,30.4308,-95.482,6370.0,Montgomery
WZ-2572,58.99,19.82,2,True,Bellaire,TX,29.7039,-95.4622,18593.0,Harris
KEC-56,81.35,8.7,2,True,Dallas,TX,32.7938,-96.7659,5634307.0,Dallas
WXK-27,82.12,10.8,1,True,Lakeway,TX,30.3557,-97.9805,14641.0,Travis
KEC-56,68.55,22.14,1,True,Princeton,TX,33.184,-96.5079,9405.0,Collin
KEC-56,65.61,27.68,1,True,Corinth,TX,33.1434,-97.0681,21078.0,Denton
KGG-68,52.28,33.74,2,True,Jacinto City,TX,29.7663,-95.2411,10696.0,Harris
WZ-2541,77.08,8.67,3,True,Donna,TX,26.1468,-98.0559,16518.0,Hidalgo
KEC-56,61.3,32.23,1,True,Roanoke,TX,33.015,-97.2267,7804.0,Denton
WXK-36,62.01,15.82,1,True,Tyler,TX,32.3184,-95.3065,140857.0,Smith
WXK-67,73.22,11.15,1,True,Live Oak,TX,29.5545,-98.3404,15749.0,Bexar
KEC-56,83.38,7.08,2,True,University Park,TX,32.8506,-96.7937,24905.0,Dallas
KXI-87,99.69,1.41,1,True,Corsicana,TX,32.0823,-96.4676,22805.0,Navarro
WNG-636,46.51,28.67,0,False,Breckenridge,TX,32.7566,-98.9122,5620.0,Stephens
KEC-55,77.55,12.37,1,True,Cleburne,TX,32.3585,-97.4172,36185.0,Johnson
WXK-27,83.23,9.51,1,True,Bee Cave,TX,30.3097,-97.9625,6535.0,Travis
WNG-641,80.21,9.63,2,True,Seguin,TX,29.5892,-97.9656,27415.0,Guadalupe
WWG-94,61.37,23.3,1,True,Brady,TX,31.1324,-99.3711,5256.0,McCulloch
WXK-79,65.74,21.27,1,True,Slaton,TX,33.4421,-101.6477,5880.0,Lubbock
KHB-40,70.02,15.88,1,True,Alvin,TX,29.382,-95.2924,26164.0,Brazoria
KEC-56,66.85,26.92,3,True,Red Oak,TX,32.5204,-96.786,12522.0,Ellis
WZ-2542,76.04,11.92,2,True,San Benito,TX,26.1298,-97.644,24476.0,Cameron
WXK-32,49.44,24.54,0,False,Midland,TX,32.0278,-102.1107,142680.0,Midland
WNG-650,57.55,29.81,2,True,Carthage,TX,32.1526,-94.3368,6469.0,Panola
WXK-25,73.7,14.15,2,True,Anthony,TX,31.9876,-106.5933,5584.0,El Paso
WXK-30,94.25,2.65,2,True,Bryan,TX,30.6661,-96.367,83260.0,Brazos
KEC-56,67.04,25.99,1,True,Terrell,TX,32.7309,-96.2884,16252.0,Kaufman
WXK-27,92.77,3.19,1,True,Austin,TX,30.3038,-97.7545,1633847.0,Travis
KEC-56,74.83,13.55,1,True,Wylie,TX,33.0353,-96.517,47701.0,Collin
KHB-40,84.7,7.09,1,True,Texas City,TX,29.4127,-94.9658,113847.0,Galveston
WXK-35,81.09,12.21,1,True,Hewitt,TX,31.452,-97.1962,14322.0,McLennan
WXK-27,78.48,16.46,1,True,Manor,TX,30.3548,-97.5302,8895.0,Travis
WXK-67,75.46,12.55,2,True,Universal City,TX,29.5521,-98.3074,20359.0,Bexar
WWG-34,73.41,11.74,2,True,Los Fresnos,TX,26.0741,-97.4801,6651.0,Cameron
WNG-562,57.01,27.13,1,True,Andrews,TX,32.3211,-102.5522,15113.0,Andrews
KHB-40,49.38,37.29,0,False,Mont Belvieu,TX,29.8522,-94.8789,5584.0,Chambers
KJY-78,55.28,30.08,2,True,Edna,TX,28.9757,-96.6483,5684.0,Jackson
WZ-2542,79.48,8.02,3,True,Progreso,TX,26.0962,-97.9566,5923.0,Hidalgo
WNG-696,50.29,25.03,1,True,Beeville,TX,28.4059,-97.7494,18714.0,Bee
WXK-27,80.37,13.25,1,True,Cedar Park,TX,30.5133,-97.818,68918.0,Williamson
WXK-67,64.19,14.37,2,True,Schertz,TX,29.5652,-98.2541,39453.0,Guadalupe
WWF-90,69.6,8.1,1,True,Kerrville,TX,30.0398,-99.1317,30210.0,Kerr
KEC-56,84.72,7.99,1,True,Sachse,TX,32.9727,-96.5792,25039.0,Dallas
WZ-2572,54.41,27.45,2,True,Sealy,TX,29.7684,-96.1615,5997.0,Austin
WNG-695,36.9,47.68,0,False,Kermit,TX,31.854,-103.0924,6465.0,Winkler
WXK-27,66.4,32.56,1,True,Bastrop,TX,30.1112,-97.3159,15781.0,Bastrop
KEC-55,78.45,16.55,1,True,River Oaks,TX,32.7767,-97.3984,7740.0,Tarrant
WNG-601,65.72,15.72,3,True,Sullivan City,TX,26.2752,-98.5644,5966.0,Hidalgo
KEC-55,82.9,9.89,1,True,Everman,TX,32.6296,-97.2828,6374.0,Tarrant
WXK-27,69.97,14.34,2,True,Lago Vista,TX,30.4521,-97.991,5792.0,Travis
KEC-56,73.14,19.02,2,True,Seagoville,TX,32.653,-96.5455,16093.0,Dallas
WXK-36,52.82,24.05,1,True,Whitehouse,TX,32.2228,-95.2222,8269.0,Smith
WZ-2542,76.41,11.42,3,True,Weslaco,TX,26.1669,-97.9859,40033.0,Hidalgo
WNG-695,55.33,34.86,1,True,Monahans,TX,31.6291,-103.0414,8442.0,Ward
KEC-55,67.97,15.31,2,True,White Settlement,TX,32.7554,-97.4605,17204.0,Tarrant
WZ-2572,69.82,13.37,2,True,Missouri City,TX,29.5634,-95.5377,74561.0,Fort Bend
WZ-2572,70.19,12.12,2,True,Stafford,TX,29.6272,-95.5654,18422.0,Fort Bend
KXI-56,90.81,3.39,2,True,Gonzales,TX,29.5126,-97.4472,7279.0,Gonzales
KGG-68,68.7,18.88,1,True,Conroe,TX,30.3174,-95.4705,82286.0,Montgomery
KHB-40,91.65,3.61,1,True,La Marque,TX,29.369,-94.9957,16457.0,Galveston
WZ-2572,65.84,15.19,2,True,Katy,TX,29.7911,-95.8268,17116.0,Harris
KXI-88,96.07,1.2,2,True,Borger,TX,35.6598,-101.4012,13179.0,Hutchinson
WXK-28,38.5,40.53,0,False,Liberty,TX,30.049,-94.7903,6338.0,Liberty
KHB-41,60.96,18.37,1,True,Aransas Pass,TX,27.8881,-97.1128,8393.0,San Patricio
KJY-69,90.19,4.19,1,True,Alpine,TX,30.364,-103.6651,6097.0,Brewster
WZ-2542,60.75,27.44,1,True,Raymondville,TX,26.4759,-97.7769,14339.0,Willacy
WNG-562,38.21,38.35,0,False,Brownfield,TX,33.1757,-102.273,9649.0,Terry
KWN-31,79.14,11.35,1,True,Sulphur Springs,TX,33.1421,-95.6124,14850.0,Hopkins
WXK-23,97.38,1.89,2,True,Lufkin,TX,31.3206,-94.729,46325.0,Angelina
KHB-40,81.59,8.68,1,True,Dickinson,TX,29.454,-95.0587,20074.0,Galveston
KEC-56,66.92,26.42,2,True,Flower Mound,TX,33.0344,-97.1147,73547.0,Denton
WWG-94,46.83,31.81,0,False,Brownwood,TX,31.7124,-98.9765,22551.0,Brown
WNG-652,72.09,17.89,2,True,Horizon City,TX,31.6799,-106.1903,19266.0,El Paso
WXK-29,79.23,15.07,2,True,Abilene,TX,32.4543,-99.7384,115285.0,Taylor
KHB-33,78.53,9.32,3,True,Alton,TX,26.2887,-98.3105,16895.0,Hidalgo
WZ-2542,80.41,7.22,3,True,Mercedes,TX,26.1533,-97.9128,16624.0,Hidalgo
WXK-20,91.77,3.3,2,True,Paris,TX,33.6685,-95.5445,26175.0,Lamar
WXK-22,91.36,3.75,1,True,Denison,TX,33.757,-96.5661,23654.0,Grayson
KEC-56,68.28,17.98,2,True,The Colony,TX,33.0926,-96.8977,42408.0,Denton
KEC-55,73.66,22.79,2,True,Saginaw,TX,32.8649,-97.3649,22526.0,Tarrant
WNG-641,66.8,17.63,3,True,Lockhart,TX,29.8785,-97.6831,13142.0,Caldwell
WWF-91,52.16,27.49,1,True,Fredericksburg,TX,30.2669,-98.8759,12442.0,Gillespie
KEC-55,82.74,10.05,1,True,Benbrook,TX,32.6767,-97.4629,22948.0,Tarrant
KHB-40,87.74,5.65,1,True,Santa Fe,TX,29.3891,-95.1005,13205.0,Galveston
WNG-649,66.52,12.89,2,True,Rockdale,TX,30.6544,-97.009,5490.0,Milam
WXK-28,72.99,15.03,1,True,Port Neches,TX,29.9765,-93.9459,12809.0,Jefferson
WXK-35,79.41,14.8,1,True,Temple,TX,31.1077,-97.3899,100641.0,Bell
KEC-55,72.42,17.14,2,True,Mansfield,TX,32.5692,-97.1208,65631.0,Tarrant
KHB-40,77.35,11.73,1,True,League City,TX,29.4873,-95.109,102010.0,Galveston
WWG-40,61.46,23.95,1,True,West Columbia,TX,29.1418,-95.6488,5012.0,Brazoria
WNG-650,81.11,6.63,1,True,Center,TX,31.795,-94.179,5443.0,Shelby
KHB-40,58.6,25.65,1,True,South Houston,TX,29.6611,-95.2285,17463.0,Harris
KEC-56,88.75,5.04,1,True,Richardson,TX,32.9717,-96.7092,113347.0,Dallas
KXI-87,69.03,19.2,2,True,Ennis,TX,32.3255,-96.6369,18956.0,Ellis
WWF-91,79.28,14.66,1,True,Granite Shoals,TX,30.5895,-98.3778,5808.0,Burnet
WNG-641,82.13,10.82,2,True,Luling,TX,29.6817,-97.6466,5843.0,Caldwell
KHB-40,54.99,30.22,1,True,Clute,TX,29.0273,-95.3972,11586.0,Brazoria
WXK-30,58.41,22.82,1,True,Navasota,TX,30.3869,-96.0895,8845.0,Grimes
WXK-28,68.84,17.79,1,True,Groves,TX,29.9457,-93.9164,15758.0,Jefferson
KGG-68,58.25,26.54,2,True,Houston,TX,29.7871,-95.3936,5424720.0,Harris
WXK-67,78.92,12.45,1,True,Windcrest,TX,29.5148,-98.3819,5858.0,Bexar
WZ-2542,71.24,18.14,3,True,Elsa,TX,26.2979,-97.9937,6624.0,Hidalgo
WXK-38,42.49,58.95,0,False,Dalhart,TX,36.0579,-102.5123,8083.0,Dallam
WXK-30,89.78,4.49,1,True,College Station,TX,30.5857,-96.296,204710.0,Brazos
KEC-56,69.98,24.37,2,True,Grand Prairie,TX,32.6869,-97.0209,190682.0,Dallas
WXK-34,84.92,7.85,1,True,Victoria,TX,28.8284,-96.9848,68845.0,Victoria
WXK-25,72.74,17.48,2,True,Socorro,TX,31.6385,-106.26,33277.0,El Paso
KEC-55,89.31,4.74,1,True,Burleson,TX,32.52,-97.3341,45016.0,Johnson
WXK-37,93.92,2.27,1,True,Big Spring,TX,32.2387,-101.4802,29267.0,Howard
KEC-55,68.49,28.87,2,True,Colleyville,TX,32.8913,-97.1486,26152.0,Tarrant
KXI-54,34.09,30.75,0,False,Jasper,TX,30.9221,-93.9947,7860.0,Jasper
KHA-99,76.75,11.01,1,True,Gainesville,TX,33.6391,-97.1488,16058.0,Cooke
WXK-35,67.7,28.93,1,True,Killeen,TX,31.0758,-97.7286,243947.0,Bell
KEC-56,68.72,24.98,1,True,Lake Dallas,TX,33.1277,-97.0234,7881.0,Denton
KWN-32,66.73,23.0,1,True,Kilgore,TX,32.3979,-94.8603,18246.0,Gregg
WWG-34,78.37,7.61,2,True,Brownsville,TX,25.9981,-97.4566,228534.0,Cameron
KEC-55,74.65,15.8,1,True,Aledo,TX,32.6973,-97.607,6722.0,Parker
KWN-31,72.06,17.52,2,True,Greenville,TX,33.1115,-96.1094,24753.0,Hunt
KGG-68,41.35,45.28,0,False,Dayton,TX,30.0358,-94.9024,12895.0,Liberty
KHB-40,61.9,23.29,2,True,Pearland,TX,29.5585,-95.3201,113570.0,Brazoria
WXK-67,63.81,12.13,1,True,Fair Oaks Ranch,TX,29.7454,-98.6396,8645.0,Bexar
WXK-67,71.46,15.38,1,True,San Antonio,TX,29.4722,-98.5247,1976787.0,Bexar
WNG-695,40.35,35.0,0,False,Fort Stockton,TX,30.8926,-102.8847,9601.0,Pecos
WXK-31,85.79,7.1,1,True,Iowa Park,TX,33.9623,-98.6819,6292.0,Wichita
WXK-35,71.4,37.24,1,True,Copperas Cove,TX,31.118,-97.9135,32808.0,Coryell
KEC-56,76.47,17.67,2,True,Fate,TX,32.9401,-96.3864,10703.0,Rockwall
WXK-67,64.48,14.62,1,True,Converse,TX,29.513,-98.3079,22702.0,Bexar
WXK-27,70.2,21.15,1,True,Hutto,TX,30.5375,-97.5515,23832.0,Williamson
KEC-55,74.6,21.67,2,True,Richland Hills,TX,32.8095,-97.2273,8121.0,Tarrant
KWN-34,51.01,28.43,1,True,Jacksonville,TX,31.9642,-95.2617,14418.0,Cherokee
KHB-42,47.39,39.0,0,False,Jennings,LA,30.2233,-92.6582,9617.0,Jefferson Davis
WXK-80,72.96,17.12,1,True,Breaux Bridge,LA,30.2829,-91.9044,19072.0,St. Martin
WXK-80,54.24,33.55,1,True,Opelousas,LA,30.5279,-92.0851,25390.0,St. Landry
KHB-46,74.57,13.41,1,True,Denham Springs,LA,30.4743,-90.9594,10335.0,Livingston
WXK-78,36.54,62.76,0,False,Oakdale,LA,30.8157,-92.6542,7801.0,Allen
KHB-43,79.53,5.05,1,True,Westwego,LA,29.9058,-90.1434,8533.0,Jefferson
KHB-46,73.07,15.37,1,True,Zachary,LA,30.6654,-91.1607,16760.0,East Baton Rouge
WXK-80,59.68,25.44,1,True,Crowley,LA,30.2174,-92.3752,14678.0,Acadia
KHB-42,94.05,2.72,1,True,Sulphur,LA,30.2304,-93.3556,20272.0,Calcasieu
WXK-80,92.44,3.29,1,True,Youngsville,LA,30.096,-91.9961,12709.0,Lafayette
KIH-23,51.81,30.6,1,True,Houma,LA,29.5799,-90.7058,146174.0,Terrebonne
WNG-521,47.77,38.7,0,False,Ponchatoula,LA,30.4404,-90.4428,7209.0,Tangipahoa
WXJ-96,97.98,1.74,1,True,Monroe,LA,32.5184,-92.0775,117673.0,Ouachita
WXK-80,68.56,18.35,1,True,Carencro,LA,30.3115,-92.0385,8752.0,Lafayette
KHB-46,63.26,22.16,1,True,Gonzales,LA,30.213,-90.9234,10832.0,Ascension
WNG-725,51.08,42.2,1,True,Ruston,LA,32.5329,-92.6364,28371.0,Lincoln
WNG-521,54.41,28.28,1,True,Covington,LA,30.4808,-90.1125,10310.0,St. Tammany
WXN-87,42.2,42.43,0,False,Jonesboro,LA,32.2348,-92.7098,5449.0,Jackson
KHB-43,88.17,2.9,1,True,Gretna,LA,29.91,-90.0516,17897.0,Jefferson
WXK-78,63.46,38.17,1,True,Ferriday,LA,31.6343,-91.5562,5625.0,Concordia
WXK-78,64.51,23.83,1,True,Pineville,LA,31.3414,-92.4096,14480.0,Rapides
KHB-46,60.74,23.79,1,True,New Roads,LA,30.6959,-91.4537,7687.0,Pointe Coupee
WXJ-97,84.01,8.7,1,True,Shreveport,LA,32.4659,-93.7959,291749.0,Caddo
KHB-43,42.05,29.28,0,False,Slidell,LA,30.2881,-89.7828,94320.0,St. Tammany
KHB-43,64.11,12.08,1,True,New Orleans,LA,30.0687,-89.9288,1024421.0,Orleans
KHB-46,73.72,13.98,1,True,Saint Gabriel,LA,30.2536,-91.1013,7205.0,Iberville
KIH-23,79.89,9.24,1,True,Patterson,LA,29.6909,-91.3096,6061.0,St. Mary
WXN-87,82.9,7.35,1,True,Natchitoches,LA,31.7317,-93.0978,19759.0,Natchitoches
WXJ-97,82.07,10.9,1,True,Benton,LA,32.6906,-93.74,5680.0,Bossier
WXK-80,78.0,11.34,1,True,Lafayette,LA,30.2097,-92.0314,267376.0,Lafayette
WXJ-96,93.24,2.79,1,True,West Monroe,LA,32.5121,-92.1513,12922.0,Ouachita
KHB-43,71.76,7.77,1,True,Harahan,LA,29.9374,-90.2031,9360.0,Jefferson
WNG-521,49.21,35.73,0,False,Hammond,LA,30.5059,-90.4561,69616.0,Tangipahoa
WXJ-97,44.42,37.77,0,False,Springhill,LA,33.0019,-93.4613,5759.0,Webster
KIH-23,47.75,35.77,0,False,Gramercy,LA,30.061,-90.6929,14584.0,St. James
WNG-725,41.81,43.78,0,False,Grambling,LA,32.5276,-92.7124,5217.0,Lincoln
WXK-80,64.83,20.88,1,True,Rayne,LA,30.2403,-92.2668,9599.0,Acadia
WXJ-97,59.15,34.61,1,True,Minden,LA,32.6187,-93.2762,12822.0,Webster
KHB-43,63.38,11.69,1,True,Kenner,LA,30.0109,-90.2549,67089.0,Jefferson
KHB-46,76.76,11.75,1,True,Central,LA,30.5593,-91.0369,28529.0,East Baton Rouge
WXK-80,79.32,11.25,1,True,Saint Martinville,LA,30.1264,-91.8319,7197.0,St. Martin
WXK-78,66.01,36.48,1,True,Marksville,LA,31.1245,-92.0652,7273.0,Avoyelles
WXK-80,45.55,39.59,0,False,Eunice,LA,30.4904,-92.4191,11803.0,St. Landry
WNG-521,72.54,13.19,1,True,Bogalusa,LA,30.7812,-89.8633,11894.0,Washington
KIH-23,62.72,21.63,1,True,Thibodaux,LA,29.7942,-90.8164,14610.0,Lafourche
KHB-46,76.7,11.66,1,True,Plaquemine,LA,30.2834,-91.2429,6780.0,Iberville
WXK-80,38.96,47.33,0,False,Ville Platte,LA,30.6901,-92.2745,9126.0,Evangeline
KXI-54,49.07,27.83,0,False,DeRidder,LA,30.8467,-93.2931,13934.0,Beauregard
WXJ-96,56.12,20.8,1,True,Bastrop,LA,32.7749,-91.9058,13010.0,Morehouse
WXJ-97,57.19,38.6,1,True,Mansfield,LA,32.0355,-93.7004,5954.0,De Soto
WXK-78,57.16,46.13,1,True,Winnsboro,LA,32.1651,-91.721,5166.0,Franklin
WXK-78,65.81,28.59,1,True,Alexandria,LA,31.2923,-92.47,82995.0,Rapides
WXK-80,86.18,6.8,1,True,Broussard,LA,30.1394,-91.9539,11507.0,Lafayette
KHB-46,81.07,9.76,1,True,Baker,LA,30.5833,-91.1578,13628.0,East Baton Rouge
WNG-521,51.66,35.42,1,True,Mandeville,LA,30.375,-90.0906,95576.0,St. Tammany
KHB-46,58.38,26.58,2,True,Donaldsonville,LA,30.0954,-90.9925,16103.0,Ascension
KHB-46,93.3,3.0,1,True,Baton Rouge,LA,30.4422,-91.1314,589675.0,East Baton Rouge
WXK-80,81.34,9.26,1,True,Abbeville,LA,29.9751,-92.1265,20139.0,Vermilion
KHB-46,67.41,19.05,1,True,Walker,LA,30.4848,-90.8653,6404.0,Livingston
KIH-38,53.26,48.22,1,True,Tallulah,LA,32.4067,-91.1916,8790.0,Madison
KIH-23,91.5,3.64,1,True,Morgan City,LA,29.7041,-91.1919,30061.0,St. Mary
KHB-46,98.29,1.68,1,True,Port Allen,LA,30.4456,-91.2098,5102.0,West Baton Rouge
WXK-80,64.65,21.29,2,True,Jeanerette,LA,29.9157,-91.6758,6580.0,Iberia
KXI-54,63.7,17.45,1,True,Leesville,LA,31.1394,-93.2743,9131.0,Vernon
KHB-42,87.37,5.89,1,True,Lake Charles,LA,30.203,-93.215,153097.0,Calcasieu
WXK-80,78.52,10.98,1,True,New Iberia,LA,30.0049,-91.8203,30386.0,Iberia
KIH-23,63.79,20.24,2,True,Franklin,LA,29.7851,-91.5098,13706.0,St. Mary
WXJ-97,79.68,12.33,1,True,Bossier City,LA,32.5227,-93.6665,68485.0,Bossier
WXK-80,73.1,14.44,1,True,Scott,LA,30.2394,-92.0949,8733.0,Lafayette
WXL-70,62.43,24.08,3,True,Shelby,NC,35.289,-81.5416,27288.0,Cleveland
WWG-33,61.13,18.23,1,True,Roanoke Rapids,NC,36.4453,-77.6491,23546.0,Halifax
KHC-27,78.75,15.96,2,True,Marvin,NC,34.989,-80.8034,6377.0,Union
WNG-706,71.56,19.99,1,True,Wake Forest,NC,35.963,-78.5144,40112.0,Wake
KEC-84,94.25,2.67,1,True,New Bern,NC,35.0956,-77.0723,51491.0,Craven
WXL-58,75.86,22.29,1,True,Burlington,NC,36.0761,-79.4692,126491.0,Alamance
WNG-597,73.47,15.97,4,True,Hamlet,NC,34.8891,-79.7098,6391.0,Richmond
WXL-56,41.07,27.43,0,False,Black Mountain,NC,35.6142,-82.3275,8384.0,Buncombe
WXL-56,74.51,14.26,1,True,Waynesville,NC,35.4853,-82.9996,9958.0,Haywood
KEC-84,57.31,30.53,1,True,Swansboro,NC,34.6958,-77.1357,19459.0,Onslow
KJY-85,80.56,8.43,2,True,Davidson,NC,35.4861,-80.8272,12452.0,Mecklenburg
WXL-70,87.55,5.77,4,True,Mount Holly,NC,35.3079,-81.0132,14495.0,Gaston
WXJ-21,63.99,40.88,3,True,Forest City,NC,35.3339,-81.8702,25817.0,Rutherford
WWH-26,62.01,25.43,2,True,Elizabeth City,NC,36.2946,-76.2357,22934.0,Pasquotank
KJY-86,70.34,23.81,1,True,Roxboro,NC,36.3905,-78.9811,9644.0,Person
KHC-27,73.74,20.29,2,True,Weddington,NC,35.0228,-80.7383,10642.0,Union
WXL-42,74.73,25.45,3,True,Oak Ridge,NC,36.1737,-79.9918,6827.0,Guilford
KHC-27,57.38,21.58,2,True,Wesley Chapel,NC,34.9985,-80.6904,8596.0,Union
WNG-706,73.51,16.0,3,True,Zebulon,NC,35.8311,-78.3185,5159.0,Wake
WNG-537,71.86,15.17,1,True,Williamston,NC,35.8469,-77.0659,5328.0,Martin
WXL-50,68.64,24.71,3,True,Laurinburg,NC,34.7597,-79.4781,20514.0,Scotland
WNG-706,84.31,4.62,1,True,Clayton,NC,35.6591,-78.4477,20260.0,Johnston
WXL-42,73.3,29.14,3,True,Summerfield,NC,36.1972,-79.8999,11033.0,Guilford
WXL-50,54.05,37.69,2,True,Whiteville,NC,34.3306,-78.7014,7605.0,Columbus
WXL-42,86.02,6.89,1,True,King,NC,36.2767,-80.356,7025.0,Stokes
WXL-42,62.88,49.45,2,True,Salisbury,NC,35.6658,-80.4911,34001.0,Rowan
KHC-27,54.44,28.44,2,True,Monroe,NC,35.0062,-80.5593,34818.0,Union
WNG-597,69.76,14.58,3,True,Pinehurst,NC,35.1922,-79.4682,44070.0,Moore
WWF-60,75.33,11.36,1,True,Albemarle,NC,35.36,-80.1921,16929.0,Stanly
WNG-706,74.1,14.92,1,True,Smithfield,NC,35.5139,-78.3496,30375.0,Johnston
WXL-42,48.47,40.08,0,False,Trinity,NC,35.8756,-80.0093,6671.0,Randolph
KJY-85,65.58,23.03,5,True,Conover,NC,35.7156,-81.2169,8331.0,Catawba
KEC-84,57.27,33.23,2,True,Winterville,NC,35.5288,-77.3993,9447.0,Pitt
WNG-538,66.37,36.57,3,True,Hickory,NC,35.7425,-81.323,215120.0,Catawba
WXL-70,71.18,17.16,2,True,Charlotte,NC,35.208,-80.8308,1438351.0,Mecklenburg
WXL-70,65.59,27.28,3,True,Mint Hill,NC,35.1781,-80.6538,26236.0,Mecklenburg
WNG-538,64.81,43.92,2,True,Newton,NC,35.6631,-81.2333,13042.0,Catawba
WNG-706,72.61,17.7,3,True,Rolesville,NC,35.9249,-78.4654,6962.0,Wake
WNG-706,78.77,8.7,2,True,Archer Lodge,NC,35.6909,-78.3744,14907.0,Johnston
WNG-538,41.26,28.14,0,False,Marion,NC,35.6776,-82.0016,13383.0,McDowell
WXL-70,69.16,19.26,2,True,Pineville,NC,35.0864,-80.8915,8593.0,Mecklenburg
WXL-42,75.25,23.92,3,True,Stokesdale,NC,36.2318,-79.9833,5336.0,Guilford
KEC-95,71.79,19.4,2,True,Tabor City,NC,34.154,-78.8739,6401.0,Columbus
KXI-95,62.7,16.43,3,True,Clinton,NC,35.0007,-78.3322,9577.0,Sampson
WXL-42,71.13,37.86,1,True,Thomasville,NC,35.8813,-80.0807,27030.0,Davidson
WXL-58,73.48,29.49,3,True,Butner,NC,36.1285,-78.7501,17224.0,Granville
WXL-58,74.87,25.06,2,True,Elon,NC,36.1009,-79.5083,10147.0,Alamance
WNG-706,75.47,12.73,1,True,Raleigh,NC,35.8323,-78.6441,1005457.0,Wake
WXL-58,74.37,26.55,1,True,Sanford,NC,35.4822,-79.1773,34339.0,Lee
WNG-706,73.58,15.87,1,True,Selma,NC,35.5436,-78.2954,6589.0,Johnston
KHB-31,59.57,17.81,1,True,Carolina Beach,NC,34.0396,-77.8966,6211.0,New Hanover
WXL-58,68.82,37.69,3,True,Asheboro,NC,35.7159,-79.8128,39496.0,Randolph
WXL-58,75.41,23.47,2,True,Holly Springs,NC,35.6544,-78.8392,33260.0,Wake
WXL-70,69.59,25.93,3,True,Matthews,NC,35.1196,-80.7101,31495.0,Mecklenburg
KEC-84,71.16,18.18,1,True,Havelock,NC,34.9078,-76.8985,21083.0,Craven
WWH-26,68.75,18.59,1,True,Manteo,NC,35.9013,-75.661,5297.0,Dare
WXL-56,72.58,17.81,1,True,Woodfin,NC,35.6454,-82.5911,6383.0,Buncombe
WXL-59,89.54,4.63,2,True,Rocky Mount,NC,35.9675,-77.8047,65851.0,Nash
WXL-70,60.79,27.81,2,True,Concord,NC,35.3939,-80.6358,244273.0,Cabarrus
WWH-26,76.04,11.92,1,True,Kill Devil Hills,NC,36.0167,-75.6699,20345.0,Dare
WXL-56,72.34,18.26,1,True,Hendersonville,NC,35.3239,-82.4579,13840.0,Henderson
WXL-56,74.5,14.26,1,True,Fletcher,NC,35.4315,-82.5038,8079.0,Henderson
WNG-706,73.21,16.56,2,True,Angier,NC,35.5069,-78.7395,5096.0,Harnett
WXL-58,77.73,16.53,2,True,Mebane,NC,36.0894,-79.2734,14117.0,Alamance
WNG-588,45.67,17.46,0,False,Boone,NC,36.2109,-81.6673,25039.0,Watauga
KJY-85,71.07,14.0,2,True,Kannapolis,NC,35.4766,-80.6391,47839.0,Cabarrus
KHB-31,72.18,10.36,1,True,Leland,NC,34.2035,-78.0293,18843.0,Brunswick
WNG-706,64.44,37.36,1,True,Goldsboro,NC,35.3777,-77.9721,59969.0,Wayne
WXL-58,84.45,8.29,1,True,Chapel Hill,NC,35.9271,-79.0387,59246.0,Orange
WWF-60,66.67,30.82,4,True,Wadesboro,NC,34.9646,-80.0746,5445.0,Anson
WXL-59,71.96,14.43,2,True,Wilson,NC,35.7311,-77.9284,49644.0,Wilson
WNG-586,77.95,4.89,1,True,Henderson,NC,36.3259,-78.4155,20584.0,Vance
WNG-706,66.93,25.53,3,True,Dunn,NC,35.311,-78.6132,15798.0,Harnett
WXL-50,81.36,11.83,1,True,Pembroke,NC,34.6777,-79.1945,7526.0,Robeson
WXL-42,55.29,40.07,1,True,Lexington,NC,35.8017,-80.2682,19105.0,Davidson
KEC-84,57.27,29.37,1,True,Washington,NC,35.5587,-77.0546,16526.0,Beaufort
WNG-706,79.15,8.35,2,True,Knightdale,NC,35.7921,-78.4968,14794.0,Wake
WXL-56,54.92,12.7,1,True,Brevard,NC,35.2437,-82.7266,13486.0,Transylvania
WXL-42,77.42,16.27,1,True,Mount Airy,NC,36.5084,-80.6156,19379.0,Surry
WNG-538,62.05,38.62,4,True,Taylorsville,NC,35.9175,-81.1756,5392.0,Alexander
WXL-58,74.39,26.46,2,True,Gibsonville,NC,36.0989,-79.5425,7029.0,Guilford
WXL-42,62.65,49.39,3,True,Statesville,NC,35.784,-80.8713,26506.0,Iredell
KJY-85,75.82,9.81,2,True,Cornelius,NC,35.4733,-80.8833,28515.0,Mecklenburg
WNG-597,59.49,15.82,2,True,Aberdeen,NC,35.1345,-79.4314,7502.0,Moore
WNG-538,71.24,20.74,1,True,Lenoir,NC,35.9059,-81.5269,17973.0,Caldwell
WXL-56,77.5,10.05,1,True,Mills River,NC,35.3855,-82.5854,7168.0,Henderson
WXL-58,76.61,20.48,2,True,Cary,NC,35.7815,-78.8162,162320.0,Wake
KHC-27,54.27,27.45,1,True,Stallings,NC,35.108,-80.6607,15378.0,Union
WXL-50,76.5,20.24,2,True,Fayetteville,NC,35.0847,-78.9777,316764.0,Cumberland
WNG-706,77.14,10.52,1,True,Wendell,NC,35.7823,-78.3963,15242.0,Wake
WNG-706,82.9,5.43,2,True,Garner,NC,35.6949,-78.6212,28776.0,Wake
KEC-84,59.6,31.49,1,True,Kinston,NC,35.2748,-77.5937,28072.0,Lenoir
WNG-538,70.1,23.7,2,True,Morganton,NC,35.7407,-81.7002,16665.0,Burke
WNG-597,69.79,18.02,4,True,Southern Pines,NC,35.1922,-79.4042,13782.0,Moore
WXL-59,77.65,10.64,2,True,Nashville,NC,35.9678,-77.9547,5528.0,Nash
WXL-70,59.07,26.26,1,True,Harrisburg,NC,35.3145,-80.6495,15349.0,Cabarrus
WNG-586,83.03,4.68,1,True,Oxford,NC,36.3156,-78.585,9573.0,Granville
WXL-70,88.54,5.18,2,True,Gastonia,NC,35.2495,-81.1856,178477.0,Gaston
WXL-58,49.33,43.13,0,False,Reidsville,NC,36.3379,-79.6726,13541.0,Rockingham
WXL-58,77.55,18.34,1,True,Graham,NC,36.0601,-79.3906,14707.0,Alamance
WWF-60,52.57,37.3,1,True,Unionville,NC,35.0745,-80.52,6585.0,Union
WNG-706,63.3,41.83,2,True,Mount Olive,NC,35.1982,-78.0683,5366.0,Wayne
WNG-588,69.97,24.08,3,True,North Wilkesboro,NC,36.1728,-81.1391,18217.0,Wilkes
WNG-706,73.96,15.15,2,True,Fuquay-Varina,NC,35.5956,-78.7801,25865.0,Wake
WXL-50,81.54,11.57,1,True,Lumberton,NC,34.6309,-79.0181,29681.0,Robeson
KHC-27,63.51,26.4,3,True,Indian Trail,NC,35.0697,-80.646,38222.0,Union
WWF-60,62.91,34.41,3,True,Archdale,NC,35.9035,-79.9612,11631.0,Randolph
WXL-70,72.41,16.02,4,True,Cherryville,NC,35.3844,-81.3781,6667.0,Gaston
WXL-42,67.27,19.85,1,True,Winston-Salem,NC,36.1029,-80.261,412490.0,Forsyth
KHC-27,76.9,16.97,2,True,Waxhaw,NC,34.9362,-80.743,14194.0,Union
WXL-70,86.84,6.28,4,True,Belmont,NC,35.231,-81.0385,10784.0,Gaston
WXL-58,78.41,16.63,3,True,Durham,NC,35.9801,-78.9045,400379.0,Durham
WXL-58,79.63,14.42,2,True,Hillsborough,NC,36.068,-79.0994,6568.0,Orange
WXL-42,75.32,23.74,2,True,Clemmons,NC,36.0318,-80.3861,20079.0,Forsyth
WXL-42,64.83,36.22,2,True,Eden,NC,36.5029,-79.7421,17019.0,Rockingham
KJY-85,98.29,1.66,3,True,Mooresville,NC,35.5842,-80.8246,36543.0,Iredell
WXL-58,77.04,18.68,2,True,Morrisville,NC,35.8359,-78.8349,24732.0,Wake
WXL-42,68.1,34.05,2,True,High Point,NC,35.9899,-79.9937,177412.0,Guilford
WXL-50,79.73,12.91,2,True,Hope Mills,NC,34.9696,-78.9581,16227.0,Cumberland
WXL-59,74.79,12.65,1,True,Tarboro,NC,35.9046,-77.5562,13080.0,Edgecombe
WXL-42,77.23,19.05,1,True,Walkertown,NC,36.1574,-80.1646,5021.0,Forsyth
WXL-50,57.3,26.88,2,True,Spring Lake,NC,35.184,-78.9963,13168.0,Cumberland
WXL-70,73.16,15.49,2,True,Huntersville,NC,35.4055,-80.8741,54839.0,Mecklenburg
WXL-59,49.37,31.12,0,False,Greenville,NC,35.5958,-77.3764,127464.0,Pitt
KEC-84,59.91,30.67,1,True,Ayden,NC,35.4697,-77.4187,5191.0,Pitt
WXL-56,73.95,15.18,1,True,Asheville,NC,35.5703,-82.5536,299892.0,Buncombe
WNG-538,69.1,26.61,3,True,Sawmills,NC,35.8162,-81.4779,5107.0,Caldwell
KXI-81,39.89,24.06,0,False,Franklin,NC,35.18,-83.381,7041.0,Macon
WXL-58,56.98,40.22,2,True,Greensboro,NC,36.096,-79.8275,331894.0,Guilford
KEC-84,53.48,33.38,1,True,Morehead City,NC,34.7307,-76.7383,48637.0,Carteret
WXL-58,77.04,19.47,2,True,Apex,NC,35.7248,-78.866,47349.0,Wake
WXL-42,75.01,24.59,1,True,Kernersville,NC,36.1065,-80.0848,24066.0,Forsyth
WNG-597,71.81,12.84,2,True,Rockingham,NC,34.9389,-79.7606,24135.0,Richmond
WXL-70,69.78,13.92,3,True,Kings Mountain,NC,35.236,-81.3498,10797.0,Cleveland
WXL-42,77.26,18.97,2,True,Lewisville,NC,36.1029,-80.4167,13710.0,Forsyth
KHB-31,66.3,13.28,1,True,Oak Island,NC,33.9433,-78.1366,12779.0,Brunswick
KEC-84,53.2,33.53,1,True,Jacksonville,NC,34.7323,-77.3962,101865.0,Onslow
WXL-58,77.29,18.93,1,True,Siler City,NC,35.7252,-79.4558,9716.0,Chatham
WXL-58,87.19,6.03,2,True,Carrboro,NC,35.926,-79.0878,21265.0,Orange
KHB-31,64.46,18.1,1,True,Wilmington,NC,34.21,-77.886,242770.0,New Hanover
WXL-42,72.14,34.46,3,True,Mocksville,NC,35.9002,-80.562,5411.0,Davie
WXL-42,74.13,27.31,3,True,Elkin,NC,36.2619,-80.8442,6691.0,Surry
WXL-70,75.68,14.1,3,True,Lincolnton,NC,35.4746,-81.2385,23264.0,Lincoln
WXL-70,83.12,9.62,3,True,Bessemer City,NC,35.2848,-81.2846,5548.0,Gaston
WXL-83,71.5,13.89,1,True,Minot,ND,48.2375,-101.2779,50845.0,Ward
WXL-78,78.12,15.66,1,True,Bismarck,ND,46.8127,-100.7694,96857.0,Burleigh
WXL-78,65.46,16.84,1,True,Mandan,ND,46.8267,-100.8846,21769.0,Morton
WXL-81,73.89,12.06,1,True,Jamestown,ND,46.9065,-98.6927,15297.0,Stutsman
WXL-84,43.03,36.98,0,False,Watford City,ND,47.8021,-103.2748,6390.0,McKenzie
WXL-80,80.58,12.93,1,True,Dickinson,ND,46.8907,-102.7891,22733.0,Stark
WWF-83,94.09,1.51,2,True,Grand Forks,ND,47.912,-97.0751,66487.0,Grand Forks
WXL-81,43.72,26.34,0,False,Valley City,ND,46.9225,-98.0071,6670.0,Barnes
WXL-84,71.94,12.31,1,True,Williston,ND,48.1834,-103.633,27164.0,Williams
WXK-42,78.01,17.41,1,True,West Fargo,ND,46.8565,-96.9048,34858.0,Cass
WXK-42,75.54,20.01,1,True,Fargo,ND,46.8654,-96.829,202146.0,Cass
WNG-680,60.07,30.15,1,True,Wahpeton,ND,46.2719,-96.6118,11205.0,Richland
KXI-20,70.92,14.16,1,True,Chadron,NE,42.826,-103.0024,5396.0,Dawes
WXL-77,80.49,13.03,1,True,Wayne,NE,42.2371,-97.0158,5472.0,Wayne
KIH-61,84.73,4.19,2,True,Ralston,NE,41.2005,-96.0354,7329.0,Douglas
WNG-549,39.36,39.58,0,False,Fremont,NE,41.4418,-96.4887,27598.0,Dodge
WXL-75,66.16,29.38,1,True,Kearney,NE,40.7008,-99.0839,34065.0,Buffalo
KZZ-52,57.74,40.64,1,True,Plattsmouth,NE,41.0053,-95.8943,6573.0,Cass
WXL-74,76.62,17.49,1,True,Grand Island,NE,40.9214,-98.3585,53556.0,Hall
KZZ-69,83.02,9.75,1,True,Beatrice,NE,40.2738,-96.7455,12308.0,Gage
KEC-39,59.01,27.55,1,True,McCook,NE,40.2046,-100.6214,7393.0,Red Willow
WNG-549,87.44,5.47,1,True,Columbus,NE,41.436,-97.3559,22846.0,Platte
WXL-67,67.73,31.29,1,True,Scottsbluff,NE,41.8676,-103.6618,25678.0,Scotts Bluff
WXM-20,57.42,23.48,1,True,Seward,NE,40.9096,-97.0961,6879.0,Seward
KZZ-52,56.63,53.46,2,True,Gretna,NE,41.1313,-96.245,5060.0,Sarpy
WXL-67,72.94,31.41,1,True,Gering,NE,41.8275,-103.6649,8360.0,Scotts Bluff
WXL-68,66.4,21.51,1,True,North Platte,NE,41.1266,-100.764,24578.0,Lincoln
WXL-74,73.26,19.97,2,True,Hastings,NE,40.5962,-98.3926,24393.0,Adams
WNG-549,78.36,9.88,1,True,Schuyler,NE,41.4496,-97.062,6149.0,Colfax
WXM-20,100.9,1.24,1,True,Lincoln,NE,40.8102,-96.6808,280741.0,Lancaster
WXL-74,67.99,26.76,1,True,York,NE,40.8708,-97.5947,7724.0,York
KGG-99,80.37,6.86,2,True,Lexington,NE,40.778,-99.7462,10232.0,Dawson
WXL-67,76.69,20.29,1,True,Alliance,NE,42.1021,-102.8768,8397.0,Box Butte
KZZ-52,58.17,47.59,1,True,Blair,NE,41.5417,-96.1361,7941.0,Washington
KIH-61,70.64,6.06,1,True,La Vista,NE,41.1816,-96.0665,17143.0,Sarpy
WXN-61,79.74,12.2,1,True,Sidney,NE,41.1343,-102.9686,6497.0,Cheyenne
WXL-77,78.75,15.98,1,True,Norfolk,NE,42.0349,-97.4209,26921.0,Madison
KWN-41,53.05,33.2,1,True,Nebraska City,NE,40.6766,-95.8613,7122.0,Otoe
KIH-61,71.31,7.47,2,True,Papillion,NE,41.1531,-96.045,19597.0,Sarpy
KIH-61,59.4,8.14,1,True,Bellevue,NE,41.1536,-95.9357,53505.0,Sarpy
WXL-62,84.53,8.08,1,True,South Sioux City,NE,42.4636,-96.4149,13120.0,Dakota
WXL-75,87.55,5.77,1,True,Holdrege,NE,40.4392,-99.3751,5398.0,Phelps
KIH-61,93.7,1.93,2,True,Omaha,NE,41.2634,-96.0453,792463.0,Douglas
KZZ-69,61.83,28.22,2,True,Crete,NE,40.6256,-96.957,7047.0,Saline
WWH-30,91.96,3.47,1,True,Dyersburg,TN,36.0459,-89.3782,21313.0,Dyer
WXK-60,55.22,24.64,1,True,Bolivar,TN,35.2656,-89.0148,5089.0,Hardeman
WXK-47,72.86,22.26,1,True,Jonesborough,TN,36.2959,-82.4765,5333.0,Washington
KIH-20,53.22,28.46,1,True,Fayetteville,TN,35.149,-86.5636,9478.0,Lincoln
WWF-84,81.13,12.14,1,True,Columbia,TN,35.6223,-87.048,37845.0,Maury
WXK-49,84.92,7.84,1,True,Lakeland,TN,35.2586,-89.7307,12494.0,Shelby
WXK-47,50.97,78.44,1,True,Dandridge,TN,36.0283,-83.4308,5213.0,Jefferson
WXK-48,86.34,6.63,1,True,Red Bank,TN,35.1116,-85.2962,11813.0,Hamilton
WXK-63,67.39,29.92,3,True,La Vergne,TN,36.021,-86.5574,35071.0,Rutherford
WNG-554,85.79,7.07,1,True,Winchester,TN,35.1898,-86.1078,11724.0,Franklin
WXK-46,45.23,19.39,0,False,Oak Ridge,TN,35.9639,-84.2938,29350.0,Anderson
WXK-47,58.43,9.85,1,True,Elizabethton,TN,36.3363,-82.238,13854.0,Carter
KIG-79,64.12,17.24,2,True,Millersville,TN,36.3967,-86.7108,6742.0,Sumner
WXK-47,44.99,33.41,0,False,Church Hill,TN,36.5206,-82.7142,6740.0,Hawkins
WXK-49,83.01,9.75,1,True,Memphis,TN,35.1047,-89.9773,1069661.0,Shelby
WXK-48,78.47,14.87,1,True,East Ridge,TN,34.9973,-85.2284,21302.0,Hamilton
WXN-74,70.32,24.73,2,True,Lebanon,TN,36.2038,-86.3467,33068.0,Wilson
WXN-74,62.86,35.18,1,True,Gallatin,TN,36.3783,-86.4697,35734.0,Sumner
WNG-732,52.2,32.5,1,True,Loudon,TN,35.7414,-84.3699,5750.0,Loudon
WXK-48,82.79,10.0,1,True,Chattanooga,TN,35.0657,-85.2488,403618.0,Hamilton
WWF-84,72.47,23.12,2,True,Spring Hill,TN,35.7436,-86.912,40552.0,Maury
KIH-46,60.4,30.06,2,True,Martin,TN,36.3391,-88.8518,10697.0,Weakley
WNG-732,54.54,42.85,2,True,Sevierville,TN,35.8868,-83.5674,24882.0,Sevier
WXK-46,58.25,22.66,1,True,Lenoir City,TN,35.8113,-84.2817,9106.0,Loudon
WNG-732,52.33,42.01,2,True,Jefferson City,TN,36.1196,-83.484,8335.0,Jefferson
WXK-49,81.76,10.74,1,True,Arlington,TN,35.2595,-89.668,11551.0,Shelby
WNG-732,75.05,13.38,2,True,LaFollette,TN,36.372,-84.1252,19684.0,Campbell
WXK-49,57.52,28.52,1,True,Covington,TN,35.5656,-89.648,8469.0,Tipton
WXK-47,67.16,43.32,1,True,Greeneville,TN,36.168,-82.8197,23953.0,Greene
WXK-62,52.85,31.37,2,True,Fairview,TN,35.9819,-87.1286,7040.0,Williamson
WZ-2506,68.3,17.5,1,True,Savannah,TN,35.2211,-88.2356,8391.0,Hardin
KHA-46,54.02,31.57,1,True,Milan,TN,35.9127,-88.7556,7371.0,Gibson
WXK-49,77.64,18.17,1,True,Munford,TN,35.4436,-89.8141,6057.0,Tipton
WXN-74,64.69,22.23,4,True,Cookeville,TN,36.1485,-85.5114,47381.0,Putnam
WXK-46,69.89,13.34,2,True,Alcoa,TN,35.8071,-83.9748,9874.0,Blount
WNG-732,78.53,8.94,1,True,Clinton,TN,36.0986,-84.1283,10106.0,Anderson
WXK-61,67.68,18.88,2,True,Crossville,TN,35.9526,-85.0294,17335.0,Cumberland
WXK-49,91.36,3.7,1,True,Bartlett,TN,35.2337,-89.8195,58622.0,Shelby
WXK-49,81.73,11.29,1,True,Millington,TN,35.3368,-89.8932,10974.0,Shelby
KIG-79,62.07,14.67,1,True,Hendersonville,TN,36.3063,-86.5997,57050.0,Sumner
WXK-46,48.68,25.78,0,False,Pigeon Forge,TN,35.7978,-83.5619,6199.0,Sevier
WNG-629,74.4,18.17,3,True,McMinnville,TN,35.6859,-85.7817,15561.0,Warren
KIG-79,55.95,15.46,3,True,Mount Juliet,TN,36.2004,-86.5122,33263.0,Wilson
WWG-82,33.66,57.86,0,False,Kingston,TN,35.8717,-84.4954,5840.0,Roane
KIH-46,54.33,33.82,2,True,Union City,TN,36.4265,-89.0477,10013.0,Obion
KHA-46,79.34,10.96,1,True,Paris,TN,36.2936,-88.3066,10679.0,Henry
WWH-37,71.37,3.69,1,True,Clarksville,TN,36.5696,-87.3428,179367.0,Montgomery
WNG-732,48.72,51.9,0,False,Morristown,TN,36.2043,-83.3,60098.0,Hamblen
WXK-60,65.77,12.73,1,True,Henderson,TN,35.4444,-88.6529,6258.0,Chester
WXK-62,68.74,17.12,3,True,Dickson,TN,36.0637,-87.3661,17066.0,Dickson
WXK-49,77.88,16.91,1,True,Atoka,TN,35.4229,-89.7862,20478.0,Tipton
WXK-60,51.16,23.73,1,True,Lexington,TN,35.6609,-88.3965,6660.0,Henderson
WNG-732,42.88,59.96,0,False,Newport,TN,35.9614,-83.1977,11415.0,Cocke
WXK-60,67.98,17.85,2,True,Humboldt,TN,35.8254,-88.9045,8543.0,Gibson
WXK-63,71.68,17.82,2,True,Manchester,TN,35.4629,-86.0774,11959.0,Coffee
WXK-63,52.85,20.09,2,True,Shelbyville,TN,35.4991,-86.4518,21083.0,Bedford
WXK-60,81.21,5.36,1,True,Jackson,TN,35.6535,-88.8351,73860.0,Madison
WNG-629,80.62,12.85,2,True,Sparta,TN,35.9348,-85.4724,5613.0,White
WXK-46,95.79,2.08,2,True,Knoxville,TN,35.969,-83.9498,581787.0,Knox
WNG-554,75.93,20.54,2,True,Tullahoma,TN,35.372,-86.2173,17821.0,Coffee
KIG-79,50.59,18.64,1,True,Greenbrier,TN,36.4237,-86.7974,6796.0,Robertson
WXK-48,72.77,7.2,1,True,Soddy-Daisy,TN,35.2571,-85.174,13217.0,Hamilton
WXK-47,50.47,31.13,1,True,Mount Carmel,TN,36.5612,-82.6615,5427.0,Hawkins
WXK-47,56.54,26.18,1,True,Erwin,TN,36.1455,-82.4115,9503.0,Unicoi
WWF-84,40.86,27.36,0,False,Thompson's Station,TN,35.809,-86.9,5194.0,Williamson
WNG-732,48.6,47.2,0,False,Madisonville,TN,35.5234,-84.3637,5617.0,Monroe
WNG-732,43.94,26.08,0,False,Harriman,TN,35.9306,-84.5603,23026.0,Roane
WXK-47,75.66,16.09,1,True,Johnson City,TN,36.3404,-82.3803,127134.0,Washington
WXK-49,85.49,7.34,1,True,Germantown,TN,35.083,-89.7824,39056.0,Shelby
WXK-46,74.84,15.65,2,True,Farragut,TN,35.8731,-84.1821,22282.0,Knox
WXK-48,60.27,23.51,1,True,Cleveland,TN,35.1816,-84.8709,71601.0,Bradley
WXK-48,50.38,42.14,1,True,Athens,TN,35.4573,-84.6042,16328.0,McMinn
WWF-84,56.88,19.15,1,True,Pulaski,TN,35.1934,-87.0354,7630.0,Giles
KIG-79,88.03,1.19,1,True,Nashville,TN,36.1714,-86.7844,1065078.0,Davidson
WXK-47,32.88,49.16,0,False,Rogersville,TN,36.408,-83.0037,6377.0,Hawkins
KIG-79,52.33,14.75,1,True,Nolensville,TN,35.9594,-86.6754,7580.0,Williamson
WXK-47,80.28,9.45,1,True,Bristol,TN,36.5572,-82.2144,70560.0,Sullivan
WXK-63,69.34,26.25,3,True,Smyrna,TN,35.9732,-86.5242,48596.0,Rutherford
KIH-45,60.22,35.25,1,True,Portland,TN,36.5878,-86.5191,11854.0,Sumner
WXN-74,61.05,47.63,2,True,White House,TN,36.4646,-86.6663,11388.0,Sumner
WNG-732,32.62,33.57,0,False,Rockwood,TN,35.8692,-84.6731,5443.0,Roane
WXK-49,81.27,11.92,1,True,Collierville,TN,35.0474,-89.6989,49177.0,Shelby
WWF-84,66.52,18.45,1,True,Lawrenceburg,TN,35.2497,-87.332,10398.0,Lawrence
WXK-48,53.5,27.94,1,True,South Pittsburg,TN,35.0109,-85.7183,5562.0,Marion
WXK-47,56.81,24.21,1,True,Kingsport,TN,36.522,-82.5452,116745.0,Sullivan
WXK-63,78.86,15.78,2,True,Murfreesboro,TN,35.851,-86.4093,161634.0,Rutherford
KIG-79,56.89,11.23,1,True,Brentwood,TN,35.9917,-86.7759,42517.0,Williamson
WWH-30,62.13,22.31,2,True,Ripley,TN,35.7446,-89.5359,8422.0,Lauderdale
WWH-30,49.35,34.0,0,False,Brownsville,TN,35.5881,-89.2574,9389.0,Haywood
WNG-631,74.88,10.38,2,True,Lafayette,TN,36.5243,-86.0309,5223.0,Macon
WXK-48,52.37,25.01,1,True,Dayton,TN,35.4917,-85.0116,10255.0,Rhea
WXK-46,76.87,17.51,2,True,Maryville,TN,35.7469,-83.9788,28703.0,Blount
WWF-84,47.18,35.5,0,False,Franklin,TN,35.9215,-86.8522,74794.0,Williamson
KIG-79,59.02,13.09,1,True,Goodlettsville,TN,36.3323,-86.7032,16950.0,Davidson
WNG-732,51.74,43.3,1,True,Sweetwater,TN,35.6026,-84.4718,5589.0,Monroe
KHA-46,71.76,13.61,2,True,McKenzie,TN,36.138,-88.5083,5307.0,Carroll
KIH-45,50.52,43.14,1,True,Springfield,TN,36.4944,-86.8706,17747.0,Robertson
WXK-48,69.89,17.16,1,True,Collegedale,TN,35.0522,-85.0488,11437.0,Hamilton
WXK-48,67.52,5.47,1,True,Signal Mountain,TN,35.1448,-85.3457,8573.0,Hamilton
WWF-84,55.02,19.2,1,True,Lewisburg,TN,35.4494,-86.7889,10934.0,Marshall
WXK-49,78.26,16.91,1,True,Oakland,TN,35.2256,-89.5377,8193.0,Fayette
KWO-35,76.79,17.22,1,True,Malverne,NY,40.6746,-73.6721,8544.0,Nassau
KWO-35,78.16,15.85,1,True,Valley Stream,NY,40.6647,-73.7044,37673.0,Nassau
KWO-35,79.97,13.87,1,True,Great Neck Plaza,NY,40.7869,-73.726,7003.0,Nassau
WZ-2536,75.0,8.82,2,True,Clifton Springs,NY,42.9608,-77.1355,6275.0,Ontario
KBS-508,69.97,19.35,3,True,Canton,NY,44.6,-75.1703,6704.0,St. Lawrence
KIG-60,69.32,33.58,1,True,Plattsburgh,NY,44.6951,-73.4563,29130.0,Clinton
WXL-37,71.25,27.81,1,True,Goshen,NY,41.4017,-74.327,5368.0,Orange
WXL-31,87.46,5.87,1,True,Syracuse,NY,43.0409,-76.1438,407208.0,Onondaga
KZZ-31,48.23,18.04,0,False,Port Jervis,NY,41.3782,-74.6909,16299.0,Orange
KWO-35,76.4,17.79,1,True,Williston Park,NY,40.7588,-73.6465,7289.0,Nassau
KWO-35,69.95,27.86,1,True,New Hempstead,NY,41.1488,-74.0485,5440.0,Rockland
KWO-35,58.77,24.31,1,True,Port Chester,NY,41.0052,-73.668,29524.0,Westchester
KHA-53,68.16,12.43,2,True,Canandaigua,NY,42.8885,-77.2805,10369.0,Ontario
VAD-320,50.05,20.48,1,True,Lockport,NY,43.1698,-78.6956,34859.0,Niagara
WXL-34,67.04,31.84,3,True,Saratoga Springs,NY,43.0674,-73.7775,66945.0,Saratoga
WXM-45,60.82,29.01,2,True,Rome,NY,43.2259,-75.491,32128.0,Oneida
WXN-55,53.08,23.72,1,True,Penn Yan,NY,42.661,-77.0536,6550.0,Yates
WXL-34,61.4,24.3,1,True,Mechanicville,NY,42.9037,-73.6894,5100.0,Saratoga
WXM-31,63.45,9.89,1,True,Corning,NY,42.147,-77.0561,19798.0,Steuben
WWF-43,44.38,20.06,0,False,Cobleskill,NY,42.6787,-74.486,5474.0,Schoharie
WXL-37,83.46,9.27,1,True,Wappingers Falls,NY,41.5986,-73.9178,5506.0,Dutchess
WXL-34,82.53,10.3,2,True,Colonie,NY,42.7199,-73.8333,7838.0,Albany
KWO-35,74.88,24.96,1,True,Airmont,NY,41.0994,-74.0989,8856.0,Rockland
WXL-31,81.04,12.08,1,True,North Syracuse,NY,43.1339,-76.1306,6800.0,Onondaga
WNG-705,48.95,43.78,0,False,Ellenville,NY,41.7009,-74.3609,6436.0,Ulster
WNG-539,44.89,18.59,0,False,Albion,NY,43.246,-78.1902,8044.0,Orleans
KEB-98,49.48,31.75,0,False,Fredonia,NY,42.4407,-79.3319,10639.0,Chautauqua
WXN-55,88.25,2.95,1,True,Bath,NY,42.3363,-77.3179,6879.0,Steuben
KWO-35,80.05,13.74,1,True,Pelham Manor,NY,40.893,-73.8057,5565.0,Westchester
WXM-45,74.4,14.39,1,True,Utica,NY,43.0961,-75.226,114350.0,Oneida
WXM-80,62.86,21.04,1,True,Lake Grove,NY,40.8586,-73.1168,11162.0,Suffolk
KWO-35,66.82,16.25,1,True,North Hills,NY,40.7765,-73.6778,5814.0,Nassau
WXM-45,58.28,36.44,1,True,Oneida,NY,43.0769,-75.6621,21184.0,Madison
KWO-35,52.89,26.53,1,True,Suffern,NY,41.1138,-74.1421,10948.0,Rockland
KWO-35,78.48,16.45,1,True,New Rochelle,NY,40.9305,-73.7836,79557.0,Westchester
WZ-2536,86.42,3.32,2,True,Newark,NY,43.0418,-77.093,13487.0,Wayne
KZZ-31,53.89,12.25,1,True,Warwick,NY,41.2551,-74.355,12222.0,Orange
KWO-35,75.46,23.4,1,True,Chestnut Ridge,NY,41.083,-74.0552,8135.0,Rockland
WZ-2536,62.83,14.27,2,True,Waterloo,NY,42.9048,-76.8592,5019.0,Seneca
KWO-35,54.68,19.25,1,True,Dobbs Ferry,NY,41.0127,-73.8698,11093.0,Westchester
KZZ-31,43.64,35.96,0,False,Monticello,NY,41.6519,-74.6874,7527.0,Sullivan
KWO-35,61.07,29.13,1,True,Ossining,NY,41.1609,-73.8712,25360.0,Westchester
KEB-98,83.88,6.86,3,True,Hamburg,NY,42.7233,-78.8348,9590.0,Erie
KZZ-31,70.89,21.72,2,True,Middletown,NY,41.4458,-74.4228,57478.0,Orange
KWO-35,61.84,32.5,1,True,Lindenhurst,NY,40.6858,-73.371,27074.0,Suffolk
WNG-539,62.34,23.88,1,True,Geneseo,NY,42.799,-77.8095,8461.0,Livingston
KWO-35,76.39,17.49,1,True,Lynbrook,NY,40.6579,-73.6742,19567.0,Nassau
WXL-34,81.18,12.04,1,True,Schenectady,NY,42.8025,-73.9276,64913.0,Schenectady
KEB-98,75.16,18.74,3,True,Buffalo,NY,42.9016,-78.8487,920136.0,Erie
WXL-37,67.43,14.94,1,True,Newburgh,NY,41.5037,-74.0205,28200.0,Orange
WXL-37,78.79,14.77,1,True,Walden,NY,41.5603,-74.1879,11138.0,Orange
KWO-35,75.7,22.72,1,True,Tarrytown,NY,41.0647,-73.8673,11532.0,Westchester
KWO-35,82.9,9.87,1,True,Queens,NY,40.7498,-73.7976,2333054.0,Queens
KWO-35,55.39,28.69,1,True,Wesley Hills,NY,41.1579,-74.0768,5914.0,Rockland
WNG-671,64.98,36.17,3,True,Glens Falls,NY,43.3109,-73.6459,63793.0,Warren
KWO-35,71.84,22.05,1,True,Freeport,NY,40.6515,-73.585,43279.0,Nassau
KWO-35,77.91,17.61,1,True,Hastings-on-Hudson,NY,40.9902,-73.8801,7969.0,Westchester
WXM-80,76.8,10.39,1,True,Mastic Beach,NY,40.7667,-72.842,14760.0,Suffolk
WXM-31,85.22,4.87,2,True,Horseheads,NY,42.1689,-76.8299,6541.0,Chemung
KWO-35,79.48,14.64,1,True,Pelham,NY,40.9116,-73.8075,7020.0,Westchester
CJH-20,51.79,41.53,1,True,Malone,NY,44.849,-74.2889,10413.0,Franklin
WXL-37,76.76,20.11,1,True,Red Hook,NY,41.9962,-73.8768,6722.0,Dutchess
WXL-34,75.88,17.65,2,True,Cohoes,NY,42.7732,-73.7077,16883.0,Albany
WNG-539,52.27,19.47,1,True,Batavia,NY,42.9987,-78.1802,17067.0,Genesee
KWO-35,69.71,28.93,1,True,Pleasantville,NY,41.1378,-73.7827,7150.0,Westchester
KWO-35,66.82,22.44,1,True,White Plains,NY,41.022,-73.7548,58241.0,Westchester
KWO-35,78.54,15.62,1,True,Bronxville,NY,40.9394,-73.8263,6407.0,Westchester
KWO-35,65.59,28.47,1,True,Massapequa Park,NY,40.6816,-73.4496,17202.0,Nassau
KWO-35,57.19,24.84,1,True,Bayville,NY,40.9077,-73.5603,6751.0,Nassau
VBR-6,41.78,42.94,0,False,Watertown,NY,43.9734,-75.9094,55436.0,Jefferson
WWG-32,42.03,6.6,0,False,Salamanca,NY,42.1631,-78.7233,5478.0,Cattaraugus
KWO-35,52.44,34.1,1,True,Mount Kisco,NY,41.2018,-73.7282,11103.0,Westchester
VBR-5,42.16,59.17,0,False,Medina,NY,43.2197,-78.3888,7993.0,Orleans
KWO-35,56.69,22.95,1,True,Elmsford,NY,41.0541,-73.8143,5012.0,Westchester
KWO-35,74.38,24.99,1,True,Rye Brook,NY,41.0303,-73.6865,9575.0,Westchester
WWF-48,60.35,37.99,4,True,Coxsackie,NY,42.3561,-73.808,6055.0,Greene
KWO-35,73.18,20.79,1,True,Westbury,NY,40.7599,-73.5891,15384.0,Nassau
KWO-35,60.12,35.21,1,True,Northport,NY,40.9036,-73.3446,7342.0,Suffolk
WXL-37,42.65,34.88,0,False,Catskill,NY,42.2145,-73.8656,6067.0,Greene
WZ-2536,61.22,25.33,2,True,Auburn,NY,42.9338,-76.5684,31263.0,Cayuga
WNG-671,13.76,68.62,0,False,Saranac Lake,NY,44.3245,-74.1314,7529.0,Franklin
KWO-35,74.15,27.23,1,True,New Square,NY,41.1411,-74.0294,8357.0,Rockland
KBS-508,76.46,11.37,1,True,Potsdam,NY,44.6691,-74.9857,9585.0,St. Lawrence
KWO-35,77.21,19.07,1,True,Sea Cliff,NY,40.8441,-73.6442,5054.0,Nassau
KWO-35,79.34,14.93,1,True,Floral Park,NY,40.7226,-73.7029,15951.0,Nassau
KWO-35,77.13,18.96,1,True,East Hills,NY,40.7958,-73.6292,7173.0,Nassau
KWO-35,64.03,30.37,1,True,Amityville,NY,40.6696,-73.4156,9494.0,Suffolk
KEB-98,71.45,22.51,3,True,Williamsville,NY,42.9622,-78.7418,5236.0,Erie
KWO-35,75.77,19.12,1,True,Rockville Centre,NY,40.6643,-73.6383,24571.0,Nassau
KWO-35,45.43,31.56,0,False,Croton-on-Hudson,NY,41.2005,-73.9002,8243.0,Westchester
WXL-37,62.88,14.53,1,True,Kingston,NY,41.9295,-73.9968,55793.0,Ulster
WXM-31,92.44,3.27,1,True,Elmira,NY,42.0938,-76.8097,65104.0,Chemung
WXL-37,42.45,29.26,0,False,Monroe,NY,41.3198,-74.1848,8600.0,Orange
WXL-34,50.42,23.15,1,True,Amsterdam,NY,42.9419,-74.1906,21351.0,Montgomery
WXL-37,45.57,30.01,0,False,Peekskill,NY,41.2883,-73.9227,24053.0,Westchester
VBR-9,76.01,6.0,2,True,Ogdensburg,NY,44.7088,-75.4717,10951.0,St. Lawrence
WXN-29,49.88,8.06,0,False,Hornell,NY,42.3258,-77.6605,10612.0,Steuben
WXM-45,82.32,5.77,1,True,Herkimer,NY,43.0282,-74.9928,7455.0,Herkimer
WXL-37,89.08,4.83,1,True,New Paltz,NY,41.7495,-74.0808,7046.0,Ulster
WXL-34,82.37,10.51,2,True,Albany,NY,42.6664,-73.7987,596419.0,Albany
KZZ-31,44.92,23.59,0,False,Kiryas Joel,NY,41.3398,-74.1667,23094.0,Orange
WNG-591,38.72,31.75,0,False,Olean,NY,42.0819,-78.4321,21307.0,Cattaraugus
KWO-35,65.61,28.27,1,True,Farmingdale,NY,40.7328,-73.4465,8857.0,Nassau
VAD-320,80.71,3.54,3,True,Niagara Falls,NY,43.0921,-79.0147,48632.0,Niagara
KEB-98,78.36,12.94,2,True,Lackawanna,NY,42.8182,-78.8324,17868.0,Erie
WXL-37,33.99,35.44,0,False,West Haverstraw,NY,41.2063,-73.9884,10345.0,Rockland
WXL-38,83.29,6.58,1,True,Endicott,NY,42.098,-76.0639,12992.0,Broome
KHA-53,61.83,13.41,2,True,Rochester,NY,43.1681,-77.6162,714852.0,Monroe
WXM-45,79.48,8.03,1,True,Ilion,NY,43.0114,-75.0396,24177.0,Herkimer
KWO-35,78.91,15.64,1,True,Manorhaven,NY,40.8399,-73.7127,6651.0,Nassau
KWO-35,59.98,34.71,1,True,Babylon,NY,40.6949,-73.3271,12079.0,Suffolk
WXL-34,70.03,16.15,1,True,Watervliet,NY,42.7243,-73.7068,10120.0,Albany
KWO-35,74.37,19.45,1,True,Hempstead,NY,40.7043,-73.6193,55555.0,Nassau
WWF-48,60.4,34.65,3,True,Ravena,NY,42.4755,-73.8113,5309.0,Albany
KWO-35,88.97,4.92,1,True,New York,NY,40.6943,-73.9249,19164071.0,New York
KWO-35,76.83,19.96,1,True,Scarsdale,NY,40.9902,-73.7773,17909.0,Westchester
KWO-35,83.29,9.42,1,True,Bronx,NY,40.8501,-73.8662,1455720.0,Bronx
WXL-31,68.41,26.53,1,True,Fulton,NY,43.3168,-76.4161,11402.0,Oswego
KWO-35,51.07,28.06,1,True,Briarcliff Manor,NY,41.14,-73.844,8032.0,Westchester
KWO-35,64.08,20.77,1,True,Irvington,NY,41.0349,-73.8661,6587.0,Westchester
WXL-37,69.96,21.68,1,True,Washingtonville,NY,41.4296,-74.1578,5773.0,Orange
WXL-37,90.27,4.23,1,True,Poughkeepsie,NY,41.6949,-73.921,391552.0,Dutchess
KWO-35,75.94,18.16,1,True,Mineola,NY,40.7469,-73.6392,19245.0,Nassau
WXM-80,61.43,17.9,1,True,Patchogue,NY,40.7621,-73.0185,12449.0,Suffolk
WXL-38,89.9,4.38,1,True,Johnson City,NY,42.1233,-75.9625,14673.0,Broome
WNG-539,69.14,6.69,1,True,Brockport,NY,43.2136,-77.9405,20142.0,Monroe
KEB-98,67.51,26.43,3,True,Tonawanda,NY,43.0105,-78.8805,14858.0,Erie
KWO-35,74.82,19.11,1,True,Mamaroneck,NY,40.9469,-73.7316,19356.0,Westchester
KHA-53,83.46,6.22,2,True,East Rochester,NY,43.1121,-77.4869,6611.0,Monroe
KEB-98,73.29,19.26,2,True,Depew,NY,42.9117,-78.7044,15190.0,Erie
KWO-35,72.2,21.81,1,True,Rye,NY,40.969,-73.6878,15980.0,Westchester
WXL-37,49.08,36.4,0,False,Haverstraw,NY,41.1934,-73.952,12129.0,Rockland
KWO-35,64.75,23.57,1,True,Harrison,NY,41.0233,-73.7192,28340.0,Westchester
WXN-59,51.95,20.4,1,True,Cortland,NY,42.6004,-76.1784,26907.0,Cortland
KHC-49,75.03,3.16,1,True,Norwich,NY,42.5333,-75.5227,7880.0,Chenango
WNG-671,62.03,34.17,2,True,Hudson Falls,NY,43.3042,-73.5818,7121.0,Washington
KHA-53,77.83,10.11,2,True,Honeoye Falls,NY,42.9557,-77.5903,5558.0,Monroe
KWO-35,76.02,17.94,1,True,Garden City,NY,40.7266,-73.6447,22545.0,Nassau
WXM-80,72.6,18.43,3,True,Port Jefferson,NY,40.9465,-73.0579,7794.0,Suffolk
WXL-31,79.45,14.73,1,True,Baldwinsville,NY,43.157,-76.3318,7605.0,Onondaga
WXL-34,60.39,26.65,3,True,Ballston Spa,NY,43.0068,-73.8524,5319.0,Saratoga
KHA-53,82.76,4.52,2,True,Fairport,NY,43.099,-77.4427,5406.0,Monroe
WXL-31,57.27,36.76,1,True,Oswego,NY,43.4516,-76.5005,38208.0,Oswego
KZZ-31,49.6,26.09,0,False,Woodbury,NY,41.3284,-74.1004,10986.0,Orange
WNG-539,69.77,10.53,2,True,Hilton,NY,43.29,-77.7925,5876.0,Monroe
VAD-320,66.14,11.28,3,True,North Tonawanda,NY,43.0457,-78.8659,30607.0,Niagara
WNG-541,61.34,8.27,2,True,Jamestown,NY,42.0975,-79.2366,41492.0,Chautauqua
KHA-53,68.15,12.42,2,True,Webster,NY,43.215,-77.4225,5551.0,Monroe
KHC-49,56.19,14.58,1,True,Sidney,NY,42.3066,-75.3983,5282.0,Delaware
KWO-35,75.4,18.22,1,True,East Rockaway,NY,40.6432,-73.6672,9802.0,Nassau
KWO-35,74.5,26.13,1,True,Kaser,NY,41.1214,-74.0686,5354.0,Rockland
WWF-43,68.0,24.63,1,True,Oneonta,NY,42.4551,-75.0666,17296.0,Otsego
KEB-98,71.56,23.24,3,True,Kenmore,NY,42.9646,-78.8713,15143.0,Erie
KWO-35,75.62,20.08,1,True,Long Beach,NY,40.5887,-73.666,33717.0,Nassau
KWO-35,67.0,16.51,1,True,Tuckahoe,NY,40.953,-73.823,6615.0,Westchester
WXL-34,61.29,22.59,2,True,Valatie,NY,42.4134,-73.6778,5546.0,Columbia
WXL-34,77.76,17.93,1,True,Troy,NY,42.7354,-73.6751,49702.0,Rensselaer
KWO-35,55.04,24.03,1,True,Nyack,NY,41.0919,-73.9143,6987.0,Rockland
KWO-35,80.05,13.76,1,True,Great Neck,NY,40.8028,-73.7331,10218.0,Nassau
WXL-37,60.26,28.92,1,True,Chester,NY,41.357,-74.2769,5674.0,Orange
WNG-539,40.51,29.08,0,False,Attica,NY,42.8641,-78.2798,6565.0,Wyoming
WXN-59,97.67,1.83,1,True,Ithaca,NY,42.4442,-76.5032,54992.0,Tompkins
KWO-35,78.07,17.29,1,True,Larchmont,NY,40.9258,-73.7529,6118.0,Westchester
WXL-34,71.05,13.67,1,True,Rensselaer,NY,42.6464,-73.733,9340.0,Rensselaer
KWO-35,78.74,15.99,1,True,Cedarhurst,NY,40.6252,-73.7278,6667.0,Nassau
KWO-35,79.26,15.04,1,True,Yonkers,NY,40.9466,-73.8674,200807.0,Westchester
KWO-35,76.39,17.35,1,True,Lawrence,NY,40.6042,-73.7149,6558.0,Nassau
KWO-35,85.86,7.05,1,True,Brooklyn,NY,40.6501,-73.9496,2629150.0,Kings
KEB-98,78.21,11.79,1,True,East Aurora,NY,42.7666,-78.6172,9780.0,Erie
VBR-8,66.93,10.05,2,True,Massena,NY,44.9292,-74.8923,10776.0,St. Lawrence
WXL-38,92.27,3.35,1,True,Binghamton,NY,42.1014,-75.9092,152392.0,Broome
KWO-35,60.67,25.54,1,True,Spring Valley,NY,41.115,-74.0486,32603.0,Rockland
KEB-98,57.63,14.79,1,True,Gowanda,NY,42.4612,-78.9339,6146.0,Cattaraugus
KWO-35,80.09,13.66,1,True,Kings Point,NY,40.8162,-73.7408,5213.0,Nassau
KEB-98,75.09,18.89,1,True,Lancaster,NY,42.9007,-78.6701,10165.0,Erie
WXM-82,58.46,17.11,3,True,Hudson,NY,42.2515,-73.7859,10982.0,Columbia
WXM-45,44.55,19.74,0,False,Fort Plain,NY,42.9316,-74.6277,5501.0,Montgomery
KWO-35,56.85,24.58,1,True,Sleepy Hollow,NY,41.0936,-73.8724,10198.0,Westchester
KEB-98,61.35,30.69,1,True,Dunkirk,NY,42.4803,-79.3323,24248.0,Chautauqua
KWO-35,94.46,2.64,1,True,Manhattan,NY,40.7834,-73.9662,1643734.0,New York
WXL-37,79.3,14.98,1,True,Beacon,NY,41.5036,-73.9655,14271.0,Dutchess
WZ-2536,62.43,14.18,2,True,Geneva,NY,42.8644,-76.9827,29371.0,Ontario
WXN-29,40.38,14.52,0,False,Wellsville,NY,42.1207,-77.9457,5830.0,Allegany
KWO-35,79.86,14.06,1,True,Mount Vernon,NY,40.9136,-73.8291,68344.0,Westchester
WWF-43,56.17,43.44,1,True,Johnstown,NY,43.0073,-74.3755,8309.0,Fulton
WXL-31,86.84,6.29,1,True,Solvay,NY,43.0573,-76.2125,6365.0,Onondaga
KWO-35,76.58,20.52,1,True,Glen Cove,NY,40.8709,-73.6287,27341.0,Nassau
WXL-34,80.09,13.65,2,True,Scotia,NY,42.8322,-73.9607,7664.0,Schenectady
WWF-43,38.61,46.61,0,False,Gloversville,NY,43.0491,-74.3466,27872.0,Fulton
KWO-35,79.74,14.26,1,True,Staten Island,NY,40.5834,-74.1496,476015.0,Richmond
KWO-35,78.49,15.77,1,True,New Hyde Park,NY,40.7324,-73.6857,9863.0,Nassau
WXL-43,80.92,10.74,1,True,Exeter,PA,41.3338,-75.8214,5558.0,Luzerne
WWG-53,73.36,20.05,3,True,Clarion,PA,41.2106,-79.3803,9489.0,Clarion
WNG-704,47.09,28.58,0,False,Millersville,PA,40.0047,-76.3522,8383.0,Lancaster
WXL-40,84.92,7.81,1,True,Camp Hill,PA,40.2422,-76.9274,7934.0,Cumberland
KIH-35,61.98,17.19,1,True,Canonsburg,PA,40.2642,-80.1868,8878.0,Washington
WWG-53,59.74,17.48,2,True,Grove City,PA,41.1572,-80.0893,11524.0,Mercer
WXM-33,61.92,21.77,2,True,Cresson,PA,40.4626,-78.5866,10467.0,Cambria
WXL-39,77.98,9.99,1,True,Quakertown,PA,40.4398,-75.3456,8798.0,Bucks
KIH-28,71.37,15.9,1,True,Hatboro,PA,40.1775,-75.1054,7434.0,Montgomery
KIH-28,85.27,7.51,1,True,Folcroft,PA,39.8891,-75.277,6621.0,Delaware
KIH-35,35.55,35.69,0,False,Connellsville,PA,40.0158,-79.5899,7437.0,Fayette
WXM-59,77.28,5.95,1,True,State College,PA,40.791,-77.8568,87374.0,Centre
KEC-58,69.05,16.53,1,True,North East,PA,42.2134,-79.8333,6217.0,Erie
WXL-55,87.65,5.73,1,True,Montgomery,PA,41.1709,-76.874,6306.0,Lycoming
WXL-39,80.01,13.81,1,True,Nazareth,PA,40.74,-75.3132,5685.0,Northampton
WXL-40,88.86,4.95,1,True,Harrisburg,PA,40.2752,-76.8843,438995.0,Dauphin
WWG-53,75.54,20.86,3,True,Sugarcreek,PA,41.438,-79.8183,5071.0,Venango
KIH-35,48.94,11.24,0,False,White Oak,PA,40.3415,-79.8007,7707.0,Allegheny
WNG-704,62.89,31.86,3,True,Lansdale,PA,40.2417,-75.2812,16521.0,Montgomery
KIH-28,80.54,10.52,1,True,Swarthmore,PA,39.9022,-75.3488,6239.0,Delaware
WXL-43,73.98,24.02,1,True,Olyphant,PA,41.4506,-75.5753,5087.0,Lackawanna
WXL-55,32.9,35.52,0,False,Shamokin,PA,40.7883,-76.555,29054.0,Northumberland
KIH-35,56.94,16.23,2,True,Murrysville,PA,40.4456,-79.6555,20042.0,Westmoreland
WNG-704,81.36,11.81,2,True,West Chester,PA,39.9601,-75.6058,19928.0,Chester
WXL-40,72.28,33.83,3,True,Red Lion,PA,39.8986,-76.6078,6303.0,York
WXM-31,53.31,19.81,1,True,Sayre,PA,41.9855,-76.5207,17252.0,Bradford
WWG-53,42.76,24.7,0,False,Kittanning,PA,40.8279,-79.5233,13381.0,Armstrong
WXL-43,84.85,6.85,1,True,Nanticoke,PA,41.2004,-76.0003,10189.0,Luzerne
WXL-43,86.3,5.76,1,True,Kingston,PA,41.2652,-75.8875,12861.0,Luzerne
WWG-51,45.6,22.66,0,False,Titusville,PA,41.6273,-79.6699,5506.0,Crawford
WWF-35,53.9,28.12,2,True,Washington,PA,40.1739,-80.2465,13514.0,Washington
KWN-35,39.18,20.76,0,False,Waynesburg,PA,39.8983,-80.1855,8285.0,Greene
WNG-704,87.28,5.97,1,True,Downingtown,PA,40.0076,-75.7019,7905.0,Chester
WWG-53,47.95,20.62,0,False,Butler,PA,40.8615,-79.8962,38588.0,Butler
KIH-35,88.97,4.94,1,True,Munhall,PA,40.3937,-79.9004,11177.0,Allegheny
WXL-55,35.15,40.25,0,False,Mount Carmel,PA,40.7959,-76.4121,5677.0,Northumberland
WNG-704,42.38,22.84,0,False,Wyomissing,PA,40.3317,-75.9703,10420.0,Berks
WXL-40,76.64,20.38,1,True,Carlisle,PA,40.1999,-77.2042,19162.0,Cumberland
WXL-43,58.14,21.09,1,True,Dunmore,PA,41.4153,-75.6072,13187.0,Lackawanna
WXL-40,81.36,11.78,1,True,Mechanicsburg,PA,40.2115,-77.006,9007.0,Cumberland
WNG-589,88.44,2.85,1,True,Altoona,PA,40.5084,-78.401,76943.0,Blair
WXL-39,83.94,8.79,1,True,Northampton,PA,40.6865,-75.4902,9863.0,Northampton
WNG-589,43.93,14.17,0,False,Tyrone,PA,40.6764,-78.246,7376.0,Blair
WWG-51,52.45,23.23,1,True,Corry,PA,41.9259,-79.6358,6326.0,Erie
WXL-43,54.86,28.08,1,True,Archbald,PA,41.5077,-75.5453,6979.0,Lackawanna
WXL-43,78.08,14.94,1,True,Moosic,PA,41.3584,-75.7027,5753.0,Lackawanna
KIH-28,70.94,19.41,1,True,Bristol,PA,40.1034,-74.8523,9534.0,Bucks
WXL-43,35.71,37.19,0,False,Ashland,PA,40.7811,-76.3451,7526.0,Schuylkill
WWG-51,56.46,9.15,1,True,Warren,PA,41.8433,-79.1445,14680.0,Warren
WXL-40,60.39,48.59,2,True,Quarryville,PA,39.8957,-76.1617,7716.0,Lancaster
KIH-35,64.7,10.73,1,True,Jefferson Hills,PA,40.2927,-79.9329,11307.0,Allegheny
KIH-35,70.61,7.84,1,True,Duquesne,PA,40.3732,-79.8501,5516.0,Allegheny
KIH-35,58.82,20.17,1,True,Jeannette,PA,40.3277,-79.6139,9245.0,Westmoreland
KIH-28,84.26,8.47,1,True,Norwood,PA,39.8864,-75.2964,5880.0,Delaware
KIH-28,87.01,6.14,1,True,Lansdowne,PA,39.9408,-75.276,10606.0,Delaware
WNG-704,49.42,16.44,0,False,Birdsboro,PA,40.2618,-75.81,5142.0,Berks
WXL-40,76.86,8.6,1,True,Steelton,PA,40.2258,-76.8254,5910.0,Dauphin
WWG-56,55.15,16.41,1,True,New Castle,PA,40.9956,-80.3458,39873.0,Lawrence
KIH-35,88.13,5.43,1,True,McKees Rocks,PA,40.4688,-80.063,5951.0,Allegheny
KIH-28,84.92,7.82,1,True,Glenolden,PA,39.8996,-75.292,7153.0,Delaware
WXM-33,60.19,19.54,1,True,Indiana,PA,40.622,-79.1552,28820.0,Indiana
WXL-40,57.2,29.19,1,True,Columbia,PA,40.0347,-76.4943,10359.0,Lancaster
WXL-39,63.55,14.22,1,True,Easton,PA,40.6858,-75.2209,26978.0,Northampton
KIH-35,81.27,11.93,1,True,Plum,PA,40.5024,-79.7496,27399.0,Allegheny
WNG-704,52.12,18.02,1,True,Pottstown,PA,40.2508,-75.6445,109052.0,Montgomery
KIH-35,87.85,5.32,1,True,Baldwin,PA,40.3691,-79.9668,19734.0,Allegheny
WXL-40,61.05,27.28,1,True,York,PA,39.9651,-76.7315,232796.0,York
WWG-52,69.38,29.46,1,True,Lewistown,PA,40.5964,-77.573,21854.0,Mifflin
WXL-40,70.61,23.46,1,True,Lebanon,PA,40.3412,-76.4228,77839.0,Lebanon
KIH-28,81.05,12.27,2,True,Media,PA,39.9198,-75.3888,5350.0,Delaware
KIH-35,52.06,19.23,1,True,Aliquippa,PA,40.6155,-80.2548,9102.0,Beaver
WXM-42,72.37,25.59,1,True,Chambersburg,PA,39.9315,-77.6556,51948.0,Franklin
WXL-39,86.92,6.21,1,True,Catasauqua,PA,40.6531,-75.4643,6544.0,Lehigh
KIH-35,58.5,14.1,1,True,New Kensington,PA,40.5711,-79.7521,12592.0,Westmoreland
KIH-35,88.89,4.78,1,True,Wilkinsburg,PA,40.4442,-79.8733,15586.0,Allegheny
WXL-55,68.81,4.54,1,True,Williamsport,PA,41.2398,-77.0371,55100.0,Lycoming
WXM-59,66.59,11.22,1,True,Bellefonte,PA,40.9141,-77.7683,13126.0,Centre
WWG-56,74.2,14.68,1,True,Hermitage,PA,41.231,-80.4412,15867.0,Mercer
KEC-58,87.29,5.16,1,True,Erie,PA,42.1167,-80.0731,190443.0,Erie
WWG-52,48.62,28.9,0,False,Shippensburg,PA,40.0485,-77.5227,17215.0,Cumberland
KIH-28,90.4,4.14,1,True,Philadelphia,PA,40.0076,-75.134,5591554.0,Philadelphia
KIH-35,85.71,4.48,1,True,Swissvale,PA,40.4207,-79.8858,8769.0,Allegheny
KIH-28,81.83,10.06,1,True,Ridley Park,PA,39.8785,-75.3251,7023.0,Delaware
WXL-43,48.34,26.43,0,False,Tamaqua,PA,40.8033,-75.9344,14536.0,Schuylkill
KIH-35,49.3,26.97,0,False,New Brighton,PA,40.7355,-80.3091,5840.0,Beaver
WXL-40,48.75,37.97,0,False,Ephrata,PA,40.1811,-76.1812,13833.0,Lancaster
WXL-39,38.42,23.36,0,False,Lehighton,PA,40.8306,-75.7165,5276.0,Carbon
WXL-40,62.62,32.56,1,True,Lititz,PA,40.154,-76.3044,9210.0,Lancaster
WXL-43,62.26,16.91,1,True,Hazleton,PA,40.9504,-75.9724,55301.0,Luzerne
KIH-35,68.74,6.23,1,True,Castle Shannon,PA,40.3664,-80.0194,8228.0,Allegheny
WXL-39,55.09,18.79,1,True,Palmerton,PA,40.8023,-75.6159,5277.0,Carbon
WXM-33,41.0,21.45,0,False,Latrobe,PA,40.3125,-79.3826,8003.0,Westmoreland
KIH-35,70.57,11.07,1,True,Clairton,PA,40.2976,-79.8854,6616.0,Allegheny
WXL-40,39.32,45.46,0,False,Orwigsburg,PA,40.6541,-76.104,5456.0,Schuylkill
KIH-35,50.87,23.97,1,True,Greensburg,PA,40.3113,-79.5445,14430.0,Westmoreland
KIH-35,88.75,5.06,2,True,Brentwood,PA,40.3734,-79.9757,9422.0,Allegheny
KIH-35,82.12,10.8,1,True,Monroeville,PA,40.4262,-79.7605,27953.0,Allegheny
KIH-35,68.78,7.95,1,True,Turtle Creek,PA,40.4085,-79.8214,5221.0,Allegheny
WNG-704,75.18,2.71,1,True,Coatesville,PA,39.985,-75.8199,13064.0,Chester
WXL-40,80.91,12.42,1,True,Middletown,PA,40.201,-76.7289,9229.0,Dauphin
WXL-43,68.86,32.87,1,True,Carbondale,PA,41.5714,-75.5048,8498.0,Lackawanna
WXL-40,58.78,36.56,2,True,Lancaster,PA,40.0421,-76.3012,401205.0,Lancaster
WXM-33,58.98,4.59,1,True,Johnstown,PA,40.3258,-78.9194,64842.0,Cambria
WXL-43,86.3,5.75,1,True,Plymouth,PA,41.2404,-75.9505,5792.0,Luzerne
KIH-28,86.67,6.43,1,True,Sharon Hill,PA,39.9075,-75.2678,5685.0,Delaware
KIH-35,88.33,5.28,2,True,Dormont,PA,40.3941,-80.0377,8381.0,Allegheny
WXL-43,73.56,25.18,1,True,Blakely,PA,41.4859,-75.6012,6289.0,Lackawanna
KZZ-32,96.07,1.18,1,True,Meadville,PA,41.6476,-80.1468,23131.0,Crawford
WXL-43,37.24,38.99,0,False,Pottsville,PA,40.6798,-76.2092,41479.0,Schuylkill
WXL-39,59.24,15.46,2,True,Perkasie,PA,40.3719,-75.292,8479.0,Bucks
WXL-40,60.46,44.41,2,True,New Holland,PA,40.1008,-76.09,5435.0,Lancaster
WXL-43,54.17,32.93,1,True,Bloomsburg,PA,41.0027,-76.4561,52637.0,Columbia
WXL-43,74.87,18.66,1,True,Scranton,PA,41.4043,-75.6649,387448.0,Lackawanna
WXL-40,50.34,37.4,1,True,Hanover,PA,39.8118,-76.9835,67480.0,York
KIH-35,68.56,6.93,1,True,Carnegie,PA,40.408,-80.0861,7913.0,Allegheny
KEC-58,66.36,11.99,2,True,Edinboro,PA,41.8762,-80.1246,7035.0,Erie
KWN-36,32.53,28.76,0,False,Uniontown,PA,39.8994,-79.7244,49241.0,Fayette
WNG-704,43.76,22.65,0,False,Reading,PA,40.34,-75.9266,264736.0,Berks
WXL-52,75.51,16.41,2,True,Du Bois,PA,41.1225,-78.7564,11514.0,Clearfield
WXL-55,54.8,27.55,1,True,Selinsgrove,PA,40.8003,-76.8646,5890.0,Snyder
WXL-55,56.64,24.79,1,True,Sunbury,PA,40.8615,-76.7875,28544.0,Northumberland
WXL-43,78.26,14.61,1,True,Old Forge,PA,41.3705,-75.7409,8000.0,Lackawanna
KIH-28,55.23,22.64,2,True,Collegeville,PA,40.1873,-75.4581,5254.0,Montgomery
WXM-33,47.67,25.81,0,False,Somerset,PA,40.005,-79.0778,12011.0,Somerset
KIH-28,66.4,11.51,1,True,Conshohocken,PA,40.0772,-75.3035,7982.0,Montgomery
WXL-40,84.71,8.04,1,True,New Cumberland,PA,40.2297,-76.8764,7299.0,Cumberland
WXM-59,63.36,21.93,1,True,Huntingdon,PA,40.4999,-78.0097,11219.0,Huntingdon
KIH-35,79.77,9.26,1,True,Bethel Park,PA,40.3239,-80.0364,31911.0,Allegheny
KIH-28,69.61,25.11,3,True,Doylestown,PA,40.314,-75.128,8280.0,Bucks
KIH-28,82.84,8.99,1,True,Prospect Park,PA,39.8859,-75.3074,6472.0,Delaware
KIH-35,85.08,6.09,2,True,Whitehall,PA,40.3602,-79.9898,13749.0,Allegheny
WXL-39,64.81,17.94,1,True,Kutztown,PA,40.5213,-75.7773,10011.0,Berks
WNG-704,55.43,17.3,2,True,Phoenixville,PA,40.1358,-75.5201,16885.0,Chester
WWG-56,59.68,30.32,1,True,Slippery Rock,PA,41.0695,-80.058,6637.0,Butler
KIH-35,85.85,6.78,1,True,West Mifflin,PA,40.3581,-79.9072,19921.0,Allegheny
WWF-35,3.74,44.57,0,False,California,PA,40.0692,-79.9152,6466.0,Washington
WXL-40,79.48,14.64,1,True,Palmyra,PA,40.31,-76.5944,7510.0,Lebanon
WXL-39,74.24,3.64,1,True,Emmaus,PA,40.5352,-75.4978,11394.0,Lehigh
WXL-55,58.2,2.96,1,True,South Williamsport,PA,41.2294,-77.0009,6231.0,Lycoming
KIH-35,80.73,8.04,1,True,Pleasant Hills,PA,40.3298,-79.9596,8189.0,Allegheny
KIH-35,58.65,20.78,1,True,Monessen,PA,40.1519,-79.8828,63467.0,Westmoreland
WXL-52,72.06,19.65,1,True,Philipsburg,PA,40.8951,-78.2148,9830.0,Centre
KIH-28,66.51,15.14,2,True,Norristown,PA,40.1224,-75.3399,34370.0,Montgomery
KIH-35,104.6,0.78,1,True,Pittsburgh,PA,40.4396,-79.9763,1722206.0,Allegheny
KIH-35,46.82,17.08,0,False,Ambridge,PA,40.5922,-80.2264,6787.0,Beaver
WXL-43,77.06,16.8,1,True,Taylor,PA,41.3958,-75.7147,5975.0,Lackawanna
WXL-40,67.59,19.45,1,True,Elizabethtown,PA,40.1534,-76.5991,11629.0,Lancaster
WWG-53,58.26,18.11,2,True,Franklin,PA,41.3936,-79.8425,9121.0,Venango
KIH-35,56.84,16.14,1,True,Lower Burrell,PA,40.5818,-79.7141,11367.0,Westmoreland
WXL-55,48.32,24.75,0,False,Lock Haven,PA,41.1365,-77.4521,17336.0,Clinton
KIH-28,88.75,5.04,1,True,Yeadon,PA,39.9325,-75.2527,11493.0,Delaware
KIH-28,87.65,5.71,1,True,Darby,PA,39.921,-75.2611,10654.0,Delaware
WXM-42,76.06,21.8,1,True,Waynesboro,PA,39.7525,-77.5822,26593.0,Franklin
KIH-35,71.86,5.69,1,True,Crafton,PA,40.4333,-80.0711,5820.0,Allegheny
WNG-705,77.37,3.19,1,True,Honesdale,PA,41.5774,-75.2524,5457.0,Wayne
KIH-35,67.55,6.69,1,True,Fox Chapel,PA,40.5247,-79.8898,5338.0,Allegheny
WNG-589,84.55,4.46,1,True,Hollidaysburg,PA,40.4311,-78.393,5757.0,Blair
WXL-39,93.67,2.83,1,True,Allentown,PA,40.5962,-75.4756,678169.0,Lehigh
KIH-35,87.28,5.95,1,True,Forest Hills,PA,40.4251,-79.8544,6380.0,Allegheny
WNG-704,62.93,13.55,2,True,Kennett Square,PA,39.8438,-75.7113,6160.0,Chester
WXM-33,51.05,15.18,1,True,Blairsville,PA,40.4325,-79.2599,6815.0,Indiana
KIH-35,71.01,6.17,1,True,West View,PA,40.5182,-80.0333,6622.0,Allegheny
WWG-56,75.39,12.88,1,True,Sharon,PA,41.2339,-80.4997,13405.0,Mercer
KIH-35,43.93,28.8,0,False,Beaver Falls,PA,40.762,-80.3225,8581.0,Beaver
KZZ-42,57.88,9.07,1,True,Punxsutawney,PA,40.9437,-78.9767,6235.0,Jefferson
WXL-39,87.94,5.51,1,True,Hellertown,PA,40.5811,-75.3378,5830.0,Northampton
WXL-40,53.14,43.11,1,True,Littlestown,PA,39.7452,-77.0891,6349.0,Adams
WXL-43,74.27,23.19,1,True,Dickson City,PA,41.4683,-75.6358,5833.0,Lackawanna
WXM-33,48.96,22.41,0,False,Northern Cambria,PA,40.6561,-78.7784,6170.0,Cambria
KIH-28,85.56,7.3,1,True,Clifton Heights,PA,39.9301,-75.2958,6689.0,Delaware
WXL-39,80.29,13.34,1,True,Wilson,PA,40.6844,-75.2407,7786.0,Northampton
WXL-55,82.58,10.23,1,True,Muncy,PA,41.2021,-76.7854,9375.0,Lycoming
KIH-35,81.05,12.25,2,True,Franklin Park,PA,40.5903,-80.0999,14518.0,Allegheny
WXL-55,57.34,14.85,1,True,Jersey Shore,PA,41.2012,-77.2666,9341.0,Lycoming
KEC-83,68.42,26.37,1,True,Stewartstown,PA,39.7528,-76.5925,5137.0,York
WXL-43,38.97,30.59,0,False,Shenandoah,PA,40.8167,-76.2004,18166.0,Schuylkill
WXL-43,45.91,22.53,0,False,Jim Thorpe,PA,40.8712,-75.7433,5390.0,Carbon
WXL-39,45.48,24.21,0,False,Bangor,PA,40.8679,-75.208,5190.0,Northampton
WXL-52,82.93,6.97,1,True,Clearfield,PA,41.0216,-78.439,10484.0,Clearfield
WXL-40,63.42,25.07,1,True,Mount Joy,PA,40.1105,-76.5065,8104.0,Lancaster
WNG-704,60.73,32.62,3,True,Souderton,PA,40.311,-75.3223,6883.0,Montgomery
KIH-35,64.15,23.07,2,True,Monaca,PA,40.6833,-80.2736,5591.0,Beaver
WXL-39,33.86,33.19,0,False,East Stroudsburg,PA,41.0023,-75.1779,56230.0,Monroe
WXM-33,57.98,16.26,1,True,Portage,PA,40.3868,-78.6746,6802.0,Cambria
WXL-39,87.65,5.71,1,True,Bethlehem,PA,40.6266,-75.3679,75293.0,Northampton
KIH-35,75.83,11.46,1,True,Coraopolis,PA,40.5148,-80.1627,5536.0,Allegheny
WNG-704,63.7,18.69,1,True,Oxford,PA,39.7858,-75.9801,5392.0,Chester
WXL-43,80.82,10.86,1,True,Pittston,PA,41.3274,-75.7885,7602.0,Luzerne
WXL-52,39.08,23.64,0,False,Saint Marys,PA,41.4574,-78.5343,9165.0,Elk
KIH-28,76.48,13.43,1,True,Brookhaven,PA,39.8715,-75.3918,8066.0,Delaware
KIH-35,83.01,5.83,1,True,Bellevue,PA,40.4945,-80.055,8172.0,Allegheny
KIH-28,86.34,6.68,1,True,Collingdale,PA,39.9151,-75.2776,8765.0,Delaware
KIH-35,59.57,9.64,1,True,Bridgeville,PA,40.3578,-80.1061,5046.0,Allegheny
WXL-40,26.9,41.43,0,False,Schuylkill Haven,PA,40.6284,-76.173,5203.0,Schuylkill
KZZ-31,67.12,42.69,1,True,Mount Pocono,PA,41.1225,-75.3582,23308.0,Monroe
WXL-43,72.42,21.58,1,True,Berwick,PA,41.0555,-76.2492,10138.0,Columbia
WXL-43,88.65,4.43,1,True,Wilkes-Barre,PA,41.2468,-75.8759,40569.0,Luzerne
WXL-55,78.77,14.2,1,True,Milton,PA,41.0089,-76.8506,30198.0,Northumberland
KIH-35,66.21,9.59,1,True,McKeesport,PA,40.3419,-79.8439,19273.0,Allegheny
KIH-35,84.26,8.43,1,True,Oakmont,PA,40.52,-79.8365,6428.0,Allegheny
KEC-83,72.43,24.18,2,True,New Freedom,PA,39.7353,-76.6967,14774.0,York
KIH-28,60.1,26.81,1,True,Morrisville,PA,40.2074,-74.7797,8552.0,Bucks
KIH-28,80.29,13.36,2,True,Chester,PA,39.8456,-75.3718,33988.0,Delaware
WWG-56,45.1,23.97,0,False,Ellwood City,PA,40.8619,-80.283,12371.0,Lawrence
WWG-56,53.39,26.1,2,True,Greenville,PA,41.4052,-80.3838,10194.0,Mercer
KIH-28,71.74,14.52,1,True,Ambler,PA,40.1564,-75.2215,6500.0,Montgomery
WWG-51,28.58,35.17,0,False,Bradford,PA,41.9604,-78.6413,11531.0,McKean
WXL-40,56.47,40.52,1,True,Gettysburg,PA,39.8304,-77.2339,7700.0,Adams
KZZ-31,45.45,36.06,0,False,Stroudsburg,PA,40.9838,-75.1972,5416.0,Monroe
WNG-589,58.81,10.84,2,True,Roaring Spring,PA,40.3348,-78.3959,6930.0,Blair
WXL-39,35.43,33.08,0,False,Shillington,PA,40.303,-75.967,5246.0,Berks
WWG-53,37.29,20.09,0,False,Oil City,PA,41.4282,-79.7035,14513.0,Venango
WXL-55,65.01,16.25,1,True,Lewisburg,PA,40.9642,-76.8901,5699.0,Union
WNG-712,69.17,16.66,2,True,La Quinta,CA,33.6537,-116.2785,40956.0,Riverside
WNG-655,56.65,52.47,1,True,Saint Helena,CA,38.5044,-122.4681,7119.0,Napa
WNG-655,72.73,10.08,1,True,Pleasant Hill,CA,37.954,-122.0759,34853.0,Contra Costa
WXM-66,62.61,32.47,2,True,Pomona,CA,34.0585,-117.7625,152494.0,Los Angeles
WNG-655,57.55,58.94,1,True,Oakdale,CA,37.762,-120.8463,22564.0,Stanislaus
WWG-21,66.44,20.8,2,True,Upland,CA,34.1178,-117.6603,76684.0,San Bernardino
WNG-655,58.24,54.28,1,True,Riverbank,CA,37.7269,-120.9406,24389.0,Stanislaus
WWG-21,69.22,15.12,1,True,Brea,CA,33.9255,-117.8654,42471.0,Orange
WXM-66,57.82,33.12,1,True,San Jacinto,CA,33.797,-116.9915,47413.0,Riverside
WXL-88,72.63,10.17,1,True,Redding,CA,40.5698,-122.365,120288.0,Shasta
KIH-62,67.48,32.11,1,True,Exeter,CA,36.294,-119.1459,10506.0,Tulare
WZ-2504,68.24,29.39,2,True,Hercules,CA,38.0064,-122.2564,25360.0,Contra Costa
KWO-37,44.8,36.51,0,False,Moorpark,CA,34.2855,-118.877,36481.0,Ventura
WZ-2504,72.34,18.27,2,True,Windsor,CA,38.5417,-122.8086,27555.0,Sonoma
KWO-37,72.49,17.98,3,True,El Monte,CA,34.0739,-118.0291,115807.0,Los Angeles
WZ-2504,34.27,16.13,0,False,Calistoga,CA,38.5817,-122.5825,5311.0,Napa
WZ-2504,74.66,13.97,1,True,Sebastopol,CA,38.4001,-122.8277,7678.0,Sonoma
WNG-720,38.06,42.58,0,False,Clearlake,CA,38.959,-122.6331,15737.0,Lake
WWG-21,56.69,46.96,1,True,Burbank,CA,34.188,-118.3234,104447.0,Los Angeles
WWG-21,46.41,13.01,0,False,Rancho Santa Margarita,CA,33.6318,-117.5989,48969.0,Orange
KWO-37,68.73,27.74,3,True,Manhattan Beach,CA,33.8895,-118.3972,35741.0,Los Angeles
WXL-88,56.87,53.31,1,True,Corning,CA,39.9282,-122.182,8409.0,Tehama
KWO-37,71.74,19.56,3,True,Maywood,CA,33.9885,-118.1877,27633.0,Los Angeles
WWG-21,51.4,20.57,2,True,La Habra Heights,CA,33.9603,-117.9509,5411.0,Los Angeles
KHB-49,78.77,11.23,6,True,East Palo Alto,CA,37.4671,-122.1347,29684.0,San Mateo
KWO-37,68.1,29.87,3,True,Lakewood,CA,33.8471,-118.1222,81138.0,Los Angeles
WWG-21,70.87,12.51,2,True,Irvine,CA,33.6772,-117.7738,266122.0,Orange
WWG-21,73.76,8.94,2,True,Norco,CA,33.9253,-117.55,26714.0,Riverside
WWF-67,62.76,23.87,2,True,Rocklin,CA,38.8078,-121.2491,62787.0,Placer
WWF-64,66.74,35.46,2,True,Salinas,CA,36.6881,-121.6316,193126.0,Monterey
KHB-49,74.93,17.52,5,True,Newark,CA,37.5204,-122.0312,45810.0,Alameda
WXM-66,45.6,20.84,0,False,Apple Valley,CA,34.5329,-117.2102,72553.0,San Bernardino
KWO-37,70.95,21.42,2,True,Bell Gardens,CA,33.9663,-118.155,42806.0,Los Angeles
WNG-655,61.32,37.73,2,True,Lodi,CA,38.1218,-121.2933,71515.0,San Joaquin
KHB-49,81.44,8.25,6,True,Foster City,CA,37.5553,-122.2659,34175.0,San Mateo
KDX-54,66.6,20.44,3,True,Vallejo,CA,38.1134,-122.2359,172697.0,Solano
WNG-712,69.0,15.18,2,True,Indio,CA,33.7346,-116.2347,402166.0,Riverside
KHB-49,70.06,30.81,1,True,Tiburon,CA,37.8853,-122.4636,9176.0,Marin
WXM-66,71.0,12.3,1,True,Hesperia,CA,34.3974,-117.3144,93724.0,San Bernardino
WWG-21,49.65,27.25,0,False,Azusa,CA,34.1386,-117.9124,49628.0,Los Angeles
WXM-66,29.77,19.39,0,False,Big Bear Lake,CA,34.243,-116.8955,5235.0,San Bernardino
KHB-49,71.23,26.9,5,True,Emeryville,CA,37.8382,-122.2932,11671.0,Alameda
WWF-64,45.71,34.46,0,False,Hollister,CA,36.8564,-121.3981,45496.0,San Benito
KIH-34,74.59,14.81,2,True,Buellton,CA,34.6152,-120.1943,5095.0,Santa Barbara
WNG-655,53.83,65.48,1,True,Waterford,CA,37.643,-120.7553,9539.0,Stanislaus
WNG-712,61.72,30.17,2,True,Cathedral City,CA,33.8363,-116.4662,54056.0,Riverside
KWO-37,67.66,31.4,2,True,Buena Park,CA,33.8572,-118.0046,83156.0,Orange
WNG-720,37.86,27.28,0,False,Lakeport,CA,39.0392,-122.9218,16649.0,Lake
WWF-67,52.36,55.64,1,True,Williams,CA,39.1489,-122.1373,5251.0,Colusa
KWO-37,69.27,26.06,4,True,El Segundo,CA,33.9169,-118.4021,16893.0,Los Angeles
KHB-49,76.62,14.43,5,True,Los Altos,CA,37.3685,-122.0965,30561.0,Santa Clara
KIH-62,21.18,97.23,0,False,Bakersfield,CA,35.3528,-119.0354,567585.0,Kern
WXM-66,75.78,7.12,2,True,San Bernardino,CA,34.1412,-117.2936,216239.0,San Bernardino
WNG-637,51.25,14.46,1,True,Encinitas,CA,33.0492,-117.2613,63131.0,San Diego
WWF-67,50.53,22.96,1,True,Loomis,CA,38.8093,-121.1955,6767.0,Placer
KWO-37,69.55,25.26,2,True,Santa Fe Springs,CA,33.933,-118.0625,18027.0,Los Angeles
WWF-67,42.3,50.83,0,False,Paradise,CA,39.7558,-121.6063,35163.0,Butte
WNG-655,63.95,27.8,2,True,American Canyon,CA,38.1798,-122.2583,20452.0,Napa
WXL-87,56.28,46.14,1,True,El Centro,CA,32.7873,-115.5578,111733.0,Imperial
WWG-21,65.11,24.28,1,True,Whittier,CA,33.9678,-118.0188,86883.0,Los Angeles
WWG-21,63.35,29.79,2,True,Duarte,CA,34.1609,-117.9505,21801.0,Los Angeles
KIH-62,73.71,15.63,1,True,Sanger,CA,36.6993,-119.5575,27413.0,Fresno
WNG-637,65.23,20.17,2,True,Chula Vista,CA,32.6281,-117.0144,267172.0,San Diego
WNG-595,23.18,33.45,0,False,Mammoth Lakes,CA,37.6273,-118.99,7469.0,Mono
KEC-57,46.69,18.15,0,False,Jackson,CA,38.3485,-120.7724,7297.0,Amador
WXM-66,64.16,27.19,1,True,Adelanto,CA,34.5868,-117.4411,33391.0,San Bernardino
KQC-45,13.56,106.79,0,False,Twentynine Palms,CA,34.1484,-116.0655,13410.0,San Bernardino
WWF-64,75.19,13.83,5,True,Cupertino,CA,37.3167,-122.0465,60643.0,Santa Clara
KIG-78,37.33,33.08,0,False,Palm Springs,CA,33.8012,-116.538,47689.0,Riverside
WWG-21,68.02,17.36,2,True,Fullerton,CA,33.8841,-117.9279,140721.0,Orange
KIH-34,51.35,30.68,1,True,Lompoc,CA,34.6617,-120.4714,53062.0,Santa Barbara
WXM-66,66.16,21.53,1,True,Victorville,CA,34.5277,-117.3537,346449.0,San Bernardino
KIH-37,72.02,24.52,1,True,Crescent City,CA,41.7728,-124.1902,16558.0,Del Norte
KWO-37,66.3,36.82,2,True,Anaheim,CA,33.839,-117.8572,351043.0,Orange
WNG-637,70.33,13.31,2,True,Coronado,CA,32.664,-117.16,25952.0,San Diego
KIH-62,49.54,79.74,0,False,Wasco,CA,35.5938,-119.3673,26337.0,Kern
KWO-37,31.75,39.85,0,False,Fillmore,CA,34.3989,-118.9181,15692.0,Ventura
KIH-62,55.96,67.64,1,True,Delano,CA,35.767,-119.2637,54030.0,Kern
KHB-49,69.14,24.15,4,True,Campbell,CA,37.2803,-121.9543,40939.0,Santa Clara
KWO-37,70.03,23.9,2,True,Lynwood,CA,33.924,-118.2017,71187.0,Los Angeles
WNG-712,65.45,22.64,2,True,Palm Desert,CA,33.7378,-116.3696,52231.0,Riverside
WXM-66,50.51,51.41,1,True,Temecula,CA,33.4928,-117.1315,113054.0,Riverside
WNG-655,59.82,45.01,1,True,Los Gatos,CA,37.2307,-121.9564,30545.0,Santa Clara
KIH-62,59.36,60.7,1,True,Mendota,CA,36.7555,-120.3777,11621.0,Fresno
KAD-94,46.38,77.16,0,False,Newman,CA,37.3156,-121.0208,11122.0,Stanislaus
KDX-54,77.65,5.7,1,True,San Anselmo,CA,37.9821,-122.5699,12599.0,Marin
KIH-62,64.95,43.28,1,True,Kerman,CA,36.7249,-120.0625,14533.0,Fresno
WWG-21,69.08,15.32,2,True,Laguna Woods,CA,33.6099,-117.7299,16272.0,Orange
KHB-49,80.22,9.53,6,True,Menlo Park,CA,37.4689,-122.1662,33888.0,San Mateo
WWG-21,78.54,5.16,3,True,Corona,CA,33.8623,-117.5642,166785.0,Riverside
WNG-655,57.29,6.93,1,True,Walnut Creek,CA,37.9025,-122.0398,69122.0,Contra Costa
KIH-62,68.52,28.45,1,True,Fresno,CA,36.7834,-119.7933,690895.0,Fresno
KWO-37,78.12,9.4,2,True,Pasadena,CA,34.1598,-118.1389,142059.0,Los Angeles
WNG-637,28.96,20.89,0,False,San Marcos,CA,33.135,-117.1743,95261.0,San Diego
WWF-64,72.3,19.27,3,True,Milpitas,CA,37.4338,-121.8921,77528.0,Santa Clara
WZ-2504,58.46,55.95,2,True,Hillsborough,CA,37.5573,-122.3587,11431.0,San Mateo
WNG-637,63.06,15.05,1,True,National City,CA,32.6654,-117.0983,61147.0,San Diego
KHB-49,71.4,26.38,4,True,Piedmont,CA,37.8226,-122.2301,11353.0,Alameda
KWL-22,90.56,2.26,2,True,Malibu,CA,34.0368,-118.7845,12879.0,Los Angeles
KWO-37,66.95,34.14,3,True,Los Alamitos,CA,33.7972,-118.0594,11636.0,Orange
KWO-37,67.58,31.72,3,True,Hawaiian Gardens,CA,33.8303,-118.0728,14473.0,Los Angeles
KWO-37,74.21,14.75,2,True,Arcadia,CA,34.1342,-118.0373,58523.0,Los Angeles
WWF-97,30.86,24.7,0,False,Yreka,CA,41.7292,-122.6312,7433.0,Siskiyou
KAD-94,33.36,77.49,0,False,Gustine,CA,37.2545,-120.9948,5817.0,Merced
WNG-655,64.24,26.87,1,True,Fairfield,CA,38.2593,-122.0319,145665.0,Solano
KIH-62,57.3,65.28,1,True,Firebaugh,CA,36.8533,-120.4536,8015.0,Fresno
WXL-87,55.3,46.28,1,True,Calexico,CA,32.6849,-115.4944,40232.0,Imperial
KIH-62,62.17,49.12,1,True,Porterville,CA,36.0636,-119.0332,76512.0,Tulare
WWG-21,69.09,14.41,1,True,Mission Viejo,CA,33.6095,-117.655,602851.0,Orange
WNG-655,69.29,15.0,1,True,Pleasanton,CA,37.666,-121.8805,82270.0,Alameda
WNG-637,37.89,24.16,0,False,Vista,CA,33.1895,-117.2386,101659.0,San Diego
WWF-97,14.64,56.47,0,False,Mount Shasta,CA,41.3206,-122.315,7513.0,Siskiyou
KWO-37,68.1,29.81,3,True,Carson,CA,33.8374,-118.2559,92797.0,Los Angeles
WNG-655,63.94,27.87,1,True,Tracy,CA,37.7254,-121.4447,94277.0,San Joaquin
KWO-37,69.23,26.16,3,True,Gardena,CA,33.8944,-118.3073,60048.0,Los Angeles
WWF-64,71.43,21.3,5,True,Palo Alto,CA,37.3917,-122.1465,67024.0,Santa Clara
KWO-37,67.2,33.15,3,True,Lomita,CA,33.7934,-118.3175,20693.0,Los Angeles
KWO-37,46.84,36.62,0,False,Chino Hills,CA,33.9508,-117.7254,78822.0,San Bernardino
KHB-49,29.51,13.49,0,False,Pacifica,CA,37.6112,-122.4781,39062.0,San Mateo
KWO-37,67.38,32.42,4,True,Signal Hill,CA,33.8029,-118.1681,11649.0,Los Angeles
KIH-31,65.7,31.88,2,True,Santa Maria,CA,34.9334,-120.4433,139270.0,Santa Barbara
KWO-37,59.56,71.96,1,True,Wildomar,CA,33.6173,-117.2582,36042.0,Riverside
WNG-584,61.99,35.19,1,True,Laguna Beach,CA,33.5449,-117.7613,23190.0,Orange
KIH-34,74.41,15.11,2,True,Santa Barbara,CA,34.4285,-119.7202,203655.0,Santa Barbara
KIH-30,49.52,32.62,0,False,Fort Bragg,CA,39.4416,-123.8033,10368.0,Mendocino
KWO-37,73.81,15.42,2,True,Temple City,CA,34.1022,-118.0579,36365.0,Los Angeles
WWG-21,72.22,10.71,2,True,Orange,CA,33.8038,-117.8219,140504.0,Orange
WXM-66,36.5,38.24,0,False,Lake Elsinore,CA,33.6847,-117.3346,64205.0,Riverside
KHB-49,74.84,17.73,5,True,Sunnyvale,CA,37.3846,-122.0261,152771.0,Santa Clara
KHB-49,77.44,13.11,5,True,San Bruno,CA,37.6254,-122.4313,42957.0,San Mateo
WNG-655,64.59,25.77,1,True,Suisun,CA,38.2471,-122.0086,29505.0,Solano
WWF-64,56.8,17.66,2,True,Watsonville,CA,36.9206,-121.7706,77266.0,Santa Cruz
KWO-37,69.21,26.25,1,True,Calabasas,CA,34.1375,-118.6689,24176.0,Los Angeles
KWO-37,73.34,16.28,2,True,Monterey Park,CA,34.0497,-118.1325,61075.0,Los Angeles
KDX-54,76.42,6.59,4,True,San Rafael,CA,37.9905,-122.5222,58954.0,Marin
WWG-21,67.23,19.04,3,True,Costa Mesa,CA,33.6667,-117.9135,112822.0,Orange
WWF-67,61.83,27.77,3,True,Roseville,CA,38.7683,-121.3164,132671.0,Placer
WNG-655,68.77,15.91,1,True,Livermore,CA,37.6863,-121.7607,89840.0,Alameda
WNG-712,40.91,38.0,0,False,Desert Hot Springs,CA,33.955,-116.543,43327.0,Riverside
WNG-712,74.2,9.34,2,True,Coachella,CA,33.691,-116.1451,44953.0,Riverside
WWG-21,62.24,33.94,1,True,Sierra Madre,CA,34.1687,-118.0504,11057.0,Los Angeles
KDX-54,69.15,15.22,2,True,Sausalito,CA,37.8581,-122.4932,7125.0,Marin
WNG-655,56.22,60.49,1,True,Hughson,CA,37.6026,-120.8661,7417.0,Stanislaus
WNG-655,58.03,55.7,1,True,Ceres,CA,37.5954,-120.9624,48278.0,Stanislaus
WXL-87,61.79,35.94,1,True,Holtville,CA,32.8129,-115.3779,7449.0,Imperial
WNG-655,54.2,63.35,1,True,Turlock,CA,37.5053,-120.8588,106100.0,Stanislaus
KWO-37,67.18,33.22,3,True,Cypress,CA,33.8171,-118.0386,48906.0,Orange
WXL-87,54.57,41.17,1,True,Blythe,CA,33.6219,-114.6177,12267.0,Riverside
WNG-720,75.38,12.89,1,True,Ukiah,CA,39.1461,-123.2101,29352.0,Mendocino
WZ-2550,52.92,22.84,2,True,Eureka,CA,40.7941,-124.1568,45091.0,Humboldt
WNG-655,73.05,9.56,1,True,Pittsburg,CA,38.019,-121.897,70679.0,Contra Costa
WXL-88,58.07,36.4,1,True,Red Bluff,CA,40.1734,-122.2414,18540.0,Tehama
WWF-64,48.93,20.18,0,False,Gilroy,CA,37.0048,-121.5843,111004.0,Santa Clara
KWO-37,75.72,12.36,2,True,San Marino,CA,34.1224,-118.1132,13365.0,Los Angeles
KWO-37,71.58,19.98,3,True,Huntington Park,CA,33.98,-118.2167,58879.0,Los Angeles
KWO-37,73.27,16.42,3,True,Rosemead,CA,34.0688,-118.0823,54500.0,Los Angeles
KEC-57,41.35,86.51,0,False,Colusa,CA,39.2049,-122.0095,6751.0,Colusa
KIH-62,72.79,17.37,2,True,Parlier,CA,36.6082,-119.5436,15174.0,Fresno
KWO-37,71.8,19.45,3,True,Commerce,CA,33.9963,-118.1519,12973.0,Los Angeles
KEC-82,54.55,30.82,1,True,Arcata,CA,40.862,-124.0754,33757.0,Humboldt
WWG-21,45.88,37.16,0,False,Yucaipa,CA,34.0335,-117.0426,53309.0,San Bernardino
KWO-37,69.11,26.52,2,True,Norwalk,CA,33.9069,-118.0829,106178.0,Los Angeles
WWG-21,69.04,15.42,2,True,Ontario,CA,34.0393,-117.6064,173212.0,San Bernardino
WWF-64,68.15,31.22,4,True,San Carlos,CA,37.4982,-122.268,29797.0,San Mateo
KHB-49,80.22,9.49,4,True,Burlingame,CA,37.586,-122.367,30301.0,San Mateo
KIH-62,74.85,13.7,1,True,Reedley,CA,36.5988,-119.4473,48897.0,Fresno
KEC-82,76.63,11.68,1,True,Fortuna,CA,40.5855,-124.1417,13299.0,Humboldt
WNG-655,74.92,7.83,2,True,Concord,CA,37.9722,-122.0016,649437.0,Contra Costa
WWF-64,78.65,9.29,2,True,Scotts Valley,CA,37.0555,-122.0118,11928.0,Santa Cruz
WNG-655,45.57,80.78,0,False,Atwater,CA,37.3543,-120.5981,29270.0,Merced
KWO-37,67.89,30.57,3,True,Torrance,CA,33.8346,-118.3417,147195.0,Los Angeles
WNG-655,73.35,9.38,2,True,Antioch,CA,37.9789,-121.7958,300780.0,Contra Costa
KEC-57,60.68,43.11,3,True,Elk Grove,CA,38.416,-121.3841,169743.0,Sacramento
KWO-37,70.54,22.52,2,True,South Gate,CA,33.9448,-118.1926,95538.0,Los Angeles
WNG-655,71.54,11.58,1,True,Moraga,CA,37.8438,-122.1225,17416.0,Contra Costa
WWG-21,64.26,25.63,1,True,Glendora,CA,34.1449,-117.8466,51851.0,Los Angeles
WNG-659,76.89,10.82,1,True,Ridgecrest,CA,35.631,-117.6619,32377.0,Kern
WWG-21,66.6,20.42,1,True,Laguna Niguel,CA,33.5275,-117.705,65328.0,Orange
KEC-57,59.34,46.1,3,True,Sacramento,CA,38.5666,-121.4683,1830061.0,Sacramento
KIH-62,65.13,42.31,1,True,Lemoore,CA,36.296,-119.7983,25785.0,Kings
WWF-64,66.67,37.06,2,True,Seaside,CA,36.6224,-121.8191,118670.0,Monterey
KIH-62,43.18,88.88,0,False,Los Banos,CA,37.0631,-120.8405,37584.0,Merced
WNG-655,54.85,68.86,1,True,Folsom,CA,38.6751,-121.1476,77271.0,Sacramento
WXM-66,68.76,15.91,2,True,Fontana,CA,34.0967,-117.4599,209665.0,San Bernardino
WZ-2504,47.99,38.91,0,False,Cloverdale,CA,38.796,-123.0152,9360.0,Sonoma
WNG-637,65.77,20.31,2,True,Imperial Beach,CA,32.5687,-117.1184,27418.0,San Diego
WNG-637,68.4,14.69,1,True,Lemon Grove,CA,32.7331,-117.0344,26860.0,San Diego
KHB-49,73.99,17.78,4,True,Daly City,CA,37.6863,-122.4684,106472.0,San Mateo
KDX-54,41.85,26.32,0,False,Orinda,CA,37.8808,-122.179,19470.0,Contra Costa
WWG-21,68.63,16.16,2,True,Riverside,CA,33.9382,-117.3949,2065627.0,Riverside
WXL-87,59.01,41.0,2,True,Brawley,CA,32.9787,-115.53,26231.0,Imperial
KEC-62,69.7,14.32,1,True,El Cajon,CA,32.8017,-116.9604,103768.0,San Diego
WNG-655,62.49,32.97,2,True,Millbrae,CA,37.5994,-122.4024,22661.0,San Mateo
WWF-64,66.67,37.05,2,True,Pacific Grove,CA,36.6192,-121.9255,15624.0,Monterey
KIH-62,47.04,76.5,0,False,Merced,CA,37.3057,-120.4779,143272.0,Merced
KWO-37,34.37,76.94,0,False,Murrieta,CA,33.572,-117.1909,476630.0,Riverside
KWO-37,26.29,58.89,0,False,Ojai,CA,34.4487,-119.2469,7585.0,Ventura
WXM-66,71.17,12.04,2,True,Rialto,CA,34.1128,-117.3885,103314.0,San Bernardino
WNG-655,58.09,55.3,3,True,Woodland,CA,38.6712,-121.75,59117.0,Yolo
WZ-2504,77.83,9.68,2,True,Santa Rosa,CA,38.4465,-122.7059,321699.0,Sonoma
WWF-67,64.55,25.99,1,True,Marysville,CA,39.1518,-121.5835,12249.0,Yuba
WNG-659,48.92,65.18,0,False,Palmdale,CA,34.5945,-118.1058,157356.0,Los Angeles
WWF-64,77.56,10.51,4,True,Saratoga,CA,37.2685,-122.0254,30767.0,Santa Clara
KWO-37,70.05,23.78,1,True,West Covina,CA,34.0555,-117.9112,107847.0,Los Angeles
KHB-49,68.52,5.06,3,True,Belmont,CA,37.5154,-122.2955,27081.0,San Mateo
KWO-37,67.43,32.27,3,True,Long Beach,CA,33.8059,-118.161,470130.0,Los Angeles
KEC-62,57.42,10.65,1,True,Santee,CA,32.8555,-116.9848,57834.0,San Diego
WXM-66,35.24,38.26,0,False,Walnut,CA,34.0334,-117.8593,30047.0,Los Angeles
KIH-62,64.31,46.67,1,True,Madera,CA,36.964,-120.0803,82278.0,Madera
WNG-655,67.51,18.43,1,True,Benicia,CA,38.0704,-122.1542,28174.0,Solano
KHB-49,82.4,7.42,6,True,Atherton,CA,37.4539,-122.2032,7207.0,San Mateo
WNG-655,71.68,11.35,1,True,Brentwood,CA,37.9356,-121.719,60532.0,Contra Costa
KWO-37,76.08,11.87,2,True,South Pasadena,CA,34.1103,-118.1573,25913.0,Los Angeles
KEC-57,5.87,43.24,0,False,Sonora,CA,37.9819,-120.3828,27799.0,Tuolumne
WWG-21,62.88,31.5,1,True,Monrovia,CA,34.165,-117.9921,37126.0,Los Angeles
KWO-37,66.84,34.49,3,True,Rolling Hills Estates,CA,33.7783,-118.3508,8231.0,Los Angeles
WWG-21,68.06,17.31,1,True,Aliso Viejo,CA,33.5792,-117.729,51424.0,Orange
WWF-64,74.89,14.31,2,True,Santa Cruz,CA,36.9788,-122.0346,176037.0,Santa Cruz
WNG-655,62.43,33.14,1,True,Vacaville,CA,38.3592,-121.9686,99059.0,Solano
KWO-37,68.3,29.13,3,True,Artesia,CA,33.8676,-118.0806,16874.0,Los Angeles
WNG-655,62.32,33.59,2,True,Stockton,CA,37.9766,-121.3111,390117.0,San Joaquin
WWG-21,38.87,21.9,0,False,San Juan Capistrano,CA,33.5009,-117.6544,36276.0,Orange
WZ-2505,42.54,31.42,0,False,Lancaster,CA,34.6934,-118.1753,348760.0,Los Angeles
KWO-37,74.39,14.39,2,True,San Gabriel,CA,34.0948,-118.099,40404.0,Los Angeles
KWO-37,54.95,29.19,1,True,Simi Valley,CA,34.2663,-118.749,127308.0,Ventura
WXM-66,56.3,33.92,1,True,San Dimas,CA,34.1082,-117.8089,34338.0,Los Angeles
WZ-2505,22.21,31.73,0,False,Arvin,CA,35.1944,-118.8306,21380.0,Kern
KDX-54,72.27,10.66,2,True,Corte Madera,CA,37.9238,-122.5129,9858.0,Marin
KHB-49,72.89,22.21,6,True,Alameda,CA,37.767,-122.2673,78906.0,Alameda
KHB-49,73.81,19.95,4,True,Fremont,CA,37.5256,-121.987,233136.0,Alameda
KIH-62,70.24,23.3,2,True,Fowler,CA,36.6247,-119.6738,6348.0,Fresno
WXL-87,54.3,39.8,3,True,Calipatria,CA,33.1488,-115.5058,7526.0,Imperial
WXM-66,64.2,27.0,2,True,Beaumont,CA,33.9052,-116.976,45349.0,Riverside
KWO-37,70.76,21.94,4,True,Santa Monica,CA,34.0232,-118.4813,92478.0,Los Angeles
KWO-37,76.4,11.42,1,True,San Fernando,CA,34.2886,-118.4363,24717.0,Los Angeles
KWO-37,50.14,45.5,1,True,Camarillo,CA,34.223,-119.0325,74152.0,Ventura
WZ-2530,53.86,13.52,1,True,Susanville,CA,40.4206,-120.6129,8506.0,Lassen
WNG-637,59.77,10.68,1,True,Solana Beach,CA,32.9946,-117.2575,13449.0,San Diego
WWG-21,66.98,19.56,3,True,Fountain Valley,CA,33.7105,-117.9514,56529.0,Orange
KEC-57,62.49,34.42,3,True,Rancho Cordova,CA,38.5739,-121.2521,72326.0,Sacramento
KHB-49,76.43,14.73,4,True,South San Francisco,CA,37.6537,-122.4197,66980.0,San Mateo
KHB-49,69.14,34.35,5,True,Richmond,CA,37.9477,-122.339,109813.0,Contra Costa
KIH-31,69.08,28.02,1,True,Guadalupe,CA,34.9608,-120.5735,7321.0,Santa Barbara
WNG-655,58.85,50.45,1,True,Escalon,CA,37.7911,-120.9981,7548.0,San Joaquin
WZ-2504,80.4,7.23,2,True,Cotati,CA,38.3278,-122.7092,7455.0,Sonoma
WNG-659,43.03,56.14,0,False,Barstow,CA,34.8655,-117.0464,30503.0,San Bernardino
KWO-37,67.77,31.02,3,True,La Palma,CA,33.8504,-118.0407,15774.0,Orange
KWO-37,51.11,29.3,1,True,Hermosa Beach,CA,33.8654,-118.3966,19789.0,Los Angeles
WXL-88,74.92,7.84,1,True,Shasta Lake,CA,40.679,-122.3775,10162.0,Shasta
WWF-67,46.99,64.44,0,False,Willows,CA,39.5147,-122.1992,7240.0,Glenn
WWF-64,38.73,67.91,0,False,Greenfield,CA,36.3232,-121.245,17557.0,Monterey
KWO-37,69.29,25.97,3,True,Paramount,CA,33.8976,-118.1651,54909.0,Los Angeles
KWO-37,69.29,25.96,3,True,Compton,CA,33.893,-118.2275,97550.0,Los Angeles
WZ-2504,63.61,7.78,3,True,Petaluma,CA,38.2423,-122.6267,66940.0,Sonoma
KIH-62,59.37,58.35,1,True,Chowchilla,CA,37.1095,-120.2349,11536.0,Madera
WWG-21,73.52,9.2,1,True,Yorba Linda,CA,33.889,-117.7714,68235.0,Orange
WNG-655,60.96,39.36,2,True,Dixon,CA,38.4466,-121.825,19906.0,Solano
WXM-66,70.52,12.96,1,True,Loma Linda,CA,34.0448,-117.2504,24129.0,San Bernardino
WZ-2504,68.26,29.31,2,True,Pinole,CA,37.9931,-122.2834,19293.0,Contra Costa
WXM-66,40.95,37.49,0,False,Menifee,CA,33.6909,-117.1849,88531.0,Riverside
KWO-37,69.54,25.25,3,True,Hawthorne,CA,33.9147,-118.3476,88031.0,Los Angeles
KIH-34,69.4,26.95,2,True,Carpinteria,CA,34.3961,-119.5117,13684.0,Santa Barbara
WNG-655,60.02,43.93,1,True,Ripon,CA,37.7415,-121.1305,15463.0,San Joaquin
KHB-49,82.7,7.18,6,True,Redwood City,CA,37.5026,-122.2251,84950.0,San Mateo
KWO-37,84.31,4.6,2,True,La Cañada Flintridge,CA,34.2097,-118.2002,20447.0,Los Angeles
WWG-21,72.42,10.46,3,True,Eastvale,CA,33.9617,-117.5803,61151.0,Riverside
WNG-584,63.73,28.59,1,True,Rancho Palos Verdes,CA,33.7554,-118.3636,42435.0,Los Angeles
KIH-62,70.74,21.99,2,True,Selma,CA,36.5743,-119.6156,44292.0,Fresno
KWO-37,74.62,14.03,3,True,Alhambra,CA,34.084,-118.1355,85474.0,Los Angeles
WNG-637,47.84,22.92,0,False,Escondido,CA,33.1349,-117.0721,151613.0,San Diego
WWF-64,74.93,14.26,2,True,Morgan Hill,CA,37.1324,-121.641,44155.0,Santa Clara
WWG-21,68.51,16.0,1,True,Laguna Hills,CA,33.592,-117.6992,31509.0,Orange
KWO-37,71.0,21.34,2,True,Cudahy,CA,33.9631,-118.183,24098.0,Los Angeles
WWF-67,58.23,35.7,1,True,Gridley,CA,39.3622,-121.6972,8396.0,Butte
KDX-54,67.17,19.13,4,True,El Cerrito,CA,37.9197,-122.3025,25400.0,Contra Costa
WNG-655,71.58,11.47,1,True,Dublin,CA,37.7161,-121.8962,59583.0,Alameda
KWO-37,39.82,18.11,0,False,Santa Clarita,CA,34.4119,-118.5036,266958.0,Los Angeles
KIH-62,62.38,58.74,1,True,Huron,CA,36.204,-120.0961,6941.0,Fresno
WNG-655,61.25,38.05,1,True,Manteca,CA,37.7938,-121.2271,95797.0,San Joaquin
WZ-2504,65.28,41.58,6,True,San Francisco,CA,37.7561,-122.4429,3548847.0,San Francisco
KHB-49,67.9,4.78,2,True,Woodside,CA,37.4221,-122.259,5551.0,San Mateo
WWG-21,71.45,11.67,2,True,Tustin,CA,33.7309,-117.8106,80395.0,Orange
WWG-21,69.19,15.18,3,True,Santa Ana,CA,33.7366,-117.8819,334217.0,Orange
KDX-54,72.37,4.96,1,True,Fairfax,CA,37.9884,-122.595,7598.0,Marin
WWG-21,61.98,25.84,1,True,Moreno Valley,CA,33.9244,-117.2045,205499.0,Riverside
KWO-37,70.12,23.65,2,True,Downey,CA,33.9379,-118.1312,113267.0,Los Angeles
WZ-2504,69.82,24.5,2,True,Healdsburg,CA,38.6229,-122.8651,11827.0,Sonoma
WNG-655,69.7,14.27,2,True,Oakley,CA,37.9929,-121.6951,40622.0,Contra Costa
WWG-21,32.12,25.45,0,False,San Clemente,CA,33.4498,-117.6103,65309.0,Orange
KHB-49,84.83,5.62,1,True,Half Moon Bay,CA,37.4687,-122.4383,23223.0,San Mateo
KHB-49,40.18,33.55,0,False,Mill Valley,CA,37.9085,-122.5421,14350.0,Marin
WXM-66,61.49,36.98,1,True,Hemet,CA,33.7352,-116.9946,175066.0,Riverside
KIH-62,66.6,35.62,1,True,Hanford,CA,36.326,-119.6539,90515.0,Kings
WWG-21,60.19,43.1,2,True,Glendale,CA,34.1818,-118.2468,200831.0,Los Angeles
KHB-49,70.19,30.41,3,True,Albany,CA,37.8898,-122.3018,19688.0,Alameda
WNG-655,58.83,50.63,3,True,West Sacramento,CA,38.5556,-121.5504,52981.0,Yolo
WWF-67,61.11,31.79,1,True,Live Oak,CA,39.2788,-121.6624,8961.0,Sutter
KHB-49,70.49,29.34,5,True,Berkeley,CA,37.8723,-122.276,121240.0,Alameda
WWF-64,67.6,33.28,2,True,Marina,CA,36.6812,-121.7894,21688.0,Monterey
KHB-49,77.4,12.36,4,True,Los Altos Hills,CA,37.3672,-122.1391,8501.0,Santa Clara
KIH-31,81.77,6.49,1,True,San Luis Obispo,CA,35.2671,-120.6689,62391.0,San Luis Obispo
WNG-655,60.21,35.62,2,True,Napa,CA,38.2982,-122.3011,87733.0,Napa
KWO-37,71.61,19.89,2,True,Baldwin Park,CA,34.0829,-117.972,76464.0,Los Angeles
WNG-655,59.81,45.08,1,True,Winters,CA,38.532,-121.9781,7637.0,Yolo
WNG-655,59.36,47.56,3,True,Davis,CA,38.5552,-121.7365,75553.0,Yolo
WWG-21,66.95,19.62,1,True,La Habra,CA,33.9278,-117.9513,61664.0,Orange
WNG-655,71.87,11.11,1,True,Lafayette,CA,37.8919,-122.1188,26103.0,Contra Costa
WXM-66,66.65,20.35,2,True,Rancho Cucamonga,CA,34.1246,-117.5662,176534.0,San Bernardino
WNG-712,18.29,20.45,0,False,Indian Wells,CA,33.7036,-116.3396,5345.0,Riverside
WWG-21,67.11,19.27,3,True,Newport Beach,CA,33.6151,-117.8669,86688.0,Orange
KWO-37,71.47,20.21,3,True,Bell,CA,33.9801,-118.1798,35864.0,Los Angeles
KIH-34,79.57,8.33,2,True,Goleta,CA,34.436,-119.8597,30850.0,Santa Barbara
KIH-31,73.54,16.72,1,True,Grover Beach,CA,35.1205,-120.6199,13641.0,San Luis Obispo
WNG-720,80.87,6.85,1,True,Willits,CA,39.405,-123.3494,8026.0,Mendocino
KWO-37,71.42,20.31,1,True,Culver City,CA,34.0058,-118.3968,39364.0,Los Angeles
KEC-57,59.46,37.17,3,True,Citrus Heights,CA,38.6948,-121.288,87432.0,Sacramento
KIH-34,56.15,58.32,2,True,Pismo Beach,CA,35.1492,-120.6506,8198.0,San Luis Obispo
KIH-62,20.62,112.16,0,False,Taft,CA,35.1267,-119.4242,15060.0,Kern
KWO-37,70.06,23.79,2,True,Covina,CA,34.0903,-117.8817,48549.0,Los Angeles
KHB-49,72.06,24.4,5,True,Oakland,CA,37.7903,-122.2165,420005.0,Alameda
WWG-21,59.03,46.13,2,True,West Hollywood,CA,34.0883,-118.3718,36698.0,Los Angeles
WWF-64,75.93,12.66,2,True,Capitola,CA,36.9772,-121.9539,10180.0,Santa Cruz
WXL-88,46.23,72.39,0,False,Chico,CA,39.7568,-121.816,104302.0,Butte
KWO-37,43.08,30.46,0,False,Diamond Bar,CA,33.9992,-117.8161,56793.0,Los Angeles
WWG-21,67.34,18.79,3,True,Garden Grove,CA,33.7787,-117.9601,174858.0,Orange
KWO-37,68.95,27.05,3,True,Bellflower,CA,33.888,-118.1271,77790.0,Los Angeles
KHB-49,82.7,7.17,6,True,San Mateo,CA,37.5522,-122.3122,103959.0,San Mateo
WNG-637,51.09,26.77,1,True,Oceanside,CA,33.2247,-117.3083,175464.0,San Diego
WNG-637,74.06,7.6,2,True,San Diego,CA,32.8312,-117.1225,3181172.0,San Diego
KWL-22,68.51,28.57,3,True,Palos Verdes Estates,CA,33.7871,-118.3976,13586.0,Los Angeles
WWF-64,77.56,10.52,3,True,San Jose,CA,37.302,-121.8488,1804359.0,Santa Clara
WXK-58,51.78,26.42,1,True,South Lake Tahoe,CA,38.9393,-119.9828,29535.0,El Dorado
WNG-637,66.37,19.74,1,True,Carlsbad,CA,33.1246,-117.2836,113952.0,San Diego
WXM-66,70.52,13.01,1,True,Redlands,CA,34.0512,-117.171,71288.0,San Bernardino
KIH-62,70.33,23.05,1,True,Clovis,CA,36.8283,-119.6851,106583.0,Fresno
KHB-49,76.5,14.62,5,True,Mountain View,CA,37.4001,-122.0796,80447.0,Santa Clara
WNG-655,62.42,33.2,1,True,Lathrop,CA,37.8162,-121.3126,22073.0,San Joaquin
WXK-58,38.9,16.24,0,False,Truckee,CA,39.3455,-120.1848,12296.0,Nevada
WWF-64,66.26,38.9,2,True,Monterey,CA,36.5922,-121.8807,28454.0,Monterey
KIH-34,64.16,49.76,2,True,Oxnard,CA,34.1961,-119.1821,385837.0,Ventura
WNG-655,80.4,4.15,2,True,Clayton,CA,37.9403,-121.9301,11992.0,Contra Costa
KIH-62,64.99,25.14,1,True,Woodlake,CA,36.4124,-119.0998,7818.0,Tulare
WWG-21,72.79,10.0,1,True,Villa Park,CA,33.818,-117.8104,5918.0,Orange
KWO-37,68.19,29.5,3,True,Redondo Beach,CA,33.8574,-118.3766,67867.0,Los Angeles
WWF-64,60.13,51.42,2,True,Gonzales,CA,36.5061,-121.4429,8447.0,Monterey
WXL-88,48.63,65.25,0,False,Orland,CA,39.7461,-122.185,9659.0,Glenn
KWO-37,71.13,21.04,2,True,Pico Rivera,CA,33.9902,-118.0888,63635.0,Los Angeles
KWO-37,66.67,35.26,2,True,Stanton,CA,33.8002,-117.9935,38644.0,Orange
KWO-37,39.33,36.82,0,False,Thousand Oaks,CA,34.1914,-118.8755,218548.0,Ventura
WXM-66,70.28,13.36,1,True,Colton,CA,34.0538,-117.3254,54712.0,San Bernardino
KIH-62,32.81,87.72,0,False,Shafter,CA,35.478,-119.1992,20183.0,Kern
KWO-37,68.25,29.34,3,True,Cerritos,CA,33.8677,-118.0686,50555.0,Los Angeles
WWG-21,67.75,17.9,2,True,Montclair,CA,34.0714,-117.6981,38944.0,San Bernardino
KIH-34,64.14,49.83,2,True,Port Hueneme,CA,34.1617,-119.2036,22277.0,Ventura
WWG-21,66.06,21.79,2,True,Claremont,CA,34.1259,-117.7153,36059.0,Los Angeles
WWG-21,71.49,11.6,3,True,Chino,CA,33.9836,-117.6653,87776.0,San Bernardino
KIH-62,78.59,8.86,1,True,Orange Cove,CA,36.6211,-119.3188,10320.0,Fresno
WWF-67,64.36,6.69,1,True,Grass Valley,CA,39.2236,-121.0549,34508.0,Nevada
WWG-21,70.32,13.31,2,True,Placentia,CA,33.8807,-117.8553,52228.0,Orange
KEC-57,48.93,14.33,0,False,Placerville,CA,38.7309,-120.7979,30531.0,El Dorado
WWF-67,65.97,20.69,1,True,Lincoln,CA,38.8749,-121.2943,47030.0,Placer
WXL-88,67.48,18.45,1,True,Anderson,CA,40.4509,-122.2961,10232.0,Shasta
WWF-67,49.64,16.5,0,False,Auburn,CA,38.8948,-121.0778,34734.0,Placer
KWO-37,68.93,27.09,3,True,Lawndale,CA,33.8884,-118.3531,33145.0,Los Angeles
WWG-21,66.37,21.03,3,True,Westminster,CA,33.7523,-117.9938,91565.0,Orange
WNG-655,42.2,50.74,0,False,Patterson,CA,37.4734,-121.144,22169.0,Stanislaus
WXM-66,69.51,14.58,2,True,Grand Terrace,CA,34.0312,-117.3133,12509.0,San Bernardino
KIH-62,65.9,38.66,1,True,Lindsay,CA,36.2079,-119.0902,16443.0,Tulare
WWG-21,59.38,47.47,2,True,Beverly Hills,CA,34.0786,-118.4021,34687.0,Los Angeles
KHB-49,73.59,20.44,4,True,Union City,CA,37.603,-122.0187,75322.0,Alameda
WZ-2524,71.35,11.8,1,True,Bishop,CA,37.3665,-118.3958,9687.0,Inyo
WWG-21,65.84,22.32,1,True,La Verne,CA,34.1208,-117.7702,32389.0,Los Angeles
KXI-83,9.02,158.0,0,False,Yucca Valley,CA,34.1231,-116.4215,24899.0,San Bernardino
KQC-45,66.13,30.61,2,True,Needles,CA,34.816,-114.6192,8773.0,San Bernardino
WWF-64,33.46,77.48,0,False,King City,CA,36.2165,-121.133,15652.0,Monterey
KIH-62,68.35,29.04,1,True,Visalia,CA,36.3271,-119.3265,231159.0,Tulare
KHB-49,73.67,20.23,6,True,San Leandro,CA,37.7071,-122.1601,90465.0,Alameda
KDX-54,73.46,9.24,2,True,Larkspur,CA,37.9394,-122.5313,12382.0,Marin
WXM-66,39.01,27.55,0,False,Banning,CA,33.946,-116.8992,31026.0,Riverside
WNG-637,61.05,16.91,2,True,Poway,CA,32.9872,-117.0201,50077.0,San Diego
KWO-37,74.39,14.4,1,True,Los Angeles,CA,34.114,-118.4068,12740381.0,Los Angeles
KWO-37,38.42,47.83,0,False,Santa Paula,CA,34.3521,-119.0698,30770.0,Ventura
KIH-62,73.88,15.31,1,True,Dinuba,CA,36.5453,-119.3989,23961.0,Tulare
WNG-655,58.5,52.63,1,True,Modesto,CA,37.6371,-121.003,377755.0,Stanislaus
KWO-37,68.51,28.47,2,True,La Mirada,CA,33.9025,-118.0093,49216.0,Los Angeles
WNG-655,57.06,62.44,2,True,Ione,CA,38.3612,-120.9422,6940.0,Amador
WNG-655,65.42,23.41,2,True,Rio Vista,CA,38.1762,-121.7034,8331.0,Solano
WWF-64,74.48,14.98,4,True,Santa Clara,CA,37.3646,-121.9679,125948.0,Santa Clara
WNG-637,58.53,50.73,1,True,Dana Point,CA,33.4733,-117.6969,34012.0,Orange
WXM-66,63.12,30.56,1,True,Perris,CA,33.7897,-117.2233,76331.0,Riverside
WZ-2504,81.44,6.4,2,True,Rohnert Park,CA,38.348,-122.6964,42622.0,Sonoma
WNG-655,48.94,73.54,0,False,Livingston,CA,37.3875,-120.7249,13961.0,Merced
WNG-655,70.12,13.59,1,True,Martinez,CA,37.9985,-122.116,38259.0,Contra Costa
KWO-37,70.58,22.4,3,True,Inglewood,CA,33.9566,-118.3444,110654.0,Los Angeles
WXL-87,57.0,45.63,1,True,Imperial,CA,32.8375,-115.5719,17203.0,Imperial
WNG-655,74.45,8.29,1,True,San Ramon,CA,37.7625,-121.9366,75639.0,Contra Costa
WXM-66,60.67,37.59,1,True,Canyon Lake,CA,33.6884,-117.2621,11137.0,Riverside
KIH-62,38.99,71.48,0,False,Coalinga,CA,36.1432,-120.3268,15756.0,Fresno
WXL-89,34.12,40.39,0,False,Tehachapi,CA,35.127,-118.4751,14336.0,Kern
KIH-34,66.11,11.38,2,True,Solvang,CA,34.5936,-120.1401,16438.0,Santa Barbara
KIH-62,50.0,76.56,1,True,Dos Palos,CA,36.9854,-120.6337,7109.0,Merced
KWO-37,70.32,23.05,1,True,La Puente,CA,34.0323,-117.9533,40377.0,Los Angeles
KIH-62,67.87,30.7,2,True,Farmersville,CA,36.3054,-119.2082,10735.0,Tulare
KWO-37,72.16,18.62,2,True,South El Monte,CA,34.0493,-118.0484,20883.0,Los Angeles
KIH-62,64.04,48.26,1,True,Corcoran,CA,36.0847,-119.5612,23266.0,Kings
KWO-37,52.62,30.97,1,True,Agoura Hills,CA,34.151,-118.7608,20745.0,Los Angeles
WWF-64,33.39,57.97,0,False,Soledad,CA,36.4434,-121.3432,25827.0,Monterey
WXM-66,66.86,19.81,1,True,Calimesa,CA,33.9873,-117.0542,8616.0,Riverside
KIH-31,58.16,8.6,1,True,Atascadero,CA,35.4827,-120.6858,30330.0,San Luis Obispo
KEC-57,60.74,43.1,2,True,Galt,CA,38.2671,-121.3034,27003.0,Sacramento
KIH-31,62.64,16.82,1,True,Arroyo Grande,CA,35.1243,-120.5849,54542.0,San Luis Obispo
WNG-659,54.09,24.12,1,True,California City,CA,35.1578,-117.872,10589.0,Kern
WNG-655,77.74,5.63,1,True,Danville,CA,37.8121,-121.9698,44631.0,Contra Costa
WWF-67,33.13,35.53,0,False,Oroville,CA,39.5,-121.5647,45445.0,Butte
WWG-21,65.73,22.65,3,True,Huntington Beach,CA,33.696,-118.0023,200652.0,Orange
KDX-54,68.84,15.81,3,True,San Pablo,CA,37.9629,-122.3425,30536.0,Contra Costa
KWO-37,66.3,36.8,3,True,Seal Beach,CA,33.7542,-118.0714,24440.0,Orange
KIH-62,66.08,37.88,1,True,Tulare,CA,36.1996,-119.34,62779.0,Tulare
WNG-712,63.61,26.29,2,True,Rancho Mirage,CA,33.7625,-116.4273,18194.0,Riverside
KIH-62,53.38,73.81,1,True,McFarland,CA,35.6781,-119.2414,14680.0,Kern
KWO-37,63.17,53.09,2,True,Lake Forest,CA,33.6606,-117.6712,83240.0,Orange
WXM-66,62.04,9.23,1,True,Highland,CA,34.1113,-117.1653,54939.0,San Bernardino
WZ-2504,79.97,7.58,3,True,Sonoma,CA,38.2902,-122.4598,33923.0,Sonoma
KIH-62,70.83,21.79,2,True,Kingsburg,CA,36.5241,-119.5608,11807.0,Fresno
KIH-31,25.14,55.39,0,False,Avenal,CA,36.0312,-120.116,12451.0,Kings
KIH-31,77.31,10.8,2,True,Morro Bay,CA,35.3681,-120.8481,10648.0,San Luis Obispo
KHB-49,74.22,19.04,5,True,Hayward,CA,37.6327,-122.0776,158937.0,Alameda
WWF-67,63.63,28.88,1,True,Yuba City,CA,39.1357,-121.6381,120159.0,Sutter
KDX-54,82.11,3.43,3,True,Novato,CA,38.092,-122.5576,56004.0,Marin
WNG-637,69.67,14.35,2,True,La Mesa,CA,32.7703,-117.0203,59948.0,San Diego
KWO-37,72.02,18.94,3,True,Montebello,CA,34.0155,-118.1107,63335.0,Los Angeles
KXI-30,66.15,3.22,1,True,West Wendover,NV,40.7407,-114.0783,5183.0,Elko
WNG-634,64.46,26.2,1,True,Henderson,NV,36.0145,-115.0362,292969.0,Clark
WXL-29,85.7,3.9,1,True,Winnemucca,NV,40.9646,-117.725,10919.0,Humboldt
WWG-20,68.73,19.58,1,True,Fernley,NV,39.5612,-119.1925,19195.0,Lyon
WXK-58,75.01,13.4,1,True,Carson City,NV,39.1512,-119.7474,57522.0,Carson City (city)
WXK-58,71.52,20.06,2,True,Sparks,NV,39.5727,-119.7131,98345.0,Washoe
WWG-20,62.33,41.23,2,True,Fallon,NV,39.4739,-118.778,15982.0,Churchill
WXL-36,72.7,11.29,1,True,Boulder City,NV,35.8407,-114.9256,14481.0,Clark
WNG-634,65.72,22.64,2,True,Las Vegas,NV,36.2288,-115.2603,2044731.0,Clark
WWF-51,63.93,27.86,1,True,Mesquite,NV,36.8035,-114.1325,16819.0,Clark
WNG-634,62.72,31.99,1,True,North Las Vegas,NV,36.288,-115.0901,238702.0,Clark
WXL-28,75.64,7.21,1,True,Elko,NV,40.8383,-115.7677,21168.0,Elko
WWG-20,66.63,24.99,2,True,Reno,NV,39.5487,-119.8486,427007.0,Washoe
WXM-54,65.06,42.7,1,True,Alamosa,CO,37.4755,-105.877,11015.0,Alamosa
WWG-43,65.84,22.29,1,True,Rifle,CO,39.5361,-107.7719,11042.0,Garfield
WNG-550,44.4,8.84,0,False,Castle Pines,CO,39.4625,-104.8706,10284.0,Douglas
KEC-76,42.68,15.35,0,False,Parker,CO,39.5075,-104.7746,51163.0,Douglas
WZ-2518,22.15,27.48,0,False,Vail,CO,39.6386,-106.3608,6017.0,Eagle
WXM-92,57.99,10.92,3,True,Windsor,CO,40.4666,-104.9213,22776.0,Weld
KEC-76,66.7,5.82,1,True,Denver,CO,39.7621,-104.8759,2741534.0,Denver
KEC-76,65.17,11.64,1,True,Lone Tree,CO,39.5308,-104.871,13271.0,Douglas
KEC-76,76.85,7.88,1,True,Edgewater,CO,39.7507,-105.0627,5323.0,Jefferson
KWN-40,77.93,5.71,2,True,Fort Morgan,CO,40.2561,-103.7907,13215.0,Morgan
KEC-76,49.6,15.8,0,False,Thornton,CO,39.9202,-104.9445,136703.0,Adams
WXM-51,56.12,19.18,1,True,Louisville,CO,39.9708,-105.1441,20801.0,Boulder
WXM-56,72.01,10.97,1,True,Fountain,CO,38.6863,-104.6744,28753.0,El Paso
WXM-51,60.4,23.05,1,True,Brighton,CO,39.9719,-104.7958,38314.0,Adams
WXM-51,67.09,12.22,2,True,Loveland,CO,40.4168,-105.0622,76897.0,Larimer
WXM-51,13.18,26.15,0,False,Estes Park,CO,40.3701,-105.5214,7691.0,Larimer
WXM-92,61.74,9.76,2,True,Wellington,CO,40.7,-105.0059,8428.0,Larimer
WZ-2518,77.83,9.69,1,True,Eagle,CO,39.6368,-106.8157,6289.0,Eagle
KEC-76,75.57,9.64,1,True,Lakewood,CO,39.6977,-105.117,154393.0,Jefferson
KXI-90,74.06,14.99,1,True,Montrose,CO,38.4689,-107.8591,22919.0,Montrose
WXM-56,33.13,8.36,0,False,Manitou Springs,CO,38.8576,-104.9124,5317.0,El Paso
WNG-737,70.92,3.0,1,True,Silverthorne,CO,39.6563,-106.0869,17792.0,Summit
WWG-43,18.84,59.32,0,False,Leadville,CO,39.2467,-106.2935,5215.0,Lake
WZ-2518,35.16,19.84,0,False,Avon,CO,39.6448,-106.5138,6525.0,Eagle
KEC-76,48.02,20.54,0,False,Superior,CO,39.9348,-105.1584,13155.0,Boulder
WWG-43,36.13,33.08,0,False,Aspen,CO,39.1948,-106.837,7956.0,Pitkin
KEC-76,58.48,7.75,1,True,Centennial,CO,39.5927,-104.8674,109932.0,Arapahoe
WXM-50,68.95,21.24,2,True,Evans,CO,40.3661,-104.7389,21615.0,Weld
WXM-51,71.44,13.95,1,True,Erie,CO,40.0384,-105.0409,22803.0,Boulder
WXM-51,79.09,8.39,1,True,Firestone,CO,40.1505,-104.9479,27332.0,Weld
KXI-90,66.18,37.37,1,True,Delta,CO,38.7561,-108.0772,7847.0,Delta
WNG-687,54.39,59.04,1,True,Cortez,CO,37.3498,-108.5769,8898.0,Montezuma
KEC-76,47.0,10.5,0,False,Wheat Ridge,CO,39.7728,-105.103,31372.0,Jefferson
KWN-56,63.34,46.44,1,True,Craig,CO,40.517,-107.5558,9479.0,Moffat
WXM-56,72.52,10.29,1,True,Colorado Springs,CO,38.8673,-104.7605,624789.0,El Paso
WXM-51,84.31,4.61,1,True,Berthoud,CO,40.3059,-105.0412,6368.0,Larimer
WNG-579,23.84,35.77,0,False,Trinidad,CO,37.1748,-104.4907,8178.0,Las Animas
KWN-54,79.69,7.84,1,True,Durango,CO,37.2744,-107.8702,19703.0,La Plata
WXM-51,50.74,24.62,1,True,Westminster,CO,39.8837,-105.0627,113875.0,Adams
WXM-55,72.16,18.67,2,True,Grand Junction,CO,39.0881,-108.5675,135389.0,Mesa
WWG-23,65.89,7.82,2,True,La Junta,CO,37.9797,-103.5473,8020.0,Otero
WXM-51,77.46,10.13,1,True,Frederick,CO,40.1096,-104.9677,12154.0,Weld
WXM-51,72.94,17.12,1,True,Lafayette,CO,39.9946,-105.0996,91767.0,Boulder
KEC-76,50.54,19.16,1,True,Broomfield,CO,39.9541,-105.0526,66529.0,Broomfield
KXI-90,41.78,41.3,0,False,Gunnison,CO,38.5455,-106.9226,6784.0,Gunnison
KEC-76,45.38,12.71,0,False,Federal Heights,CO,39.8651,-105.0154,12458.0,Adams
KEC-76,73.42,5.42,1,True,Greenwood Village,CO,39.6152,-104.913,15749.0,Arapahoe
WXM-50,62.08,18.48,2,True,Eaton,CO,40.5251,-104.7133,5117.0,Weld
KEC-76,68.62,14.98,1,True,Arvada,CO,39.8321,-105.1508,117453.0,Jefferson
KEC-76,53.48,11.14,1,True,Aurora,CO,39.7085,-104.7274,361710.0,Adams
WWG-43,45.3,18.5,0,False,Basalt,CO,39.3663,-107.0412,8672.0,Eagle
WXM-56,52.97,20.58,1,True,Woodland Park,CO,38.9988,-105.0595,10806.0,Teller
WXM-51,74.98,13.52,1,True,Dacono,CO,40.0617,-104.95,5090.0,Weld
KWN-40,62.67,14.04,1,True,Brush,CO,40.2581,-103.6322,5756.0,Morgan
KWN-60,104.6,0.81,1,True,Lamar,CO,38.0739,-102.6155,7525.0,Prowers
KEC-76,63.41,8.24,1,True,Littleton,CO,39.5912,-105.0193,46333.0,Arapahoe
WXM-53,75.56,8.4,1,True,Sterling,CO,40.6207,-103.1919,15228.0,Logan
WXM-54,22.55,40.07,0,False,Pagosa Springs,CO,37.2675,-107.03,5225.0,Archuleta
WZ-2518,49.77,11.14,0,False,Gypsum,CO,39.6286,-106.9343,6416.0,Eagle
WWG-43,31.67,8.65,0,False,Glenwood Springs,CO,39.5459,-107.3348,12042.0,Garfield
KEC-76,98.87,0.83,1,True,Glendale,CO,39.7036,-104.9352,5197.0,Arapahoe
KWN-56,59.48,10.72,1,True,Steamboat Springs,CO,40.4774,-106.8233,13529.0,Routt
KJY-81,80.79,6.88,1,True,Cañon City,CO,38.443,-105.2201,27600.0,Fremont
WNG-550,86.38,3.3,1,True,Castle Rock,CO,39.3761,-104.8536,57666.0,Douglas
KJY-81,12.7,37.38,0,False,Salida,CO,38.5303,-105.9987,7102.0,Chaffee
WXM-52,97.77,0.87,3,True,Pueblo,CO,38.2701,-104.613,141280.0,Pueblo
KEC-76,74.36,5.37,1,True,Sheridan,CO,39.6466,-105.0181,6041.0,Arapahoe
WNG-737,53.23,8.83,1,True,Breckenridge,CO,39.4997,-106.0433,7741.0,Summit
WXM-51,66.38,17.38,1,True,Fort Lupton,CO,40.0829,-104.7982,9783.0,Weld
WXM-55,68.73,27.72,2,True,Fruita,CO,39.154,-108.7285,12924.0,Mesa
WXM-51,78.49,5.43,1,True,Longmont,CO,40.1691,-105.0995,97835.0,Boulder
WXM-92,87.56,1.62,2,True,Fort Collins,CO,40.5487,-105.0656,301581.0,Larimer
WXM-51,50.75,28.31,1,True,Commerce City,CO,39.8638,-104.8434,54869.0,Adams
WWG-43,73.64,9.05,1,True,Carbondale,CO,39.3946,-107.2145,7549.0,Garfield
WXM-51,66.68,17.98,1,True,Boulder,CO,40.0274,-105.2514,127190.0,Boulder
KEC-76,75.38,4.38,1,True,Englewood,CO,39.6469,-104.9942,34050.0,Arapahoe
KEC-76,71.7,3.8,1,True,Cherry Hills Village,CO,39.6375,-104.9481,6585.0,Arapahoe
WXM-51,62.42,11.6,2,True,Milliken,CO,40.3105,-104.8556,6678.0,Weld
KEC-76,44.53,15.07,0,False,Golden,CO,39.7406,-105.2122,20696.0,Jefferson
WXM-50,67.68,21.76,3,True,Greeley,CO,40.415,-104.7697,131900.0,Weld
KJY-81,74.62,14.03,2,True,Florence,CO,38.3821,-105.1117,7431.0,Fremont
WXM-51,72.34,9.39,1,True,Johnstown,CO,40.3491,-104.949,21313.0,Weld
KEC-76,69.62,15.3,2,True,Northglenn,CO,39.9107,-104.9783,38982.0,Adams
WXM-56,65.63,22.9,1,True,Monument,CO,39.0736,-104.8468,6556.0,El Paso
WWG-43,49.9,13.16,0,False,New Castle,CO,39.5785,-107.5262,5732.0,Garfield
KIH-54,75.85,16.86,1,True,Pinson,AL,33.7064,-86.6654,7426.0,Jefferson
KIH-54,69.1,7.84,1,True,Hoover,AL,33.3761,-86.8065,84978.0,Jefferson
KIH-54,78.65,16.18,1,True,Trussville,AL,33.6389,-86.5832,21422.0,Jefferson
KIH-54,79.69,12.86,1,True,Bessemer,AL,33.3709,-86.9713,26511.0,Jefferson
KEC-61,86.59,4.96,1,True,Spanish Fort,AL,30.7257,-87.8602,8327.0,Baldwin
KIH-54,80.83,12.59,2,True,Center Point,AL,33.6447,-86.6851,16496.0,Jefferson
KXI-76,59.4,16.73,1,True,Lanett,AL,32.8572,-85.2082,6393.0,Chambers
WXM-32,94.06,1.9,1,True,Phenix City,AL,32.4586,-85.025,37132.0,Russell
KIH-57,81.18,12.05,1,True,Sheffield,AL,34.7556,-87.7008,9025.0,Colbert
WWF-53,57.76,14.82,1,True,Hamilton,AL,34.1346,-87.9755,6739.0,Marion
WNG-606,51.44,25.52,1,True,Gadsden,AL,34.009,-86.0156,62402.0,Etowah
KIH-54,59.29,25.38,1,True,Calera,AL,33.1249,-86.745,13489.0,Shelby
KIH-54,77.64,18.18,1,True,Clay,AL,33.698,-86.6068,9587.0,Jefferson
KIH-58,78.19,17.02,1,True,Talladega,AL,33.4329,-86.0976,13298.0,Talladega
WWF-44,43.92,21.07,0,False,Scottsboro,AL,34.6438,-86.0491,10006.0,Jackson
KIH-57,76.5,6.85,1,True,Russellville,AL,34.5056,-87.7282,9850.0,Franklin
KIH-54,59.88,18.69,1,True,Alabaster,AL,33.2197,-86.8233,32948.0,Shelby
KIH-58,40.25,32.52,0,False,Glencoe,AL,33.9447,-85.9319,5135.0,Etowah
WWF-54,81.15,7.73,2,True,Opelika,AL,32.6621,-85.3773,29869.0,Lee
KIH-55,77.81,13.23,2,True,Pike Road,AL,32.2909,-86.0917,8777.0,Montgomery
KIH-60,79.56,2.18,1,True,Tuscaloosa,AL,33.2349,-87.5268,153060.0,Tuscaloosa
KIH-54,47.07,37.83,0,False,Sylacauga,AL,33.1779,-86.2606,17696.0,Talladega
KIH-55,93.86,2.78,1,True,Montgomery,AL,32.347,-86.2663,256554.0,Montgomery
KEC-61,81.51,9.41,1,True,Fairhope,AL,30.5235,-87.8827,19421.0,Baldwin
WNG-606,43.25,21.39,0,False,Rainbow City,AL,33.9337,-86.0923,9531.0,Etowah
KIH-20,61.81,30.97,2,True,Hartselle,AL,34.4392,-86.9399,14471.0,Morgan
KIH-58,53.55,39.46,1,True,Alexander City,AL,32.924,-85.9353,9335.0,Tallapoosa
KIH-55,76.66,12.11,1,True,Wetumpka,AL,32.5406,-86.2054,8383.0,Elmore
KEC-61,77.04,13.35,1,True,Mobile,AL,30.6782,-88.1161,322496.0,Mobile
KIH-55,45.94,37.21,0,False,Clanton,AL,32.8417,-86.623,5936.0,Chilton
KIH-57,80.38,13.25,1,True,Muscle Shoals,AL,34.7426,-87.6336,13831.0,Colbert
KIH-58,84.25,8.48,1,True,Oxford,AL,33.5963,-85.8718,21120.0,Calhoun
WNG-635,80.66,8.08,1,True,Selma,AL,32.4166,-87.0336,21786.0,Dallas
KIH-57,67.34,9.77,1,True,Tuscumbia,AL,34.7204,-87.7035,8434.0,Colbert
KEC-61,74.92,17.06,1,True,Satsuma,AL,30.8579,-88.0634,6193.0,Mobile
KIH-60,85.3,4.44,1,True,Northport,AL,33.2584,-87.5981,25045.0,Tuscaloosa
KIH-56,63.16,33.7,2,True,Daleville,AL,31.2914,-85.7114,5101.0,Dale
KIH-54,80.87,12.52,1,True,Pelham,AL,33.3117,-86.7569,23050.0,Shelby
KIH-55,69.83,11.21,2,True,Prattville,AL,32.4602,-86.4595,35606.0,Autauga
KIH-54,96.82,2.0,1,True,Homewood,AL,33.4617,-86.8092,25613.0,Jefferson
KIH-54,54.69,25.31,1,True,Montevallo,AL,33.1254,-86.848,6723.0,Shelby
KEC-61,56.41,28.95,1,True,Gulf Shores,AL,30.2718,-87.708,11689.0,Baldwin
KIH-58,76.66,20.32,2,True,Lincoln,AL,33.5935,-86.1372,6491.0,Talladega
WWH-20,43.1,34.88,0,False,Enterprise,AL,31.3276,-85.8459,38431.0,Coffee
KIH-58,63.27,22.55,1,True,Jacksonville,AL,33.8084,-85.7544,12657.0,Calhoun
KEC-61,76.18,13.3,1,True,Robertsdale,AL,30.5533,-87.706,8629.0,Baldwin
KIH-54,90.53,4.12,1,True,Vestavia Hills,AL,33.4516,-86.7443,34688.0,Jefferson
WXM-32,62.55,24.7,3,True,Valley,AL,32.8088,-85.1771,20441.0,Chambers
WNG-642,86.57,3.57,3,True,Arab,AL,34.3309,-86.499,8300.0,Marshall
KIH-56,60.97,33.52,2,True,Dothan,AL,31.2335,-85.4066,71899.0,Houston
KIH-20,72.55,28.4,1,True,Decatur,AL,34.5733,-86.9919,69660.0,Morgan
KIH-54,82.53,10.3,1,True,Pleasant Grove,AL,33.4936,-86.9782,10177.0,Jefferson
KEC-61,74.94,17.27,1,True,Bay Minette,AL,30.8938,-87.7912,8665.0,Baldwin
KEC-61,74.08,17.54,1,True,Saraland,AL,30.8439,-88.0954,13942.0,Mobile
KIH-54,65.73,14.08,1,True,Leeds,AL,33.5429,-86.5636,11940.0,Jefferson
KEC-61,80.17,13.54,1,True,Chickasaw,AL,30.7715,-88.0794,5908.0,Mobile
KIH-54,85.34,7.45,1,True,Tarrant,AL,33.5941,-86.7684,6268.0,Jefferson
KIH-58,66.75,12.86,1,True,Anniston,AL,33.6713,-85.8137,76350.0,Calhoun
WNG-635,44.91,30.94,0,False,Brent,AL,32.9421,-87.1753,5494.0,Bibb
WWF-66,102.57,0.58,5,True,Cullman,AL,34.1791,-86.8402,19252.0,Cullman
WWF-54,101.3,1.16,3,True,Auburn,AL,32.6084,-85.4897,88379.0,Lee
KIH-54,94.46,2.64,1,True,Birmingham,AL,33.5276,-86.7986,749299.0,Jefferson
KIH-55,83.07,9.68,1,True,Millbrook,AL,32.5033,-86.3729,15413.0,Elmore
KIH-54,79.45,14.75,1,True,Helena,AL,33.2855,-86.8748,18673.0,Shelby
KIH-58,74.26,26.88,2,True,Pell City,AL,33.5609,-86.2669,12055.0,St. Clair
KIH-54,85.34,7.48,1,True,Midfield,AL,33.4552,-86.9226,5171.0,Jefferson
WWF-54,76.3,17.67,1,True,Tuskegee,AL,32.4395,-85.7139,8430.0,Macon
WWF-44,70.52,10.93,1,True,Fort Payne,AL,34.4559,-85.6954,7062.0,DeKalb
WNG-606,70.4,3.77,2,True,Oneonta,AL,33.9385,-86.4936,5482.0,Blount
WXL-72,83.41,9.32,1,True,Demopolis,AL,32.498,-87.8298,6052.0,Marengo
WNG-646,65.29,21.97,1,True,Atmore,AL,31.0927,-87.4763,6453.0,Escambia
WNG-642,77.46,10.12,1,True,Guntersville,AL,34.3674,-86.2634,8437.0,Marshall
KIH-54,61.42,19.02,1,True,Moody,AL,33.5986,-86.4963,12823.0,St. Clair
KIH-58,52.0,39.7,1,True,Attalla,AL,34.0049,-86.104,5865.0,Etowah
KEC-61,52.38,31.18,1,True,Orange Beach,AL,30.2941,-87.5851,5981.0,Baldwin
KIH-20,68.33,23.93,1,True,Athens,AL,34.7846,-86.9516,28938.0,Limestone
KEC-61,62.1,22.52,1,True,Foley,AL,30.3994,-87.6645,31880.0,Baldwin
KIH-20,86.34,6.66,2,True,Huntsville,AL,34.699,-86.6412,307319.0,Madison
WXM-32,88.97,4.89,2,True,Smiths Station,AL,32.5285,-85.096,5341.0,Lee
WNG-646,82.0,6.75,1,True,Brewton,AL,31.1111,-87.0737,6896.0,Escambia
KEC-61,75.67,16.16,1,True,Prichard,AL,30.7735,-88.1301,22185.0,Mobile
KIH-59,75.95,17.63,1,True,Andalusia,AL,31.3101,-86.4781,6619.0,Covington
KIH-54,92.11,3.42,1,True,Mountain Brook,AL,33.4871,-86.7401,20590.0,Jefferson
KEC-61,96.29,2.12,1,True,Daphne,AL,30.6291,-87.8872,68940.0,Baldwin
KIH-59,66.17,30.32,2,True,Troy,AL,31.8021,-85.9665,16918.0,Pike
KIH-54,54.62,36.93,1,True,Jasper,AL,33.8514,-87.2719,13812.0,Walker
KIH-56,63.82,21.3,1,True,Eufaula,AL,31.9102,-85.1505,8988.0,Barbour
KIH-54,61.32,12.32,1,True,Gardendale,AL,33.6677,-86.8069,13783.0,Jefferson
WNG-642,68.92,14.18,3,True,Albertville,AL,34.2631,-86.2106,37451.0,Marshall
KIH-20,79.5,13.07,1,True,Madison,AL,34.7113,-86.7617,47959.0,Madison
WNG-607,82.33,5.76,2,True,Greenville,AL,31.8437,-86.6379,5763.0,Butler
KIH-54,85.94,6.99,2,True,Fairfield,AL,33.4747,-86.9194,10807.0,Jefferson
KIH-56,73.72,22.32,1,True,Ozark,AL,31.4508,-85.6473,11826.0,Dale
KIH-54,72.86,13.63,1,True,Hueytown,AL,33.4237,-87.0223,15561.0,Jefferson
KIH-58,50.47,31.24,1,True,Southside,AL,33.9007,-86.0237,8600.0,Etowah
KIH-54,83.82,8.88,1,True,Irondale,AL,33.544,-86.6599,12359.0,Jefferson
KIH-54,65.25,14.99,2,True,Chelsea,AL,33.3258,-86.6287,12341.0,Shelby
KIH-58,63.09,53.08,4,True,Boaz,AL,34.1985,-86.1529,9710.0,Marshall
WWF-44,80.92,12.44,2,True,Rainsville,AL,34.4939,-85.8435,5015.0,DeKalb
KIH-57,77.16,17.56,1,True,Florence,AL,34.83,-87.6658,78321.0,Lauderdale
KIH-54,77.76,8.86,1,True,Fultondale,AL,33.6177,-86.8015,9084.0,Jefferson
WNG-694,85.43,4.03,2,True,Springdale,AR,36.1897,-94.1574,78557.0,Washington
WXL-66,52.9,37.53,1,True,Batesville,AR,35.7687,-91.6226,12065.0,Independence
WWF-96,68.92,20.86,1,True,Clarksville,AR,35.4567,-93.4808,7589.0,Johnson
WNG-694,64.15,18.69,3,True,Pea Ridge,AR,36.449,-94.1212,5401.0,Benton
WNG-694,70.06,16.82,2,True,Centerton,AR,36.3551,-94.296,12861.0,Benton
WXJ-55,53.52,58.04,2,True,Stuttgart,AR,34.4958,-91.5483,8855.0,Arkansas
WXK-49,72.3,20.83,1,True,West Memphis,AR,35.1531,-90.1995,25284.0,Crittenden
WXK-49,53.9,36.62,2,True,Osceola,AR,35.6947,-89.993,7563.0,Mississippi
KXI-96,63.88,30.12,2,True,Beebe,AR,35.0713,-91.9002,7453.0,White
WXJ-48,79.19,15.19,3,True,Arkadelphia,AR,34.1245,-93.0719,10568.0,Clark
WNG-694,56.84,22.32,4,True,Bella Vista,AR,36.4667,-94.2708,28406.0,Benton
WXJ-50,82.08,10.91,2,True,Van Buren,AR,35.4479,-94.3525,23367.0,Crawford
KGG-86,61.58,23.79,2,True,Monticello,AR,33.6254,-91.7935,9791.0,Drew
WXJ-51,85.13,7.67,1,True,Jonesboro,AR,35.8211,-90.6793,72838.0,Craighead
WNG-694,76.68,10.16,3,True,Rogers,AR,36.3172,-94.1515,65021.0,Benton
WXL-66,67.93,25.96,2,True,Heber Springs,AR,35.5003,-92.0339,6292.0,Cleburne
WXJ-55,67.81,14.95,1,True,North Little Rock,AR,34.7813,-92.2378,66278.0,Pulaski
WWH-30,60.13,27.48,1,True,Blytheville,AR,35.9326,-89.9053,16766.0,Mississippi
WXJ-48,36.87,40.53,0,False,Hot Springs,AR,34.4915,-93.0488,57744.0,Garland
WXJ-48,55.78,28.03,1,True,Camden,AR,33.5672,-92.8466,10498.0,Ouachita
WXJ-52,65.4,37.99,3,True,Siloam Springs,AR,36.1838,-94.5319,21136.0,Benton
WXJ-55,86.17,6.8,1,True,Maumelle,AR,34.8525,-92.3994,18122.0,Pulaski
WNG-643,72.07,21.13,2,True,Helena-West Helena,AR,34.5311,-90.6202,9980.0,Phillips
KXI-96,73.91,15.27,1,True,Searcy,AR,35.2419,-91.7351,27637.0,White
WNG-725,72.5,12.92,1,True,El Dorado,AR,33.2182,-92.6641,18396.0,Union
WXJ-55,83.23,9.54,1,True,Little Rock,AR,34.7255,-92.3584,442554.0,Pulaski
WXJ-55,78.43,15.9,1,True,Benton,AR,34.5769,-92.5716,35775.0,Saline
KGG-86,74.96,12.09,2,True,Crossett,AR,33.1284,-91.9631,7295.0,Ashley
WXK-49,72.42,21.16,1,True,Marion,AR,35.2039,-90.2059,12362.0,Crittenden
KXI-96,70.2,23.53,2,True,Newport,AR,35.6243,-91.2319,6190.0,Jackson
WNG-694,78.83,6.43,2,True,Lowell,AR,36.2563,-94.152,8922.0,Benton
KXI-96,52.41,42.72,1,True,Wynne,AR,35.2324,-90.7897,7455.0,Cross
WXJ-55,77.23,17.24,1,True,Sherwood,AR,34.8509,-92.2029,30657.0,Pulaski
WNG-643,59.62,29.84,2,True,Forrest City,AR,35.0101,-90.7875,12896.0,St. Francis
WNG-694,69.21,13.61,2,True,Farmington,AR,36.037,-94.2537,6804.0,Washington
WXJ-52,76.25,19.33,2,True,Fayetteville,AR,36.0713,-94.166,336152.0,Washington
WXJ-55,75.19,19.15,2,True,Conway,AR,35.0754,-92.4696,72360.0,Faulkner
WXN-92,86.1,6.84,2,True,Harrison,AR,36.2438,-93.1198,14194.0,Boone
KXI-97,77.3,10.3,2,True,Mena,AR,34.5811,-94.2373,5407.0,Polk
WXJ-48,63.88,32.05,2,True,Hope,AR,33.6677,-93.5908,9789.0,Hempstead
WXJ-54,67.46,19.54,2,True,Pine Bluff,AR,34.2119,-92.0174,47784.0,Jefferson
WXJ-50,71.26,14.5,1,True,Alma,AR,35.4914,-94.2183,5672.0,Crawford
WXJ-65,60.22,28.83,2,True,De Queen,AR,34.0428,-94.3423,6182.0,Sevier
WWG-54,75.96,13.29,2,True,Mountain Home,AR,36.3345,-92.3845,14082.0,Baxter
WXJ-48,47.75,43.98,0,False,Magnolia,AR,33.2777,-93.2261,10460.0,Columbia
WXJ-50,70.2,6.71,2,True,Greenwood,AR,35.2135,-94.2411,9013.0,Sebastian
WXJ-54,62.6,25.49,2,True,White Hall,AR,34.2735,-92.1004,5079.0,Jefferson
WXJ-48,56.28,36.07,2,True,Malvern,AR,34.369,-92.8186,11861.0,Hot Spring
KGG-86,65.92,24.8,2,True,Warren,AR,33.6113,-92.0675,5563.0,Bradley
KXI-91,89.84,1.53,3,True,Morrilton,AR,35.1555,-92.7387,6230.0,Conway
WXJ-51,72.5,27.23,1,True,Pocahontas,AR,36.2636,-90.9698,5731.0,Randolph
WXJ-55,80.66,12.8,1,True,Bryant,AR,34.6144,-92.4903,20005.0,Saline
WXJ-51,76.93,15.88,1,True,Walnut Ridge,AR,36.0843,-90.9465,6065.0,Lawrence
WXJ-50,84.53,5.18,2,True,Fort Smith,AR,35.3494,-94.3695,125699.0,Sebastian
WWF-96,79.9,7.66,1,True,Russellville,AR,35.2761,-93.1385,34684.0,Pope
WXJ-51,73.98,20.97,1,True,Trumann,AR,35.6763,-90.5229,6982.0,Poinsett
WNG-694,69.87,14.63,2,True,Bentonville,AR,36.3579,-94.2286,47093.0,Benton
WXJ-55,67.64,29.49,2,True,Cabot,AR,34.9765,-92.0268,25797.0,Lonoke
WXJ-55,71.8,21.72,1,True,Jacksonville,AR,34.8805,-92.1303,28518.0,Pulaski
WXJ-51,71.39,17.75,1,True,Paragould,AR,36.0561,-90.5149,26617.0,Greene
WXJ-49,90.27,4.22,2,True,Texarkana,AR,33.4365,-93.9961,30283.0,Miller
KIG-60,56.72,27.22,1,True,Barre,VT,44.1997,-72.5083,20857.0,Washington
KIG-60,74.56,18.28,1,True,Winooski,VT,44.4951,-73.1842,7128.0,Chittenden
KIG-60,38.31,21.68,0,False,Montpelier,VT,44.2658,-72.5717,7535.0,Washington
KIG-60,57.11,20.65,1,True,Burlington,VT,44.4877,-73.2314,108331.0,Chittenden
KIG-60,47.02,23.72,0,False,Saint Albans,VT,44.8119,-73.0846,8888.0,Franklin
KIG-60,60.54,20.43,1,True,South Burlington,VT,44.4622,-73.2203,18971.0,Chittenden
KIG-60,76.32,14.91,1,True,Essex Junction,VT,44.4903,-73.114,10412.0,Chittenden
WNG-671,68.06,7.3,1,True,Rutland,VT,43.6091,-72.9782,18765.0,Rutland
WXM-44,72.24,21.38,1,True,Bellows Falls,VT,43.1344,-72.455,5473.0,Windham
KDO-89,71.3,24.12,2,True,East Alton,IL,38.8837,-90.1077,6141.0,Madison
KZZ-81,92.77,3.16,3,True,Homer Glen,IL,41.6043,-87.9495,24481.0,Will
KDO-89,77.21,19.1,2,True,Waterloo,IL,38.3403,-90.1538,10090.0,Monroe
KWO-39,76.77,14.2,2,True,Chicago Ridge,IL,41.7034,-87.7795,14236.0,Cook
KWO-39,62.5,32.95,3,True,Libertyville,IL,42.287,-87.9671,20405.0,Lake
KXI-58,66.78,19.17,3,True,Elburn,IL,41.8838,-88.4615,5757.0,Kane
KZZ-81,75.93,9.84,2,True,Willow Springs,IL,41.7351,-87.8836,5648.0,Cook
KZZ-81,84.52,8.2,3,True,New Lenox,IL,41.5089,-87.9697,26217.0,Will
KWO-39,78.53,11.54,2,True,Burbank,IL,41.7444,-87.7686,28886.0,Cook
KXI-41,80.56,7.09,2,True,Algonquin,IL,42.1629,-88.3158,30947.0,McHenry
KWO-39,71.16,27.14,4,True,Hanover Park,IL,41.9819,-88.1447,38044.0,DuPage
KZZ-81,94.05,2.74,3,True,Lockport,IL,41.5897,-88.029,25231.0,Will
WXK-82,78.69,14.18,1,True,Quincy,IL,39.9335,-91.3796,45113.0,Adams
KWO-39,74.34,18.75,2,True,Harvey,IL,41.6076,-87.6521,24947.0,Cook
KWO-39,74.03,19.48,2,True,South Holland,IL,41.5977,-87.6022,21817.0,Cook
KWO-39,79.16,10.75,2,True,Maywood,IL,41.8798,-87.8442,23756.0,Cook
KZZ-81,82.89,9.13,3,True,Mokena,IL,41.5324,-87.8779,20097.0,Will
KWO-39,69.93,29.08,2,True,Long Grove,IL,42.197,-88.0059,8147.0,Lake
KWO-39,73.63,20.38,3,True,Elk Grove Village,IL,42.0061,-87.9929,32931.0,Cook
KZZ-81,77.69,12.28,2,True,Countryside,IL,41.7741,-87.8752,5947.0,Cook
KWO-39,83.17,6.8,2,True,Cicero,IL,41.8445,-87.7593,82992.0,Cook
WXJ-71,84.58,8.13,2,True,Peoria Heights,IL,40.7466,-89.5701,5936.0,Peoria
KXI-58,77.52,9.33,3,True,Montgomery,IL,41.7237,-88.363,19523.0,Kane
KWO-39,74.0,19.54,2,True,Addison,IL,41.9314,-88.0086,36902.0,DuPage
WXM-49,62.54,28.94,1,True,Harrisburg,IL,37.7373,-88.5457,9246.0,Saline
KWO-39,75.43,16.51,2,True,Oak Brook,IL,41.8373,-87.9512,8070.0,DuPage
KXI-46,62.93,24.72,3,True,Vandalia,IL,38.9754,-89.1117,7320.0,Fayette
WXK-24,75.85,11.67,3,True,Dwight,IL,41.0985,-88.4238,5066.0,Livingston
KWO-39,80.22,9.54,2,True,River Forest,IL,41.895,-87.8194,11088.0,Cook
WXJ-73,89.19,4.78,1,True,Milan,IL,41.4417,-90.5597,5038.0,Rock Island
KZZ-81,79.79,12.55,3,True,Frankfort,IL,41.4913,-87.8395,18857.0,Will
KWO-39,78.21,11.98,1,True,Evanston,IL,42.0463,-87.6942,74895.0,Cook
WXJ-75,74.24,15.38,1,True,Chatham,IL,39.6714,-89.6962,12453.0,Sangamon
KXI-70,74.58,10.43,2,True,Godfrey,IL,38.9582,-90.2158,17733.0,Madison
KZZ-56,81.66,5.3,2,True,Freeport,IL,42.2895,-89.6354,24717.0,Stephenson
KZZ-65,56.12,23.05,1,True,Clinton,IL,40.1469,-88.9635,8395.0,De Witt
KWO-39,72.47,23.29,3,True,Arlington Heights,IL,42.0955,-87.9825,75525.0,Cook
KWO-39,72.71,22.72,2,True,Deerfield,IL,42.1655,-87.8515,19000.0,Lake
KWO-39,74.03,19.46,2,True,Markham,IL,41.6,-87.6905,12565.0,Cook
KXI-47,58.3,25.9,2,True,Charleston,IL,39.4845,-88.1779,21105.0,Coles
KZZ-81,73.74,19.44,3,True,Channahon,IL,41.4202,-88.2623,12600.0,Will
KWO-39,77.04,13.74,2,True,Hillside,IL,41.8674,-87.9019,8081.0,Cook
WXL-22,68.23,20.82,2,True,Spring Valley,IL,41.3358,-89.2034,5262.0,Bureau
KWO-39,88.06,3.87,2,True,Chicago,IL,41.8373,-87.6861,8639278.0,Cook
WNG-536,93.39,1.62,2,True,DeKalb,IL,41.9299,-88.7478,67501.0,DeKalb
KZZ-57,69.45,25.86,3,True,Marengo,IL,42.2311,-88.6156,7525.0,McHenry
KWO-39,68.32,26.3,2,True,Lincolnshire,IL,42.1961,-87.9179,7262.0,Lake
KWO-39,74.99,17.44,2,True,Posen,IL,41.6291,-87.6858,5929.0,Cook
WXM-49,63.33,31.88,3,True,Benton,IL,38.011,-88.9179,7671.0,Franklin
KDO-89,72.94,23.8,2,True,Wood River,IL,38.8633,-90.0774,10251.0,Madison
WXM-49,80.17,13.55,2,True,Anna,IL,37.4612,-89.2388,5841.0,Union
WXM-49,68.38,24.2,1,True,West Frankfort,IL,37.8997,-88.9302,8756.0,Franklin
KXI-41,67.88,10.16,1,True,Carpentersville,IL,42.1227,-88.2894,38291.0,Kane
KXI-47,51.68,35.68,1,True,Mattoon,IL,39.4774,-88.3623,18438.0,Coles
WXJ-71,83.94,8.77,2,True,Washington,IL,40.7039,-89.4349,16851.0,Tazewell
WXJ-75,66.91,19.43,2,True,Taylorville,IL,39.5328,-89.2804,13138.0,Christian
KWO-39,67.97,39.52,3,True,Beach Park,IL,42.4261,-87.8584,13913.0,Lake
KWO-39,76.54,14.55,2,True,Hickory Hills,IL,41.7248,-87.8281,13992.0,Cook
KXI-41,64.64,15.4,4,True,Elgin,IL,42.0385,-88.3227,112123.0,Kane
KWO-39,71.9,24.93,3,True,Lynwood,IL,41.5233,-87.5507,9159.0,Cook
KWO-39,81.31,8.37,2,True,Berwyn,IL,41.8433,-87.7909,55748.0,Cook
KXI-58,51.07,33.89,1,True,Mendota,IL,41.5552,-89.1046,6986.0,LaSalle
KZZ-81,91.53,3.29,3,True,Lemont,IL,41.6697,-87.9831,16895.0,Cook
KXI-58,65.46,16.07,3,True,Morris,IL,41.3744,-88.43,16656.0,Grundy
KWO-39,73.87,19.82,2,True,Oak Forest,IL,41.6055,-87.7527,27792.0,Cook
KWO-39,73.27,21.29,2,True,Hazel Crest,IL,41.5732,-87.6899,13892.0,Cook
KZZ-81,77.6,11.93,3,True,Naperville,IL,41.7483,-88.1656,147122.0,DuPage
KDO-89,79.27,15.04,1,True,Granite City,IL,38.7296,-90.1263,28908.0,Madison
KXI-70,86.73,3.48,3,True,Jerseyville,IL,39.118,-90.3276,8852.0,Jersey
WXJ-71,83.88,8.82,1,True,Peoria,IL,40.7518,-89.6153,265218.0,Peoria
WNG-536,72.43,6.3,1,True,Sycamore,IL,41.9955,-88.6816,17867.0,DeKalb
KXI-41,90.33,2.3,2,True,Crystal Lake,IL,42.233,-88.3352,40339.0,McHenry
KDO-89,75.94,22.13,2,True,Maryville,IL,38.7264,-89.9643,7904.0,Madison
KDO-89,77.98,17.48,1,True,Pontoon Beach,IL,38.7209,-90.0598,5609.0,Madison
KDO-89,73.1,19.06,1,True,Belleville,IL,38.515,-89.9865,41906.0,St. Clair
WXM-49,63.97,32.78,3,True,Du Quoin,IL,38.0019,-89.2323,6191.0,Perry
WXM-49,44.08,41.13,0,False,Pinckneyville,IL,38.0851,-89.3718,5425.0,Perry
KXI-79,75.75,8.04,2,True,Hillsboro,IL,39.167,-89.4735,7102.0,Montgomery
KWO-39,75.31,16.8,2,True,Bensenville,IL,41.9595,-87.9435,18355.0,DuPage
KXI-49,78.82,15.88,2,True,Mount Vernon,IL,38.3144,-88.9173,15861.0,Jefferson
KWO-39,79.06,10.89,2,True,River Grove,IL,41.9243,-87.8379,10134.0,Cook
KWO-39,76.77,14.15,2,True,Park Ridge,IL,42.0125,-87.8436,37496.0,Cook
WXM-49,57.8,32.64,2,True,Metropolis,IL,37.1566,-88.7083,6349.0,Massac
KDO-89,82.42,10.43,1,True,Columbia,IL,38.4581,-90.2157,10273.0,Monroe
KZZ-81,80.0,10.05,2,True,Willowbrook,IL,41.7635,-87.9456,8543.0,DuPage
KWO-39,76.4,14.8,2,True,Calumet Park,IL,41.665,-87.6578,7787.0,Cook
KXI-49,82.07,10.88,1,True,Centralia,IL,38.5222,-89.1233,16685.0,Marion
KZZ-66,85.57,4.0,1,True,Galesburg,IL,40.9506,-90.3763,34620.0,Knox
KWO-39,71.2,27.01,3,True,Sauk Village,IL,41.4907,-87.5702,10438.0,Cook
KWO-39,66.75,33.14,2,True,Mundelein,IL,42.2692,-88.0102,31475.0,Lake
WXJ-73,79.98,8.55,1,True,Silvis,IL,41.4978,-90.4101,7586.0,Rock Island
KWO-39,74.66,18.09,2,True,Midlothian,IL,41.6254,-87.7243,14699.0,Cook
KZZ-81,64.1,27.87,3,True,Coal City,IL,41.278,-88.2791,5434.0,Grundy
KWO-39,79.26,10.65,2,True,Harwood Heights,IL,41.9663,-87.8057,8549.0,Cook
KWO-39,77.0,13.79,2,True,Morton Grove,IL,42.0423,-87.789,23227.0,Cook
KXI-49,62.46,32.72,1,True,Breese,IL,38.6138,-89.5231,5889.0,Clinton
KWO-39,77.12,13.6,2,True,Justice,IL,41.7495,-87.8345,12844.0,Cook
KWO-39,72.9,22.18,3,True,Lansing,IL,41.5646,-87.5459,28086.0,Cook
KZZ-81,72.79,12.37,3,True,Lisle,IL,41.7925,-88.0881,22930.0,DuPage
KDO-89,81.09,12.18,1,True,Centreville,IL,38.58,-90.1037,5035.0,St. Clair
KWO-39,74.51,18.38,3,True,Westmont,IL,41.7948,-87.9742,24767.0,DuPage
KWO-39,78.3,11.89,2,True,Melrose Park,IL,41.9029,-87.8642,25229.0,Cook
KZZ-81,78.7,11.45,3,True,Plainfield,IL,41.6202,-88.2258,42933.0,Will
KWO-39,78.62,11.45,2,True,Broadview,IL,41.8584,-87.8562,7823.0,Cook
KZZ-81,76.21,10.46,3,True,Joliet,IL,41.5201,-88.1503,148262.0,Will
WXM-49,79.52,14.6,2,True,Carterville,IL,37.763,-89.0839,5843.0,Williamson
KWO-39,72.97,21.59,2,True,Prospect Heights,IL,42.1039,-87.9267,16242.0,Cook
WXJ-71,87.94,5.51,2,True,Morton,IL,40.6137,-89.4668,16287.0,Tazewell
KWO-39,78.58,11.52,2,True,Brookfield,IL,41.8245,-87.847,18753.0,Cook
KXI-41,77.64,9.86,2,True,Lakemoor,IL,42.3398,-88.203,5982.0,McHenry
KXI-58,74.67,14.0,4,True,Minooka,IL,41.4507,-88.2792,11254.0,Grundy
KXI-41,60.5,20.39,3,True,Lindenhurst,IL,42.4179,-88.0257,14372.0,Lake
KDO-89,75.42,23.51,2,True,Edwardsville,IL,38.7925,-89.9884,25071.0,Madison
KWO-39,75.18,17.03,2,True,Glenview,IL,42.0825,-87.8215,47475.0,Cook
KWO-39,74.96,17.47,3,True,Clarendon Hills,IL,41.7981,-87.9569,8653.0,DuPage
WXL-22,61.43,24.45,2,True,Peru,IL,41.348,-89.1352,30795.0,LaSalle
KWO-39,64.56,29.71,2,True,Vernon Hills,IL,42.2342,-87.9608,26328.0,Lake
WXK-24,74.42,15.17,1,True,Streator,IL,41.125,-88.8303,17067.0,LaSalle
KWO-39,72.27,23.85,4,True,Bloomingdale,IL,41.9497,-88.0892,22075.0,DuPage
KZZ-65,85.57,3.99,2,True,Normal,IL,40.522,-88.9877,54264.0,McLean
KDO-89,66.26,18.71,1,True,Collinsville,IL,38.6768,-90.0053,24635.0,Madison
KWO-39,68.47,32.43,3,True,Monee,IL,41.4172,-87.7504,5077.0,Will
KWO-39,72.16,24.18,3,True,Rolling Meadows,IL,42.0747,-88.0252,24021.0,Cook
KXI-79,72.29,15.05,1,True,Litchfield,IL,39.1963,-89.6288,6829.0,Montgomery
KWO-39,81.5,8.22,2,True,Stickney,IL,41.8183,-87.773,6722.0,Cook
KWO-39,74.99,17.39,2,True,Dolton,IL,41.6284,-87.5979,22891.0,Cook
KWO-39,74.34,18.77,2,True,Wood Dale,IL,41.9665,-87.9808,13813.0,DuPage
KZZ-27,57.37,22.63,2,True,Danville,IL,40.1422,-87.6113,48785.0,Vermilion
KWO-39,59.84,37.4,3,True,Gurnee,IL,42.3707,-87.9391,30957.0,Lake
KZZ-57,80.21,5.85,1,True,Rockton,IL,42.45,-89.0631,7499.0,Winnebago
KXI-41,65.9,20.99,3,True,Antioch,IL,42.4744,-88.072,14274.0,Lake
KWO-39,78.81,11.17,2,True,Summit,IL,41.7877,-87.8146,11314.0,Cook
KXI-41,74.22,14.76,3,True,Lake Zurich,IL,42.1958,-88.0872,19967.0,Lake
KWO-39,72.45,23.34,2,True,Glenwood,IL,41.5412,-87.6119,8911.0,Cook
WXL-22,56.08,27.75,2,True,La Salle,IL,41.3576,-89.0727,9203.0,LaSalle
KXI-46,42.01,32.81,0,False,Mount Zion,IL,39.7792,-88.8828,5855.0,Macon
KWO-39,75.12,17.14,1,True,Northfield,IL,42.1025,-87.7791,5456.0,Cook
KZZ-81,80.9,7.45,2,True,Orland Park,IL,41.6075,-87.8618,58862.0,Cook
WWG-83,66.17,23.99,2,True,Lawrenceville,IL,38.7263,-87.6874,7218.0,Lawrence
KWO-39,77.95,12.4,2,True,Bellwood,IL,41.8829,-87.8762,19107.0,Cook
KWO-39,75.77,15.89,2,True,Elmhurst,IL,41.8973,-87.9432,46387.0,DuPage
KWO-39,80.4,9.31,2,True,Forest Park,IL,41.8683,-87.8157,13982.0,Cook
KXI-41,79.09,8.4,2,True,Island Lake,IL,42.2783,-88.2001,8077.0,Lake
KWO-39,79.89,9.91,2,True,Riverside,IL,41.831,-87.8169,8748.0,Cook
KZZ-58,73.26,9.67,4,True,Bourbonnais,IL,41.1831,-87.8781,18499.0,Kankakee
WXJ-76,78.22,11.44,1,True,Saint Joseph,IL,40.1139,-88.0353,5076.0,Champaign
KXI-41,70.46,14.35,2,True,Round Lake,IL,42.3439,-88.1059,18375.0,Lake
KWO-39,72.36,23.6,2,True,Flossmoor,IL,41.5391,-87.6857,9362.0,Cook
KWO-39,76.08,15.33,2,True,Alsip,IL,41.6701,-87.7368,19158.0,Cook
KWO-39,64.39,29.56,3,True,Streamwood,IL,42.0209,-88.1778,40166.0,Cook
KZZ-81,68.3,16.48,3,True,Warrenville,IL,41.821,-88.1856,13246.0,DuPage
KXI-58,81.69,6.23,2,True,Plano,IL,41.6758,-88.5295,11358.0,Kendall
KXI-58,87.04,3.37,3,True,Yorkville,IL,41.6551,-88.4509,18833.0,Kendall
KZZ-55,77.92,8.2,1,True,Sterling,IL,41.7997,-89.6952,27961.0,Whiteside
KWO-39,73.98,19.58,3,True,Lombard,IL,41.8739,-88.0158,43815.0,DuPage
KXI-58,78.47,9.03,2,True,Sandwich,IL,41.6496,-88.6175,7358.0,DeKalb
KDO-89,71.2,25.44,1,True,Troy,IL,38.727,-89.8967,10093.0,Madison
WXJ-76,97.38,1.84,1,True,Savoy,IL,40.06,-88.2552,8177.0,Champaign
KZZ-81,79.9,8.74,2,True,Orland Hills,IL,41.5905,-87.8413,7184.0,Cook
KDO-89,81.97,11.0,1,True,East Saint Louis,IL,38.6156,-90.1305,26922.0,St. Clair
KDO-89,75.87,18.69,1,True,Swansea,IL,38.5502,-89.9854,13500.0,St. Clair
WXJ-71,75.29,20.1,1,True,Chillicothe,IL,40.9152,-89.5018,6206.0,Peoria
KWO-39,77.52,13.02,2,True,Bridgeview,IL,41.7402,-87.8067,16248.0,Cook
KZZ-81,60.69,22.27,3,True,Wilmington,IL,41.3197,-88.1434,5691.0,Will
KWO-39,75.8,15.87,2,True,Palos Hills,IL,41.6986,-87.8266,17410.0,Cook
WXJ-73,67.25,22.14,1,True,Geneseo,IL,41.4508,-90.154,6471.0,Henry
WXJ-73,88.23,4.68,1,True,Moline,IL,41.4825,-90.4917,42250.0,Rock Island
KXI-41,64.62,11.48,2,True,West Dundee,IL,42.0984,-88.3072,7361.0,Kane
WXM-49,78.12,15.8,2,True,Carbondale,IL,37.7219,-89.2237,68540.0,Jackson
KWO-39,64.29,30.24,4,True,Bartlett,IL,41.9804,-88.2074,41178.0,Cook
KWO-39,63.92,30.37,4,True,West Chicago,IL,41.8958,-88.2252,27221.0,DuPage
WXJ-76,71.21,15.79,1,True,Rantoul,IL,40.3032,-88.1551,13934.0,Champaign
WXJ-75,81.93,11.06,1,True,Springfield,IL,39.7713,-89.6538,160570.0,Sangamon
KWO-39,59.58,34.87,4,True,Saint Charles,IL,41.9192,-88.3111,32717.0,Kane
KZZ-57,87.74,5.67,2,True,Roscoe,IL,42.4252,-89.0084,10521.0,Winnebago
WXJ-71,88.54,5.16,1,True,Pekin,IL,40.5677,-89.6264,33038.0,Tazewell
KWO-39,68.23,25.64,4,True,Carol Stream,IL,41.9183,-88.1309,40069.0,DuPage
KWO-39,77.32,13.29,2,True,Westchester,IL,41.8492,-87.8906,16563.0,Cook
KWO-39,69.56,32.77,2,True,Hawthorn Woods,IL,42.2315,-88.0622,8164.0,Lake
KWO-39,60.16,35.26,3,True,Park City,IL,42.3521,-87.8917,7350.0,Lake
KXI-41,77.66,7.76,2,True,Huntley,IL,42.16,-88.433,26611.0,McHenry
KWO-39,75.73,15.97,2,True,Hinsdale,IL,41.8005,-87.9273,17631.0,DuPage
KWO-39,79.36,10.52,2,True,Lyons,IL,41.8121,-87.8192,10621.0,Cook
KWO-39,78.12,12.13,2,True,Skokie,IL,42.036,-87.74,64270.0,Cook
KXI-41,65.59,14.86,1,True,Spring Grove,IL,42.4547,-88.2404,5674.0,McHenry
KWO-39,76.81,14.1,2,True,Northlake,IL,41.9143,-87.9053,12391.0,Cook
WXJ-71,64.88,25.13,1,True,Canton,IL,40.5631,-90.0411,14203.0,Fulton
KXI-41,77.2,10.42,1,True,Johnsburg,IL,42.384,-88.2475,6264.0,McHenry
KWO-39,77.08,13.67,2,True,Niles,IL,42.0278,-87.8099,29617.0,Cook
KXI-58,61.89,26.12,3,True,Braidwood,IL,41.2696,-88.2233,22563.0,Will
KZZ-57,63.25,18.85,3,True,Byron,IL,42.1273,-89.2622,6815.0,Ogle
KDO-89,84.45,8.25,1,True,Cahokia,IL,38.5651,-90.1776,14260.0,St. Clair
KWO-39,81.77,7.98,2,True,Oak Park,IL,41.8872,-87.7899,51774.0,Cook
KZZ-55,76.22,7.53,1,True,Dixon,IL,41.8436,-89.4786,16216.0,Lee
WXJ-73,79.68,9.68,1,True,East Moline,IL,41.5198,-90.3878,21135.0,Rock Island
KZZ-57,80.2,8.54,2,True,South Beloit,IL,42.4821,-89.0249,7652.0,Winnebago
WXJ-76,63.06,17.53,1,True,Monticello,IL,40.0338,-88.5729,5446.0,Piatt
WXM-49,78.39,16.67,1,True,Herrin,IL,37.7984,-89.0304,12950.0,Williamson
KXI-52,48.65,20.38,0,False,Carmi,IL,38.0857,-88.1727,5424.0,White
KXI-48,66.16,21.38,3,True,Effingham,IL,39.12,-88.5509,14166.0,Effingham
KWO-39,69.47,27.88,2,True,Richton Park,IL,41.4821,-87.7353,13557.0,Cook
KZZ-57,92.94,3.08,2,True,Machesney Park,IL,42.3666,-89.0266,22873.0,Winnebago
KZZ-81,82.39,6.79,3,True,Bolingbrook,IL,41.6911,-88.1012,74518.0,Will
KWO-39,72.66,22.84,1,True,Highland Park,IL,42.1825,-87.8105,29641.0,Lake
KWO-39,75.21,17.0,2,True,Palos Heights,IL,41.6637,-87.7959,12438.0,Cook
KXI-58,61.31,18.33,4,True,Batavia,IL,41.849,-88.3089,26391.0,Kane
KWO-39,72.92,22.12,3,True,Homewood,IL,41.5591,-87.661,19175.0,Cook
WXK-24,53.05,27.71,1,True,Ottawa,IL,41.3528,-88.8319,20087.0,LaSalle
KZZ-81,75.55,11.04,2,True,Tinley Park,IL,41.5671,-87.8049,56831.0,Cook
KDO-89,69.27,22.38,1,True,Shiloh,IL,38.554,-89.9163,13011.0,St. Clair
KZZ-57,88.75,5.03,3,True,Loves Park,IL,42.3365,-88.9976,23413.0,Winnebago
KWO-39,64.75,30.03,3,True,Lake Bluff,IL,42.2826,-87.851,5672.0,Lake
KWO-39,67.56,36.03,3,True,Waukegan,IL,42.3697,-87.8716,88182.0,Lake
KWO-39,71.71,25.46,2,True,Chicago Heights,IL,41.5101,-87.6347,30026.0,Cook
KXI-41,60.29,18.74,4,True,South Elgin,IL,41.9907,-88.3133,22433.0,Kane
KXI-46,78.78,8.68,1,True,Pana,IL,39.3828,-89.0642,5655.0,Christian
WXM-49,80.88,12.22,1,True,Marion,IL,37.717,-88.9274,17826.0,Williamson
KWO-39,73.44,20.83,2,True,Itasca,IL,41.9773,-88.0181,8728.0,DuPage
KZZ-55,73.55,9.71,1,True,Rock Falls,IL,41.7733,-89.6932,8993.0,Whiteside
KZZ-81,74.07,11.76,3,True,Downers Grove,IL,41.7947,-88.017,49473.0,DuPage
WXK-24,83.92,7.56,1,True,Pontiac,IL,40.8881,-88.6415,12215.0,Livingston
WXJ-73,93.86,2.8,1,True,Rock Island,IL,41.4699,-90.5827,38210.0,Rock Island
KWO-39,71.05,27.55,2,True,Park Forest,IL,41.4817,-87.6867,21785.0,Cook
KDO-89,62.5,28.66,1,True,Mascoutah,IL,38.5191,-89.8045,7840.0,St. Clair
KWO-39,77.36,13.24,2,True,Schiller Park,IL,41.9586,-87.8693,11692.0,Cook
KWO-39,77.36,13.25,2,True,La Grange,IL,41.8072,-87.8741,15610.0,Cook
KWO-39,71.77,25.33,3,True,Schaumburg,IL,42.0307,-88.0838,74446.0,Cook
KXI-41,81.27,6.53,2,True,McHenry,IL,42.3388,-88.2932,26611.0,McHenry
KWO-39,75.34,16.7,2,True,Robbins,IL,41.6431,-87.708,5460.0,Cook
WXL-22,77.9,9.61,1,True,Princeton,IL,41.3815,-89.4649,7978.0,Bureau
KWO-39,73.73,20.13,2,True,Northbrook,IL,42.1292,-87.8352,33421.0,Cook
KXI-49,87.1,6.07,1,True,Salem,IL,38.6278,-88.9582,8029.0,Marion
WNG-536,57.24,14.77,2,True,Rochelle,IL,41.9199,-89.0634,10930.0,Ogle
KZZ-81,81.85,8.0,3,True,Woodridge,IL,41.7372,-88.041,33476.0,DuPage
KWO-39,77.6,12.89,2,True,Oak Lawn,IL,41.7139,-87.7528,56257.0,Cook
KWO-39,70.87,28.09,3,True,Steger,IL,41.4723,-87.6176,9456.0,Cook
KXI-58,79.55,7.94,3,True,Oswego,IL,41.6832,-88.3382,34571.0,Kendall
KWO-39,76.58,14.51,2,True,Wilmette,IL,42.077,-87.7282,27219.0,Cook
WXJ-76,95.33,2.37,1,True,Champaign,IL,40.1148,-88.2731,155368.0,Champaign
KWO-39,76.73,14.22,2,True,Berkeley,IL,41.8891,-87.9114,5148.0,Cook
KWO-39,70.27,30.18,4,True,University Park,IL,41.446,-87.7154,7052.0,Cook
KWO-39,59.32,40.47,5,True,Campton Hills,IL,41.95,-88.4166,11310.0,Kane
KZZ-58,78.46,7.58,2,True,Bradley,IL,41.1634,-87.8466,15471.0,Kankakee
WXJ-73,73.39,12.23,1,True,Colona,IL,41.468,-90.3448,5086.0,Henry
KWO-39,72.97,22.02,3,True,Glen Ellyn,IL,41.8669,-88.063,28042.0,DuPage
KWO-39,75.37,16.67,2,True,Winnetka,IL,42.1065,-87.7421,12417.0,Cook
KXI-79,53.45,22.43,3,True,Gillespie,IL,39.1258,-89.8173,5167.0,Macoupin
WXM-49,70.86,22.3,1,True,Murphysboro,IL,37.7679,-89.3321,9315.0,Jackson
WXJ-76,92.77,3.2,1,True,Urbana,IL,40.1106,-88.1972,42014.0,Champaign
KWO-39,79.94,9.79,2,True,Elmwood Park,IL,41.9225,-87.8163,24626.0,Cook
KXI-41,69.98,17.99,3,True,Lake Villa,IL,42.4184,-88.0834,8783.0,Lake
KZZ-58,82.06,5.88,2,True,Kankakee,IL,41.1019,-87.8643,78682.0,Kankakee
KXI-41,65.96,12.78,3,True,Hampshire,IL,42.1112,-88.5119,5187.0,Kane
KZZ-81,73.95,13.69,3,True,Manhattan,IL,41.4274,-87.9803,7546.0,Will
KZZ-81,80.4,9.6,2,True,Burr Ridge,IL,41.7485,-87.9198,10780.0,DuPage
KWO-39,79.73,10.1,1,True,Lincolnwood,IL,42.0054,-87.7329,12527.0,Cook
KXI-41,76.27,11.63,2,True,Wauconda,IL,42.2749,-88.136,13758.0,Lake
KWO-39,75.6,16.21,2,True,Riverdale,IL,41.644,-87.6366,13398.0,Cook
KXI-48,64.21,25.63,2,True,Robinson,IL,39.0089,-87.733,7774.0,Crawford
KWO-39,70.22,30.33,3,True,Crete,IL,41.4398,-87.623,8171.0,Will
KWO-39,75.21,16.99,2,True,Crestwood,IL,41.6454,-87.7396,10891.0,Cook
WNG-536,67.28,11.42,3,True,Genoa,IL,42.0924,-88.6966,6414.0,DeKalb
WXJ-71,89.08,4.82,1,True,Bartonville,IL,40.6397,-89.6608,6332.0,Peoria
KDO-89,77.94,17.53,2,True,Fairview Heights,IL,38.5974,-90.0053,16686.0,St. Clair
KZZ-76,67.2,14.5,2,True,Zion,IL,42.4599,-87.8511,24029.0,Lake
KZZ-81,79.13,13.15,4,True,Shorewood,IL,41.518,-88.2149,16948.0,Will
KWO-39,74.31,18.85,3,True,Calumet City,IL,41.6133,-87.5502,36732.0,Cook
KWO-39,74.28,18.89,4,True,Glencoe,IL,42.1347,-87.7641,8894.0,Cook
KZZ-81,70.68,16.86,3,True,Wheaton,IL,41.856,-88.1083,53389.0,DuPage
KZZ-57,74.34,12.94,2,True,Poplar Grove,IL,42.3508,-88.8344,5054.0,Boone
KWO-39,74.87,17.63,2,True,Villa Park,IL,41.8864,-87.9779,21882.0,DuPage
KWO-39,71.07,22.87,2,True,Wheeling,IL,42.1308,-87.9239,38315.0,Cook
KDO-89,72.99,26.9,2,True,Bethalto,IL,38.9016,-90.0472,9328.0,Madison
KWO-39,79.73,10.08,2,True,North Riverside,IL,41.8461,-87.8263,6598.0,Cook
WXL-22,65.09,17.27,1,True,Kewanee,IL,41.2399,-89.9258,12401.0,Henry
KWO-39,77.4,13.16,2,True,Franklin Park,IL,41.936,-87.8794,18110.0,Cook
KWO-39,72.1,24.39,3,True,Highwood,IL,42.206,-87.8129,5324.0,Lake
WXJ-71,92.11,3.43,1,True,East Peoria,IL,40.6738,-89.5422,22939.0,Tazewell
KXI-41,74.21,10.36,2,True,Gilberts,IL,42.1096,-88.3716,7724.0,Kane
KZZ-81,86.34,6.67,3,True,Crest Hill,IL,41.5722,-88.1125,21169.0,Will
KWO-39,69.59,26.51,4,True,Winfield,IL,41.8774,-88.1505,9637.0,DuPage
WXJ-75,61.86,25.68,2,True,Lincoln,IL,40.1507,-89.372,17552.0,Logan
KWO-39,76.04,15.44,2,True,Blue Island,IL,41.6578,-87.6812,23401.0,Cook
KWO-39,72.61,22.96,4,True,Glendale Heights,IL,41.9196,-88.0784,34145.0,DuPage
KXI-70,60.07,15.15,2,True,Alton,IL,38.9033,-90.1523,80871.0,Madison
KWO-39,77.77,12.64,2,True,La Grange Park,IL,41.8308,-87.8723,13483.0,Cook
WXJ-75,57.3,27.65,1,True,Decatur,IL,39.8555,-88.9337,89653.0,Macon
KZZ-81,88.75,5.04,3,True,Romeoville,IL,41.631,-88.1014,39706.0,Will
KWO-39,71.2,26.15,2,True,Matteson,IL,41.5095,-87.7469,19097.0,Cook
KXI-47,84.79,4.35,3,True,Paris,IL,39.6148,-87.6905,8528.0,Edgar
KWO-39,78.67,11.39,2,True,Evergreen Park,IL,41.7213,-87.7013,19637.0,Cook
KWO-39,76.01,15.46,2,True,Worth,IL,41.6877,-87.7916,10681.0,Cook
KWO-39,78.72,11.3,2,True,Norridge,IL,41.9637,-87.8231,14498.0,Cook
KWO-39,70.41,26.04,2,True,Buffalo Grove,IL,42.1673,-87.9615,41346.0,Cook
WXJ-71,97.98,1.76,1,True,Creve Coeur,IL,40.6422,-89.5987,5230.0,Tazewell
KZZ-58,68.66,12.8,3,True,Manteno,IL,41.2505,-87.8442,8969.0,Kankakee
KXI-58,68.66,15.09,3,True,North Aurora,IL,41.8083,-88.3412,17426.0,Kane
KXI-58,74.83,13.73,3,True,Aurora,IL,41.7638,-88.2901,201110.0,Kane
WXJ-92,93.12,3.06,1,True,Macomb,IL,40.472,-90.6816,18977.0,McDonough
KZZ-57,58.09,24.15,2,True,Harvard,IL,42.4297,-88.6212,9595.0,McHenry
KWO-39,70.54,29.2,3,True,Hoffman Estates,IL,42.0638,-88.1463,51738.0,Cook
KZZ-57,81.66,7.54,1,True,Rockford,IL,42.2594,-89.0646,286727.0,Winnebago
KXI-70,55.87,24.04,1,True,Carlinville,IL,39.2782,-89.8766,5666.0,Macoupin
KXI-58,75.95,11.4,4,True,Sugar Grove,IL,41.7714,-88.4471,9573.0,Kane
KXI-41,65.95,15.5,3,True,Round Lake Park,IL,42.3311,-88.0752,7519.0,Lake
KIG-76,69.95,22.53,2,True,Mount Carmel,IL,38.419,-87.7696,7008.0,Wabash
KDO-89,75.86,22.31,1,True,Glen Carbon,IL,38.758,-89.9839,12978.0,Madison
KZZ-66,63.44,17.67,1,True,Monmouth,IL,40.9142,-90.642,9415.0,Warren
KWO-39,70.59,29.01,3,True,Inverness,IL,42.1152,-88.1019,7541.0,Cook
KWO-39,73.73,20.16,3,True,Mount Prospect,IL,42.0653,-87.937,54171.0,Cook
KXI-41,72.1,16.58,3,True,Round Lake Beach,IL,42.379,-88.0811,286350.0,Lake
KDO-89,60.15,41.46,3,True,Staunton,IL,39.0112,-89.7935,6021.0,Macoupin
WXJ-71,69.92,16.44,2,True,Eureka,IL,40.7148,-89.2775,5666.0,Woodford
KZZ-65,87.04,3.37,2,True,Bloomington,IL,40.4756,-88.9698,135015.0,McLean
KXI-41,83.96,4.77,2,True,Lake in the Hills,IL,42.1913,-88.3478,28830.0,McHenry
WXM-90,55.8,23.36,1,True,Beardstown,IL,39.9996,-90.4181,6031.0,Cass
KWO-39,72.87,22.23,2,True,Country Club Hills,IL,41.5638,-87.7246,16637.0,Cook
KWO-39,76.47,14.64,2,True,Western Springs,IL,41.8022,-87.9006,13391.0,Cook
KXI-48,76.75,17.56,2,True,Olney,IL,38.7286,-88.0841,9015.0,Richland
KWO-39,75.02,17.37,2,True,Des Plaines,IL,42.0343,-87.9008,58141.0,Cook
KWO-39,71.32,26.69,3,True,Palatine,IL,42.1181,-88.043,68766.0,Cook
KZZ-57,70.99,13.77,2,True,Belvidere,IL,42.2545,-88.8647,25070.0,Boone
KXI-41,79.38,6.64,2,True,Cary,IL,42.2128,-88.2491,17840.0,McHenry
KXI-42,86.42,3.59,2,True,Chester,IL,37.9199,-89.826,8425.0,Randolph
KZZ-81,82.98,8.37,3,True,Darien,IL,41.7447,-87.9823,22085.0,DuPage
KWO-39,72.14,24.23,3,True,Roselle,IL,41.9807,-88.0862,22814.0,DuPage
KXI-49,64.4,34.5,2,True,Greenville,IL,38.8867,-89.3894,6735.0,Bond
KXI-41,82.53,5.13,1,True,Woodstock,IL,42.3103,-88.4357,25628.0,McHenry
WXJ-76,77.52,10.29,1,True,Mahomet,IL,40.188,-88.3907,12610.0,Champaign
KWO-39,71.11,27.37,2,True,Lake Forest,IL,42.238,-87.8596,19388.0,Lake
KWO-39,65.1,32.41,3,True,North Chicago,IL,42.3172,-87.8596,29951.0,Lake
KXI-49,54.51,43.5,2,True,Highland,IL,38.7606,-89.681,11421.0,Madison
KXI-41,70.23,12.58,2,True,Pingree Grove,IL,42.0857,-88.4362,7391.0,Kane
KXI-41,63.41,17.68,3,True,Grayslake,IL,42.3403,-88.0342,20831.0,Lake
KXI-58,63.16,20.24,4,True,Geneva,IL,41.8831,-88.3236,21880.0,Kane
WXM-90,77.3,7.25,1,True,Jacksonville,IL,39.7291,-90.232,21832.0,Morgan
KXI-41,74.6,14.13,2,True,Barrington,IL,42.1516,-88.128,10312.0,Cook
KXI-41,71.72,14.66,2,True,Fox Lake,IL,42.426,-88.1847,10459.0,Lake
KZZ-76,73.42,13.1,2,True,Winthrop Harbor,IL,42.4806,-87.8294,6794.0,Lake
KDO-89,69.06,22.38,1,True,O'Fallon,IL,38.597,-89.9154,29031.0,St. Clair
WXJ-31,57.31,41.12,2,True,Fort Valley,GA,32.5522,-83.8816,9339.0,Peach
KEC-80,68.02,23.35,2,True,Buford,GA,34.1183,-83.9918,14356.0,Gwinnett
KEC-85,43.61,35.93,0,False,Richmond Hill,GA,31.9207,-81.3181,12482.0,Bryan
KEC-80,74.96,16.27,1,True,Atlanta,GA,33.7627,-84.4231,5080712.0,Fulton
KEC-80,59.05,21.56,2,True,Sugar Hill,GA,34.1082,-84.0558,22197.0,Gwinnett
WWH-25,54.99,21.68,1,True,Swainsboro,GA,32.5866,-82.3345,7699.0,Emanuel
WWH-24,83.64,4.56,4,True,Toccoa,GA,34.5807,-83.3256,10744.0,Stephens
KWN-50,76.01,9.04,1,True,Sylvester,GA,31.53,-83.8337,6551.0,Worth
WWH-23,60.66,17.19,1,True,Cedartown,GA,34.0217,-85.25,12565.0,Polk
KXI-28,55.96,18.32,1,True,Wrightsville,GA,32.7265,-82.7197,5685.0,Johnson
KXI-77,71.45,13.92,1,True,Cochran,GA,32.3875,-83.3523,6184.0,Bleckley
WXK-53,70.56,19.82,2,True,Moultrie,GA,31.1591,-83.7705,18799.0,Colquitt
KXI-89,53.48,17.51,1,True,Milledgeville,GA,33.0874,-83.2414,31856.0,Baldwin
KEC-85,54.92,24.22,1,True,Pooler,GA,32.1023,-81.2539,23744.0,Chatham
KEC-80,50.91,36.38,2,True,Canton,GA,34.2468,-84.4902,26340.0,Cherokee
WWH-25,64.98,24.51,2,True,Vidalia,GA,32.2134,-82.4035,13736.0,Toombs
WWH-23,39.21,33.96,0,False,Acworth,GA,34.0564,-84.6688,22418.0,Cobb
KEC-80,75.12,16.12,1,True,Johns Creek,GA,34.0333,-84.2027,83873.0,Fulton
WWH-31,78.94,8.3,1,True,Valdosta,GA,30.8503,-83.2789,79844.0,Lowndes
KEC-80,82.91,9.85,1,True,Norcross,GA,33.9379,-84.2065,16787.0,Gwinnett
KEC-80,77.21,19.06,1,True,Morrow,GA,33.5816,-84.3391,7276.0,Clayton
WXK-71,74.22,16.57,1,True,Byron,GA,32.6477,-83.7539,5133.0,Peach
WWH-25,63.65,15.86,1,True,Statesboro,GA,32.4376,-81.775,40141.0,Bulloch
KEC-80,63.88,34.48,2,True,Tyrone,GA,33.4751,-84.5942,7215.0,Fayette
KEC-80,77.55,13.49,1,True,Dunwoody,GA,33.9418,-84.3123,48884.0,DeKalb
KXI-81,61.17,47.19,4,True,Hartwell,GA,34.3501,-82.9287,5930.0,Hart
WXK-71,65.33,14.57,1,True,Centerville,GA,32.6341,-83.6854,7615.0,Houston
WXJ-31,51.12,30.59,2,True,Peachtree City,GA,33.3943,-84.5711,35186.0,Fayette
WXK-52,68.99,21.99,1,True,Calhoun,GA,34.4925,-84.9394,33092.0,Gordon
WXJ-53,73.65,15.73,4,True,Cornelia,GA,34.5164,-83.5308,19055.0,Habersham
KEC-80,68.14,31.93,2,True,Locust Grove,GA,33.3439,-84.107,5940.0,Henry
WWH-23,77.47,14.66,2,True,Carrollton,GA,33.5819,-85.0837,46695.0,Carroll
WXJ-72,91.34,1.94,1,True,Summerville,GA,34.4788,-85.3491,10616.0,Chattooga
KEC-80,69.28,19.78,3,True,Alpharetta,GA,34.0704,-84.2739,65338.0,Fulton
KEC-80,83.88,8.8,3,True,Snellville,GA,33.856,-84.0039,19738.0,Gwinnett
WXJ-31,80.46,13.12,1,True,Barnesville,GA,33.0511,-84.1526,7103.0,Lamar
KEC-80,79.97,13.85,3,True,Duluth,GA,34.0054,-84.1493,29331.0,Gwinnett
WXK-56,59.01,19.85,2,True,Braselton,GA,34.1086,-83.8124,10234.0,Jackson
KEC-80,79.63,14.43,2,True,Loganville,GA,33.8353,-83.8957,11674.0,Walton
KEC-80,75.98,22.01,1,True,Covington,GA,33.6049,-83.8466,13977.0,Newton
KEC-80,61.72,25.0,2,True,Marietta,GA,33.9532,-84.542,60941.0,Cobb
WXK-54,74.36,14.39,2,True,Augusta,GA,33.3644,-82.0708,389215.0,Richmond
WXK-52,58.26,42.98,1,True,Rome,GA,34.2657,-85.1863,61019.0,Floyd
KEC-80,53.82,29.33,1,True,Woodstock,GA,34.1027,-84.5092,30929.0,Cherokee
KEC-80,81.4,11.76,2,True,Brookhaven,GA,33.8746,-84.3315,52444.0,DeKalb
KEC-85,54.05,25.09,1,True,Savannah,GA,32.0282,-81.1784,280692.0,Chatham
WWH-23,57.02,17.03,1,True,Rockmart,GA,34.0103,-85.0442,7827.0,Polk
WXK-56,74.41,10.78,3,True,Jefferson,GA,34.1368,-83.6022,11610.0,Jackson
KEC-80,62.03,31.14,3,True,Kennesaw,GA,34.0261,-84.6177,33627.0,Cobb
WWH-24,69.75,22.56,5,True,Commerce,GA,34.2129,-83.473,6871.0,Jackson
WXJ-28,60.73,18.79,1,True,Hinesville,GA,31.8269,-81.6216,51673.0,Liberty
KEC-85,65.98,17.84,1,True,Port Wentworth,GA,32.1941,-81.1983,7933.0,Chatham
WXJ-28,83.21,5.21,1,True,Jesup,GA,31.5991,-81.8898,12605.0,Wayne
KEC-80,66.88,31.17,3,True,Fairburn,GA,33.5497,-84.5914,14182.0,Fulton
KHB-39,51.76,46.98,1,True,Folkston,GA,30.8392,-82.0072,11407.0,Charlton
WXK-56,77.09,13.69,5,True,Winder,GA,33.9918,-83.7218,42330.0,Barrow
KEC-80,77.32,18.85,6,True,Dacula,GA,33.9812,-83.8936,5632.0,Gwinnett
KEC-80,75.48,19.85,1,True,Stockbridge,GA,33.5265,-84.2293,28677.0,Henry
WXK-48,77.18,19.16,2,True,Fort Oglethorpe,GA,34.9318,-85.2461,9839.0,Catoosa
WXK-75,72.9,12.76,1,True,Waycross,GA,31.211,-82.3578,24741.0,Ware
KEC-80,60.79,28.51,1,True,Flowery Branch,GA,34.1707,-83.9141,7073.0,Hall
KEC-80,67.7,23.08,6,True,Auburn,GA,34.0151,-83.8316,7603.0,Barrow
WWH-23,52.31,26.3,1,True,Douglasville,GA,33.7382,-84.7071,33252.0,Douglas
WXJ-30,102.3,1.06,1,True,Americus,GA,32.0737,-84.2248,17775.0,Sumter
KEC-80,82.37,10.51,1,True,Chamblee,GA,33.8842,-84.3008,28306.0,DeKalb
KEC-80,83.64,9.06,1,True,Decatur,GA,33.7711,-84.2968,22813.0,DeKalb
KPS-506,61.12,27.62,4,True,Elberton,GA,34.1064,-82.8706,5628.0,Elbert
KEC-80,58.79,28.13,2,True,Union City,GA,33.5939,-84.5629,20919.0,Fulton
WXK-54,72.17,13.92,2,True,Grovetown,GA,33.4495,-82.2066,13463.0,Columbia
KEC-80,73.5,24.63,4,True,Monroe,GA,33.7997,-83.7155,16146.0,Walton
KWN-50,64.88,21.92,2,True,Cordele,GA,31.9563,-83.7695,12092.0,Crisp
KEC-80,74.58,25.23,2,True,McDonough,GA,33.4399,-84.1507,23964.0,Henry
WWH-23,58.61,35.87,1,True,Newnan,GA,33.3763,-84.7758,37912.0,Coweta
WWH-23,54.54,28.01,2,True,Powder Springs,GA,33.866,-84.6838,14956.0,Cobb
KXI-77,59.08,34.82,2,True,Fitzgerald,GA,31.7135,-83.2515,11476.0,Ben Hill
KXI-77,58.6,28.05,1,True,Dublin,GA,32.5358,-82.9279,20872.0,Laurens
WWH-23,82.16,5.23,1,True,Bremen,GA,33.7089,-85.1493,6718.0,Haralson
WXK-71,78.25,15.77,2,True,Warner Robins,GA,32.5981,-83.6528,148686.0,Houston
WXK-52,72.52,14.59,1,True,Dalton,GA,34.7688,-84.9711,87688.0,Whitfield
KEC-80,63.04,15.83,1,True,Sandy Springs,GA,33.9366,-84.3703,105703.0,Fulton
KEC-80,62.89,36.92,2,True,Jackson,GA,33.2913,-83.968,5244.0,Butts
KEC-80,64.45,31.79,1,True,Holly Springs,GA,34.1678,-84.4856,11281.0,Cherokee
WWH-23,79.33,14.54,1,True,Villa Rica,GA,33.7305,-84.9168,15201.0,Carroll
KEC-85,69.9,17.57,1,True,Rincon,GA,32.2936,-81.2357,13617.0,Effingham
KEC-80,77.34,17.52,2,True,Suwanee,GA,34.0506,-84.0687,19421.0,Gwinnett
WXK-54,66.92,18.9,2,True,Thomson,GA,33.4666,-82.4993,8414.0,McDuffie
KXI-76,89.44,2.52,2,True,La Grange,GA,33.0276,-85.0383,36270.0,Troup
KEC-80,77.85,17.72,2,True,Forest Park,GA,33.6209,-84.3592,19731.0,Clayton
KEC-80,57.42,28.77,1,True,Austell,GA,33.8202,-84.6453,7139.0,Cobb
WWH-23,51.55,20.49,1,True,Dallas,GA,33.9153,-84.8416,13108.0,Paulding
KEC-80,79.89,12.26,1,True,Peachtree Corners,GA,33.9668,-84.2321,42773.0,Gwinnett
WXM-65,91.59,1.97,1,True,Baxley,GA,31.7652,-82.3512,5612.0,Appling
WXK-54,66.53,19.52,3,True,Waynesboro,GA,33.0909,-82.0146,5763.0,Burke
WXJ-30,58.92,19.73,1,True,Montezuma,GA,32.2997,-84.0246,6266.0,Macon
KHB-39,55.09,38.67,1,True,Kingsland,GA,30.8193,-81.7219,16720.0,Camden
WXK-75,57.52,25.79,1,True,Douglas,GA,31.5074,-82.8543,14323.0,Coffee
KEC-80,63.25,30.89,1,True,Fayetteville,GA,33.4497,-84.4703,17519.0,Fayette
KEC-80,82.69,10.13,1,True,Doraville,GA,33.9072,-84.2711,10501.0,DeKalb
WXK-56,68.74,7.97,1,True,Athens,GA,33.9508,-83.3689,137582.0,Clarke
KEC-80,70.41,27.77,3,True,Cumming,GA,34.2068,-84.1339,6225.0,Forsyth
KEC-80,72.93,26.98,2,True,Lovejoy,GA,33.4422,-84.3178,6367.0,Clayton
WXJ-72,61.07,15.94,2,True,LaFayette,GA,34.7088,-85.2815,7403.0,Walker
KEC-85,58.78,21.82,1,True,Garden City,GA,32.0867,-81.1773,8900.0,Chatham
KEC-80,67.69,30.24,2,True,Hampton,GA,33.3834,-84.2853,7532.0,Henry
KEC-80,88.13,5.41,1,True,Clarkston,GA,33.8138,-84.2381,12742.0,DeKalb
KEC-80,76.08,21.76,2,True,Smyrna,GA,33.864,-84.5169,56664.0,Cobb
KWN-50,61.41,25.47,2,True,Albany,GA,31.5776,-84.1762,91284.0,Dougherty
WXJ-31,76.11,18.41,2,True,Griffin,GA,33.2418,-84.2747,22928.0,Spalding
KEC-80,80.61,12.9,1,True,Conyers,GA,33.6645,-83.9967,15919.0,Rockdale
KHB-39,60.67,33.19,1,True,Saint Marys,GA,30.7567,-81.5722,36587.0,Camden
KEC-80,98.96,1.58,2,True,Stone Mountain,GA,33.8037,-84.172,6328.0,DeKalb
KEC-80,87.55,5.8,1,True,Lilburn,GA,33.8887,-84.1379,12675.0,Gwinnett
WXK-52,54.89,40.96,2,True,Cartersville,GA,34.1631,-84.8007,55195.0,Bartow
WXJ-53,77.62,9.93,2,True,Dahlonega,GA,34.5303,-83.9796,5909.0,Lumpkin
WXK-52,47.04,24.57,0,False,Jasper,GA,34.4711,-84.4495,6126.0,Pickens
WXK-53,65.32,18.65,2,True,Cairo,GA,30.8789,-84.2051,9378.0,Grady
WXK-71,56.56,25.57,1,True,Perry,GA,32.4713,-83.7282,16200.0,Houston
WXJ-53,73.96,15.2,5,True,Gainesville,GA,34.2903,-83.8299,154859.0,Hall
KEC-80,66.02,20.91,2,True,East Point,GA,33.6696,-84.47,35471.0,Fulton
KEC-80,76.05,21.46,3,True,College Park,GA,33.6385,-84.4597,15035.0,Fulton
WWH-39,86.57,3.55,1,True,Brunswick,GA,31.145,-81.474,54213.0,Glynn
KXI-28,114.8,0.24,1,True,Sandersville,GA,32.9827,-82.8093,7026.0,Washington
WXM-32,76.47,10.88,1,True,Columbus,GA,32.51,-84.8771,263737.0,Muscogee
WXJ-31,69.41,25.0,4,True,Forsyth,GA,33.0347,-83.938,5264.0,Monroe
WXM-32,66.88,17.74,1,True,Cusseta,GA,32.347,-84.787,10922.0,Chattahoochee
WXK-53,70.31,21.73,2,True,Thomasville,GA,30.8394,-83.9782,24678.0,Thomas
KWN-50,70.21,18.2,1,True,Tifton,GA,31.4624,-83.5205,24463.0,Tift
KXI-77,91.99,3.44,1,True,Eastman,GA,32.1973,-83.1714,6290.0,Dodge
KEC-80,80.29,13.39,3,True,Lawrenceville,GA,33.9524,-83.993,30782.0,Gwinnett
WXK-53,58.06,31.94,2,True,Bainbridge,GA,30.9046,-84.5722,11713.0,Decatur
WXJ-31,85.94,6.98,1,True,Thomaston,GA,32.8907,-84.3272,14089.0,Upson
WXK-53,83.53,9.21,1,True,Camilla,GA,31.2337,-84.2088,6692.0,Mitchell
KEC-85,59.33,21.74,1,True,Springfield,GA,32.3641,-81.3079,5151.0,Effingham
KEC-80,52.38,24.8,1,True,Milton,GA,34.1353,-84.3138,38411.0,Fulton
KEC-80,73.08,22.56,1,True,Riverdale,GA,33.5645,-84.4098,16258.0,Clayton
WWH-31,68.17,13.83,1,True,Adel,GA,31.1316,-83.4249,7014.0,Cook
KEC-80,76.1,20.06,1,True,Roswell,GA,34.0391,-84.3513,94598.0,Fulton
KEC-80,77.61,18.19,1,True,Hapeville,GA,33.6609,-84.4093,6627.0,Fulton
KEC-74,75.9,20.69,1,True,Brownsburg,IN,39.833,-86.3828,25408.0,Hendricks
WXM-98,52.8,22.31,1,True,Wabash,IN,40.8046,-85.831,10015.0,Wabash
KIH-43,83.01,9.78,1,True,Charlestown,IN,38.427,-85.6677,7438.0,Clark
KEC-74,70.93,23.61,1,True,Whitestown,IN,39.9704,-86.3607,6590.0,Boone
KEC-74,36.92,53.11,0,False,Batesville,IN,39.2974,-85.2139,7922.0,Ripley
WXJ-58,85.2,7.59,1,True,Huntertown,IN,41.2129,-85.1764,5286.0,Allen
KEC-74,82.53,10.31,2,True,McCordsville,IN,39.9036,-85.923,6485.0,Hancock
WXJ-57,69.49,19.08,2,True,Goshen,IN,41.5741,-85.8304,33034.0,Elkhart
KWO-39,71.36,26.57,3,True,Griffith,IN,41.5279,-87.424,16252.0,Lake
KIH-43,85.56,7.27,1,True,Jeffersonville,IN,38.3377,-85.7026,47124.0,Clark
KEC-74,60.93,30.15,1,True,Lebanon,IN,40.0318,-86.455,15713.0,Boone
KWO-39,74.0,19.55,3,True,Hammond,IN,41.617,-87.4908,77134.0,Lake
KXI-47,70.06,18.27,3,True,Terre Haute,IN,39.4654,-87.3763,92841.0,Vigo
KIH-43,51.27,19.19,2,True,Corydon,IN,38.2132,-86.1259,5578.0,Harrison
KJY-62,89.06,4.16,2,True,LaPorte,IN,41.6077,-86.7137,21732.0,LaPorte
WWG-73,66.88,19.52,2,True,Scottsburg,IN,38.6862,-85.7839,11326.0,Scott
KWO-39,72.25,23.91,3,True,Munster,IN,41.5468,-87.5037,22825.0,Lake
KHB-52,104.77,0.45,2,True,Richmond,IN,39.8318,-84.8904,42759.0,Wayne
WXM-98,87.98,2.66,2,True,Gas City,IN,40.4897,-85.5984,5874.0,Grant
WWG-73,66.59,17.44,2,True,Columbus,IN,39.2094,-85.9178,58406.0,Bartholomew
WWG-73,102.3,1.05,1,True,Seymour,IN,38.9474,-85.8914,22918.0,Jackson
WXJ-57,87.74,5.66,1,True,South Bend,IN,41.6771,-86.269,279698.0,St. Joseph
WXK-74,70.43,17.45,1,True,West Lafayette,IN,40.4432,-86.9239,45872.0,Tippecanoe
KWO-39,71.18,27.12,3,True,Dyer,IN,41.4977,-87.5088,15941.0,Lake
KZZ-27,67.88,13.35,2,True,Clinton,IN,39.6607,-87.4046,6294.0,Vermillion
KEC-74,81.05,12.27,2,True,Greenfield,IN,39.7937,-85.7739,21709.0,Hancock
KEC-74,72.99,20.2,1,True,Plainfield,IN,39.7005,-86.3726,31409.0,Hendricks
KZZ-36,80.19,5.02,2,True,Syracuse,IN,41.4215,-85.749,7085.0,Kosciusko
WXJ-58,78.46,15.82,2,True,Columbia City,IN,41.1611,-85.4854,9342.0,Whitley
WNG-689,64.38,12.79,3,True,Lowell,IN,41.2934,-87.4183,10102.0,Lake
WXJ-58,55.4,31.18,1,True,North Manchester,IN,41.0044,-85.775,5829.0,Wabash
WXJ-58,62.99,24.96,1,True,Bluffton,IN,40.7426,-85.173,10052.0,Wells
WXK-74,76.05,9.25,1,True,Monticello,IN,40.7455,-86.7668,8445.0,White
WXJ-58,94.25,2.69,1,True,Fort Wayne,IN,41.0885,-85.1436,326814.0,Allen
KEC-74,74.82,20.67,2,True,Avon,IN,39.7604,-86.3916,16960.0,Hendricks
KEC-74,46.79,32.6,0,False,Martinsville,IN,39.4228,-86.4207,13097.0,Morgan
KEC-74,77.33,18.84,1,True,Bargersville,IN,39.5414,-86.2004,7213.0,Johnson
KWO-39,71.94,24.83,4,True,Gary,IN,41.5906,-87.3472,76424.0,Lake
WXK-74,52.12,25.49,1,True,Frankfort,IN,40.2799,-86.5181,16205.0,Clinton
WXK-74,38.61,33.82,0,False,Peru,IN,40.7585,-86.0715,12686.0,Miami
WXM-78,76.06,7.1,1,True,Ellettsville,IN,39.2308,-86.6221,6622.0,Monroe
WXM-98,89.18,2.6,2,True,Marion,IN,40.5497,-85.66,41550.0,Grant
KJY-62,71.01,16.22,3,True,Chesterton,IN,41.5995,-87.0549,13441.0,Porter
KEC-74,76.44,19.92,2,True,Westfield,IN,40.0314,-86.1539,37221.0,Hamilton
KXI-94,92.6,3.21,1,True,Angola,IN,41.6431,-85.005,11169.0,Steuben
WNG-689,74.81,11.09,3,True,Valparaiso,IN,41.4796,-87.0528,33104.0,Porter
WXJ-58,64.47,22.5,1,True,Huntington,IN,40.8812,-85.5062,17982.0,Huntington
WXK-72,73.97,13.03,2,True,Brazil,IN,39.5232,-87.1244,8110.0,Clay
WNG-689,78.41,5.56,2,True,Winfield,IN,41.4097,-87.2623,5560.0,Lake
WXJ-57,80.45,13.12,1,True,Elkhart,IN,41.6919,-85.962,147181.0,Elkhart
KEC-74,78.92,15.68,2,True,Carmel,IN,39.9658,-86.1461,91065.0,Hamilton
KIG-76,47.11,29.66,0,False,Huntingburg,IN,38.3009,-86.9625,5566.0,Dubois
WXK-74,46.24,31.64,0,False,Kokomo,IN,40.464,-86.1277,79048.0,Howard
WXJ-58,70.42,19.48,2,True,Auburn,IN,41.3666,-85.0559,22257.0,DeKalb
WNG-689,75.1,9.3,3,True,Crown Point,IN,41.414,-87.3455,29176.0,Lake
KEC-74,76.83,15.12,1,True,New Whiteland,IN,39.5618,-86.0994,6025.0,Johnson
KEC-74,64.19,26.86,2,True,Danville,IN,39.7607,-86.5081,9676.0,Hendricks
KHB-52,55.95,17.48,1,True,Connersville,IN,39.6582,-85.141,14740.0,Fayette
WXJ-58,66.0,23.35,2,True,Decatur,IN,40.8301,-84.9281,10572.0,Adams
WXK-74,62.59,17.86,1,True,Lafayette,IN,40.399,-86.8592,157955.0,Tippecanoe
KIG-76,71.88,14.86,1,True,Boonville,IN,38.0452,-87.2739,6198.0,Warrick
KWO-39,74.48,18.45,4,True,East Chicago,IN,41.6487,-87.4531,28418.0,Lake
KIH-43,89.42,4.64,1,True,Clarksville,IN,38.3225,-85.7674,21920.0,Clark
KZZ-61,43.44,18.67,0,False,Tell City,IN,37.9528,-86.7596,9677.0,Perry
KEC-74,78.51,13.36,2,True,Fishers,IN,39.959,-85.968,90127.0,Hamilton
WWG-72,82.9,9.91,2,True,Bedford,IN,38.8602,-86.4895,14896.0,Lawrence
KEC-74,72.71,22.17,2,True,Zionsville,IN,39.999,-86.2921,26784.0,Boone
KEC-74,72.07,18.51,2,True,Noblesville,IN,40.0354,-86.0056,60183.0,Hamilton
KIH-43,90.53,4.12,1,True,New Albany,IN,38.3078,-85.8242,36670.0,Floyd
KEC-74,70.97,20.28,1,True,Shelbyville,IN,39.5319,-85.7753,20639.0,Shelby
WXJ-57,49.14,38.51,0,False,Rochester,IN,41.0591,-86.196,7077.0,Fulton
KJY-93,83.88,8.85,2,True,Yorktown,IN,40.183,-85.5123,11210.0,Delaware
KZZ-27,45.81,30.1,0,False,Crawfordsville,IN,40.0433,-86.8966,18109.0,Montgomery
KJY-93,74.4,15.86,2,True,Anderson,IN,40.0875,-85.6921,86565.0,Madison
KIG-76,76.1,13.5,1,True,Evansville,IN,37.9882,-87.5339,233353.0,Vanderburgh
KWO-39,69.96,31.29,2,True,Saint John,IN,41.4431,-87.469,16800.0,Lake
WXJ-57,74.79,15.68,2,True,Nappanee,IN,41.4452,-85.9962,7074.0,Elkhart
KIH-43,90.53,4.12,1,True,Sellersburg,IN,38.4029,-85.7705,8765.0,Clark
KEC-74,80.41,13.16,1,True,Speedway,IN,39.7937,-86.2479,12102.0,Marion
WXK-74,58.35,19.65,1,True,Logansport,IN,40.7502,-86.3559,20838.0,Cass
KIG-76,69.29,13.08,1,True,Princeton,IN,38.3552,-87.5785,8632.0,Gibson
KZZ-36,65.98,11.38,3,True,Winona Lake,IN,41.2167,-85.8106,5166.0,Kosciusko
KWO-39,70.05,30.99,3,True,Portage,IN,41.5866,-87.1792,36505.0,Porter
KJY-62,69.73,11.62,4,True,Westville,IN,41.5381,-86.9054,5650.0,LaPorte
KIH-43,55.73,21.84,2,True,Salem,IN,38.6048,-86.0977,6396.0,Washington
KEC-74,93.12,3.05,2,True,Cumberland,IN,39.7852,-85.9498,5599.0,Marion
KJY-93,68.94,24.89,2,True,Hartford City,IN,40.4536,-85.3735,5862.0,Blackford
WXJ-57,90.27,4.2,1,True,Mishawaka,IN,41.6733,-86.1667,48679.0,St. Joseph
WXJ-93,59.11,39.22,2,True,Berne,IN,40.6567,-84.9555,5631.0,Adams
KEC-74,59.02,35.6,2,True,Tipton,IN,40.2818,-86.0424,6555.0,Tipton
KJY-93,56.21,32.09,2,True,Portland,IN,40.4377,-84.9835,5946.0,Jay
WWG-83,61.71,17.39,1,True,Vincennes,IN,38.6759,-87.5102,20726.0,Knox
WWG-73,64.14,13.97,1,True,North Vernon,IN,39.0151,-85.6287,11575.0,Jennings
WXM-78,114.8,0.25,3,True,Bloomington,IN,39.1637,-86.5257,114140.0,Monroe
KEC-74,79.97,12.73,1,True,Greenwood,IN,39.6019,-86.1073,56545.0,Johnson
KJY-93,70.88,18.81,2,True,Alexandria,IN,40.2583,-85.676,5024.0,Madison
KIH-42,68.41,20.14,2,True,Lawrenceburg,IN,39.0989,-84.8713,12787.0,Dearborn
WWG-83,77.32,13.61,1,True,Washington,IN,38.6592,-87.1721,13090.0,Daviess
KIG-76,43.73,33.11,0,False,Jasper,IN,38.3936,-86.9405,16245.0,Dubois
WXJ-58,73.21,17.6,2,True,Garrett,IN,41.3532,-85.1236,6360.0,DeKalb
KEC-74,59.53,39.19,1,True,Greensburg,IN,39.3515,-85.5024,11928.0,Decatur
KJY-93,85.56,7.28,1,True,Muncie,IN,40.1989,-85.395,89186.0,Delaware
WNG-689,69.79,10.79,4,True,Merrillville,IN,41.4728,-87.3197,34994.0,Lake
KEC-74,87.55,5.76,1,True,Beech Grove,IN,39.7153,-86.087,14740.0,Marion
KEC-74,62.67,22.47,1,True,Mooresville,IN,39.6038,-86.3677,9660.0,Morgan
KEC-74,85.13,7.64,1,True,Indianapolis,IN,39.7771,-86.1458,1550488.0,Marion
KJY-62,85.87,7.0,3,True,Michigan City,IN,41.7098,-86.8705,65356.0,LaPorte
KIH-43,63.02,35.77,3,True,Madison,IN,38.758,-85.397,18298.0,Jefferson
KEC-74,62.11,31.38,2,True,Rushville,IN,39.6154,-85.4464,6444.0,Rush
WXJ-57,68.63,19.6,1,True,Plymouth,IN,41.3482,-86.3188,12392.0,Marshall
WNG-689,63.78,13.15,2,True,Cedar Lake,IN,41.3693,-87.438,12183.0,Lake
WXK-72,84.7,5.7,1,True,Greencastle,IN,39.6431,-86.8419,10812.0,Putnam
WWG-83,69.85,14.62,1,True,Linton,IN,39.0357,-87.1587,5644.0,Greene
KWO-39,67.22,28.65,3,True,Lake Station,IN,41.5729,-87.26,11952.0,Lake
KEC-74,85.94,6.93,2,True,Lawrence,IN,39.8674,-85.9904,47866.0,Marion
KWO-39,70.67,28.79,3,True,Schererville,IN,41.487,-87.4444,28701.0,Lake
WXJ-58,63.34,23.78,2,True,Kendallville,IN,41.4441,-85.2578,10444.0,Noble
KWO-39,65.45,31.38,3,True,Hobart,IN,41.5139,-87.2728,28248.0,Lake
KEC-74,71.83,19.13,1,True,Franklin,IN,39.4935,-86.0541,24867.0,Johnson
KWO-39,72.03,24.57,3,True,Highland,IN,41.5484,-87.4587,22737.0,Lake
KJY-93,57.36,31.07,2,True,Union City,IN,40.1994,-84.8204,5295.0,Randolph
KIG-76,56.0,27.88,1,True,Mount Vernon,IN,37.9364,-87.8955,6821.0,Posey
WNG-689,41.16,28.72,0,False,Rensselaer,IN,40.9381,-87.1683,6091.0,Jasper
KJY-93,80.95,12.12,2,True,New Castle,IN,39.919,-85.3697,21949.0,Henry
WXJ-58,83.88,8.86,1,True,New Haven,IN,41.0669,-85.0282,15384.0,Allen
KJY-93,66.0,26.6,2,True,Elwood,IN,40.2743,-85.8372,9204.0,Madison
KZZ-36,65.13,11.03,2,True,Warsaw,IN,41.2443,-85.8479,32622.0,Kosciusko
WXL-62,63.59,21.07,1,True,Le Mars,IA,42.7809,-96.1743,9339.0,Plymouth
WXL-57,78.34,16.7,1,True,Pleasant Hill,IA,41.5857,-93.4998,9750.0,Polk
WXJ-73,89.42,3.54,1,True,Davenport,IA,41.5558,-90.6052,288233.0,Scott
WXL-57,69.75,37.95,1,True,Winterset,IA,41.3456,-94.0136,5122.0,Madison
WXN-83,79.31,4.95,1,True,Burlington,IA,40.8072,-91.1249,29124.0,Des Moines
WXM-28,68.94,35.72,3,True,Sioux Center,IA,43.0746,-96.1707,7076.0,Sioux
WXL-57,87.65,5.73,1,True,Ankeny,IA,41.7279,-93.6033,58627.0,Polk
KXI-68,71.71,22.72,2,True,Charles City,IA,43.0644,-92.6745,7510.0,Floyd
WXN-85,58.61,23.86,2,True,Mount Pleasant,IA,40.9622,-91.5453,8360.0,Henry
KZZ-80,80.56,7.08,1,True,Spirit Lake,IA,43.4177,-95.1109,11375.0,Dickinson
WXN-91,79.47,6.31,3,True,Centerville,IA,40.7289,-92.8713,5202.0,Appanoose
WXL-57,71.04,16.54,1,True,Nevada,IA,42.0185,-93.4637,6735.0,Story
WXM-28,64.43,43.05,3,True,Orange City,IA,43.0019,-96.0565,7040.0,Sioux
WXL-94,81.78,5.96,1,True,Waverly,IA,42.725,-92.4706,8812.0,Bremer
WXL-57,73.05,30.93,2,True,Newton,IA,41.6965,-93.0405,15428.0,Jasper
KXI-98,87.41,2.49,2,True,Marshalltown,IA,42.0341,-92.9067,26640.0,Marshall
WXN-85,60.8,20.17,1,True,Washington,IA,41.2982,-91.6928,6771.0,Washington
KXI-62,69.65,12.14,2,True,Grinnell,IA,41.7372,-92.7244,9014.0,Poweshiek
WXL-64,88.65,5.09,1,True,Dubuque,IA,42.5007,-90.7064,68873.0,Dubuque
WXL-61,76.44,10.0,1,True,Marion,IA,42.0444,-91.5853,38480.0,Linn
KXI-65,57.65,20.5,1,True,Creston,IA,41.0597,-94.365,7612.0,Union
WXL-61,59.43,18.64,1,True,Iowa City,IA,41.6558,-91.5304,116891.0,Johnson
KZZ-55,38.42,32.9,0,False,Clinton,IA,41.8434,-90.2408,30930.0,Clinton
WXL-57,69.21,43.24,2,True,Knoxville,IA,41.3188,-93.1024,7273.0,Marion
WXL-57,75.86,22.3,1,True,Norwalk,IA,41.4914,-93.6922,10590.0,Warren
KZZ-50,73.57,6.98,2,True,Shenandoah,IA,40.7583,-95.372,5022.0,Page
WNG-688,56.13,21.81,1,True,Algona,IA,43.0743,-94.2302,5296.0,Kossuth
WXL-64,80.98,8.53,3,True,Asbury,IA,42.5118,-90.7799,5475.0,Dubuque
KXI-68,72.66,31.79,2,True,Clear Lake,IA,43.1346,-93.374,7751.0,Cerro Gordo
WXK-84,51.27,20.65,1,True,Webster City,IA,42.4623,-93.8167,7459.0,Hamilton
WXL-57,76.23,21.36,1,True,Boone,IA,42.0531,-93.8773,12742.0,Boone
WNG-730,87.04,3.33,1,True,Ottumwa,IA,41.0196,-92.4186,24238.0,Wapello
KZZ-52,57.35,32.64,1,True,Glenwood,IA,41.0445,-95.7408,6133.0,Mills
WXL-57,82.9,9.91,1,True,Johnston,IA,41.6856,-93.7173,21114.0,Polk
WNG-668,88.47,2.68,1,True,Denison,IA,42.016,-95.3528,8249.0,Crawford
KJY-64,47.65,28.41,0,False,Independence,IA,42.4621,-91.903,5793.0,Buchanan
WXK-84,51.96,18.42,1,True,Humboldt,IA,42.7232,-94.2245,5095.0,Humboldt
WXL-57,73.03,31.04,1,True,Indianola,IA,41.3624,-93.5659,15249.0,Warren
KZZ-51,97.98,1.73,2,True,Carroll,IA,42.0697,-94.8647,9830.0,Carroll
WXL-99,64.88,21.43,3,True,Keokuk,IA,40.4096,-91.4031,12976.0,Lee
WXL-94,65.8,19.83,1,True,Waterloo,IA,42.492,-92.3522,112635.0,Black Hawk
WNG-688,55.55,19.21,2,True,Estherville,IA,43.3998,-94.8343,5785.0,Emmet
KXI-60,80.9,5.11,1,True,Decorah,IA,43.3018,-91.7849,8415.0,Winneshiek
WXL-61,76.03,11.63,1,True,North Liberty,IA,41.744,-91.6107,18520.0,Johnson
KZZ-80,62.85,13.8,2,True,Spencer,IA,43.1469,-95.1533,10859.0,Clay
WXL-94,56.85,24.74,1,True,Oelwein,IA,42.6714,-91.9132,6603.0,Fayette
WXL-57,80.2,13.49,1,True,Altoona,IA,41.6468,-93.4768,17938.0,Polk
WXJ-73,83.76,6.36,1,True,Bettendorf,IA,41.5656,-90.4764,35727.0,Scott
KZZ-83,85.99,3.82,1,True,Maquoketa,IA,42.0599,-90.665,5996.0,Jackson
WXL-57,68.1,16.26,1,True,Clive,IA,41.6145,-93.7973,17546.0,Polk
WXL-57,80.65,12.78,1,True,Grimes,IA,41.6776,-93.7946,11909.0,Polk
KIH-61,65.57,8.29,1,True,Council Bluffs,IA,41.2369,-95.8518,62524.0,Pottawattamie
WXL-57,78.51,16.4,1,True,Des Moines,IA,41.5725,-93.6104,476689.0,Polk
WXL-61,56.08,23.86,1,True,Anamosa,IA,42.1091,-91.2759,5394.0,Jones
KZZ-50,61.75,12.24,2,True,Clarinda,IA,40.738,-95.034,5233.0,Page
WXN-83,51.28,16.49,1,True,Fort Madison,IA,40.6198,-91.352,10401.0,Lee
WXL-61,88.79,4.15,1,True,Cedar Rapids,IA,41.9667,-91.6781,184610.0,Linn
WXL-61,81.32,11.88,1,True,Mount Vernon,IA,41.923,-91.4244,6366.0,Linn
WXL-57,75.08,24.43,1,True,Perry,IA,41.838,-94.094,7734.0,Dallas
KXI-62,62.22,22.31,3,True,Oskaloosa,IA,41.2921,-92.6404,12611.0,Mahaska
WXL-62,86.18,6.78,1,True,Sioux City,IA,42.4959,-96.3901,106740.0,Woodbury
KWN-47,100.07,0.76,1,True,Storm Lake,IA,42.6431,-95.197,11549.0,Buena Vista
WXL-94,60.59,18.27,1,True,Cedar Falls,IA,42.5197,-92.4532,41390.0,Black Hawk
WXL-57,77.09,19.36,1,True,Waukee,IA,41.6002,-93.8702,19284.0,Dallas
KZZ-52,72.98,22.88,2,True,Red Oak,IA,41.0141,-95.2248,5337.0,Montgomery
WXK-84,84.79,4.37,2,True,Fort Dodge,IA,42.5098,-94.1751,24359.0,Webster
WXJ-73,66.43,26.31,1,True,Muscatine,IA,41.4195,-91.068,26481.0,Muscatine
WXN-85,80.72,5.94,2,True,Fairfield,IA,41.0071,-91.9673,11128.0,Jefferson
WXL-57,63.18,45.84,2,True,Pella,IA,41.4051,-92.9178,9653.0,Marion
WXL-57,79.3,14.96,1,True,Ames,IA,42.0262,-93.6275,67841.0,Story
WXJ-73,81.06,8.95,1,True,Eldridge,IA,41.6394,-90.5805,6297.0,Scott
WXL-57,79.62,14.4,1,True,Urbandale,IA,41.639,-93.7814,43018.0,Polk
WXL-61,67.97,14.82,1,True,Coralville,IA,41.699,-91.5968,20397.0,Johnson
KXI-68,70.36,24.06,1,True,Mason City,IA,43.1487,-93.1998,26487.0,Cerro Gordo
WXL-57,76.98,19.57,1,True,West Des Moines,IA,41.5527,-93.7803,64560.0,Polk
KZZ-52,80.49,13.03,1,True,Atlantic,IA,41.3957,-95.0139,6058.0,Cass
WXL-57,81.59,11.52,1,True,Bondurant,IA,41.6986,-93.4546,5796.0,Polk
WXL-61,76.84,10.02,1,True,Hiawatha,IA,42.0518,-91.6899,7212.0,Linn
WXL-49,89.54,4.58,1,True,McAlester,OK,34.9262,-95.7698,19312.0,Pittsburg
WXK-85,62.09,33.08,2,True,Shawnee,OK,35.3524,-96.9647,36100.0,Pottawatomie
KIH-27,53.85,30.21,1,True,Skiatook,OK,36.3693,-95.9815,7236.0,Osage
KIH-27,75.73,15.98,1,True,Wagoner,OK,35.9641,-95.3791,8547.0,Wagoner
KIH-27,82.85,7.04,1,True,Broken Arrow,OK,36.0367,-95.7808,107403.0,Tulsa
WXK-22,59.44,22.58,1,True,Durant,OK,33.9957,-96.3938,18187.0,Bryan
WXK-85,82.95,9.85,1,True,Midwest City,OK,35.463,-97.371,57305.0,Oklahoma
WNG-654,90.4,4.15,2,True,Stillwater,OK,36.1315,-97.074,48233.0,Payne
WXK-85,77.73,17.98,2,True,Mustang,OK,35.3917,-97.7245,20792.0,Canadian
WXK-85,69.78,30.31,2,True,Blanchard,OK,35.1523,-97.6612,8463.0,McClain
KIH-27,54.46,27.52,1,True,Sand Springs,OK,36.1345,-96.1285,19822.0,Tulsa
WXJ-52,57.16,50.11,1,True,Sallisaw,OK,35.4609,-94.807,7922.0,Sequoyah
WXK-85,74.87,19.22,1,True,Guthrie,OK,35.8428,-97.4358,9237.0,Logan
KIH-27,73.4,20.98,2,True,Owasso,OK,36.2884,-95.8312,35784.0,Tulsa
WXJ-52,42.68,53.57,0,False,Tahlequah,OK,35.9116,-94.9773,19682.0,Cherokee
WXK-85,53.22,38.55,2,True,Purcell,OK,35.018,-97.3747,7528.0,McClain
WWF-42,74.93,10.44,1,True,Blackwell,OK,36.8011,-97.3003,6639.0,Kay
WXK-85,84.65,8.1,1,True,Edmond,OK,35.6689,-97.4159,91191.0,Oklahoma
KIH-27,68.56,24.69,1,True,Sapulpa,OK,36.009,-96.0983,20928.0,Creek
WXK-85,84.99,7.74,1,True,Warr Acres,OK,35.5284,-97.6182,10420.0,Oklahoma
WXK-86,36.2,36.0,0,False,Duncan,OK,34.5425,-97.919,20895.0,Stephens
WXJ-65,72.92,23.76,2,True,Idabel,OK,33.9041,-94.8294,5889.0,McCurtain
WWH-38,67.3,9.53,1,True,Grove,OK,36.5925,-94.7885,7387.0,Delaware
WZ-2511,44.82,41.98,0,False,Alva,OK,36.8011,-98.6679,5818.0,Woods
WXK-87,88.13,5.4,1,True,Clinton,OK,35.5058,-98.9724,8761.0,Custer
WNG-644,67.49,26.51,2,True,Collinsville,OK,36.3725,-95.8596,5039.0,Tulsa
WXJ-52,56.31,63.34,1,True,Poteau,OK,35.0431,-94.6356,8100.0,Le Flore
WNG-632,50.72,29.5,1,True,Henryetta,OK,35.4421,-95.9848,6382.0,Okmulgee
KIH-27,73.76,20.08,1,True,Glenpool,OK,35.9481,-96.0049,13479.0,Tulsa
KXI-57,68.26,21.7,1,True,Pauls Valley,OK,34.7236,-97.2291,5852.0,Garvin
WXK-86,84.26,7.51,1,True,Lawton,OK,34.6171,-98.4204,92299.0,Comanche
WXK-85,85.79,7.07,1,True,Oklahoma City,OK,35.4677,-97.5138,948154.0,Oklahoma
KXI-57,73.52,15.4,1,True,Ardmore,OK,34.1944,-97.1251,21597.0,Carter
KIH-27,73.58,20.54,1,True,Claremore,OK,36.3143,-95.6101,25826.0,Rogers
WXK-85,78.85,15.76,1,True,Yukon,OK,35.5203,-97.7636,26340.0,Canadian
KIH-27,77.28,13.35,1,True,Bixby,OK,35.9454,-95.8773,25333.0,Tulsa
KIH-27,75.87,15.72,1,True,Tulsa,OK,36.1284,-95.9037,674211.0,Tulsa
WXK-85,67.67,30.42,2,True,Noble,OK,35.1385,-97.371,6756.0,Cleveland
WNG-632,67.54,12.52,2,True,Muskogee,OK,35.743,-95.3567,41117.0,Muskogee
WXK-85,78.3,16.51,1,True,Moore,OK,35.3294,-97.4758,61415.0,Cleveland
KJY-94,75.96,9.72,2,True,Chickasha,OK,35.041,-97.9472,16118.0,Grady
KXI-57,72.88,17.24,2,True,Lone Grove,OK,34.1825,-97.2549,5225.0,Carter
KJY-95,81.78,11.26,1,True,Seminole,OK,35.2345,-96.65,5880.0,Seminole
KIH-27,77.61,12.86,1,True,Catoosa,OK,36.1832,-95.7663,7133.0,Rogers
WWF-42,81.7,6.22,1,True,Ponca City,OK,36.7235,-97.0679,25164.0,Kay
WXK-85,84.0,8.71,1,True,Del City,OK,35.4483,-97.4408,21950.0,Oklahoma
WXK-85,83.23,9.54,1,True,Bethany,OK,35.5072,-97.6417,19543.0,Oklahoma
WXK-85,79.93,13.93,1,True,Choctaw,OK,35.48,-97.2666,12354.0,Oklahoma
WXK-87,49.62,28.48,0,False,Elk City,OK,35.3849,-99.4333,11136.0,Beckham
KIH-27,74.8,17.78,1,True,Jenks,OK,35.998,-95.9737,21812.0,Tulsa
KJY-82,60.06,24.64,2,True,Miami,OK,36.8877,-94.8718,16042.0,Ottawa
WXK-85,91.21,3.78,1,True,The Village,OK,35.5706,-97.5567,9429.0,Oklahoma
WXK-85,67.82,26.84,1,True,El Reno,OK,35.543,-97.966,16902.0,Canadian
WXK-85,58.23,37.69,2,True,Tecumseh,OK,35.2639,-96.9338,6666.0,Pottawatomie
WXJ-50,53.46,18.01,1,True,Muldrow,OK,35.404,-94.5969,5525.0,Sequoyah
WXK-85,70.61,23.48,2,True,Newcastle,OK,35.2404,-97.5998,9652.0,McClain
KIH-27,88.64,3.59,2,True,Coweta,OK,35.9676,-95.6538,9673.0,Wagoner
KIH-27,53.51,34.23,1,True,Okmulgee,OK,35.6136,-96.0069,13959.0,Okmulgee
WXL-48,72.56,12.37,1,True,Enid,OK,36.4061,-97.8701,49176.0,Garfield
KJY-96,76.95,15.72,1,True,Guymon,OK,36.6901,-101.4778,11596.0,Texas
WXK-85,78.38,16.64,1,True,Piedmont,OK,35.6784,-97.7528,7422.0,Canadian
WXK-85,70.24,23.46,2,True,Tuttle,OK,35.3068,-97.7556,6968.0,Grady
WWG-97,68.92,10.18,1,True,Altus,OK,34.6566,-99.3051,19246.0,Jackson
KJY-94,41.15,26.53,0,False,Anadarko,OK,35.0653,-98.244,5928.0,Caddo
KJY-95,69.84,23.66,1,True,Ada,OK,34.7683,-96.6689,17981.0,Pontotoc
WXK-85,56.47,24.47,1,True,Norman,OK,35.2335,-97.3471,114444.0,Cleveland
WXK-87,62.17,17.25,1,True,Weatherford,OK,35.5385,-98.6872,11844.0,Custer
KJY-95,84.45,8.26,1,True,Holdenville,OK,35.0836,-96.4004,5676.0,Hughes
WWG-46,90.15,4.27,1,True,Woodward,OK,36.4246,-99.4059,11807.0,Woodward
WNG-654,61.25,16.52,1,True,Cushing,OK,35.9797,-96.7603,6716.0,Payne
WWH-38,57.5,25.41,1,True,Vinita,OK,36.6364,-95.177,5813.0,Craig
WNG-644,87.84,5.59,1,True,Bartlesville,OK,36.7356,-95.9451,39848.0,Washington
WWG-41,32.13,30.22,0,False,Scottsdale,AZ,33.6872,-111.865,246645.0,Maricopa
WXK-76,80.93,3.94,1,True,Flagstaff,AZ,35.1867,-111.6175,78065.0,Coconino
WNG-703,74.1,1.98,1,True,Nogales,AZ,31.3624,-110.9336,30771.0,Santa Cruz
KEC-94,74.93,13.57,2,True,Tolleson,AZ,33.4484,-112.2561,7178.0,Maricopa
WXL-30,71.92,11.05,1,True,Oro Valley,AZ,32.4226,-110.9767,43781.0,Pima
KEC-94,70.25,23.33,2,True,El Mirage,AZ,33.5906,-112.3271,35043.0,Maricopa
WWG-41,60.83,49.02,3,True,Guadalupe,AZ,33.3665,-111.9633,6336.0,Maricopa
KEC-94,69.49,25.46,4,True,Queen Creek,AZ,33.2392,-111.6397,35524.0,Maricopa
KEC-94,67.02,33.98,1,True,Buckeye,AZ,33.4318,-112.643,64629.0,Maricopa
KXI-23,66.96,28.68,1,True,Show Low,AZ,34.2677,-110.0387,10835.0,Navajo
KEC-94,62.53,40.39,4,True,Coolidge,AZ,32.9595,-111.5285,11568.0,Pinal
KEC-94,73.18,16.61,1,True,Phoenix,AZ,33.5722,-112.0891,4054083.0,Maricopa
WXL-30,66.18,21.43,1,True,Marana,AZ,32.4355,-111.1558,43474.0,Pima
KEC-94,71.54,20.09,4,True,Maricopa,AZ,33.0447,-112.0164,45666.0,Pinal
WWF-98,52.59,21.27,1,True,Sedona,AZ,34.8574,-111.7951,7008.0,Coconino
KEC-94,73.89,15.31,3,True,Avondale,AZ,33.3858,-112.3236,214235.0,Maricopa
WXL-30,66.64,20.36,1,True,Tucson,AZ,32.1558,-110.8777,860333.0,Pima
WXL-30,58.61,51.73,3,True,Eloy,AZ,32.7464,-111.5994,17442.0,Pinal
KEC-94,72.23,18.53,4,True,Gilbert,AZ,33.3103,-111.7463,237133.0,Maricopa
WWF-98,70.28,13.39,1,True,Prescott Valley,AZ,34.5983,-112.3178,94154.0,Yavapai
KEC-94,71.03,20.65,4,True,Mesa,AZ,33.4016,-111.718,484587.0,Maricopa
WWG-41,64.23,32.99,1,True,Cave Creek,AZ,33.8513,-111.9801,5476.0,Maricopa
KXI-24,44.64,90.95,0,False,Douglas,AZ,31.3602,-109.5394,16885.0,Cochise
KXI-24,69.18,15.19,1,True,Safford,AZ,32.8318,-109.7006,19228.0,Graham
KEC-94,67.68,30.99,3,True,Apache Junction,AZ,33.3982,-111.5349,39954.0,Pinal
WWF-98,66.57,20.52,2,True,Prescott,AZ,34.5799,-112.4476,42513.0,Yavapai
WXL-30,-17.39,87.46,0,False,Bisbee,AZ,31.4126,-109.9179,5189.0,Cochise
WWF-98,76.17,6.75,1,True,Cottonwood,AZ,34.7194,-112.0014,11990.0,Yavapai
KXI-24,54.96,79.94,1,True,Sierra Vista,AZ,31.5631,-110.3153,51927.0,Cochise
KQC-45,72.78,14.17,1,True,Bullhead City,AZ,35.1205,-114.546,49184.0,Mohave
WWG-42,57.37,59.91,2,True,Casa Grande,AZ,32.907,-111.7623,57635.0,Pinal
WXK-76,58.58,52.33,1,True,Winslow,AZ,35.0253,-110.7098,9864.0,Navajo
KXI-23,65.39,41.01,1,True,Snowflake,AZ,34.5223,-110.0914,6473.0,Navajo
WXL-87,59.49,35.27,1,True,Yuma,AZ,32.599,-114.5489,137936.0,Yuma
WXL-30,61.57,36.58,1,True,Sahuarita,AZ,31.9328,-110.9654,46385.0,Pima
WXL-87,41.12,32.09,0,False,Somerton,AZ,32.6009,-114.699,17800.0,Yuma
WWF-98,49.37,17.1,0,False,Chino Valley,AZ,34.7593,-112.4107,11214.0,Yavapai
KEC-94,75.38,12.85,3,True,Chandler,AZ,33.2828,-111.8517,247477.0,Maricopa
KEC-94,70.67,22.2,2,True,Youngtown,AZ,33.5846,-112.3048,6759.0,Maricopa
WWG-41,65.63,28.02,1,True,Fountain Hills,AZ,33.6072,-111.7398,24482.0,Maricopa
KEC-94,71.84,19.37,2,True,Glendale,AZ,33.5797,-112.2246,245895.0,Maricopa
KXI-23,56.47,15.95,1,True,Eagar,AZ,34.1058,-109.2956,6222.0,Apache
KEC-94,67.33,32.75,2,True,Surprise,AZ,33.6802,-112.4525,132677.0,Maricopa
WXL-30,66.8,19.95,1,True,South Tucson,AZ,32.1955,-110.9691,5645.0,Pima
KEC-94,71.33,20.55,2,True,Litchfield Park,AZ,33.5024,-112.3586,5766.0,Maricopa
WWG-42,74.64,8.08,2,True,Globe,AZ,33.3869,-110.7515,13234.0,Gila
KXI-84,74.39,8.35,1,True,Lake Havasu City,AZ,34.5006,-114.3115,54662.0,Mohave
WWF-51,38.99,51.0,0,False,Colorado City,AZ,36.9774,-112.983,8227.0,Mohave
KEC-94,25.1,17.79,0,False,Goodyear,AZ,33.2613,-112.3622,77258.0,Maricopa
KEC-94,67.01,33.98,2,True,Peoria,AZ,33.7844,-112.2989,164173.0,Maricopa
WWF-98,67.99,17.38,1,True,Camp Verde,AZ,34.5699,-111.8573,11238.0,Yavapai
KXI-83,72.32,10.55,1,True,Kingman,AZ,35.2168,-114.0167,43548.0,Mohave
KXI-24,70.16,13.55,1,True,Thatcher,AZ,32.8317,-109.7594,5027.0,Graham
WWG-42,61.32,37.73,2,True,Florence,AZ,33.0631,-111.4272,16744.0,Pinal
WXL-87,41.54,39.31,0,False,San Luis,AZ,32.4922,-114.7105,30366.0,Yuma
KEC-94,78.84,8.65,4,True,Tempe,AZ,33.3881,-111.9318,182498.0,Maricopa
WWG-41,45.64,40.32,0,False,Paradise Valley,AZ,33.5435,-111.9595,14355.0,Maricopa
WWG-41,66.99,23.92,1,True,Payson,AZ,34.2432,-111.3195,14372.0,Gila
WXM-89,60.51,35.75,2,True,Page,AZ,36.9425,-111.5071,6989.0,Coconino
KXI-24,40.91,41.54,0,False,Clifton,AZ,33.0249,-109.2883,5084.0,Greenlee
WXK-68,69.21,26.21,1,True,Nampa,ID,43.5833,-116.5641,169761.0,Canyon
WXL-33,57.09,44.6,1,True,Pocatello,ID,42.8716,-112.466,70445.0,Bannock
WXL-86,68.67,16.09,1,True,Post Falls,ID,47.7202,-116.9396,31865.0,Kootenai
WZ-2520,73.39,11.44,1,True,Hailey,ID,43.5132,-114.301,10791.0,Blaine
WXK-68,75.51,12.66,1,True,Boise,ID,43.5991,-116.2306,379410.0,Ada
WXK-68,74.28,14.61,1,True,Eagle,ID,43.7231,-116.3856,24785.0,Ada
KJY-57,54.39,23.74,1,True,Rexburg,ID,43.8221,-111.7926,29738.0,Madison
KJY-57,63.75,28.49,2,True,Rigby,ID,43.6735,-111.9129,8987.0,Jefferson
WXK-88,72.84,4.99,2,True,Fruitland,ID,44.0204,-116.9223,5136.0,Payette
WXL-86,42.63,13.33,0,False,Rathdrum,ID,47.7992,-116.8911,7587.0,Kootenai
WXL-33,60.25,35.51,1,True,Ammon,ID,43.4748,-111.9559,15252.0,Bonneville
WXK-68,69.27,26.03,1,True,Middleton,ID,43.7124,-116.6143,7168.0,Canyon
WXK-88,67.85,9.03,1,True,Payette,ID,44.079,-116.9256,7414.0,Payette
WNG-605,53.19,20.99,1,True,Rupert,ID,42.619,-113.6739,6642.0,Minidoka
WXK-68,69.98,24.02,1,True,Kuna,ID,43.4849,-116.3993,17930.0,Ada
WXL-35,75.99,5.25,2,True,Jerome,ID,42.7185,-114.5156,11319.0,Jerome
WNG-605,66.34,21.07,1,True,Burley,ID,42.5371,-113.7933,16160.0,Cassia
WXL-35,76.13,11.81,2,True,Twin Falls,ID,42.5631,-114.4637,53412.0,Twin Falls
WXK-68,76.45,11.35,1,True,Garden City,ID,43.6527,-116.2746,11602.0,Ada
WWG-99,64.31,26.64,1,True,Sandpoint,ID,48.2811,-116.5599,11751.0,Bonner
WXK-68,54.01,47.4,1,True,Mountain Home,ID,43.1328,-115.6965,16105.0,Elmore
WXL-86,49.87,17.94,0,False,Hayden,ID,47.7685,-116.801,14344.0,Kootenai
WXK-68,68.3,29.13,1,True,Caldwell,ID,43.6458,-116.6595,53149.0,Canyon
WXL-33,64.36,26.54,1,True,Blackfoot,ID,43.1939,-112.3457,15340.0,Bingham
WXK-98,35.32,32.68,0,False,Moscow,ID,46.7306,-116.9989,25758.0,Latah
WXK-68,71.47,20.19,1,True,Star,ID,43.7019,-116.4939,8313.0,Ada
WXL-86,66.31,21.15,1,True,Coeur d'Alene,ID,47.7041,-116.7928,112088.0,Kootenai
WXK-98,71.18,17.73,1,True,Lewiston,ID,46.3936,-116.9935,53520.0,Nez Perce
WXL-33,59.53,41.12,1,True,Chubbuck,ID,42.9226,-112.4699,14644.0,Bannock
WXL-33,62.28,31.46,2,True,Idaho Falls,ID,43.4878,-112.0359,96166.0,Bonneville
WXK-68,72.58,17.78,1,True,Meridian,ID,43.6182,-116.398,95623.0,Ada
WXK-68,55.02,21.11,1,True,Emmett,ID,43.8686,-116.4889,9416.0,Gem
WXK-88,55.5,21.39,1,True,Weiser,ID,44.2566,-116.9696,5546.0,Washington
WXJ-42,60.44,23.8,2,True,Torrington,CT,41.8349,-73.1282,40710.0,Litchfield
KHB-47,75.31,6.58,1,True,New London,CT,41.3502,-72.1023,26984.0,New London
WXJ-42,58.37,9.89,1,True,Waterbury,CT,41.5583,-73.0361,190855.0,New Haven
WXJ-42,50.22,23.37,1,True,Shelton,CT,41.306,-73.1383,41334.0,Fairfield
WXJ-42,83.07,8.36,2,True,New Britain,CT,41.6758,-72.7862,72558.0,Hartford
KHB-47,83.49,7.89,1,True,Groton,CT,41.339,-72.0727,9134.0,New London
WXM-80,59.25,29.8,2,True,City of Milford (balance),CT,41.2253,-73.0624,52536.0,New Haven
WXJ-42,50.52,11.86,1,True,Naugatuck,CT,41.489,-73.0518,31392.0,New Haven
KHB-47,55.75,14.17,1,True,Jewett City,CT,41.607,-71.9807,9883.0,New London
WXM-80,52.93,32.88,1,True,Bridgeport,CT,41.1909,-73.1958,934289.0,Fairfield
WXM-80,46.18,40.16,0,False,Norwalk,CT,41.1144,-73.4215,88438.0,Fairfield
WXJ-42,66.04,9.89,2,True,Middletown,CT,41.5476,-72.6549,46544.0,Middlesex
WXJ-42,91.52,3.19,1,True,Meriden,CT,41.5367,-72.7943,59622.0,New Haven
WXJ-42,46.17,34.27,0,False,Danbury,CT,41.4016,-73.471,176649.0,Fairfield
WXJ-42,41.94,19.05,0,False,Ansonia,CT,41.3443,-73.0689,18732.0,New Haven
WXJ-42,62.86,20.96,2,True,West Haven,CT,41.2738,-72.9669,54516.0,New Haven
WXJ-41,70.86,19.23,2,True,Hartford,CT,41.7661,-72.6834,913587.0,Hartford
WXJ-42,73.87,9.54,1,True,Bristol,CT,41.6812,-72.9407,60147.0,Hartford
WXJ-42,49.05,20.48,0,False,Derby,CT,41.3265,-73.0833,12631.0,New Haven
WXJ-42,61.27,17.88,2,True,New Haven,CT,41.3112,-72.9245,563460.0,New Haven
KHB-47,79.71,8.0,1,True,Norwich,CT,41.5495,-72.0882,204360.0,New London
KWO-35,59.45,33.18,1,True,Stamford,CT,41.1035,-73.5583,129113.0,Fairfield
WXM-77,73.93,12.44,2,True,Presque Isle,ME,46.6868,-67.9874,5713.0,Aroostook
KDO-95,70.23,21.34,2,True,Biddeford,ME,43.4674,-70.4512,21362.0,York
KDO-95,69.87,16.9,2,True,Saco,ME,43.539,-70.4624,19213.0,York
KHB-54,63.96,24.9,1,True,Old Town,ME,44.9491,-68.7249,7518.0,Penobscot
KZZ-40,48.57,28.44,0,False,Sanford,ME,43.4244,-70.7573,29139.0,York
KDO-95,63.08,22.6,2,True,Auburn,ME,44.085,-70.2492,22948.0,Androscoggin
KDO-95,80.46,9.26,2,True,South Portland,ME,43.631,-70.2895,25577.0,Cumberland
WSM-60,50.63,29.12,1,True,Waterville,ME,44.544,-69.6626,26806.0,Kennebec
KEC-93,64.63,42.3,1,True,Rockland,ME,44.1274,-69.1369,8633.0,Knox
VFH-526,42.26,23.81,0,False,Caribou,ME,46.8662,-67.9919,7736.0,Aroostook
WSM-60,80.33,7.27,1,True,Gardiner,ME,44.191,-69.7921,5620.0,Kennebec
KDO-95,86.07,4.85,1,True,Westbrook,ME,43.6955,-70.3538,18402.0,Cumberland
KZZ-41,62.48,57.59,3,True,Lewiston,ME,44.0915,-70.1681,58664.0,Androscoggin
WSM-60,57.92,15.09,2,True,Bath,ME,43.9346,-69.8346,8303.0,Sagadahoc
KHB-54,60.51,30.64,1,True,Bangor,ME,44.8322,-68.7906,59259.0,Penobscot
WSM-60,54.98,14.82,1,True,Augusta,ME,44.3341,-69.7319,21876.0,Kennebec
WNG-547,49.86,79.14,0,False,Brewer,ME,44.7835,-68.7352,9107.0,Penobscot
KDO-95,81.25,6.48,1,True,Portland,ME,43.6772,-70.2713,206193.0,Cumberland
KEC-93,93.48,2.94,1,True,Ellsworth,ME,44.5847,-68.4875,7911.0,Hancock
WXK-97,48.78,28.77,0,False,Easton,MD,38.776,-76.0702,17781.0,Talbot
WXM-43,83.63,4.99,1,True,Frostburg,MD,39.6507,-78.9271,8676.0,Allegany
WNG-736,83.55,3.6,2,True,Mount Rainier,MD,38.9426,-76.9645,8455.0,Prince George's
WXJ-94,67.66,17.98,1,True,Ocean City,MD,38.3989,-75.0715,6999.0,Worcester
WNG-736,84.69,3.86,3,True,Hyattsville,MD,38.9612,-76.9548,18449.0,Prince George's
KEC-83,37.62,39.52,0,False,Thurmont,MD,39.6205,-77.4074,7252.0,Frederick
KEC-92,50.01,23.78,1,True,Cambridge,MD,38.5519,-76.0788,14418.0,Dorchester
KEC-83,44.38,31.19,0,False,Annapolis,MD,38.9705,-76.5047,39418.0,Anne Arundel
KEC-92,71.25,9.39,2,True,Salisbury,MD,38.3755,-75.5883,107026.0,Wicomico
KEC-83,78.3,16.86,1,True,Hampstead,MD,39.6109,-76.8552,6355.0,Carroll
WXM-42,43.66,29.47,0,False,Brunswick,MD,39.318,-77.6253,8930.0,Frederick
KHB-36,68.38,26.15,1,True,La Plata,MD,38.5356,-76.9695,9239.0,Charles
WNG-736,90.77,1.82,2,True,Takoma Park,MD,38.981,-77.0028,17765.0,Montgomery
WXM-42,38.41,34.73,0,False,Walkersville,MD,39.4832,-77.356,6054.0,Frederick
KEC-92,67.26,12.67,3,True,Fruitland,MD,38.3216,-75.6244,5234.0,Wicomico
WNG-704,44.83,28.83,0,False,Elkton,MD,39.6066,-75.8205,15744.0,Cecil
KEC-83,76.58,20.58,2,True,Manchester,MD,39.6585,-76.8881,5330.0,Carroll
WNG-736,74.59,8.05,1,True,New Carrollton,MD,38.9663,-76.8769,12868.0,Prince George's
KJY-99,58.16,25.99,2,True,Princess Anne,MD,38.2053,-75.6969,11353.0,Somerset
WNG-736,70.05,10.85,3,True,Rockville,MD,39.0834,-77.1553,66940.0,Montgomery
WXM-42,80.37,13.26,1,True,Hagerstown,MD,39.6401,-77.7217,186377.0,Washington
KEC-83,60.22,19.86,1,True,Westminster,MD,39.5799,-77.0066,18671.0,Carroll
WXM-57,59.68,28.69,1,True,Leonardtown,MD,38.303,-76.641,6093.0,St. Mary's
WXM-42,42.94,33.18,0,False,Frederick,MD,39.4334,-77.4154,152047.0,Frederick
WXK-97,64.38,27.73,1,True,Havre de Grace,MD,39.5471,-76.1135,13527.0,Harford
WNG-736,58.74,15.29,2,True,Bowie,MD,38.9577,-76.7421,58393.0,Prince George's
WXK-97,83.67,8.71,2,True,Chestertown,MD,39.2188,-76.071,6918.0,Kent
WNG-736,69.83,6.57,2,True,Cheverly,MD,38.9253,-76.9139,6469.0,Prince George's
KEC-83,71.01,22.57,1,True,Mount Airy,MD,39.3743,-77.1535,9374.0,Carroll
WNG-736,73.38,9.38,2,True,Glenarden,MD,38.9291,-76.8574,6178.0,Prince George's
WNG-736,76.93,7.77,3,True,Greenbelt,MD,38.9953,-76.8885,23909.0,Prince George's
WXK-97,62.45,27.11,1,True,Aberdeen,MD,39.5146,-76.1731,15612.0,Harford
WNG-736,67.76,5.38,1,True,Riverdale Park,MD,38.9645,-76.9265,7304.0,Prince George's
WNG-736,74.45,10.3,3,True,District Heights,MD,38.8593,-76.888,6017.0,Prince George's
WNG-736,80.64,5.56,1,True,Bladensburg,MD,38.9423,-76.9265,9608.0,Prince George's
WXM-43,78.59,8.86,1,True,Cumberland,MD,39.6515,-78.7585,49707.0,Allegany
KEC-83,64.18,22.96,2,True,Bel Air,MD,39.5347,-76.346,10109.0,Harford
WXL-40,48.22,50.23,0,False,Taneytown,MD,39.6562,-77.1688,6629.0,Carroll
WNG-736,70.83,5.52,1,True,College Park,MD,38.9964,-76.9337,32275.0,Prince George's
WXK-97,31.35,47.61,0,False,Chesapeake Beach,MD,38.6881,-76.5447,24355.0,Calvert
WXL-40,40.9,50.36,0,False,Emmitsburg,MD,39.705,-77.3217,6873.0,Frederick
WXM-43,40.73,10.07,0,False,Westernport,MD,39.488,-79.0429,5546.0,Allegany
KHB-36,58.15,37.04,2,True,Gaithersburg,MD,39.1347,-77.213,67776.0,Montgomery
KEC-83,62.8,21.3,2,True,Laurel,MD,39.0955,-76.8629,25853.0,Prince George's
KEC-83,77.66,8.39,1,True,Baltimore,MD,39.3051,-76.6144,2181206.0,Baltimore (city)
KHB-35,72.4,24.05,3,True,Marlborough,MA,42.3494,-71.5468,39697.0,Middlesex
KHB-35,70.89,5.62,3,True,Quincy,MA,42.2516,-71.0183,93688.0,Norfolk
WXJ-41,72.93,17.1,2,True,Chicopee,MA,42.1764,-72.5719,55991.0,Hampden
KHB-35,75.89,13.85,1,True,Waltham,MA,42.3889,-71.2423,63002.0,Middlesex
KHB-35,77.84,14.59,1,True,Medford,MA,42.4234,-71.1087,57213.0,Middlesex
WNG-574,82.95,2.27,1,True,Gloucester,MA,42.626,-70.6896,29798.0,Essex
KHB-35,74.58,7.54,2,True,Boston,MA,42.3189,-71.0838,4556916.0,Suffolk
KZZ-40,56.63,27.77,1,True,Haverhill,MA,42.7838,-71.0871,62873.0,Essex
KHB-35,79.66,9.55,1,True,Newton,MA,42.3317,-71.2085,89045.0,Middlesex
WWF-48,71.09,13.64,1,True,Pittsfield,MA,42.4517,-73.2605,56628.0,Berkshire
KHB-35,79.95,13.76,1,True,Everett,MA,42.4064,-71.0544,46340.0,Middlesex
WNG-574,65.83,15.2,2,True,Salem,MA,42.513,-70.9021,43132.0,Essex
KHB-35,78.26,10.11,3,True,Brockton,MA,42.0821,-71.0242,95630.0,Plymouth
WWF-48,40.01,4.17,0,False,North Adams,MA,42.6844,-73.1166,17603.0,Berkshire
KHB-35,72.19,11.37,1,True,Watertown,MA,42.37,-71.1775,35025.0,Middlesex
WXJ-41,70.43,21.51,1,True,Westfield,MA,42.1382,-72.7561,41552.0,Hampden
KHB-35,81.74,11.3,1,True,Cambridge,MA,42.3758,-71.1184,110651.0,Middlesex
KHB-35,73.69,12.36,1,True,Somerville,MA,42.3908,-71.1013,81322.0,Middlesex
WXM-68,46.82,25.91,0,False,Northampton,MA,42.3266,-72.6745,28483.0,Hampshire
WNG-575,63.69,36.08,3,True,Methuen,MA,42.734,-71.1889,49917.0,Essex
WXJ-41,71.12,21.07,1,True,Holyoke,MA,42.2126,-72.6411,40280.0,Hampden
WNG-574,64.06,17.88,3,True,Newburyport,MA,42.8124,-70.8879,17987.0,Essex
WXL-93,63.39,20.29,2,True,Fitchburg,MA,42.5912,-71.8156,40414.0,Worcester
WNG-575,46.95,38.0,0,False,Lawrence,MA,42.7003,-71.1626,80209.0,Essex
KHB-35,77.9,15.35,1,True,Revere,MA,42.4188,-71.004,53157.0,Suffolk
KEC-73,71.62,19.7,2,True,New Bedford,MA,41.6697,-70.9428,149390.0,Bristol
KHB-35,67.37,27.74,3,True,Beverly,MA,42.5681,-70.8627,41365.0,Essex
KHB-35,75.43,19.08,1,True,Woburn,MA,42.4868,-71.1543,39452.0,Middlesex
KHB-35,80.15,13.36,1,True,Chelsea,MA,42.3959,-71.0325,39699.0,Suffolk
WXL-93,85.64,5.13,1,True,Worcester,MA,42.2705,-71.8079,495856.0,Worcester
KHB-35,66.15,17.05,1,True,Melrose,MA,42.4556,-71.059,27928.0,Middlesex
WNG-574,64.69,17.82,5,True,Peabody,MA,42.5335,-70.9724,52491.0,Essex
WXJ-41,75.56,12.62,2,True,Springfield,MA,42.1155,-72.5395,625300.0,Hampden
WNG-575,67.41,32.18,1,True,Lowell,MA,42.6389,-71.3217,110558.0,Middlesex
WXL-93,54.7,16.31,2,True,Leominster,MA,42.5209,-71.7717,119538.0,Worcester
WXL-93,70.89,19.92,4,True,Gardner,MA,42.5845,-71.9868,20430.0,Worcester
KHB-35,70.49,15.36,1,True,Malden,MA,42.4305,-71.0576,60840.0,Middlesex
KHB-35,76.7,19.85,2,True,Lynn,MA,42.4778,-70.9662,92697.0,Essex
WXJ-39,77.74,12.65,2,True,Attleboro,MA,41.9311,-71.295,44434.0,Bristol
WXJ-39,70.43,20.18,2,True,Fall River,MA,41.7136,-71.1014,88930.0,Bristol
WXJ-39,61.61,20.66,3,True,Taunton,MA,41.9036,-71.0943,56843.0,Bristol
WXL-51,75.27,7.19,1,True,Toledo,OH,41.6639,-83.582,492237.0,Lucas
KHB-59,72.71,10.84,3,True,University Heights,OH,41.4948,-81.5348,13126.0,Cuyahoga
WNG-698,60.27,15.47,2,True,Sheffield Lake,OH,41.4884,-82.0978,9004.0,Lorain
KIH-42,64.64,16.42,1,True,Blue Ash,OH,39.2478,-84.3824,12228.0,Hamilton
WXJ-46,78.63,9.28,1,True,Trotwood,OH,39.7927,-84.3165,24331.0,Montgomery
WXJ-46,60.36,22.57,2,True,Hamilton,OH,39.3938,-84.5652,62127.0,Butler
KIG-86,85.13,7.65,2,True,Grove City,OH,39.8665,-83.0703,39721.0,Franklin
WXL-51,66.81,11.82,1,True,Northwood,OH,41.6089,-83.4837,5394.0,Wood
KDO-94,92.27,3.38,1,True,Akron,OH,41.0802,-81.5219,565311.0,Summit
WXJ-46,79.22,9.3,1,True,Centerville,OH,39.6339,-84.1448,23817.0,Montgomery
KHB-59,68.22,24.59,3,True,Lakewood,OH,41.4824,-81.8008,50279.0,Cuyahoga
KHB-59,69.45,9.31,1,True,Wickliffe,OH,41.6072,-81.469,12689.0,Lake
WXJ-46,79.27,14.9,2,True,Monroe,OH,39.4461,-84.3666,13473.0,Butler
KIH-42,66.71,17.4,2,True,Montgomery,OH,39.2494,-84.3457,10582.0,Hamilton
WWG-57,41.98,35.32,0,False,Newark,OH,40.0703,-82.4252,78563.0,Licking
KHB-59,74.54,9.35,2,True,Richmond Heights,OH,41.5589,-81.5029,10421.0,Cuyahoga
WXJ-46,72.29,16.6,1,True,Vandalia,OH,39.879,-84.193,15058.0,Montgomery
WWG-56,73.42,13.47,1,True,Columbiana,OH,40.8871,-80.675,7940.0,Columbiana
KHB-59,83.52,5.16,1,True,Kirtland,OH,41.5969,-81.3406,6773.0,Lake
WNG-698,74.17,10.13,2,True,Oberlin,OH,41.2857,-82.2197,8009.0,Lorain
KDO-94,74.11,16.35,1,True,North Canton,OH,40.8742,-81.3971,17365.0,Stark
WXL-51,45.67,26.54,0,False,Napoleon,OH,41.3978,-84.1244,8432.0,Henry
WXJ-93,71.15,29.98,1,True,Bellefontaine,OH,40.3627,-83.763,13038.0,Logan
WXJ-47,61.58,16.09,1,True,Cambridge,OH,40.0221,-81.5868,14943.0,Guernsey
KDO-94,74.08,15.69,2,True,Medina,OH,41.1358,-81.8694,26261.0,Medina
KDO-94,66.94,28.38,3,True,Shaker Heights,OH,41.4744,-81.5496,27448.0,Cuyahoga
WWG-57,60.98,19.41,2,True,Galion,OH,40.7392,-82.7773,15406.0,Crawford
KHB-59,64.45,21.15,2,True,Brecksville,OH,41.3079,-81.6193,13425.0,Cuyahoga
WXJ-46,67.14,14.6,2,True,Trenton,OH,39.4791,-84.462,12762.0,Butler
WWG-56,54.18,22.03,1,True,Lisbon,OH,40.7752,-80.7628,5492.0,Columbiana
KIG-86,81.42,9.18,1,True,Worthington,OH,40.0949,-83.0209,14528.0,Franklin
WXJ-46,63.68,17.44,1,True,Union,OH,39.9102,-84.2962,6606.0,Montgomery
WXJ-46,93.3,2.96,1,True,Miamisburg,OH,39.6323,-84.2725,19968.0,Montgomery
WWF-35,59.17,21.71,1,True,Steubenville,OH,40.3653,-80.652,18072.0,Jefferson
KHB-59,80.93,10.78,1,True,Eastlake,OH,41.6581,-81.4323,18134.0,Lake
KIG-86,73.65,14.78,1,True,Powell,OH,40.1679,-83.08,12810.0,Delaware
KIH-42,79.6,14.47,2,True,The Village of Indian Hill,OH,39.1917,-84.3341,5823.0,Hamilton
KIG-86,80.09,13.65,1,True,New Albany,OH,40.0808,-82.7926,10360.0,Franklin
KDO-94,69.35,23.82,2,True,Bedford Heights,OH,41.4042,-81.5053,10555.0,Cuyahoga
WXJ-93,71.1,20.1,1,True,Russells Point,OH,40.468,-83.8939,6424.0,Logan
KIG-86,73.35,16.61,2,True,Ashville,OH,39.7248,-82.9581,6368.0,Pickaway
KJY-68,60.45,21.23,1,True,Jackson,OH,39.046,-82.6494,11627.0,Jackson
WNG-698,72.32,10.49,3,True,Strongsville,OH,41.3128,-81.8313,44631.0,Cuyahoga
KIH-42,55.0,21.75,1,True,Harrison,OH,39.257,-84.7883,14411.0,Hamilton
KHB-59,63.24,18.49,3,True,Cleveland,OH,41.4766,-81.6805,1731637.0,Cuyahoga
WWG-56,89.23,2.59,1,True,Campbell,OH,41.0777,-80.5904,7923.0,Mahoning
KZZ-46,98.29,1.67,1,True,Athens,OH,39.3269,-82.0988,30077.0,Athens
KDO-94,82.02,10.96,3,True,Stow,OH,41.1765,-81.4344,34711.0,Summit
KHB-59,77.02,8.47,2,True,Lyndhurst,OH,41.5172,-81.4922,13605.0,Cuyahoga
KDO-94,46.21,40.6,0,False,Ashland,OH,40.8671,-82.3163,20352.0,Ashland
KHB-59,68.2,12.18,3,True,Cleveland Heights,OH,41.5112,-81.5636,44633.0,Cuyahoga
WNG-698,66.14,17.28,3,True,Parma,OH,41.3842,-81.7286,79425.0,Cuyahoga
WWG-56,72.36,14.34,1,True,Warren,OH,41.2389,-80.8177,39898.0,Trumbull
WXJ-47,57.82,15.06,1,True,Caldwell,OH,39.7467,-81.5127,5352.0,Noble
KDO-94,90.66,4.07,2,True,Norton,OH,41.0294,-81.6461,12011.0,Summit
WXJ-93,76.76,16.25,1,True,Delphos,OH,40.8481,-84.3369,7328.0,Allen
KIG-86,80.69,11.89,1,True,Westerville,OH,40.1241,-82.9205,38985.0,Franklin
KHB-59,75.41,20.4,2,True,Seven Hills,OH,41.3805,-81.6737,11655.0,Cuyahoga
KIH-42,73.17,9.41,1,True,Norwood,OH,39.1604,-84.4534,19876.0,Hamilton
KZZ-47,65.07,15.78,2,True,Fostoria,OH,41.1601,-83.4119,14517.0,Seneca
WXJ-46,83.94,8.73,1,True,Oakwood,OH,39.7202,-84.1734,8999.0,Montgomery
KDO-94,79.74,14.21,2,True,Hudson,OH,41.2399,-81.4408,22251.0,Summit
KHB-97,69.04,19.42,1,True,Port Clinton,OH,41.5094,-82.9383,13104.0,Ottawa
WXM-69,46.64,29.19,0,False,Hillsboro,OH,39.2124,-83.6113,6642.0,Highland
KJY-68,61.31,20.36,2,True,Circleville,OH,39.6062,-82.9335,15626.0,Pickaway
WNG-698,71.31,12.87,3,True,Middleburg Heights,OH,41.3695,-81.815,15608.0,Cuyahoga
KIG-86,82.07,10.88,1,True,Reynoldsburg,OH,39.9588,-82.7943,37449.0,Franklin
WWG-57,63.53,13.46,1,True,Mount Vernon,OH,40.3854,-82.4732,21670.0,Knox
KIG-86,84.32,8.38,1,True,Gahanna,OH,40.0251,-82.8638,34956.0,Franklin
WXJ-46,56.78,30.58,1,True,Wilmington,OH,39.4387,-83.8184,12280.0,Clinton
KIH-42,80.62,12.86,2,True,Madeira,OH,39.1854,-84.3734,9049.0,Hamilton
WXJ-46,61.08,25.63,2,True,Fairfield,OH,39.3301,-84.5405,42617.0,Butler
WWG-57,51.71,23.16,2,True,Shelby,OH,40.8845,-82.6577,9018.0,Richland
KDO-94,85.13,7.62,1,True,Cuyahoga Falls,OH,41.1641,-81.5206,49206.0,Summit
WWG-56,94.77,1.36,1,True,Youngstown,OH,41.0994,-80.6463,372039.0,Mahoning
KIG-86,78.87,12.94,1,True,Canal Winchester,OH,39.8432,-82.8121,7905.0,Fairfield
KHB-59,85.33,6.47,2,True,Mayfield Heights,OH,41.5175,-81.4534,18731.0,Cuyahoga
KDO-94,65.36,19.2,2,True,Twinsburg,OH,41.3221,-81.4451,18877.0,Summit
KIG-86,95.1,2.45,1,True,Grandview Heights,OH,39.9793,-83.0409,7628.0,Franklin
KIG-86,80.33,13.3,1,True,Pickerington,OH,39.8889,-82.768,20069.0,Fairfield
WXJ-46,68.28,17.04,1,True,Lebanon,OH,39.4248,-84.2139,20651.0,Warren
KHB-97,67.62,16.07,1,True,Sandusky,OH,41.4472,-82.7009,47494.0,Erie
KHB-59,72.71,10.13,2,True,South Euclid,OH,41.5239,-81.5245,21658.0,Cuyahoga
KHB-59,65.43,10.89,1,True,Euclid,OH,41.5904,-81.5188,47360.0,Cuyahoga
KIH-42,80.02,13.81,2,True,Wyoming,OH,39.2295,-84.4814,8517.0,Hamilton
WXJ-47,65.28,15.29,1,True,Zanesville,OH,39.9567,-82.0133,42097.0,Muskingum
WXJ-93,51.81,45.42,1,True,Defiance,OH,41.2806,-84.3663,18507.0,Defiance
WNG-698,68.11,12.26,3,True,Avon,OH,41.4485,-82.0187,22805.0,Lorain
WWF-35,85.08,7.59,1,True,Saint Clairsville,OH,40.0792,-80.8998,5109.0,Belmont
KDO-94,67.01,26.45,2,True,Alliance,OH,40.9107,-81.1189,31917.0,Stark
KDO-94,66.61,15.09,1,True,Seville,OH,41.0209,-81.8671,7673.0,Medina
KIH-42,80.33,13.31,1,True,Deer Park,OH,39.2037,-84.3975,5674.0,Hamilton
KIH-42,76.14,14.22,2,True,Mount Healthy,OH,39.2339,-84.5474,6030.0,Hamilton
KHB-59,63.42,14.43,1,True,Painesville,OH,41.724,-81.2536,19691.0,Lake
WXL-51,50.22,22.73,1,True,Wauseon,OH,41.5534,-84.1406,7254.0,Fulton
KDO-94,89.31,4.75,2,True,Fairlawn,OH,41.127,-81.6212,7466.0,Summit
KHB-97,77.95,11.9,1,True,Norwalk,OH,41.2443,-82.6088,20593.0,Huron
KDO-94,70.88,23.86,2,True,Maple Heights,OH,41.4094,-81.5625,22478.0,Cuyahoga
WWG-57,67.39,15.04,1,True,Ontario,OH,40.7709,-82.6107,6079.0,Richland
WXJ-46,58.25,18.93,1,True,Fairborn,OH,39.8031,-84.0141,33780.0,Greene
KIH-42,63.92,18.2,1,True,Sharonville,OH,39.2824,-84.4069,13761.0,Hamilton
KDO-94,79.56,12.22,1,True,Rittman,OH,40.9737,-81.7845,6593.0,Wayne
KDO-94,71.48,17.97,1,True,Orrville,OH,40.8482,-81.7747,8691.0,Wayne
KDO-94,77.75,12.97,1,True,Kent,OH,41.1491,-81.361,30071.0,Portage
WNG-735,78.43,6.71,1,True,Dover,OH,40.5302,-81.4805,12843.0,Tuscarawas
KHB-59,70.1,11.53,1,True,Mentor,OH,41.6895,-81.3361,46732.0,Lake
KEC-58,68.19,27.33,1,True,Conneaut,OH,41.9277,-80.5685,13963.0,Ashtabula
WXL-51,76.14,7.91,1,True,Rossford,OH,41.5831,-83.5692,6570.0,Wood
KEC-58,57.36,39.59,1,True,Ashtabula,OH,41.8805,-80.7984,28097.0,Ashtabula
KHB-59,64.54,15.92,3,True,Garfield Heights,OH,41.4199,-81.6038,27905.0,Cuyahoga
KDO-94,79.15,12.04,1,True,Canal Fulton,OH,40.8903,-81.5891,5433.0,Stark
WXJ-46,89.42,4.67,1,True,Moraine,OH,39.6983,-84.2458,6353.0,Montgomery
KDO-94,90.93,3.94,1,True,Barberton,OH,41.0095,-81.6038,26120.0,Summit
KIH-42,73.12,17.68,2,True,Forest Park,OH,39.286,-84.5259,18671.0,Hamilton
KIG-86,69.78,22.73,1,True,Delaware,OH,40.287,-83.0749,38643.0,Delaware
WXJ-46,71.25,13.49,1,True,Riverside,OH,39.7836,-84.122,24981.0,Montgomery
KDO-94,69.45,19.61,2,True,Massillon,OH,40.784,-81.5256,32258.0,Stark
KIH-35,43.3,34.23,0,False,East Liverpool,OH,40.6333,-80.5677,30292.0,Columbiana
WNG-698,66.89,11.38,3,True,North Olmsted,OH,41.415,-81.919,31817.0,Cuyahoga
KIH-39,87.55,5.75,1,True,Ironton,OH,38.5319,-82.6777,10891.0,Lawrence
WNG-698,71.04,9.07,2,True,Olmsted Falls,OH,41.3657,-81.9043,8890.0,Cuyahoga
KDO-94,71.03,18.98,2,True,Ravenna,OH,41.1613,-81.2421,11533.0,Portage
WXJ-46,74.21,8.0,1,True,Springboro,OH,39.5612,-84.2348,18452.0,Warren
WWG-56,87.37,3.22,1,True,Struthers,OH,41.051,-80.592,10293.0,Mahoning
KIG-86,59.01,26.37,1,True,Marysville,OH,40.2276,-83.3594,23674.0,Union
KDO-94,76.65,17.3,2,True,Streetsboro,OH,41.2396,-81.3456,16272.0,Portage
WXJ-46,54.59,27.08,2,True,Troy,OH,40.0431,-84.2193,25770.0,Miami
KIG-86,63.09,23.69,1,True,London,OH,39.8936,-83.4375,14626.0,Madison
KHB-59,63.24,31.3,3,True,Bay Village,OH,41.4851,-81.9315,15328.0,Cuyahoga
KJY-68,77.35,10.26,1,True,Chillicothe,OH,39.3393,-82.9937,32004.0,Ross
WXJ-93,59.38,31.37,1,True,Kenton,OH,40.6447,-83.6099,8298.0,Hardin
KJY-68,53.56,36.36,1,True,Washington Court House,OH,39.5384,-83.4276,15116.0,Fayette
KZZ-47,57.04,23.07,1,True,Bucyrus,OH,40.8054,-82.9719,11940.0,Crawford
WXJ-93,74.91,19.4,1,True,Celina,OH,40.5551,-84.5629,11176.0,Mercer
WNG-698,58.55,13.96,1,True,Amherst,OH,41.4022,-82.2303,12078.0,Lorain
KJY-68,51.98,20.39,1,True,Wellston,OH,39.1172,-82.5375,5554.0,Jackson
WXJ-46,69.29,11.03,2,True,Middletown,OH,39.5032,-84.3659,97742.0,Butler
WXJ-93,69.14,22.08,2,True,Ada,OH,40.768,-83.8252,5600.0,Hardin
KHB-59,64.01,22.63,3,True,Brooklyn,OH,41.4349,-81.7498,10828.0,Cuyahoga
WXJ-46,71.38,14.24,1,True,Englewood,OH,39.8643,-84.3071,13502.0,Montgomery
KHB-59,78.77,10.55,1,True,Willowick,OH,41.6343,-81.468,14087.0,Lake
WNG-698,70.89,10.79,2,True,Berea,OH,41.3696,-81.8642,18859.0,Cuyahoga
KIG-86,56.8,26.64,1,True,Lancaster,OH,39.7249,-82.6049,43726.0,Fairfield
WXJ-46,41.46,33.42,0,False,Springfield,OH,39.9304,-83.7961,83115.0,Clark
KHB-59,71.83,7.5,2,True,Pepper Pike,OH,41.4801,-81.4619,6198.0,Cuyahoga
KDO-94,77.79,17.84,2,True,Macedonia,OH,41.3147,-81.499,11899.0,Summit
WXJ-46,87.43,5.36,1,True,Carlisle,OH,39.5808,-84.3201,5329.0,Warren
WXJ-46,56.0,22.24,1,True,Tipp City,OH,39.9642,-84.1861,9918.0,Miami
WNG-698,73.57,7.88,2,True,North Ridgeville,OH,41.3851,-82.0194,32983.0,Lorain
KHB-97,64.66,16.39,1,True,Fremont,OH,41.353,-83.1143,22737.0,Sandusky
WXJ-46,83.47,9.26,1,True,Kettering,OH,39.6956,-84.1495,55306.0,Montgomery
WXJ-46,71.65,14.41,1,True,Beavercreek,OH,39.7312,-84.0627,46376.0,Greene
KIG-86,83.18,9.58,1,True,Hilliard,OH,40.0348,-83.1547,34905.0,Franklin
KDO-94,63.59,20.98,2,True,Canton,OH,40.8082,-81.3678,272768.0,Stark
KDO-94,62.96,22.9,1,True,Louisville,OH,40.8366,-81.2646,9356.0,Stark
KHB-59,80.27,9.46,1,True,Willoughby,OH,41.646,-81.4084,22769.0,Lake
KIG-86,97.98,1.76,1,True,Columbus,OH,39.9859,-82.9852,1495146.0,Franklin
WWG-56,78.06,9.47,1,True,Niles,OH,41.1877,-80.7531,18458.0,Trumbull
KIH-42,66.28,20.62,2,True,Loveland,OH,39.2679,-84.2731,12732.0,Hamilton
KJY-68,51.48,31.36,1,True,Greenfield,OH,39.3536,-83.3883,5044.0,Highland
WXL-51,60.02,17.45,2,True,Bowling Green,OH,41.3772,-83.65,32335.0,Wood
KZZ-46,56.27,22.14,1,True,Logan,OH,39.5386,-82.4063,8003.0,Hocking
WWG-56,80.11,7.43,1,True,Canfield,OH,41.0315,-80.7672,7284.0,Mahoning
KDO-94,72.63,17.59,2,True,Brunswick,OH,41.2464,-81.8198,34756.0,Medina
WNG-734,98.77,0.84,1,True,Marietta,OH,39.424,-81.4465,21735.0,Washington
WXJ-46,58.95,25.08,1,True,Oxford,OH,39.5058,-84.744,22344.0,Butler
WXJ-93,89.42,4.68,1,True,Wapakoneta,OH,40.5676,-84.1917,10628.0,Auglaize
KIH-42,66.74,13.14,2,True,North College Hill,OH,39.2174,-84.5517,9322.0,Hamilton
KIG-86,49.13,27.23,0,False,Granville,OH,40.0648,-82.5025,5771.0,Licking
KIH-42,79.94,13.94,2,True,Reading,OH,39.2241,-84.4332,10317.0,Hamilton
KIG-86,70.53,20.87,1,True,Sunbury,OH,40.2472,-82.8659,5216.0,Delaware
WNG-698,66.59,13.98,3,True,Brook Park,OH,41.4036,-81.8219,18691.0,Cuyahoga
WXM-70,37.71,28.58,0,False,Middleport,OH,38.9948,-82.0643,8338.0,Meigs
KDO-94,72.24,18.3,3,True,Broadview Heights,OH,41.3195,-81.6782,19197.0,Cuyahoga
WXJ-93,66.21,28.18,1,True,Ottawa,OH,41.0204,-84.035,5205.0,Putnam
WXJ-93,78.52,16.41,1,True,New Bremen,OH,40.4348,-84.3778,7405.0,Auglaize
WXL-51,74.18,8.66,1,True,Waterville,OH,41.5017,-83.7365,5519.0,Lucas
WNG-698,98.77,0.89,2,True,Grafton,OH,41.2808,-82.0368,6223.0,Lorain
KIG-86,42.88,29.86,0,False,Heath,OH,40.0241,-82.4412,10625.0,Licking
KDO-94,70.98,22.76,3,True,Bedford,OH,41.3919,-81.5358,12665.0,Cuyahoga
KZZ-47,76.0,9.08,1,True,Upper Sandusky,OH,40.8301,-83.2719,6002.0,Wyandot
KIG-86,77.37,12.8,1,True,Dublin,OH,40.1112,-83.1451,45568.0,Franklin
WXJ-46,72.06,18.04,2,True,Eaton,OH,39.7506,-84.6342,7922.0,Preble
WNG-698,63.03,13.48,3,True,Westlake,OH,41.4524,-81.9295,32293.0,Cuyahoga
KZZ-47,57.21,27.04,2,True,Marion,OH,40.5933,-83.1237,45718.0,Marion
KHB-97,63.2,17.75,1,True,Huron,OH,41.3912,-82.5626,6977.0,Erie
KIG-86,87.55,5.79,1,True,Upper Arlington,OH,40.0271,-83.0703,34997.0,Franklin
WXL-51,62.68,14.54,1,True,Oregon,OH,41.6556,-83.4326,20040.0,Lucas
KIH-42,77.57,15.46,1,True,Milford,OH,39.17,-84.281,6906.0,Clermont
WXJ-93,67.35,23.93,1,True,Sidney,OH,40.2892,-84.1666,21267.0,Shelby
KHB-97,77.44,8.62,1,True,Clyde,OH,41.3049,-82.9785,5939.0,Sandusky
WXJ-46,61.93,25.11,1,True,New Carlisle,OH,39.9448,-84.0256,5649.0,Clark
WWG-56,73.35,16.3,2,True,Salem,OH,40.9049,-80.8491,18078.0,Columbiana
WNG-735,51.62,8.55,1,True,Uhrichsville,OH,40.4005,-81.3515,5377.0,Tuscarawas
KIH-42,76.65,10.51,2,True,Cheviot,OH,39.1578,-84.6138,8283.0,Hamilton
KDO-94,85.06,7.73,3,True,New Franklin,OH,40.9525,-81.5839,14149.0,Summit
WXJ-93,57.31,33.48,1,True,Piqua,OH,40.1503,-84.2437,21498.0,Miami
KHB-59,74.47,7.39,1,True,Chardon,OH,41.5803,-81.2081,8096.0,Geauga
KIH-42,72.84,7.64,2,True,Cincinnati,OH,39.1412,-84.506,1634573.0,Hamilton
KHB-59,81.93,9.59,3,True,Beachwood,OH,41.4759,-81.503,11707.0,Cuyahoga
WXL-51,77.87,7.08,1,True,Perrysburg,OH,41.5376,-83.6412,21592.0,Wood
WXL-51,78.41,5.84,2,True,Sylvania,OH,41.71,-83.7082,18909.0,Lucas
WXJ-93,48.9,43.46,0,False,Urbana,OH,40.1088,-83.7541,11334.0,Champaign
KDO-94,77.15,9.29,1,True,Munroe Falls,OH,41.1385,-81.4344,5052.0,Summit
WXJ-47,38.7,29.65,0,False,Coshocton,OH,40.262,-81.8482,11488.0,Coshocton
KZZ-47,66.53,15.55,2,True,Findlay,OH,41.046,-83.638,48701.0,Hancock
KXI-94,47.94,26.96,0,False,Bryan,OH,41.4711,-84.5489,9634.0,Williams
WXJ-46,74.69,7.32,1,True,Franklin,OH,39.5537,-84.295,11780.0,Warren
WWG-56,81.19,6.62,1,True,Hubbard,OH,41.1593,-80.5682,7579.0,Trumbull
WWG-56,64.32,27.47,3,True,Garrettsville,OH,41.2843,-81.0933,6144.0,Portage
WNG-698,63.75,15.75,3,True,Parma Heights,OH,41.3865,-81.7637,20123.0,Cuyahoga
KHB-59,58.36,12.99,1,True,East Cleveland,OH,41.5318,-81.5795,17220.0,Cuyahoga
KDO-94,82.96,9.79,1,True,Green,OH,40.9483,-81.4757,25673.0,Summit
WNG-735,83.63,4.98,1,True,New Philadelphia,OH,40.486,-81.4402,46838.0,Tuscarawas
WXJ-46,71.91,14.56,1,True,Clayton,OH,39.8689,-84.3292,13160.0,Montgomery
KZZ-46,78.87,11.62,1,True,Nelsonville,OH,39.456,-82.2219,6249.0,Athens
KIG-86,67.4,15.38,1,True,Pataskala,OH,40.0109,-82.7159,15458.0,Licking
KIG-86,91.96,3.47,1,True,Bexley,OH,39.965,-82.9342,13669.0,Franklin
WNG-698,72.24,8.38,2,True,Elyria,OH,41.3761,-82.1063,53715.0,Lorain
KDO-94,68.82,25.89,2,True,Warrensville Heights,OH,41.4363,-81.5222,13236.0,Cuyahoga
WNG-698,59.14,14.32,1,True,Lorain,OH,41.4409,-82.184,179926.0,Lorain
WWF-35,92.6,3.25,1,True,Martins Ferry,OH,40.1014,-80.7252,6756.0,Belmont
WNG-698,70.99,14.86,2,True,North Royalton,OH,41.3138,-81.7451,30247.0,Cuyahoga
KHB-97,75.73,14.21,1,True,Willard,OH,41.0519,-82.7233,6131.0,Huron
KDO-94,83.88,8.82,3,True,Tallmadge,OH,41.1023,-81.4216,17534.0,Summit
WXJ-46,74.18,12.32,1,True,Bellbrook,OH,39.6384,-84.0865,7128.0,Greene
KDO-94,68.09,25.05,2,True,Wooster,OH,40.8166,-81.9337,31483.0,Wayne
KHB-59,63.43,27.36,3,True,Rocky River,OH,41.4703,-81.8526,20264.0,Cuyahoga
KDO-94,84.58,8.15,1,True,Wadsworth,OH,41.0287,-81.7324,23136.0,Medina
KHB-59,84.02,7.54,1,True,Highland Heights,OH,41.5518,-81.4691,8397.0,Cuyahoga
WXJ-93,66.7,25.48,2,True,Van Wert,OH,40.8653,-84.5873,10630.0,Van Wert
WNG-698,60.14,15.44,3,True,Avon Lake,OH,41.4945,-82.016,23659.0,Lorain
WXJ-46,63.3,20.03,1,True,Xenia,OH,39.6827,-83.9414,26238.0,Greene
KHB-59,76.73,13.31,1,True,Mentor-on-the-Lake,OH,41.7135,-81.365,7371.0,Lake
WXJ-93,83.76,8.93,1,True,Lima,OH,40.7409,-84.1121,70296.0,Allen
KIG-86,83.36,9.02,1,True,Groveport,OH,39.8587,-82.8976,5552.0,Franklin
KDO-94,65.86,21.85,2,True,Independence,OH,41.378,-81.6385,7114.0,Cuyahoga
KDO-94,74.33,21.11,2,True,Aurora,OH,41.3118,-81.345,15876.0,Portage
WXM-69,31.26,19.28,0,False,Portsmouth,OH,38.7539,-82.9446,36584.0,Scioto
KZZ-47,63.61,16.42,2,True,Tiffin,OH,41.1167,-83.18,19090.0,Seneca
WWG-57,59.8,13.13,1,True,Mansfield,OH,40.7655,-82.5276,73450.0,Richland
KIH-42,63.67,18.06,2,True,Springdale,OH,39.2909,-84.476,11205.0,Hamilton
WXJ-46,92.94,3.11,1,True,Germantown,OH,39.6325,-84.3645,5486.0,Montgomery
WXJ-46,77.65,17.61,1,True,Huber Heights,OH,39.8595,-84.113,38019.0,Montgomery
WXJ-93,81.64,11.41,1,True,Saint Marys,OH,40.5475,-84.3931,9258.0,Auglaize
KHB-97,94.88,2.47,1,True,Bellevue,OH,41.2744,-82.8396,8178.0,Huron
WXL-51,84.31,4.6,1,True,Maumee,OH,41.5695,-83.6635,13874.0,Lucas
WXJ-46,70.89,20.88,1,True,Mason,OH,39.3563,-84.3034,33037.0,Warren
KHB-59,80.68,11.05,2,True,Solon,OH,41.3864,-81.4401,23003.0,Cuyahoga
WNG-734,53.51,13.09,1,True,Belpre,OH,39.2815,-81.5971,6461.0,Washington
WXJ-46,74.84,13.6,1,True,Brookville,OH,39.8393,-84.4176,5895.0,Montgomery
WXJ-46,44.13,34.77,0,False,Greenville,OH,40.1042,-84.6209,12943.0,Darke
WNG-698,65.26,14.81,3,True,Fairview Park,OH,41.4419,-81.853,16332.0,Cuyahoga
WXJ-46,73.54,10.44,1,True,Dayton,OH,39.7798,-84.1999,718772.0,Montgomery
KHB-97,58.54,29.3,2,True,Vermilion,OH,41.4103,-82.3214,10409.0,Erie
WWG-56,67.67,17.86,3,True,Cortland,OH,41.3318,-80.7192,6880.0,Trumbull
KHB-59,44.49,27.52,0,False,Geneva,OH,41.8003,-80.9461,7415.0,Ashtabula
KIG-86,87.01,6.18,1,True,Whitehall,OH,39.9682,-82.8833,18736.0,Franklin
WWG-56,81.03,6.68,2,True,Girard,OH,41.1673,-80.6961,9477.0,Trumbull
KHB-59,84.62,7.01,1,True,Willoughby Hills,OH,41.5873,-81.4332,9482.0,Lake
KEC-78,34.61,37.97,0,False,South Ogden,UT,41.1715,-111.9568,17094.0,Weber
KEC-78,37.55,45.63,0,False,Harrisville,UT,41.2854,-111.986,6376.0,Weber
KEC-78,71.38,16.63,1,True,North Salt Lake,UT,40.8439,-111.9188,20301.0,Davis
KEC-78,54.58,41.93,1,True,Spanish Fork,UT,40.11,-111.6407,38861.0,Utah
KEC-78,36.71,29.49,0,False,Orem,UT,40.2988,-111.699,97499.0,Utah
KEC-78,77.32,4.89,2,True,West Valley City,UT,40.6889,-112.0115,136574.0,Salt Lake
WXM-24,57.67,53.7,1,True,Enoch,UT,37.7665,-113.0431,6568.0,Iron
WWF-47,39.3,38.56,0,False,Cedar Hills,UT,40.4135,-111.753,10374.0,Utah
WWF-46,57.53,48.8,1,True,Hooper,UT,41.1598,-112.287,8466.0,Weber
KEC-78,76.24,12.27,1,True,Bluffdale,UT,40.4743,-111.9383,11809.0,Salt Lake
KEC-78,47.64,19.7,0,False,Bountiful,UT,40.8722,-111.8647,44078.0,Davis
KEC-78,36.58,21.1,0,False,Saratoga Springs,UT,40.3421,-111.9134,26887.0,Utah
KZZ-72,57.9,56.45,1,True,Providence,UT,41.703,-111.8122,7270.0,Cache
WXM-22,59.02,8.63,2,True,Hyrum,UT,41.6317,-111.8439,8027.0,Cache
KEC-78,68.28,20.29,1,True,West Bountiful,UT,40.8983,-111.908,5574.0,Davis
KEC-78,66.52,22.68,1,True,Centerville,UT,40.9284,-111.8848,17286.0,Davis
WWF-51,63.55,29.12,1,True,Hurricane,UT,37.1497,-113.3526,19202.0,Washington
KEC-78,87.3,3.42,1,True,West Jordan,UT,40.6024,-112.0008,113699.0,Salt Lake
KEC-78,46.8,47.62,0,False,North Ogden,UT,41.3124,-111.9586,18791.0,Weber
WWF-51,71.87,11.13,1,True,Ivins,UT,37.1742,-113.6809,8132.0,Washington
WWF-46,55.68,7.68,1,True,Tooele,UT,40.5394,-112.3082,33178.0,Tooele
KEC-78,76.06,12.51,1,True,Holladay,UT,40.6599,-111.8226,30831.0,Salt Lake
KEC-78,71.23,9.03,1,True,Riverton,UT,40.5176,-111.9635,42838.0,Salt Lake
WXM-23,85.71,3.92,1,True,Vernal,UT,40.4517,-109.5379,20356.0,Uintah
WXM-22,76.33,6.66,2,True,Logan,UT,41.7403,-111.8418,99909.0,Cache
KEC-78,79.26,8.67,1,True,Midvale,UT,40.6148,-111.8928,33035.0,Salt Lake
WXM-22,72.73,10.07,2,True,Smithfield,UT,41.8345,-111.8268,11146.0,Cache
KEC-78,35.51,21.91,0,False,American Fork,UT,40.3815,-111.7935,28770.0,Utah
WWF-46,71.73,11.29,1,True,Grantsville,UT,40.6148,-112.4777,7848.0,Tooele
KEC-78,76.19,12.33,1,True,Salt Lake City,UT,40.7774,-111.9301,1061156.0,Salt Lake
WWF-47,47.49,39.52,0,False,Alpine,UT,40.4621,-111.7728,10361.0,Utah
KEC-78,47.72,35.4,0,False,Clinton,UT,41.1395,-112.0656,21672.0,Davis
KEC-78,63.47,31.49,1,True,Layton,UT,41.0773,-111.9618,75655.0,Davis
WWF-47,42.58,40.23,0,False,Springville,UT,40.1638,-111.6206,33044.0,Utah
WXM-23,67.98,23.17,1,True,Roosevelt,UT,40.2932,-110.0037,6754.0,Duchesne
KEC-78,61.14,35.41,2,True,Sunset,UT,41.1392,-112.0285,5234.0,Davis
KEC-78,41.89,40.14,0,False,West Haven,UT,41.2082,-112.0538,12329.0,Weber
KEC-78,64.68,25.92,1,True,Farmington,UT,40.9846,-111.9065,23140.0,Davis
WNG-594,77.24,10.39,1,True,Ephraim,UT,39.3577,-111.5819,6664.0,Sanpete
WNG-669,56.0,32.78,1,True,Price,UT,39.604,-110.8004,13627.0,Carbon
KEC-78,37.22,41.78,0,False,Ogden,UT,41.2281,-111.9677,571457.0,Weber
WWF-51,53.35,17.58,1,True,Saint George,UT,37.0769,-113.5771,111090.0,Washington
KEC-78,62.35,32.92,2,True,Clearfield,UT,41.103,-112.0237,30855.0,Davis
WWF-47,45.91,37.17,0,False,Highland,UT,40.4274,-111.7956,18647.0,Utah
KEC-78,36.96,37.61,0,False,Washington Terrace,UT,41.1683,-111.9783,9198.0,Weber
KEC-78,63.62,28.37,1,True,Kaysville,UT,41.029,-111.9455,31243.0,Davis
WWF-47,61.58,23.36,1,True,Eagle Mountain,UT,40.3137,-112.0114,29202.0,Utah
KEC-78,75.89,12.77,1,True,Cottonwood Heights,UT,40.6137,-111.8144,34285.0,Salt Lake
WWF-51,66.11,21.64,1,True,Washington,UT,37.1325,-113.4894,25339.0,Washington
WNG-556,75.68,12.43,1,True,Moab,UT,38.57,-109.5476,7149.0,Grand
WXM-22,75.71,7.17,2,True,Nibley,UT,41.6726,-111.8455,6747.0,Cache
KEC-78,78.77,6.02,1,True,Taylorsville,UT,40.657,-111.9493,60436.0,Salt Lake
WWF-47,42.27,33.31,0,False,Lehi,UT,40.414,-111.8729,61130.0,Utah
WXM-24,57.57,58.71,1,True,Cedar City,UT,37.6834,-113.0957,35921.0,Iron
KEC-78,28.35,60.54,0,False,Brigham City,UT,41.5034,-112.0454,18975.0,Box Elder
KEC-78,47.59,48.29,0,False,Pleasant View,UT,41.3249,-112.001,9716.0,Weber
WWF-51,70.86,12.5,1,True,Santa Clara,UT,37.1312,-113.6561,7065.0,Washington
WWF-47,37.22,32.87,0,False,Santaquin,UT,39.9713,-111.7936,12041.0,Utah
KEC-78,51.21,44.49,1,True,Salem,UT,40.054,-111.6722,7831.0,Utah
KJY-60,69.58,14.46,1,True,Park City,UT,40.6459,-111.5038,14660.0,Summit
KEC-78,40.24,43.38,0,False,Mapleton,UT,40.1191,-111.573,9512.0,Utah
WWF-47,33.73,39.66,0,False,Provo,UT,40.2458,-111.6457,501690.0,Utah
WNG-594,19.6,26.82,0,False,Nephi,UT,39.7072,-111.8322,5634.0,Juab
WXM-22,76.84,6.28,2,True,North Logan,UT,41.7759,-111.8066,10590.0,Cache
KEC-78,78.04,9.92,1,True,South Salt Lake,UT,40.7056,-111.8987,24630.0,Salt Lake
KEC-78,49.3,46.99,0,False,Plain City,UT,41.3069,-112.0878,6493.0,Weber
KEC-78,75.24,13.75,1,True,Draper,UT,40.4956,-111.8607,47328.0,Salt Lake
KEC-78,62.29,31.78,1,True,Syracuse,UT,41.0871,-112.0698,28407.0,Davis
KEC-78,30.25,75.73,0,False,Tremonton,UT,41.7188,-112.189,10896.0,Box Elder
KEC-78,60.77,34.26,1,True,West Point,UT,41.1221,-112.0995,10548.0,Davis
KEC-78,59.15,37.62,1,True,Roy,UT,41.1716,-112.0479,38201.0,Weber
KEC-78,40.13,46.61,0,False,Farr West,UT,41.3015,-112.0318,6755.0,Weber
KEC-78,66.08,28.75,1,True,Fruit Heights,UT,41.0277,-111.9081,6161.0,Davis
WNG-594,34.25,42.32,0,False,Richfield,UT,38.7628,-112.0927,7507.0,Sevier
KEC-78,26.36,24.25,0,False,Pleasant Grove,UT,40.3714,-111.7411,38756.0,Utah
KEC-78,69.81,18.51,1,True,Woods Cross,UT,40.8731,-111.917,11351.0,Davis
KEC-78,32.47,26.58,0,False,Lindon,UT,40.3414,-111.7188,10939.0,Utah
KEC-78,78.15,9.8,1,True,Herriman,UT,40.489,-112.0153,35385.0,Salt Lake
KEC-78,78.89,9.03,1,True,Murray,UT,40.6498,-111.8875,49230.0,Salt Lake
KEC-78,80.34,6.37,1,True,South Jordan,UT,40.5571,-111.9783,69034.0,Salt Lake
KEC-78,28.88,44.17,0,False,Payson,UT,40.0352,-111.7409,19810.0,Utah
KEC-78,28.42,37.85,0,False,Riverdale,UT,41.1734,-112.0024,8710.0,Weber
KEC-78,18.64,35.51,0,False,South Weber,UT,41.1334,-111.9393,7196.0,Davis
WXL-46,68.1,39.87,1,True,Bolivar,MO,37.6057,-93.4174,10133.0,Polk
KID-77,68.55,22.57,1,True,Pleasant Hill,MO,38.8061,-94.2654,8376.0,Cass
KWN-55,77.31,18.49,2,True,Columbia,MO,38.9475,-92.3263,138675.0,Boone
KID-77,66.32,15.41,1,True,Parkville,MO,39.2004,-94.7222,6514.0,Platte
KDO-89,71.6,14.61,1,True,Chesterfield,MO,38.6588,-90.5805,47659.0,St. Louis
WXK-82,99.69,1.46,1,True,Hannibal,MO,39.7097,-91.3936,18361.0,Marion
WXL-46,73.97,27.76,1,True,Republic,MO,37.145,-93.4448,16116.0,Greene
KZZ-43,63.6,7.33,1,True,Branson,MO,36.6504,-93.2636,24603.0,Taney
WXL-46,68.78,37.97,2,True,Lebanon,MO,37.6718,-92.6603,14274.0,Laclede
WXL-46,71.31,34.28,3,True,Forsyth,MO,36.6922,-93.1101,7315.0,Taney
KDO-89,63.87,33.28,2,True,Wentzville,MO,38.8165,-90.8671,37395.0,St. Charles
KDO-89,80.91,11.8,1,True,Ferguson,MO,38.749,-90.2949,20846.0,St. Louis
KDO-89,83.88,8.84,1,True,Town and Country,MO,38.6317,-90.4791,11113.0,St. Louis
KID-77,77.46,14.79,1,True,Grandview,MO,38.8802,-94.5227,25190.0,Jackson
KXI-93,77.46,10.15,2,True,Scott City,MO,37.2242,-89.536,5132.0,Scott
WXL-47,79.36,8.61,2,True,Dexter,MO,36.793,-89.9632,9125.0,Stoddard
KDO-89,93.12,3.03,1,True,Glendale,MO,38.5935,-90.3826,5894.0,St. Louis
KDO-89,82.42,10.46,1,True,Jennings,MO,38.723,-90.2643,14755.0,St. Louis
KZZ-34,71.63,31.11,2,True,Richmond,MO,39.2758,-93.9734,5103.0,Ray
KDO-89,66.53,20.45,1,True,Saint Peters,MO,38.7825,-90.6061,57289.0,St. Charles
WXL-46,76.25,21.34,2,True,Nixa,MO,37.0456,-93.2962,21201.0,Christian
KDO-89,44.73,37.16,0,False,Union,MO,38.4401,-90.9928,9567.0,Franklin
WNG-728,70.94,23.54,2,True,Bowling Green,MO,39.3447,-91.2031,5533.0,Pike
KDO-89,57.38,23.95,1,True,Pacific,MO,38.4807,-90.7536,10633.0,Franklin
KID-77,76.85,19.89,1,True,Raymore,MO,38.8029,-94.4583,20839.0,Cass
KZZ-30,66.73,17.43,1,True,Nevada,MO,37.8445,-94.3492,8660.0,Vernon
KDO-89,88.03,5.49,1,True,Sunset Hills,MO,38.531,-90.4088,8497.0,St. Louis
KDO-89,89.9,4.42,1,True,Clayton,MO,38.6443,-90.3301,16623.0,St. Louis
KDO-89,64.14,18.14,1,True,Eureka,MO,38.5013,-90.6492,11641.0,St. Louis
WZ-2545,98.77,0.87,3,True,Joplin,MO,37.0766,-94.5016,86144.0,Jasper
KDO-89,87.28,5.94,1,True,Saint Louis,MO,38.6358,-90.2451,2096990.0,St. Louis (city)
KDO-89,65.97,28.47,1,True,Lake Saint Louis,MO,38.785,-90.7872,15777.0,St. Charles
KID-77,75.93,15.03,1,True,Grain Valley,MO,39.0166,-94.2086,13684.0,Jackson
KDO-89,83.18,9.57,1,True,Manchester,MO,38.5831,-90.5064,18146.0,St. Louis
KDO-89,91.96,3.5,1,True,Richmond Heights,MO,38.6309,-90.3332,8389.0,St. Louis
KDO-89,56.95,18.39,1,True,Wildwood,MO,38.5798,-90.6697,35756.0,St. Louis
KID-77,73.27,19.23,1,True,Kearney,MO,39.3548,-94.3589,8607.0,Clay
KDO-89,83.7,9.04,1,True,Valley Park,MO,38.5513,-90.4923,6911.0,St. Louis
KEC-77,69.77,19.53,2,True,Savannah,MO,39.939,-94.8279,5209.0,Andrew
WXL-47,76.72,16.67,2,True,Sikeston,MO,36.8875,-89.587,16545.0,Scott
WXL-46,74.05,27.52,2,True,Willard,MO,37.2944,-93.4167,5680.0,Greene
KID-77,82.27,10.66,1,True,Liberty,MO,39.2393,-94.4191,30614.0,Clay
WXJ-61,62.35,17.3,3,True,Monett,MO,36.9219,-93.9263,8617.0,Barry
KDO-89,89.08,4.88,1,True,Ladue,MO,38.6378,-90.3815,8583.0,St. Louis
KDO-89,76.68,15.15,2,True,Florissant,MO,38.7996,-90.3269,51776.0,St. Louis
KZZ-39,81.86,9.15,1,True,Clinton,MO,38.3716,-93.7679,8581.0,Henry
WNG-648,81.64,11.46,2,True,Saint Robert,MO,37.8235,-92.1514,5753.0,Pulaski
KXI-42,46.28,36.35,0,False,Bonne Terre,MO,37.9209,-90.5425,7147.0,St. Francois
KDO-89,79.36,13.12,1,True,Bellefontaine Neighbors,MO,38.7529,-90.2278,10702.0,St. Louis
KDO-89,36.74,32.85,0,False,De Soto,MO,38.141,-90.5609,7290.0,Jefferson
WXL-47,59.78,30.61,2,True,Charleston,MO,36.9179,-89.3344,5674.0,Mississippi
WXL-46,75.32,23.76,2,True,Battlefield,MO,37.119,-93.3683,6050.0,Greene
WXL-45,62.47,20.5,1,True,Mexico,MO,39.1626,-91.8711,11491.0,Audrain
KID-77,70.88,21.29,1,True,Excelsior Springs,MO,39.3395,-94.2377,11374.0,Clay
KDO-89,86.02,6.9,2,True,Olivette,MO,38.6725,-90.3784,7844.0,St. Louis
KZZ-34,59.81,39.43,2,True,Odessa,MO,38.9988,-93.9666,5096.0,Lafayette
WXL-46,81.22,11.98,1,True,Marshfield,MO,37.3414,-92.9116,7318.0,Webster
KID-77,77.24,19.04,1,True,Belton,MO,38.8191,-94.5334,23290.0,Cass
WWG-48,50.8,22.25,1,True,Poplar Bluff,MO,36.7632,-90.4136,20714.0,Butler
KXI-93,84.55,4.46,1,True,Cape Girardeau,MO,37.3107,-89.5595,55253.0,Cape Girardeau
WXL-46,77.09,19.34,1,True,Springfield,MO,37.1943,-93.2916,287124.0,Greene
KWN-55,60.89,17.84,1,True,Boonville,MO,38.9598,-92.7524,9388.0,Cooper
KWN-55,56.68,36.59,3,True,Sedalia,MO,38.7043,-93.2349,26302.0,Pettis
KZZ-38,71.56,10.77,1,True,Trenton,MO,40.0819,-93.603,5532.0,Grundy
KID-77,86.5,6.53,2,True,Independence,MO,39.0871,-94.3503,117030.0,Jackson
WWH-30,75.9,15.32,2,True,Caruthersville,MO,36.1814,-89.6664,5442.0,Pemiscot
KDO-89,84.38,8.35,1,True,Creve Coeur,MO,38.6621,-90.443,18612.0,St. Louis
KZZ-39,61.21,17.89,2,True,Warrensburg,MO,38.7617,-93.7284,22227.0,Johnson
KID-77,83.07,9.69,1,True,Gladstone,MO,39.2134,-94.5593,27114.0,Clay
KID-77,76.2,19.34,2,True,Oak Grove,MO,39.0074,-94.1278,7994.0,Jackson
WWG-49,66.45,22.89,2,True,Farmington,MO,37.782,-90.4287,44494.0,St. Francois
WWF-75,84.6,4.43,2,True,Sullivan,MO,38.2127,-91.1636,9171.0,Franklin
KDO-89,58.66,37.1,1,True,Washington,MO,38.5517,-91.015,14397.0,Franklin
WNG-728,71.5,16.13,2,True,Warrenton,MO,38.8186,-91.1358,9366.0,Warren
KDO-89,61.09,20.61,1,True,Pevely,MO,38.2871,-90.3995,5712.0,Jefferson
KXI-93,73.8,6.69,2,True,Jackson,MO,37.3794,-89.6525,15036.0,Cape Girardeau
KDO-89,73.05,24.8,1,True,Dardenne Prairie,MO,38.7549,-90.7308,13329.0,St. Charles
KXI-42,67.75,15.72,3,True,Perryville,MO,37.7255,-89.876,8655.0,Perry
KDO-89,61.73,38.98,2,True,Saint Clair,MO,38.3496,-90.9868,5962.0,Franklin
WXJ-61,67.44,20.77,3,True,Aurora,MO,36.968,-93.7199,8364.0,Lawrence
KDO-89,86.5,6.53,1,True,Des Peres,MO,38.5973,-90.4481,8540.0,St. Louis
WNG-648,54.26,27.4,1,True,Rolla,MO,37.9457,-91.7609,20692.0,Phelps
KDO-89,79.89,14.01,2,True,Ellisville,MO,38.5895,-90.5883,9224.0,St. Louis
KDO-89,99.69,1.43,1,True,Webster Groves,MO,38.5866,-90.3544,22970.0,St. Louis
KDO-89,76.96,19.63,2,True,Weldon Spring,MO,38.7117,-90.6517,5593.0,St. Charles
KDO-89,63.97,25.28,1,True,Festus,MO,38.2198,-90.4095,12104.0,Jefferson
WXL-45,95.56,2.32,2,True,Fulton,MO,38.855,-91.9512,12495.0,Callaway
KZZ-34,52.31,51.76,1,True,Moberly,MO,39.4185,-92.4364,13821.0,Randolph
KID-77,60.38,30.97,1,True,Harrisonville,MO,38.653,-94.3467,9378.0,Cass
KZZ-34,75.37,20.5,2,True,Marshall,MO,39.1145,-93.201,12501.0,Saline
KEC-77,61.38,12.27,1,True,Saint Joseph,MO,39.7598,-94.821,80849.0,Buchanan
KDO-89,95.79,2.22,1,True,Maplewood,MO,38.6121,-90.3241,7868.0,St. Louis
KDO-89,66.01,15.07,1,True,Hazelwood,MO,38.7932,-90.3901,25443.0,St. Louis
KDO-89,82.32,10.58,2,True,Saint Ann,MO,38.7266,-90.3871,12812.0,St. Louis
WWG-47,68.66,13.38,3,True,Kennett,MO,36.2403,-90.0481,10863.0,Dunklin
WWG-49,39.53,26.38,0,False,Park Hills,MO,37.8211,-90.505,8655.0,St. Francois
KID-77,88.86,4.97,1,True,Kansas City,MO,39.1239,-94.5541,1590762.0,Jackson
KID-77,81.22,12.0,1,True,Blue Springs,MO,39.0124,-94.2722,54431.0,Jackson
WZ-2545,74.18,4.64,3,True,Webb City,MO,37.1413,-94.4675,11226.0,Jasper
KID-77,80.57,12.92,1,True,Lees Summit,MO,38.9172,-94.3816,89467.0,Jackson
KDO-89,81.22,11.97,1,True,Ballwin,MO,38.5949,-90.5501,30313.0,St. Louis
KDO-89,88.97,4.92,1,True,Kirkwood,MO,38.5789,-90.4203,27609.0,St. Louis
KDO-89,81.73,11.33,2,True,Berkeley,MO,38.7441,-90.3362,8981.0,St. Louis
KID-77,72.32,18.07,1,True,Greenwood,MO,38.8507,-94.3377,5658.0,Jackson
WNG-648,56.13,10.17,1,True,Waynesville,MO,37.8207,-92.22,5314.0,Pulaski
KDO-89,110.0,0.43,1,True,Shrewsbury,MO,38.5865,-90.3281,6149.0,St. Louis
KDO-89,92.94,3.11,1,True,Crestwood,MO,38.5569,-90.3783,11905.0,St. Louis
KID-77,86.34,6.66,1,True,Raytown,MO,38.9944,-94.4641,29261.0,Jackson
KDO-89,77.57,13.97,2,True,Bridgeton,MO,38.7672,-90.4277,11680.0,St. Louis
KZZ-34,63.79,30.6,2,True,Chillicothe,MO,39.7947,-93.5498,9833.0,Livingston
KDO-89,93.67,2.88,1,True,Brentwood,MO,38.6194,-90.3476,8000.0,St. Louis
WZ-2545,66.61,5.95,1,True,Carl Junction,MO,37.1669,-94.5468,7772.0,Jasper
WNG-728,55.2,17.98,1,True,Troy,MO,38.971,-90.9717,14889.0,Lincoln
KJY-82,91.36,3.73,5,True,Neosho,MO,36.844,-94.3756,12305.0,Newton
KDO-89,87.37,5.9,1,True,University City,MO,38.6657,-90.3315,34706.0,St. Louis
KDO-89,84.38,8.32,2,True,Overland,MO,38.6967,-90.3689,15802.0,St. Louis
KID-77,63.87,21.53,1,True,Smithville,MO,39.3918,-94.575,9455.0,Clay
KDO-89,78.48,15.54,2,True,Black Jack,MO,38.7994,-90.2639,6940.0,St. Louis
WXJ-61,70.58,17.49,3,True,Carthage,MO,37.1503,-94.3225,15421.0,Jasper
WXL-46,77.84,17.69,2,True,Ozark,MO,37.0362,-93.2155,19429.0,Christian
KZZ-37,87.65,5.73,1,True,Maryville,MO,40.3438,-94.8706,13081.0,Nodaway
KWN-55,66.33,24.21,2,True,Jefferson City,MO,38.5677,-92.1757,58439.0,Cole
KDO-89,79.81,12.49,2,True,Dellwood,MO,38.7563,-90.2767,5001.0,St. Louis
KDO-89,63.87,12.39,2,True,Maryland Heights,MO,38.7188,-90.4749,27137.0,St. Louis
KDO-89,77.73,17.96,2,True,Saint Charles,MO,38.7957,-90.5155,69293.0,St. Charles
KID-77,66.7,24.35,2,True,Platte City,MO,39.3584,-94.7676,9304.0,Platte
KDO-89,71.17,10.68,1,True,Arnold,MO,38.4294,-90.3725,21319.0,Jefferson
KXI-38,85.52,3.18,1,True,West Plains,MO,36.7379,-91.868,11555.0,Howell
WXM-39,59.75,17.35,2,True,Kirksville,MO,40.1986,-92.5753,15927.0,Adair
KZZ-85,98.17,0.93,2,True,Cameron,MO,39.7469,-94.2364,9638.0,Clinton
KDO-89,71.98,25.3,1,True,O'Fallon,MO,38.7853,-90.7178,86274.0,St. Charles
KDO-89,69.13,21.33,1,True,Cottleville,MO,38.7512,-90.6585,5151.0,St. Charles
KEC-65,78.38,16.67,1,True,Savage,MN,44.7545,-93.3632,30807.0,Scott
KEC-65,59.6,26.7,1,True,East Bethel,MN,45.3556,-93.2035,11713.0,Anoka
KEC-65,67.59,15.74,1,True,Maple Grove,MN,45.1088,-93.4626,69576.0,Hennepin
KJY-80,55.11,15.62,1,True,Lake City,MN,44.4453,-92.2794,5082.0,Wabasha
KEC-65,76.87,12.6,1,True,Minnetonka,MN,44.9324,-93.4601,52369.0,Hennepin
WXK-45,64.65,15.18,1,True,International Falls,MN,48.5884,-93.4084,6664.0,Koochiching
KEC-65,84.07,8.65,1,True,Brooklyn Center,MN,45.0681,-93.3162,30870.0,Hennepin
KEC-65,81.22,8.34,1,True,Fridley,MN,45.0842,-93.2596,27476.0,Anoka
KEC-65,81.66,10.13,1,True,Hopkins,MN,44.9259,-93.4058,18105.0,Hennepin
KJY-80,73.85,4.21,1,True,Red Wing,MN,44.5818,-92.6041,14424.0,Goodhue
KEC-65,85.2,7.57,2,True,West Saint Paul,MN,44.9019,-93.0857,19746.0,Dakota
KEC-65,78.87,11.53,1,True,White Bear Lake,MN,45.0654,-93.0149,25634.0,Ramsey
KIG-64,82.23,6.08,1,True,Hermantown,MN,46.8058,-92.2407,9451.0,St. Louis
KEC-65,84.29,7.06,1,True,Little Canada,MN,45.0244,-93.0863,10344.0,Ramsey
KEC-65,68.12,18.3,2,True,Shorewood,MN,44.9161,-93.5743,7642.0,Hennepin
WNG-676,70.91,11.91,2,True,Buffalo,MN,45.1786,-93.8663,16643.0,Wright
WNG-685,66.39,11.96,1,True,Glencoe,MN,44.7702,-94.1494,5408.0,McLeod
WNG-685,63.72,15.65,2,True,Mound,MN,44.9325,-93.6598,9394.0,Hennepin
KEC-65,75.03,20.37,1,True,Prior Lake,MN,44.725,-93.441,25863.0,Scott
KEC-65,83.52,9.19,2,True,Edina,MN,44.8913,-93.3602,51350.0,Hennepin
WXJ-64,71.18,20.52,1,True,Brainerd,MN,46.3551,-94.1981,19459.0,Crow Wing
WXK-41,78.55,14.43,1,True,Byron,MN,44.0379,-92.6418,5337.0,Olmsted
WXK-40,46.06,23.36,0,False,Owatonna,MN,44.0915,-93.2308,25567.0,Steele
KEC-65,90.53,4.13,1,True,Roseville,MN,45.0155,-93.1544,35691.0,Ramsey
KEC-65,69.23,13.42,1,True,Mahtomedi,MN,45.0616,-92.9662,8211.0,Washington
WXL-65,82.14,3.39,2,True,Saint Cloud,MN,45.5339,-94.1718,113649.0,Stearns
WNG-685,68.12,15.86,2,True,Jordan,MN,44.665,-93.635,5848.0,Scott
KXI-32,69.88,20.4,1,True,Montevideo,MN,44.9508,-95.7157,5163.0,Chippewa
KEC-65,83.22,9.53,1,True,Mounds View,MN,45.1071,-93.2077,12952.0,Ramsey
KEC-65,67.86,18.85,1,True,Anoka,MN,45.21,-93.3894,17400.0,Anoka
WXM-38,47.08,68.99,0,False,Crookston,MN,47.7747,-96.6062,7875.0,Polk
WNG-688,53.7,20.9,1,True,Fairmont,MN,43.6441,-94.4618,9083.0,Martin
KZZ-45,69.04,20.96,1,True,Hibbing,MN,47.3981,-92.9487,11426.0,St. Louis
WXK-40,39.66,36.56,0,False,Northfield,MN,44.4553,-93.1697,22005.0,Rice
KEC-65,59.52,27.77,1,True,Wyoming,MN,45.3365,-92.9765,7856.0,Chisago
KEC-65,67.32,19.06,2,True,Chanhassen,MN,44.8544,-93.5621,25469.0,Carver
KEC-65,61.28,26.31,1,True,Oak Grove,MN,45.3407,-93.3264,8545.0,Anoka
WNG-676,85.77,6.43,1,True,Monticello,MN,45.2977,-93.7979,26875.0,Wright
KEC-65,78.0,10.77,1,True,North Oaks,MN,45.1002,-93.0882,5099.0,Ramsey
KEC-65,60.52,23.49,2,True,Rogers,MN,45.1865,-93.5781,12748.0,Hennepin
WNG-685,66.75,13.67,2,True,Belle Plaine,MN,44.619,-93.7641,6497.0,Scott
WXK-40,74.99,9.87,1,True,Waseca,MN,44.0826,-93.5026,9196.0,Waseca
KEC-65,52.55,36.21,2,True,Isanti,MN,45.4928,-93.2406,5594.0,Isanti
KEC-65,64.27,23.11,1,True,Forest Lake,MN,45.2536,-92.9583,23270.0,Washington
KEC-65,71.27,14.99,1,True,Lake Elmo,MN,44.9944,-92.9032,8815.0,Washington
KXI-39,92.96,2.75,1,True,New Ulm,MN,44.312,-94.4678,13188.0,Brown
WNG-678,59.05,22.66,1,True,Cambridge,MN,45.5615,-93.228,15265.0,Isanti
WNG-707,72.48,19.14,3,True,Morris,MN,45.5861,-95.9046,5132.0,Stevens
WXL-65,83.75,3.64,2,True,Waite Park,MN,45.5323,-94.244,7428.0,Stearns
KEC-65,65.12,18.86,3,True,Medina,MN,45.0327,-93.5832,6240.0,Hennepin
WXK-41,85.86,7.02,2,True,Rochester,MN,44.0152,-92.4776,114976.0,Olmsted
KEC-65,67.47,30.54,2,True,Elk River,MN,45.3313,-93.567,24364.0,Sherburne
KEC-65,81.23,11.98,1,True,Oakdale,MN,44.9875,-92.9641,28073.0,Washington
WXK-44,53.65,28.01,1,True,Litchfield,MN,45.1222,-94.5254,6547.0,Meeker
WXJ-64,36.85,40.05,0,False,Little Falls,MN,45.9831,-94.3602,9398.0,Morrison
KEC-65,71.28,23.87,2,True,Hastings,MN,44.7318,-92.8537,22761.0,Dakota
WXM-64,88.98,1.43,1,True,Detroit Lakes,MN,46.8057,-95.8436,8528.0,Becker
KEC-65,66.41,16.87,1,True,Rosemount,MN,44.7466,-93.0662,23911.0,Dakota
KEC-65,87.55,5.8,1,True,Columbia Heights,MN,45.0484,-93.2473,19723.0,Anoka
WNG-676,80.43,8.04,1,True,Big Lake,MN,45.3418,-93.7435,10638.0,Sherburne
KEC-65,73.54,15.02,1,True,Lino Lakes,MN,45.1679,-93.083,21018.0,Anoka
KEC-65,57.81,21.63,1,True,Farmington,MN,44.6573,-93.1689,22656.0,Dakota
KGG-95,83.96,4.82,1,True,Winona,MN,44.051,-91.6691,30208.0,Winona
KXI-68,63.06,33.01,1,True,Albert Lea,MN,43.6548,-93.3643,17522.0,Freeborn
WXK-40,70.52,14.91,2,True,Mankato,MN,44.172,-93.9782,61115.0,Blue Earth
KZZ-45,91.06,2.08,1,True,Virginia,MN,47.5172,-92.5121,12603.0,St. Louis
KZZ-29,89.14,4.39,1,True,Grand Rapids,MN,47.2379,-93.5326,9576.0,Itasca
WNG-680,88.4,4.9,2,True,Fergus Falls,MN,46.285,-96.0763,12338.0,Otter Tail
KEC-65,74.74,15.1,1,True,Coon Rapids,MN,45.1756,-93.3095,62359.0,Anoka
KEC-65,84.5,7.28,1,True,Robbinsdale,MN,45.0261,-93.3331,14461.0,Hennepin
WNG-702,58.28,17.25,1,True,Worthington,MN,43.6279,-95.5984,12984.0,Nobles
KEC-65,79.56,14.55,2,True,Burnsville,MN,44.7648,-93.2794,61290.0,Dakota
KEC-65,85.42,7.39,1,True,Arden Hills,MN,45.0722,-93.1671,10324.0,Ramsey
KEC-65,77.12,10.32,1,True,Spring Lake Park,MN,45.1161,-93.2452,6472.0,Anoka
KEC-65,83.82,8.89,1,True,Vadnais Heights,MN,45.057,-93.0747,13321.0,Ramsey
KEC-65,85.27,7.53,1,True,Golden Valley,MN,44.99,-93.3591,21376.0,Hennepin
KEC-65,80.98,8.69,1,True,Shoreview,MN,45.0842,-93.1358,26548.0,Ramsey
KEC-65,81.76,8.81,1,True,Crystal,MN,45.0377,-93.3598,23028.0,Hennepin
WNG-685,61.38,23.38,2,True,New Prague,MN,44.5459,-93.5758,8186.0,Le Sueur
KEC-65,62.77,15.45,2,True,Apple Valley,MN,44.7456,-93.2006,51957.0,Dakota
KEC-65,65.84,20.72,2,True,Andover,MN,45.2571,-93.3264,32461.0,Anoka
KEC-65,59.32,19.5,1,True,Stillwater,MN,45.0567,-92.8283,19292.0,Washington
KEC-65,82.17,10.75,1,True,Eagan,MN,44.8168,-93.1638,66428.0,Dakota
WXK-43,108.8,0.52,1,True,Thief River Falls,MN,48.1111,-96.1774,9114.0,Pennington
WXK-44,66.3,15.4,1,True,Willmar,MN,45.1224,-95.0559,20189.0,Kandiyohi
WXK-40,73.67,17.88,2,True,North Mankato,MN,44.181,-94.0377,13619.0,Nicollet
KEC-65,93.3,2.97,1,True,Minneapolis,MN,44.9635,-93.2679,2866604.0,Hennepin
KEC-65,62.46,17.33,2,True,Cottage Grove,MN,44.8161,-92.9274,36029.0,Washington
KEC-65,83.7,9.01,1,True,Maplewood,MN,44.984,-93.0247,40150.0,Ramsey
KEC-65,72.43,14.87,2,True,Eden Prairie,MN,44.8487,-93.4595,63914.0,Hennepin
KEC-65,58.59,30.99,2,True,Saint Francis,MN,45.399,-93.3896,6425.0,Anoka
WXK-41,65.17,15.59,2,True,Stewartville,MN,43.8602,-92.489,6049.0,Olmsted
WXK-41,68.82,19.73,2,True,Kasson,MN,44.0328,-92.7483,7443.0,Dodge
KEC-65,80.96,12.34,2,True,Inver Grove Heights,MN,44.8246,-93.0596,35077.0,Dakota
KEC-65,81.5,9.94,1,True,New Hope,MN,45.0375,-93.3869,20877.0,Hennepin
WNG-685,77.5,6.64,2,True,Waconia,MN,44.8411,-93.7933,12020.0,Carver
KXI-50,76.4,12.49,1,True,Marshall,MN,44.4488,-95.7897,13448.0,Lyon
WXK-40,56.95,21.18,1,True,Saint Peter,MN,44.3295,-93.9643,12149.0,Nicollet
WNG-676,56.25,22.21,2,True,Delano,MN,45.0377,-93.7918,5734.0,Wright
WXL-65,79.41,5.1,2,True,Saint Joseph,MN,45.5609,-94.3075,6743.0,Stearns
WNG-676,67.49,14.64,2,True,Saint Michael,MN,45.2014,-93.6919,17295.0,Wright
WNG-678,58.07,22.65,1,True,North Branch,MN,45.5137,-92.9601,6569.0,Chisago
KEC-65,70.96,9.93,2,True,South Saint Paul,MN,44.8874,-93.0408,20217.0,Dakota
WNG-676,70.65,16.41,1,True,Zimmerman,MN,45.4415,-93.5977,8530.0,Sherburne
WXK-40,52.86,25.51,1,True,Faribault,MN,44.2986,-93.2787,24012.0,Rice
KEC-65,69.41,13.9,1,True,Saint Paul Park,MN,44.8359,-92.9949,5381.0,Washington
KEC-65,78.96,10.92,1,True,Bloomington,MN,44.8306,-93.315,85319.0,Hennepin
KEC-65,66.06,20.73,2,True,Corcoran,MN,45.1089,-93.5836,5686.0,Hennepin
WNG-676,67.46,15.15,2,True,Otsego,MN,45.266,-93.62,16094.0,Wright
KEC-65,75.01,18.81,2,True,Shakopee,MN,44.7745,-93.4763,40610.0,Scott
WNG-685,61.98,13.2,2,True,Victoria,MN,44.8634,-93.659,8917.0,Carver
KEC-65,65.39,22.3,2,True,Chaska,MN,44.8166,-93.6092,26016.0,Carver
WNG-707,66.81,16.76,2,True,Alexandria,MN,45.8748,-95.3784,20814.0,Douglas
KEC-65,67.76,18.71,2,True,Orono,MN,44.9647,-93.5904,8009.0,Hennepin
KEC-65,86.02,6.91,1,True,Mendota Heights,MN,44.8813,-93.1402,11280.0,Dakota
KEC-65,84.92,7.81,1,True,Saint Louis Park,MN,44.9488,-93.365,48747.0,Hennepin
KIG-64,68.53,18.52,1,True,Cloquet,MN,46.7221,-92.4924,12922.0,Carlton
WNG-685,68.47,13.98,3,True,Minnetrista,MN,44.9355,-93.7103,7397.0,Hennepin
WNG-676,68.38,14.29,2,True,Albertville,MN,45.2365,-93.6617,7401.0,Wright
WXJ-64,68.4,18.49,1,True,Baxter,MN,46.342,-94.28,8198.0,Crow Wing
KEC-65,48.55,33.78,0,False,Lindstrom,MN,45.3869,-92.8475,8521.0,Chisago
KEC-65,68.87,18.29,1,True,Hugo,MN,45.1671,-92.9588,14532.0,Washington
KEC-65,77.56,12.94,1,True,Plymouth,MN,45.0225,-93.4617,77216.0,Hennepin
KEC-65,75.2,13.85,1,True,Blaine,MN,45.1696,-93.2078,62892.0,Anoka
KEC-65,80.61,12.04,1,True,Brooklyn Park,MN,45.1112,-93.3505,79707.0,Hennepin
KEC-65,85.03,7.39,1,True,Richfield,MN,44.8762,-93.2826,35949.0,Hennepin
KEC-65,66.82,20.12,2,True,Dayton,MN,45.1905,-93.4757,5387.0,Hennepin
KEC-65,64.45,23.4,2,True,Ramsey,MN,45.2618,-93.4494,26206.0,Anoka
KEC-65,82.28,10.63,1,True,North Saint Paul,MN,45.0137,-92.9995,12338.0,Ramsey
WNG-685,50.51,23.95,1,True,Hutchinson,MN,44.8856,-94.3763,13767.0,McLeod
WXM-99,86.5,6.51,1,True,Bemidji,MN,47.4798,-94.8833,16271.0,Beltrami
KEC-65,58.08,29.86,2,True,Chisago City,MN,45.3475,-92.9115,5062.0,Chisago
KXI-68,74.16,21.89,1,True,Austin,MN,43.672,-92.9744,25105.0,Mower
KEC-65,76.71,20.26,3,True,Lakeville,MN,44.6777,-93.2522,61938.0,Dakota
WXL-65,88.5,2.85,2,True,Sauk Rapids,MN,45.5981,-94.154,13631.0,Benton
KEC-65,96.55,2.08,1,True,Falcon Heights,MN,44.9899,-93.177,5554.0,Ramsey
KEC-65,71.52,16.51,2,True,Champlin,MN,45.1703,-93.3904,24231.0,Hennepin
KEC-65,66.19,14.6,2,True,Woodbury,MN,44.9056,-92.9231,68820.0,Washington
WXL-65,86.53,2.96,2,True,Sartell,MN,45.6187,-94.2202,17147.0,Stearns
KIG-64,101.3,1.18,1,True,Duluth,MN,46.7797,-92.1334,120418.0,St. Louis
KEC-65,86.06,5.29,1,True,Saint Paul,MN,44.9477,-93.104,302398.0,Ramsey
WWF-83,80.18,4.5,2,True,East Grand Forks,MN,47.9283,-97.0137,8699.0,Polk
KEC-65,90.66,4.06,1,True,Saint Anthony,MN,45.0275,-93.2174,9007.0,Hennepin
KEC-65,84.29,6.68,1,True,New Brighton,MN,45.0658,-93.2061,22496.0,Ramsey
WXK-42,72.82,23.41,1,True,Moorhead,MN,46.8674,-96.7457,42492.0,Clay
KEC-65,67.52,19.72,1,True,Ham Lake,MN,45.2545,-93.2039,16221.0,Anoka
KEC-63,78.23,16.98,2,True,Wayne,MI,42.2774,-83.3877,16954.0,Wayne
WXN-99,69.8,10.44,2,True,Grand Haven,MI,43.0553,-86.22,10911.0,Ottawa
KIG-83,73.46,13.69,1,True,Alpena,MI,45.0745,-83.4383,13767.0,Alpena
KIH-29,69.56,23.24,1,True,Lapeer,MI,43.0447,-83.3254,13283.0,Lapeer
WXK-81,67.85,22.21,1,True,Williamston,MI,42.6836,-84.2837,6370.0,Ingham
WXN-99,68.65,12.03,1,True,Holland,MI,42.7676,-86.0984,101421.0,Ottawa
WXK-81,78.92,15.67,1,True,Charlotte,MI,42.5662,-84.8304,12654.0,Eaton
WWF-34,55.76,23.43,1,True,Paw Paw,MI,42.2148,-85.892,8472.0,Van Buren
WZ-2560,70.59,22.06,2,True,Hudsonville,MI,42.8634,-85.8626,7285.0,Ottawa
KEC-63,87.74,5.69,1,True,Hazel Park,MI,42.4619,-83.0977,16530.0,Oakland
KIH-29,84.71,8.0,1,True,Frankenmuth,MI,43.332,-83.7395,5160.0,Saginaw
KEC-63,79.59,14.46,1,True,Novi,MI,42.4786,-83.4893,59211.0,Oakland
WNG-672,58.51,29.87,1,True,Ludington,MI,43.9567,-86.4431,10702.0,Mason
WWF-34,36.16,37.71,0,False,South Haven,MI,42.4012,-86.2676,5742.0,Van Buren
WXK-73,84.78,7.94,1,True,Houghton,MI,47.1122,-88.5696,16010.0,Houghton
WXJ-57,62.9,25.71,1,True,Dowagiac,MI,41.9834,-86.1124,6026.0,Cass
KZZ-33,69.7,17.19,1,True,Clare,MI,43.8245,-84.7628,5512.0,Clare
KIG-66,86.18,4.06,1,True,Marquette,MI,46.544,-87.4082,25955.0,Marquette
KZZ-33,99.69,1.44,1,True,Mount Pleasant,MI,43.5966,-84.7758,37877.0,Isabella
KEC-63,72.03,14.82,1,True,Northville,MI,42.4355,-83.489,5979.0,Wayne
KEC-63,89.42,4.65,1,True,Clawson,MI,42.5367,-83.1504,11970.0,Oakland
KEC-63,77.44,14.73,1,True,Rochester,MI,42.6867,-83.1197,13017.0,Oakland
WNG-672,52.53,28.27,1,True,Cadillac,MI,44.2494,-85.4137,11809.0,Wexford
WZ-2560,80.57,8.09,2,True,East Grand Rapids,MI,42.9464,-85.6088,11637.0,Kent
KEC-63,67.78,22.83,1,True,South Lyon,MI,42.4613,-83.6526,123555.0,Oakland
KEC-63,53.18,29.68,1,True,Brighton,MI,42.5298,-83.7848,7604.0,Livingston
WNG-672,52.76,26.56,1,True,Big Rapids,MI,43.6992,-85.4802,14021.0,Mecosta
WXK-81,74.46,16.43,1,True,Albion,MI,42.2478,-84.7572,8920.0,Calhoun
KEC-63,80.13,13.59,1,True,Fraser,MI,42.5388,-82.9496,14622.0,Macomb
KEC-63,80.01,13.78,1,True,Roseville,MI,42.5074,-82.937,47602.0,Macomb
KEC-63,90.14,4.3,1,True,Birmingham,MI,42.5447,-83.2167,21007.0,Oakland
KEC-63,75.92,16.26,3,True,Grosse Pointe,MI,42.3915,-82.9118,5187.0,Wayne
KJY-76,59.17,29.38,2,True,Kingsford,MI,45.8062,-88.0994,5021.0,Dickinson
KEC-63,97.38,1.89,1,True,Huntington Woods,MI,42.4817,-83.1686,6328.0,Oakland
KIH-29,72.1,27.13,1,True,Bay City,MI,43.5903,-83.8886,67712.0,Bay
WWF-36,59.57,28.79,2,True,Norton Shores,MI,43.1621,-86.2519,24340.0,Muskegon
WZ-2560,77.84,10.61,1,True,Kentwood,MI,42.8852,-85.5925,51689.0,Kent
WWF-34,46.91,33.23,0,False,Three Rivers,MI,41.9466,-85.6279,10684.0,St. Joseph
KEC-63,79.86,14.08,2,True,Melvindale,MI,42.2803,-83.1782,10322.0,Wayne
WXK-81,51.14,34.47,1,True,Howell,MI,42.6078,-83.9339,9527.0,Livingston
KEC-63,65.79,27.68,1,True,New Baltimore,MI,42.6903,-82.7398,12355.0,Macomb
KEC-63,97.98,1.72,1,True,Oak Park,MI,42.465,-83.1823,29645.0,Oakland
KIH-29,77.56,18.35,1,True,Swartz Creek,MI,42.9626,-83.826,5557.0,Genesee
KEC-63,52.35,40.26,1,True,Monroe,MI,41.9157,-83.3852,49389.0,Monroe
KIG-66,75.59,8.97,1,True,Ishpeming,MI,46.4861,-87.6658,12303.0,Marquette
WZ-2560,71.19,14.35,2,True,Wyoming,MI,42.8909,-85.7067,75567.0,Kent
WWF-34,60.91,17.81,1,True,Allegan,MI,42.5299,-85.8462,6416.0,Allegan
KZZ-35,92.44,3.27,2,True,Escanaba,MI,45.7478,-87.0905,20370.0,Delta
KEC-63,79.47,12.78,1,True,Rochester Hills,MI,42.6645,-83.1563,73422.0,Oakland
KEC-63,79.76,13.28,2,True,Eastpointe,MI,42.4657,-82.946,32673.0,Macomb
WWF-36,63.63,24.69,2,True,Muskegon,MI,43.228,-86.256,161058.0,Muskegon
WXK-81,69.1,21.61,1,True,East Lansing,MI,42.7483,-84.4834,48870.0,Ingham
KEC-63,79.63,14.42,1,True,Westland,MI,42.3192,-83.3806,81545.0,Wayne
KEC-63,85.06,7.7,2,True,Highland Park,MI,42.4052,-83.0976,10883.0,Wayne
KIH-29,69.73,28.86,1,True,Fenton,MI,42.7993,-83.7144,11367.0,Genesee
WZ-2560,72.0,13.63,1,True,Belding,MI,43.0968,-85.2331,5800.0,Ionia
KEC-63,76.53,15.8,1,True,Saint Clair Shores,MI,42.4922,-82.8957,59775.0,Macomb
KIH-29,81.09,12.17,1,True,Flushing,MI,43.0637,-83.8403,8029.0,Genesee
WXK-81,74.75,16.26,1,True,Jackson,MI,42.243,-84.4038,88394.0,Jackson
KEC-63,83.01,9.74,2,True,Hamtramck,MI,42.3954,-83.056,21752.0,Wayne
KEC-63,77.78,14.41,1,True,Walled Lake,MI,42.5379,-83.4786,7089.0,Oakland
KEC-63,79.08,15.08,2,True,River Rouge,MI,42.2731,-83.1246,7482.0,Wayne
KEC-63,64.76,26.74,2,True,Flat Rock,MI,42.0991,-83.2715,9828.0,Wayne
KIH-29,66.14,27.58,1,True,Owosso,MI,42.9956,-84.1763,21653.0,Shiawassee
KIH-22,86.12,3.91,1,True,Traverse City,MI,44.7545,-85.6034,49690.0,Grand Traverse
KEC-63,83.76,8.93,1,True,Farmington,MI,42.4614,-83.3784,10514.0,Oakland
WWF-36,63.59,26.02,2,True,Muskegon Heights,MI,43.2024,-86.242,10795.0,Muskegon
KIH-29,64.73,29.32,2,True,Holly,MI,42.7987,-83.6233,8309.0,Oakland
WXK-81,62.96,23.25,1,True,Grand Ledge,MI,42.7546,-84.7435,7807.0,Eaton
WZ-2560,77.78,9.68,2,True,Grand Rapids,MI,42.9615,-85.6557,595467.0,Kent
KEC-63,69.8,23.75,2,True,Trenton,MI,42.1394,-83.193,18253.0,Wayne
KEC-63,92.44,3.28,1,True,Beverly Hills,MI,42.522,-83.2424,10470.0,Oakland
KEC-63,73.48,19.7,2,True,Romulus,MI,42.2237,-83.366,23281.0,Wayne
WXN-69,63.63,27.19,2,True,Menominee,MI,45.1219,-87.6235,8279.0,Menominee
KEC-63,64.87,26.88,1,True,Ypsilanti,MI,42.2437,-83.6207,21018.0,Washtenaw
KEC-63,88.03,5.47,1,True,Madison Heights,MI,42.5073,-83.1034,30088.0,Oakland
WXJ-57,55.05,36.39,2,True,Saint Joseph,MI,42.0969,-86.4849,8288.0,Berrien
WWF-70,79.42,8.08,1,True,Gaylord,MI,45.0211,-84.6799,8399.0,Otsego
WNG-647,73.94,7.47,1,True,Tecumseh,MI,42.0066,-83.9451,8362.0,Lenawee
KEC-63,53.59,30.41,1,True,Ann Arbor,MI,42.2757,-83.7312,324421.0,Washtenaw
WWF-34,51.97,19.94,1,True,Hastings,MI,42.6498,-85.2886,7640.0,Barry
KXI-94,62.49,17.72,1,True,Coldwater,MI,41.9428,-85.0016,16613.0,Branch
WWF-34,77.04,10.6,1,True,Kalamazoo,MI,42.2749,-85.5882,214583.0,Kalamazoo
KIH-29,75.81,18.13,1,True,Saginaw,MI,43.4199,-83.95,120088.0,Saginaw
KEC-63,78.36,16.61,2,True,Lincoln Park,MI,42.2433,-83.181,36720.0,Wayne
KIG-74,79.1,7.28,3,True,Sault Sainte Marie,MI,46.4816,-84.372,12705.0,Chippewa
KEC-63,82.48,10.41,1,True,Livonia,MI,42.3972,-83.3733,94041.0,Wayne
WNG-572,77.84,9.68,1,True,Petoskey,MI,45.365,-84.9886,8323.0,Emmet
KEC-63,78.27,14.4,2,True,Harper Woods,MI,42.439,-82.9294,13730.0,Wayne
XJV-492,54.13,19.76,2,True,Saint Clair,MI,42.8262,-82.4929,5367.0,St. Clair
KEC-63,80.38,12.23,1,True,Pontiac,MI,42.6493,-83.2878,59698.0,Oakland
WNG-672,62.98,30.02,1,True,Manistee,MI,44.244,-86.3246,9345.0,Manistee
WXK-81,87.01,6.17,1,True,Eaton Rapids,MI,42.5093,-84.6528,5423.0,Eaton
WZ-2560,77.53,8.78,1,True,Rockford,MI,43.1267,-85.5582,6229.0,Kent
WZ-2560,56.79,20.65,1,True,Ionia,MI,42.9772,-85.0725,14289.0,Ionia
WWF-34,70.13,17.5,2,True,Battle Creek,MI,42.2985,-85.2295,77174.0,Calhoun
KEC-63,76.29,15.96,2,True,Grosse Pointe Woods,MI,42.4366,-82.8989,15639.0,Wayne
WXK-81,71.87,18.78,1,True,Lansing,MI,42.7142,-84.5598,318278.0,Ingham
KEC-63,76.38,19.23,2,True,Southgate,MI,42.2047,-83.2058,29085.0,Wayne
WXJ-57,64.08,24.07,1,True,Berrien Springs,MI,41.9474,-86.3406,7162.0,Berrien
WXJ-57,74.32,15.32,1,True,Niles,MI,41.8347,-86.2472,11257.0,Berrien
KZZ-33,73.03,14.18,2,True,Saint Louis,MI,43.4082,-84.6116,7060.0,Gratiot
KEC-63,81.83,11.19,1,True,Sterling Heights,MI,42.581,-83.0304,132427.0,Macomb
KIH-29,74.8,23.47,1,True,Goodrich,MI,42.9147,-83.5092,5815.0,Genesee
WXK-81,66.68,23.39,2,True,Marshall,MI,42.2619,-84.9599,7625.0,Calhoun
KIH-29,74.44,20.78,1,True,Grand Blanc,MI,42.9258,-83.6182,7954.0,Genesee
WWF-36,70.79,18.16,1,True,Whitehall,MI,43.4004,-86.3406,10635.0,Muskegon
KEC-63,79.76,13.3,1,True,Auburn Hills,MI,42.6734,-83.2447,22795.0,Oakland
WZ-2560,79.33,8.63,1,True,Lowell,MI,42.9351,-85.3457,7272.0,Kent
KEC-63,80.53,12.96,2,True,Garden City,MI,42.3244,-83.3412,26719.0,Wayne
KEC-63,76.43,15.83,2,True,Grosse Pointe Park,MI,42.3794,-82.9288,11126.0,Wayne
KZZ-33,72.37,14.79,1,True,Alma,MI,43.38,-84.6556,16502.0,Gratiot
KEC-63,76.28,18.94,2,True,Wyandotte,MI,42.2114,-83.1558,24955.0,Wayne
KEC-63,74.37,17.01,1,True,Wixom,MI,42.5244,-83.5347,13758.0,Oakland
WXK-81,57.41,38.58,3,True,Saint Johns,MI,43.0008,-84.5557,8491.0,Clinton
VBE-7,63.4,13.16,1,True,Port Huron,MI,42.9823,-82.4387,84361.0,St. Clair
KEC-63,79.06,15.43,2,True,Allen Park,MI,42.2597,-83.2107,27214.0,Wayne
WZ-2560,47.92,30.94,0,False,Portland,MI,42.8696,-84.899,5089.0,Ionia
KEC-63,68.02,21.39,1,True,Milford,MI,42.5871,-83.6012,6471.0,Oakland
WWF-34,78.53,8.93,1,True,Otsego,MI,42.457,-85.6975,11864.0,Allegan
KIH-29,80.25,13.45,1,True,Flint,MI,43.0235,-83.6921,338616.0,Genesee
VBE-7,56.3,17.04,1,True,Marysville,MI,42.9085,-82.4806,9735.0,St. Clair
KEC-63,81.41,11.78,2,True,Dearborn,MI,42.3127,-83.213,94444.0,Wayne
KXI-94,64.18,23.75,2,True,Sturgis,MI,41.8003,-85.4184,12903.0,St. Joseph
WZ-2560,68.71,16.12,2,True,Grandville,MI,42.9003,-85.7564,16002.0,Kent
KEC-63,79.74,14.23,2,True,Inkster,MI,42.2935,-83.3148,24462.0,Wayne
KEC-63,68.12,32.26,1,True,Richmond,MI,42.8094,-82.7517,6291.0,Macomb
KEC-63,83.64,9.08,1,True,Center Line,MI,42.4805,-83.0273,8297.0,Macomb
KEC-63,85.34,7.46,1,True,Troy,MI,42.5817,-83.1458,83641.0,Oakland
KEC-63,83.58,9.13,1,True,Warren,MI,42.4934,-83.027,135125.0,Macomb
WXK-81,81.17,11.61,1,True,Mason,MI,42.5805,-84.4426,8395.0,Ingham
KEC-63,72.55,21.44,2,True,Riverview,MI,42.1729,-83.1935,12103.0,Wayne
WXN-99,68.35,9.52,2,True,Zeeland,MI,42.8139,-86.0129,5581.0,Ottawa
KEC-63,99.32,1.49,1,True,Berkley,MI,42.4986,-83.1853,15272.0,Oakland
KEC-63,77.56,18.05,2,True,Taylor,MI,42.226,-83.2688,61177.0,Wayne
KEC-63,55.85,36.22,2,True,Saline,MI,42.1737,-83.7779,9151.0,Washtenaw
KZZ-33,62.46,27.38,2,True,Midland,MI,43.6239,-84.2316,59343.0,Midland
WXK-73,73.69,18.33,1,True,Laurium,MI,47.2351,-88.4382,7214.0,Houghton
WZ-2560,68.47,16.12,1,True,Greenville,MI,43.1797,-85.2534,9679.0,Montcalm
KEC-63,78.17,16.52,2,True,Ecorse,MI,42.249,-83.1398,9181.0,Wayne
KEC-63,77.13,18.27,1,True,Mount Clemens,MI,42.5977,-82.8821,16349.0,Macomb
KEC-63,84.07,8.67,2,True,Detroit,MI,42.3834,-83.1024,3520589.0,Wayne
WNG-647,86.37,2.98,1,True,Adrian,MI,41.8994,-84.0447,43850.0,Lenawee
WZ-2560,77.54,13.59,2,True,Walker,MI,42.9857,-85.7443,24775.0,Kent
WXK-81,59.76,29.64,1,True,Chelsea,MI,42.3132,-84.0187,5588.0,Washtenaw
KEC-63,93.67,2.84,1,True,Southfield,MI,42.4765,-83.2605,73100.0,Oakland
KIH-29,78.71,16.05,1,True,Burton,MI,42.9974,-83.6175,28648.0,Genesee
WXM-91,58.89,35.57,1,True,Ironwood,MI,46.4528,-90.1502,6561.0,Gogebic
WXJ-57,50.93,36.9,1,True,Benton Harbor,MI,42.116,-86.4484,60298.0,Berrien
WNG-647,57.58,19.84,2,True,Milan,MI,42.082,-83.6847,7742.0,Washtenaw
KEC-63,78.48,16.49,3,True,Grosse Pointe Farms,MI,42.4067,-82.8992,9155.0,Wayne
WWF-34,73.69,15.66,1,True,Portage,MI,42.2,-85.5907,48508.0,Kalamazoo
KEC-63,81.18,12.08,2,True,Dearborn Heights,MI,42.3164,-83.2769,55761.0,Wayne
WWF-34,71.13,16.34,2,True,Springfield,MI,42.3246,-85.2371,5196.0,Calhoun
KEC-63,83.94,8.74,2,True,Farmington Hills,MI,42.486,-83.3771,81129.0,Oakland
WWG-88,37.7,43.47,0,False,Iron Mountain,MI,45.8275,-88.0605,18732.0,Dickinson
KEC-63,90.53,4.12,1,True,Ferndale,MI,42.4592,-83.1314,20099.0,Oakland
WXK-81,42.39,35.74,0,False,Hillsdale,MI,41.9274,-84.6365,11452.0,Hillsdale
KEC-63,79.06,15.44,1,True,Plymouth,MI,42.3718,-83.468,9077.0,Wayne
KEC-63,68.78,24.31,2,True,Woodhaven,MI,42.132,-83.2374,12461.0,Wayne
KEC-63,92.77,3.16,1,True,Royal Oak,MI,42.5084,-83.1539,59006.0,Oakland
WXJ-39,82.7,7.17,2,True,Central Falls,RI,41.89,-71.3933,19347.0,Providence
WXJ-39,89.93,3.08,1,True,Providence,RI,41.8229,-71.4186,1198789.0,Providence
WXJ-39,82.7,7.14,2,True,Warwick,RI,41.7061,-71.4334,81579.0,Kent
WXJ-39,87.94,2.78,2,True,Cranston,RI,41.7658,-71.4858,81034.0,Providence
WXJ-39,84.18,6.02,2,True,East Providence,RI,41.8064,-71.3565,47337.0,Providence
WXJ-39,64.42,23.78,1,True,Newport,RI,41.4803,-71.3205,24779.0,Newport
WXJ-39,56.02,13.61,2,True,Woonsocket,RI,42.001,-71.4993,41406.0,Providence
WXJ-39,82.93,6.99,2,True,Pawtucket,RI,41.8743,-71.3744,71427.0,Providence
KEC-59,89.87,4.32,1,True,Park City,KS,37.8103,-97.3255,7632.0,Sedgwick
WWF-42,46.67,27.43,0,False,Arkansas City,KS,37.0726,-97.0386,12656.0,Cowley
WZ-2512,54.37,26.29,1,True,Ottawa,KS,38.5998,-95.2643,12161.0,Franklin
KEC-59,57.2,24.63,2,True,El Dorado,KS,37.8208,-96.8612,14860.0,Butler
WXN-81,84.65,8.06,1,True,Ulysses,KS,37.5772,-101.3547,6151.0,Grant
WXK-95,52.79,26.4,1,True,Iola,KS,37.9275,-95.4006,5477.0,Allen
KEC-59,67.72,18.82,1,True,Mulvane,KS,37.479,-97.2719,6316.0,Sumner
KEC-59,86.26,6.6,1,True,Valley Center,KS,37.8325,-97.3647,7343.0,Sedgwick
KID-77,73.5,18.2,1,True,Overland Park,KS,38.8871,-94.6871,188966.0,Johnson
KID-77,63.01,29.05,1,True,Leavenworth,KS,39.3225,-94.9246,46445.0,Leavenworth
KID-77,73.57,25.16,1,True,Lansing,KS,39.2435,-94.8981,11849.0,Leavenworth
WXL-71,36.22,25.33,0,False,Junction City,KS,39.0268,-96.8495,40157.0,Geary
KID-77,83.12,9.65,1,True,Roeland Park,KS,39.0358,-94.6374,6786.0,Johnson
KID-77,60.41,31.05,1,True,Gardner,KS,38.8163,-94.9297,21110.0,Johnson
KID-77,62.26,29.7,2,True,Spring Hill,KS,38.7565,-94.8196,6182.0,Johnson
KID-77,81.73,11.34,1,True,Prairie Village,KS,38.9873,-94.6362,21805.0,Johnson
WNG-534,61.1,19.54,2,True,Pratt,KS,37.6777,-98.7465,6484.0,Pratt
WXK-92,42.85,41.08,0,False,McPherson,KS,38.3712,-97.6608,13091.0,McPherson
KPS-511,86.5,6.37,1,True,Great Bend,KS,38.3592,-98.8007,15712.0,Barton
KJY-96,57.0,24.9,1,True,Liberal,KS,37.0466,-100.9291,20155.0,Seward
KJY-82,52.09,39.85,2,True,Pittsburg,KS,37.4141,-94.6983,23069.0,Crawford
KEC-59,64.26,19.84,1,True,Newton,KS,38.0348,-97.3519,20625.0,Harvey
KID-77,57.11,19.86,1,True,Lenexa,KS,38.9608,-94.802,52903.0,Johnson
WZ-2512,49.59,35.64,0,False,Fort Scott,KS,37.8286,-94.7037,7588.0,Bourbon
WXK-95,66.53,16.59,1,True,Parsons,KS,37.3405,-95.2959,9714.0,Labette
KEC-59,54.59,38.19,1,True,Winfield,KS,37.2739,-96.95,12012.0,Cowley
KGG-98,60.79,28.45,1,True,Emporia,KS,38.4022,-96.1924,24730.0,Lyon
WZ-2512,61.93,19.71,1,True,Paola,KS,38.5783,-94.8626,5366.0,Miami
WXK-94,70.56,9.38,1,True,Concordia,KS,39.5669,-97.6472,5126.0,Cloud
KID-77,76.08,21.77,1,True,Bonner Springs,KS,39.0817,-94.8778,7665.0,Wyandotte
WXL-71,82.99,8.69,1,True,Abilene,KS,38.9229,-97.2247,6667.0,Dickinson
WXK-91,64.8,19.11,1,True,Topeka,KS,39.0347,-95.6955,149220.0,Shawnee
KEC-59,44.48,39.59,0,False,Hutchinson,KS,38.0672,-97.9083,43507.0,Reno
KID-77,57.97,18.74,1,True,Shawnee,KS,39.0158,-94.8076,65194.0,Johnson
WNG-644,42.09,32.15,0,False,Independence,KS,37.2122,-95.7324,9240.0,Montgomery
WXK-95,77.49,14.82,1,True,Chanute,KS,37.6699,-95.4619,9079.0,Neosho
WXK-93,75.67,19.66,1,True,Dodge City,KS,37.7609,-100.0182,27429.0,Ford
KEC-59,77.46,10.18,2,True,Andover,KS,37.687,-97.1352,12980.0,Butler
WXM-35,79.32,12.54,1,True,Hays,KS,38.8806,-99.3214,21713.0,Ellis
KID-77,58.76,35.18,1,True,Eudora,KS,38.9345,-95.0957,6383.0,Douglas
KEC-59,43.16,34.42,0,False,Wellington,KS,37.2621,-97.428,7513.0,Sumner
WNG-644,51.4,24.07,1,True,Coffeyville,KS,37.052,-95.6177,10107.0,Montgomery
WXK-93,55.05,36.37,1,True,Garden City,KS,37.9765,-100.8579,30040.0,Finney
KID-77,55.38,32.76,1,True,Tonganoxie,KS,39.1084,-95.0825,5267.0,Leavenworth
KID-77,79.41,14.78,1,True,Kansas City,KS,39.1234,-94.7443,151709.0,Wyandotte
KEC-59,62.93,17.49,1,True,Augusta,KS,37.6953,-96.9909,9397.0,Butler
KID-77,79.23,15.1,1,True,Leawood,KS,38.9076,-94.6258,34565.0,Johnson
WXK-96,82.96,9.8,1,True,Colby,KS,39.3852,-101.0455,5494.0,Thomas
KEC-77,60.56,11.3,1,True,Atchison,KS,39.5629,-95.1368,10819.0,Atchison
KEC-59,75.13,13.08,1,True,Haysville,KS,37.5651,-97.3528,11245.0,Sedgwick
WXL-71,60.42,21.47,2,True,Salina,KS,38.8143,-97.6151,47123.0,Saline
KID-77,45.13,43.47,0,False,Lawrence,KS,38.9603,-95.2643,95800.0,Douglas
KID-77,73.69,12.88,1,True,Merriam,KS,39.0186,-94.6934,11245.0,Johnson
KID-77,68.11,23.49,1,True,Olathe,KS,38.884,-94.8194,135473.0,Johnson
WXK-94,21.17,61.28,0,False,Manhattan,KS,39.1883,-96.605,57442.0,Riley
KEC-59,89.19,4.76,1,True,Wichita,KS,37.6894,-97.344,482205.0,Sedgwick
KEC-59,72.71,13.63,1,True,Derby,KS,37.5567,-97.2553,23633.0,Sedgwick
KID-77,82.07,10.85,1,True,Mission,KS,39.0269,-94.6568,9443.0,Johnson
WXL-25,58.1,55.06,1,True,Hamilton,MT,46.2524,-114.1598,6646.0,Ravalli
WXL-79,53.19,12.66,1,True,Butte,MT,45.902,-112.6571,30584.0,Silver Bow
WXL-25,71.31,11.9,1,True,Missoula,MT,46.8687,-114.0089,89017.0,Missoula
KGG-97,63.43,9.59,1,True,Belgrade,MT,45.7822,-111.1757,15411.0,Gallatin
WXL-82,69.78,14.19,1,True,Kalispell,MT,48.2155,-114.3262,36304.0,Flathead
WXJ-43,70.92,7.3,1,True,Great Falls,MT,47.5016,-111.2993,65960.0,Cascade
WXL-27,77.84,9.72,1,True,Billings,MT,45.7892,-108.5498,121550.0,Yellowstone
WWF-93,61.32,4.32,1,True,Glendive,MT,47.1102,-104.707,7015.0,Dawson
WXL-54,79.16,8.36,1,True,Miles City,MT,46.406,-105.8387,9874.0,Custer
KZZ-54,73.23,9.52,1,True,Lewistown,MT,47.0517,-109.454,6058.0,Fergus
WXL-53,86.27,3.67,1,True,Havre,MT,48.5417,-109.6782,10212.0,Hill
WXL-84,61.42,32.09,1,True,Sidney,MT,47.7149,-104.1665,6877.0,Richland
WXL-82,63.54,29.13,1,True,Whitefish,MT,48.4333,-114.3594,7214.0,Flathead
KGG-97,96.0,0.65,1,True,Bozeman,MT,45.6828,-111.0545,52391.0,Gallatin
WXL-27,67.33,22.28,1,True,Laurel,MT,45.6734,-108.7707,8690.0,Yellowstone
WXL-82,64.53,25.99,1,True,Columbia Falls,MT,48.3698,-114.1914,6739.0,Flathead
WXK-66,76.11,21.62,1,True,Helena,MT,46.5963,-112.0196,49812.0,Lewis and Clark
WXL-82,44.26,24.5,0,False,Polson,MT,47.6896,-114.143,5070.0,Lake
WNG-682,82.23,0.83,1,True,Livingston,MT,45.6667,-110.5537,8586.0,Park
KIH-47,59.97,16.76,2,True,Columbia,MS,31.2564,-89.8266,6807.0,Marion
KIH-52,80.83,12.57,1,True,Batesville,MS,34.3148,-89.9249,7237.0,Panola
KIH-38,76.18,21.49,1,True,Flowood,MS,32.3359,-90.0802,8859.0,Rankin
KIH-38,79.74,14.24,2,True,Crystal Springs,MS,31.9903,-90.354,5107.0,Copiah
KIH-21,67.99,16.44,1,True,Diamondhead,MS,30.3791,-89.3707,7661.0,Hancock
KIH-47,59.67,21.15,1,True,Hattiesburg,MS,31.3073,-89.3169,81995.0,Forrest
KIH-52,55.26,49.9,1,True,Clarksdale,MS,34.1971,-90.5729,16109.0,Coahoma
KIH-21,59.86,18.48,1,True,Ocean Springs,MS,30.4082,-88.7861,17652.0,Jackson
KIH-38,59.58,35.51,1,True,Canton,MS,32.5976,-90.0329,15847.0,Madison
KIH-51,64.15,33.28,2,True,West Point,MS,33.6064,-88.6571,8827.0,Clay
KIH-21,60.04,17.29,1,True,Bay Saint Louis,MS,30.3281,-89.3774,12667.0,Hancock
KIH-53,73.28,15.93,1,True,Booneville,MS,34.6643,-88.5684,6051.0,Prentiss
KIH-52,81.78,11.26,1,True,Oxford,MS,34.3613,-89.5289,31728.0,Lafayette
KIH-48,68.98,23.17,2,True,Brookhaven,MS,31.5803,-90.4432,10504.0,Lincoln
KIH-50,55.8,36.39,1,True,Yazoo City,MS,32.8618,-90.4067,15241.0,Yazoo
KIH-47,45.2,24.68,0,False,Petal,MS,31.3477,-89.2359,10704.0,Forrest
WXK-49,73.37,17.9,1,True,Southaven,MS,34.9514,-89.9787,53214.0,DeSoto
KIH-52,64.75,36.71,2,True,Holly Springs,MS,34.7768,-89.4466,6146.0,Marshall
KJY-83,68.28,23.2,2,True,Kosciusko,MS,33.0585,-89.5893,6735.0,Attala
KIH-38,81.31,11.86,1,True,Clinton,MS,32.354,-90.3403,25211.0,Hinds
KIH-50,84.99,7.77,1,True,Indianola,MS,33.4492,-90.6447,9406.0,Sunflower
KIH-51,56.19,39.95,1,True,Philadelphia,MS,32.7761,-89.1221,7639.0,Neshoba
KIH-51,76.88,19.84,1,True,Starkville,MS,33.4608,-88.8297,32441.0,Oktibbeha
KUT-404,81.07,5.84,1,True,Amory,MS,33.9813,-88.4823,6343.0,Monroe
KIH-48,50.09,39.29,1,True,Natchez,MS,31.5437,-91.3869,26977.0,Adams
KIH-52,60.45,39.91,2,True,Pontotoc,MS,34.2532,-89.0091,5221.0,Pontotoc
KIH-21,76.32,9.2,1,True,Biloxi,MS,30.4393,-88.9542,45975.0,Harrison
KIH-21,43.63,32.47,0,False,Pascagoula,MS,30.3665,-88.5507,49504.0,Jackson
KIH-53,68.21,18.16,2,True,New Albany,MS,34.4909,-89.0201,7253.0,Union
KIH-21,90.17,3.28,1,True,Gulfport,MS,30.4271,-89.0703,222131.0,Harrison
KIH-38,79.74,14.22,1,True,Jackson,MS,32.3163,-90.2124,342607.0,Hinds
KIH-38,68.71,19.21,1,True,Pearl,MS,32.273,-90.0918,26485.0,Rankin
KIH-38,53.9,29.4,1,True,Vicksburg,MS,32.3173,-90.8868,27887.0,Warren
KIH-52,66.73,26.78,2,True,Senatobia,MS,34.6081,-89.9762,6325.0,Tate
KIH-50,64.13,27.54,1,True,Cleveland,MS,33.7431,-90.729,15424.0,Bolivar
KIH-49,63.22,30.74,1,True,Laurel,MS,31.6956,-89.1448,26433.0,Jones
KIH-21,58.88,18.72,1,True,Waveland,MS,30.293,-89.3904,6428.0,Hancock
KIH-38,79.48,14.69,1,True,Richland,MS,32.2309,-90.1592,7111.0,Rankin
WXK-49,70.9,20.1,1,True,Horn Lake,MS,34.9512,-90.0501,27042.0,DeSoto
KIH-50,69.86,21.9,1,True,Greenwood,MS,33.5126,-90.1993,21218.0,Leflore
KIH-38,72.41,22.04,1,True,Ridgeland,MS,32.4225,-90.1456,24483.0,Madison
KIH-48,74.08,18.71,1,True,McComb,MS,31.2449,-90.4714,16413.0,Pike
KIH-21,85.35,4.47,1,True,Long Beach,MS,30.3605,-89.1645,15677.0,Harrison
KIH-38,74.86,25.06,4,True,Brandon,MS,32.2778,-89.9896,23826.0,Rankin
KIH-49,68.0,29.09,1,True,Meridian,MS,32.3846,-88.6896,39478.0,Lauderdale
KIH-51,47.55,43.74,0,False,Columbus,MS,33.5086,-88.4134,32386.0,Lowndes
KIH-38,68.99,25.3,1,True,Madison,MS,32.4738,-90.13,26031.0,Madison
KIH-50,64.13,29.38,1,True,Greenville,MS,33.385,-91.0514,32089.0,Washington
WNG-521,57.82,33.07,1,True,Picayune,MS,30.5289,-89.6788,16401.0,Pearl River
KIH-21,66.94,12.68,1,True,D'Iberville,MS,30.4545,-88.8982,11503.0,Harrison
KIH-21,48.47,26.18,0,False,Gautier,MS,30.4106,-88.6568,18471.0,Jackson
KIH-52,58.39,35.69,1,True,Grenada,MS,33.7816,-89.813,10174.0,Grenada
KIH-21,71.57,9.69,1,True,Pass Christian,MS,30.3271,-89.2432,5701.0,Harrison
WXK-49,61.45,24.63,1,True,Hernando,MS,34.8496,-89.992,15631.0,DeSoto
KEC-61,42.79,41.21,0,False,Moss Point,MS,30.4241,-88.5289,13570.0,Jackson
KIH-38,85.86,7.02,1,True,Byram,MS,32.189,-90.2861,11545.0,Hinds
KIH-53,68.5,24.86,2,True,Corinth,MS,34.9474,-88.5143,12678.0,Alcorn
WXK-49,76.61,15.25,1,True,Olive Branch,MS,34.9608,-89.8478,36699.0,DeSoto
KUT-404,45.47,25.21,0,False,Tupelo,MS,34.2637,-88.7298,46095.0,Lee
WXL-70,79.82,14.09,2,True,Clover,SC,35.1124,-81.2201,7607.0,York
WXJ-20,87.28,5.96,1,True,Columbia,SC,34.0366,-80.9043,571249.0,Richland
WXJ-22,61.79,28.44,2,True,Lake City,SC,33.8676,-79.7533,8604.0,Florence
KEC-85,85.18,6.0,1,True,Hardeeville,SC,32.2949,-81.0324,5731.0,Jasper
WXJ-21,82.79,10.03,2,True,Greer,SC,34.9352,-82.2336,29000.0,Greenville
WXJ-22,65.64,23.37,3,True,Dillon,SC,34.4223,-79.3721,9511.0,Dillon
KHB-29,83.82,8.88,1,True,Mount Pleasant,SC,32.8532,-79.8269,84170.0,Charleston
KHB-29,54.39,51.82,2,True,Kingstree,SC,33.6665,-79.8292,5899.0,Williamsburg
KHB-29,77.52,18.39,1,True,Goose Creek,SC,32.992,-80.0063,42039.0,Berkeley
KHB-29,73.81,28.36,1,True,Summerville,SC,33.0038,-80.1794,49323.0,Dorchester
WXJ-21,55.15,37.48,1,True,Laurens,SC,34.5014,-82.0232,10269.0,Laurens
WXJ-20,77.44,18.56,1,True,Lexington,SC,33.9881,-81.22,20988.0,Lexington
WXJ-22,68.62,20.32,2,True,Hartsville,SC,34.3679,-80.0829,15133.0,Darlington
KEC-85,80.83,8.02,1,True,Bluffton,SC,32.2129,-80.9316,18897.0,Beaufort
WXJ-20,79.41,14.82,1,True,Irmo,SC,34.1016,-81.1949,12177.0,Lexington
KEC-95,75.26,19.34,3,True,Mullins,SC,34.2042,-79.2535,5347.0,Marion
WXL-56,57.24,66.71,2,True,Gaffney,SC,35.0742,-81.6558,21692.0,Cherokee
KHC-27,80.92,12.43,2,True,Fort Mill,SC,35.0072,-80.9381,15029.0,York
KEC-85,68.03,14.6,1,True,Hilton Head Island,SC,32.1896,-80.7499,75328.0,Beaufort
WXJ-20,71.85,21.03,1,True,Camden,SC,34.2564,-80.6085,14117.0,Kershaw
WXL-56,50.93,82.74,1,True,Clinton,SC,34.478,-81.864,11127.0,Laurens
KHC-28,63.43,30.45,3,True,Batesburg-Leesville,SC,33.9117,-81.5308,5350.0,Lexington
WXJ-23,69.06,13.03,1,True,Walterboro,SC,32.9007,-80.6751,9316.0,Colleton
KHB-29,70.65,31.97,1,True,Hollywood,SC,32.7523,-80.2106,5084.0,Charleston
KHA-35,83.85,4.26,2,True,Orangeburg,SC,33.4928,-80.8671,31666.0,Orangeburg
KHB-29,78.12,17.17,1,True,Charleston,SC,32.8137,-79.9643,613847.0,Charleston
WNG-627,89.87,2.44,4,True,Aiken,SC,33.5303,-81.7271,30937.0,Aiken
WWG-77,76.07,8.06,2,True,Sumter,SC,33.9393,-80.3929,73468.0,Sumter
WXJ-21,73.22,29.2,4,True,Belton,SC,34.5235,-82.4938,5774.0,Anderson
KHC-28,59.57,32.44,2,True,Newberry,SC,34.2822,-81.6012,12156.0,Newberry
KEC-95,68.71,21.09,1,True,Myrtle Beach,SC,33.7095,-78.8844,256079.0,Horry
KHC-27,61.47,35.34,3,True,Union,SC,34.7235,-81.6248,9562.0,Union
KHC-27,77.53,16.38,2,True,York,SC,34.9968,-81.2348,8260.0,York
KEC-95,65.27,24.61,1,True,North Myrtle Beach,SC,33.8225,-78.7086,16032.0,Horry
WXJ-20,77.86,13.41,1,True,Cayce,SC,33.9458,-81.0432,14233.0,Lexington
WXJ-21,58.36,28.87,1,True,Clemson,SC,34.6841,-82.8124,16058.0,Pickens
KHB-29,74.93,24.89,2,True,Moncks Corner,SC,33.1716,-80.0121,10315.0,Berkeley
WXJ-22,71.74,20.99,2,True,Marion,SC,34.1787,-79.3965,7218.0,Marion
WXJ-22,85.64,7.24,2,True,Darlington,SC,34.3015,-79.8672,6117.0,Darlington
WXJ-21,64.23,31.96,3,True,Anderson,SC,34.521,-82.6477,78138.0,Anderson
KXI-81,63.25,41.77,4,True,Central,SC,34.7234,-82.7789,5229.0,Pickens
WXJ-20,81.09,12.17,1,True,West Columbia,SC,33.9948,-81.0878,16282.0,Lexington
KEC-85,66.07,15.65,2,True,Beaufort,SC,32.4487,-80.7102,53086.0,Beaufort
KHB-29,76.15,21.55,1,True,North Charleston,SC,32.9086,-80.0705,109298.0,Charleston
KEC-95,84.13,8.56,1,True,Conway,SC,33.8406,-79.0418,22761.0,Horry
WXK-90,68.66,14.7,2,True,Bennettsville,SC,34.6303,-79.6874,11839.0,Marlboro
WXJ-21,78.22,16.99,2,True,Simpsonville,SC,34.7295,-82.2569,21314.0,Greenville
WNG-628,80.7,5.89,2,True,Georgetown,SC,33.3595,-79.296,12133.0,Georgetown
WXK-90,82.88,4.46,2,True,Cheraw,SC,34.6978,-79.8988,8061.0,Chesterfield
WXJ-22,61.95,29.13,3,True,Bishopville,SC,34.2202,-80.2483,5029.0,Lee
WXJ-21,69.55,27.47,1,True,Spartanburg,SC,34.9437,-81.9256,185031.0,Spartanburg
KHC-28,66.87,14.82,1,True,Greenwood,SC,34.1944,-82.1541,42279.0,Greenwood
KEC-85,76.06,9.69,2,True,Ridgeland,SC,32.4681,-80.9178,5438.0,Jasper
KHB-29,77.91,17.61,1,True,Hanahan,SC,32.9303,-80.0031,23439.0,Berkeley
KHC-27,85.86,7.03,2,True,Rock Hill,SC,34.9413,-81.026,115755.0,York
KHC-27,73.89,14.47,1,True,Chester,SC,34.705,-81.2135,9129.0,Chester
KXI-81,67.36,32.62,6,True,Seneca,SC,34.6815,-82.9609,26857.0,Oconee
KEC-85,69.82,13.75,2,True,Port Royal,SC,32.3579,-80.7047,12785.0,Beaufort
WXJ-21,85.13,7.65,2,True,Greenville,SC,34.8364,-82.3649,462640.0,Greenville
WXJ-21,76.06,20.56,2,True,Fountain Inn,SC,34.6988,-82.1991,8513.0,Greenville
WXJ-20,86.84,6.3,2,True,Forest Acres,SC,34.0322,-80.9718,10542.0,Richland
KHC-28,49.06,22.45,0,False,Abbeville,SC,34.1787,-82.3774,5173.0,Abbeville
WNG-627,75.1,13.29,4,True,North Augusta,SC,33.5211,-81.9545,22932.0,Aiken
KHC-27,64.18,13.66,2,True,Tega Cay,SC,35.0374,-81.0124,9946.0,York
WXJ-22,85.42,7.37,2,True,Florence,SC,34.1782,-79.785,92614.0,Florence
KHC-27,70.29,15.68,1,True,Lancaster,SC,34.7247,-80.7801,25691.0,Lancaster
WXJ-21,80.96,12.37,1,True,Mauldin,SC,34.7864,-82.2997,132708.0,Greenville
WXJ-21,94.46,2.61,1,True,Travelers Rest,SC,34.9684,-82.4417,5053.0,Greenville
WXJ-21,80.61,12.88,2,True,Easley,SC,34.8191,-82.583,20953.0,Pickens
WWG-62,54.41,22.83,1,True,Corbin,KY,36.9321,-84.1004,7398.0,Whitley
KIH-42,74.84,10.65,2,True,Union,KY,38.9472,-84.6731,5807.0,Boone
KIH-43,77.71,18.05,1,True,Jeffersontown,KY,38.2054,-85.5702,27352.0,Jefferson
KIH-42,98.96,1.53,2,True,Taylor Mill,KY,39.0092,-84.4987,6756.0,Kenton
KZZ-64,74.13,13.93,3,True,Radcliff,KY,37.8193,-85.9358,22490.0,Hardin
KIH-41,79.82,11.2,4,True,Winchester,KY,38.0014,-84.1908,25961.0,Clark
KIH-45,75.18,13.57,2,True,Bowling Green,KY,36.9725,-86.4371,87976.0,Warren
KIH-44,69.52,13.25,2,True,Somerset,KY,37.0815,-84.6089,29799.0,Pulaski
KIH-44,65.84,26.96,3,True,Columbia,KY,37.1036,-85.3074,5023.0,Adair
KIH-45,54.99,25.44,1,True,Beaver Dam,KY,37.4044,-86.8742,6764.0,Ohio
KIH-42,89.66,4.51,1,True,Fort Thomas,KY,39.0802,-84.4518,16445.0,Campbell
KIH-39,54.11,19.38,1,True,Grayson,KY,38.3318,-82.9371,5479.0,Carter
KIH-41,82.07,10.87,9,True,Richmond,KY,37.724,-84.2928,39267.0,Madison
KIH-43,76.16,17.06,1,True,Louisville,KY,38.1662,-85.6488,1003412.0,Jefferson
KIH-43,75.55,18.93,1,True,Middletown,KY,38.241,-85.5215,7845.0,Jefferson
KXI-26,86.12,3.15,2,True,Hopkinsville,KY,36.8388,-87.4789,32733.0,Christian
KIH-41,70.9,17.92,3,True,Wilmore,KY,37.8787,-84.6545,9432.0,Jessamine
KZZ-63,58.9,10.05,2,True,Lebanon,KY,37.5685,-85.258,5746.0,Marion
WNG-570,71.73,11.86,1,True,Glasgow,KY,37.0048,-85.9264,14115.0,Barren
KIH-42,93.67,2.88,1,True,Fort Mitchell,KY,39.0459,-84.5562,8286.0,Kenton
KIH-42,75.75,3.94,1,True,Newport,KY,39.0855,-84.4868,15241.0,Campbell
WWG-66,66.88,3.96,1,True,Manchester,KY,37.1464,-83.7635,5162.0,Clay
WWG-62,62.74,11.29,1,True,Barbourville,KY,36.8669,-83.8854,6309.0,Knox
KIH-42,107.8,0.58,1,True,Covington,KY,39.0334,-84.5166,40797.0,Kenton
WWG-80,85.04,4.24,1,True,Monticello,KY,36.8404,-84.8506,6606.0,Wayne
KZZ-48,43.18,21.91,0,False,Carrollton,KY,38.68,-85.1656,5081.0,Carroll
KIH-41,50.7,29.53,1,True,Harrodsburg,KY,37.7655,-84.8474,8797.0,Mercer
KIH-43,53.84,27.41,1,True,Shepherdsville,KY,37.9841,-85.7007,12082.0,Bullitt
KIH-39,86.18,6.75,2,True,Flatwoods,KY,38.5209,-82.7195,7311.0,Greenup
WZ-2523,91.99,1.85,2,True,Frankfort,KY,38.1924,-84.8644,39034.0,Franklin
KZZ-61,61.4,15.39,2,True,Owensboro,KY,37.7574,-87.1181,73011.0,Daviess
KZZ-63,80.79,6.88,4,True,Campbellsville,KY,37.3443,-85.3502,14650.0,Taylor
KIH-42,84.56,4.02,2,True,Cold Spring,KY,39.013,-84.4349,6227.0,Campbell
KIH-42,91.5,2.69,1,True,Highland Heights,KY,39.0355,-84.4567,7155.0,Campbell
WZ-2523,61.93,12.34,2,True,Versailles,KY,38.0488,-84.7312,17209.0,Woodford
KZZ-64,69.89,11.86,2,True,Vine Grove,KY,37.8131,-85.9827,5921.0,Hardin
KIH-41,62.47,29.58,3,True,Danville,KY,37.642,-84.7767,19567.0,Boyle
KIH-42,91.28,3.26,1,True,Edgewood,KY,39.0091,-84.5604,8748.0,Kenton
WWG-71,89.87,2.44,4,True,Morehead,KY,38.1906,-83.4466,8252.0,Rowan
KIH-42,84.16,4.5,1,True,Erlanger,KY,39.0109,-84.5863,18813.0,Kenton
KIH-41,65.32,22.47,2,True,Paris,KY,38.2015,-84.2717,12704.0,Bourbon
WWG-28,49.77,7.84,0,False,Paintsville,KY,37.8169,-82.8068,7323.0,Johnson
KIG-76,57.74,24.0,1,True,Henderson,KY,37.8402,-87.5786,28841.0,Henderson
KIH-43,79.34,14.93,2,True,Lyndon,KY,38.2644,-85.5891,11407.0,Jefferson
WXM-49,57.0,39.54,1,True,Paducah,KY,37.0711,-88.6435,49027.0,McCracken
KIH-41,76.98,13.4,7,True,Lexington,KY,38.0423,-84.4587,312495.0,Fayette
WWH-37,65.21,11.51,3,True,Oak Grove,KY,36.6686,-87.4216,7370.0,Christian
KIH-43,56.97,34.44,2,True,Shelbyville,KY,38.2059,-85.2306,22779.0,Shelby
KIH-41,80.41,13.15,8,True,Nicholasville,KY,37.8914,-84.5665,30052.0,Jessamine
KIH-43,58.12,24.81,1,True,La Grange,KY,38.3988,-85.375,8722.0,Oldham
KZZ-64,58.91,29.46,4,True,Leitchfield,KY,37.4863,-86.2857,6979.0,Grayson
WXJ-91,64.53,21.3,1,True,Princeton,KY,37.1068,-87.8853,5695.0,Caldwell
KIH-42,97.09,1.93,1,True,Fort Wright,KY,39.0462,-84.5362,5766.0,Kenton
KIH-46,86.18,6.75,1,True,Mayfield,KY,36.7359,-88.6452,11328.0,Graves
KIH-42,82.78,5.68,1,True,Elsmere,KY,38.9949,-84.6017,8520.0,Kenton
KIH-41,59.43,26.8,3,True,Georgetown,KY,38.2253,-84.5481,35353.0,Scott
KIH-39,100.0,1.36,1,True,Ashland,KY,38.4593,-82.6449,21038.0,Boyd
KIH-43,71.48,23.1,2,True,Hillview,KY,38.055,-85.6793,8851.0,Bullitt
WXJ-91,82.42,10.43,1,True,Madisonville,KY,37.341,-87.5033,24565.0,Hopkins
WWG-61,74.08,10.81,5,True,Mount Sterling,KY,38.0647,-83.9473,11380.0,Montgomery
WWG-78,60.48,5.62,1,True,Williamsburg,KY,36.7393,-84.1645,6046.0,Whitley
KIH-42,85.98,5.11,1,True,Bellevue,KY,39.1011,-84.4776,5845.0,Campbell
KIH-42,84.78,5.34,2,True,Villa Hills,KY,39.0656,-84.5951,7468.0,Kenton
KIH-42,71.45,8.0,1,True,Alexandria,KY,38.9622,-84.3861,9340.0,Campbell
WZ-2523,56.96,12.57,1,True,Lawrenceburg,KY,38.0331,-84.9031,13262.0,Anderson
WWG-65,89.31,2.34,3,True,London,KY,37.1209,-84.0804,38130.0,Laurel
KIH-42,69.92,5.95,1,True,Independence,KY,38.9512,-84.5492,27024.0,Kenton
KIH-43A,66.69,23.14,2,True,Bardstown,KY,37.8175,-85.455,21143.0,Nelson
KIH-43,60.1,26.97,1,True,Mount Washington,KY,38.0427,-85.5553,14360.0,Bullitt
WWG-69,60.71,13.53,2,True,Pikeville,KY,37.4808,-82.5261,8169.0,Pike
KIH-43A,89.87,2.41,2,True,Elizabethtown,KY,37.7033,-85.8771,77016.0,Hardin
KIH-40,66.51,4.56,1,True,Hazard,KY,37.2583,-83.1977,8853.0,Perry
KIH-41,45.19,35.01,0,False,Cynthiana,KY,38.3855,-84.2995,6402.0,Harrison
KIH-43,81.36,11.8,1,True,Shively,KY,38.197,-85.8136,15751.0,Jefferson
KIH-42,63.89,6.12,1,True,Dayton,KY,39.1127,-84.4639,5413.0,Campbell
KIH-45,59.01,22.48,1,True,Russellville,KY,36.8393,-86.895,6754.0,Logan
WWG-68,42.3,4.13,0,False,Harlan,KY,36.8432,-83.3184,6502.0,Harlan
KIH-45,63.63,26.16,1,True,Franklin,KY,36.7158,-86.5585,9908.0,Simpson
KIH-46,75.58,13.11,2,True,Murray,KY,36.6146,-88.3204,20431.0,Calloway
WWF-82A,85.1,2.45,9,True,Berea,KY,37.5903,-84.2897,17412.0,Madison
KIH-42,79.3,8.06,2,True,Florence,KY,38.9893,-84.6469,32460.0,Boone
KIH-43,79.5,13.26,2,True,Saint Matthews,KY,38.2495,-85.6382,18071.0,Jefferson
WXJ-91,66.27,22.41,2,True,Central City,KY,37.2962,-87.128,9742.0,Muhlenberg
WWG-28,27.16,12.57,0,False,Prestonsburg,KY,37.6796,-82.764,6489.0,Floyd
KIH-43,77.85,17.72,1,True,Douglass Hills,KY,38.2367,-85.55,5696.0,Jefferson
KZZ-49,99.37,0.78,1,True,Maysville,KY,38.6455,-83.7911,11269.0,Mason
WXJ-91,46.32,40.02,0,False,Morganfield,KY,37.6869,-87.8884,5618.0,Union
WNG-604,69.77,14.16,2,True,Saint Helens,OR,45.8572,-122.8163,26929.0,Columbia
WWF-80,48.19,31.52,0,False,Madras,OR,44.6384,-121.1268,8914.0,Jefferson
KIH-32,83.73,5.16,2,True,Coos Bay,OR,43.3789,-124.233,32024.0,Coos
KIH-32,83.32,5.4,2,True,North Bend,OR,43.4075,-124.2364,9789.0,Coos
KIG-98,70.47,23.82,3,True,Happy Valley,OR,45.4383,-122.5142,19704.0,Clackamas
WXL-85,77.44,13.09,2,True,Medford,OR,42.3372,-122.8537,167922.0,Jackson
WXL-96,80.4,4.14,1,True,Independence,OR,44.8551,-123.1948,9666.0,Polk
KIG-98,64.44,48.15,1,True,Forest Grove,OR,45.5244,-123.11,24058.0,Washington
KIG-98,72.64,18.51,2,True,Sandy,OR,45.3986,-122.269,11445.0,Clackamas
WXL-96,55.74,32.66,1,True,Newberg,OR,45.3071,-122.9598,28516.0,Yamhill
WXL-97,80.93,3.89,1,True,Klamath Falls,OR,42.2193,-121.7755,42791.0,Klamath
WWH-27,79.31,4.75,3,True,Umatilla,OR,45.9128,-119.3142,6997.0,Umatilla
WZ-2522,63.93,27.91,2,True,Pendleton,OR,45.6747,-118.8173,17445.0,Umatilla
KIG-98,74.89,14.33,2,True,Molalla,OR,45.1502,-122.5844,9865.0,Clackamas
KEC-42,69.37,14.86,1,True,Junction City,OR,44.2068,-123.2097,6695.0,Lane
WXL-96,27.52,36.69,0,False,Sweet Home,OR,44.4023,-122.7028,10098.0,Linn
WWF-80,48.61,9.24,0,False,Prineville,OR,44.2989,-120.8594,11701.0,Crook
WXL-96,63.0,23.97,1,True,Lebanon,OR,44.5314,-122.9075,21165.0,Linn
KIG-98,65.16,44.19,1,True,McMinnville,OR,45.211,-123.1918,41998.0,Yamhill
KIG-98,68.79,28.98,1,True,Tualatin,OR,45.3771,-122.7743,27545.0,Washington
WNG-697,55.41,49.79,1,True,Silverton,OR,45.003,-122.7806,10426.0,Marion
KIG-98,71.18,21.97,1,True,Damascus,OR,45.4299,-122.4462,11084.0,Clackamas
WXL-98,42.28,19.03,0,False,Sutherlin,OR,43.3885,-123.323,8864.0,Douglas
KIG-98,71.4,21.36,2,True,Canby,OR,45.2653,-122.687,19092.0,Clackamas
KIG-98,48.94,27.81,0,False,Lake Oswego,OR,45.4129,-122.7002,38945.0,Clackamas
WXK-88,75.2,5.85,2,True,Ontario,OR,44.0259,-116.976,24778.0,Malheur
WNG-697,65.31,19.35,3,True,Sheridan,OR,45.0956,-123.3972,8439.0,Yamhill
WXL-85,80.57,9.13,2,True,Central Point,OR,42.3764,-122.911,18328.0,Jackson
WWF-80,72.0,19.04,1,True,Bend,OR,44.0562,-121.3087,99634.0,Deschutes
WWF-56,60.08,65.4,1,True,Milton-Freewater,OR,45.9348,-118.3913,7019.0,Umatilla
WXL-95,25.6,67.93,0,False,Baker City,OR,44.7749,-117.832,9461.0,Baker
KEC-42,71.18,12.09,1,True,Veneta,OR,44.0471,-123.3514,6447.0,Lane
KEC-42,50.2,7.51,1,True,Creswell,OR,43.9212,-123.0159,6648.0,Lane
WWF-80,76.69,11.09,1,True,Redmond,OR,44.2632,-121.1798,30967.0,Deschutes
KEC-91,60.69,30.33,2,True,Seaside,OR,45.9894,-123.9213,8788.0,Clatsop
KIH-33,80.51,9.19,1,True,Newport,OR,44.6231,-124.0524,11639.0,Lincoln
KIG-98,70.8,22.94,1,True,Gladstone,OR,45.3864,-122.5933,12116.0,Clackamas
WXL-95,31.52,29.34,0,False,La Grande,OR,45.3243,-118.0865,15077.0,Union
WWF-94,57.87,29.15,2,True,Warrenton,OR,46.1689,-123.9309,5469.0,Clatsop
WXL-85,37.89,14.08,0,False,Grants Pass,OR,42.4334,-123.3318,55265.0,Josephine
KEC-42,37.94,14.57,0,False,Cottage Grove,OR,43.7958,-123.0581,11488.0,Lane
KIG-98,64.89,45.7,1,True,Cornelius,OR,45.5198,-123.0529,12414.0,Washington
KIG-98,68.16,31.13,1,True,Sherwood,OR,45.3598,-122.843,19294.0,Washington
WXL-96,77.65,5.75,1,True,Monmouth,OR,44.8506,-123.2283,19387.0,Polk
KIG-98,69.57,26.41,2,True,Wilsonville,OR,45.3107,-122.7706,23768.0,Clackamas
WXL-98,73.58,9.11,1,True,Winston,OR,43.12,-123.4242,5428.0,Douglas
WXL-96,74.39,6.77,2,True,Salem,OR,44.9231,-123.0245,256175.0,Marion
KIG-98,71.68,20.69,3,True,Oregon City,OR,45.3418,-122.5938,36286.0,Clackamas
KIG-98,68.11,31.31,1,True,Tigard,OR,45.4243,-122.7827,51902.0,Washington
WNG-604,49.45,32.99,0,False,Troutdale,OR,45.5372,-122.3955,16617.0,Multnomah
KIH-37,53.32,5.47,1,True,Brookings,OR,42.0691,-124.3004,11241.0,Curry
KIG-98,51.94,29.62,1,True,Fairview,OR,45.5471,-122.4391,9290.0,Multnomah
KIG-98,67.16,35.01,1,True,Beaverton,OR,45.4779,-122.8168,97590.0,Washington
WXL-85,71.62,25.74,2,True,Ashland,OR,42.1905,-122.6992,21639.0,Jackson
WNG-604,62.04,34.76,1,True,Gresham,OR,45.5023,-122.4414,111523.0,Multnomah
WNG-697,68.15,17.1,1,True,Tillamook,OR,45.4561,-123.8346,8061.0,Tillamook
KIG-98,67.66,33.02,2,True,Portland,OR,45.5372,-122.65,2027629.0,Multnomah
WXL-98,56.27,9.0,1,True,Roseburg,OR,43.2228,-123.3519,44176.0,Douglas
WNG-604,66.26,21.24,2,True,Scappoose,OR,45.7563,-122.8771,7158.0,Columbia
WXL-96,69.2,15.17,2,True,Albany,OR,44.6274,-123.0966,60463.0,Linn
WXM-34,79.15,8.3,1,True,The Dalles,OR,45.6049,-121.1819,20197.0,Wasco
KEC-91,73.41,16.16,1,True,Astoria,OR,46.1856,-123.8047,14599.0,Clatsop
WWH-27,72.63,10.19,2,True,Hermiston,OR,45.8329,-119.2859,28704.0,Umatilla
KEC-42,81.36,3.71,1,True,Eugene,OR,44.0562,-123.1172,263860.0,Lane
KIG-98,69.4,26.96,2,True,Milwaukie,OR,45.4445,-122.622,20929.0,Clackamas
WXL-96,71.5,11.6,2,True,Keizer,OR,45.0028,-123.0242,38980.0,Marion
KIG-98,70.58,23.5,3,True,West Linn,OR,45.3669,-122.6399,26859.0,Clackamas
WXL-96,71.83,11.2,1,True,Dallas,OR,44.9221,-123.3136,16748.0,Polk
WXM-34,28.6,20.98,0,False,Hood River,OR,45.7092,-121.526,15747.0,Hood River
WXL-96,59.35,20.82,3,True,Corvallis,OR,44.5697,-123.2781,65465.0,Benton
WXL-85,73.65,20.35,1,True,Talent,OR,42.2405,-122.7808,6485.0,Jackson
WXL-96,68.92,15.64,2,True,Stayton,OR,44.803,-122.798,10877.0,Marion
WNG-674,72.58,10.27,1,True,Florence,OR,43.9916,-124.1065,10579.0,Lane
KIG-98,65.66,41.7,1,True,Hillsboro,OR,45.5289,-122.9373,105164.0,Washington
KEC-42,73.97,7.59,1,True,Springfield,OR,44.0538,-122.981,61893.0,Lane
KIG-98,69.18,27.65,3,True,Woodburn,OR,45.1477,-122.8585,35007.0,Marion
KIH-33,76.11,15.26,2,True,Lincoln City,OR,44.975,-124.0073,11577.0,Lincoln
WWF-97,64.18,27.07,2,True,Eagle Point,OR,42.4677,-122.8016,9046.0,Jackson
WXM-63,84.65,8.07,2,True,Box Elder,SD,44.1128,-103.0807,9449.0,Pennington
WXM-28,82.84,9.95,1,True,Sioux Falls,SD,43.5382,-96.7315,177629.0,Minnehaha
WXM-41,70.78,19.79,1,True,Watertown,SD,44.9096,-97.1539,21788.0,Codington
KXI-21,84.42,5.7,1,True,Yankton,SD,42.89,-97.3923,14749.0,Yankton
WXL-62,59.3,39.7,3,True,Vermillion,SD,42.7825,-96.9243,10763.0,Clay
WXM-27,61.95,29.29,1,True,Huron,SD,44.3622,-98.2102,13163.0,Beadle
WXM-63,76.82,3.22,2,True,Rapid City,SD,44.0709,-103.22,88533.0,Pennington
WXL-23,76.5,11.31,1,True,Spearfish,SD,44.4912,-103.8166,12590.0,Lawrence
WXM-25,85.15,6.35,1,True,Aberdeen,SD,45.4647,-98.4678,28291.0,Brown
KXI-71,76.36,17.1,1,True,Brookings,SD,44.3027,-96.7856,24357.0,Brookings
WWH-36,92.48,2.3,1,True,Mitchell,SD,43.7295,-98.0336,15421.0,Davison
WXM-26,89.81,3.74,1,True,Pierre,SD,44.3748,-100.3205,14808.0,Hughes
WXL-23,53.89,16.59,1,True,Sturgis,SD,44.4093,-103.5184,6787.0,Meade
WXM-28,78.88,15.73,1,True,Tea,SD,43.4515,-96.8346,5002.0,Lincoln
WXM-28,87.84,5.6,1,True,Brandon,SD,43.5928,-96.5799,9232.0,Minnehaha
WXM-28,56.72,44.21,2,True,Madison,SD,44.0062,-97.1084,7081.0,Lake
WXL-23,70.29,23.2,1,True,Belle Fourche,SD,44.6635,-103.8562,5297.0,Butte
