best_callsign,best_field_strength,best_distance_km,stations_above_threshold,covered,lat,lon,min_dist_to_city_mi
,0.0,,0,False,25.0,-125.0,707.5052575208832
,0.0,,0,False,25.5,-125.0,681.6202592265475
,0.0,,0,False,26.0,-125.0,656.3656456119378
,0.0,,0,False,26.5,-125.0,624.7522901502479
,0.0,,0,False,27.0,-125.0,593.4632210775006
,0.0,,0,False,27.5,-125.0,562.5525541783759
,0.0,,0,False,28.0,-125.0,532.0862443840693
,0.0,,0,False,28.5,-125.0,502.1451816006533
,0.0,,0,False,29.0,-125.0,472.8291601759272
,0.0,,0,False,29.5,-125.0,444.2619360832777
,0.0,,0,False,30.0,-125.0,416.59758170511657
,0.0,,0,False,30.5,-125.0,390.0282662248088
,0.0,,0,False,31.0,-125.0,364.7933384981136
,0.0,,0,False,31.5,-125.0,341.18901036810865
,0.0,,0,False,32.0,-125.0,319.57680272075305
,0.0,,0,False,32.5,-125.0,300.3870123084672
,0.0,,0,False,33.0,-125.0,284.11091988365905
,0.0,,0,False,33.5,-125.0,269.4858139638843
,0.0,,0,False,34.0,-125.0,250.57088996744133
,0.0,,0,False,34.5,-125.0,226.48105799689156
KHB-49,-7.18,225.09,0,False,35.0,-125.0,205.39495831316776
KHB-49,-3.02,200.06,0,False,35.5,-125.0,188.32426569485324
KHB-49,0.38,178.23,0,False,36.0,-125.0,174.39905022482543
KHB-49,2.73,160.92,0,False,36.5,-125.0,156.42058395885437
KHB-49,4.1,149.7,0,False,37.0,-125.0,144.5882585069589
KIH-30,17.06,132.24,0,False,37.5,-125.0,133.69505794842064
KIH-30,29.06,106.63,0,False,38.0,-125.0,118.66902150881015
KIH-30,38.54,87.39,0,False,38.5,-125.0,91.45964858197675
KIH-30,46.51,79.32,0,False,39.0,-125.0,70.95201114933413
KIH-30,39.44,85.64,0,False,39.5,-125.0,63.955440625856234
WNG-720,33.65,103.07,0,False,40.0,-125.0,60.684361255314364
KEC-82,62.99,46.6,2,True,40.5,-125.0,45.45131750745038
WZ-2550,58.26,66.69,2,True,41.0,-125.0,46.27876865141463
KIH-37,55.47,58.81,2,True,41.5,-125.0,45.86892333795745
KIH-37,64.36,40.59,1,True,42.0,-125.0,36.21874914963669
KIH-37,59.26,47.16,1,True,42.5,-125.0,46.532221708346526
WNG-596,45.57,30.64,0,False,43.0,-125.0,46.67207442681495
KIH-32,50.56,44.23,1,True,43.5,-125.0,38.829682127177755
WNG-674,52.07,49.76,1,True,44.0,-125.0,44.415573491126146
WNG-674,50.45,55.29,1,True,44.5,-125.0,47.418479996517256
WNG-697,52.15,62.42,1,True,45.0,-125.0,48.54126634317612
WNG-697,51.1,63.5,1,True,45.5,-125.0,56.54171298724027
WWF-94,45.13,53.38,0,False,46.0,-125.0,51.78388126148678
KEC-91,49.25,57.65,0,False,46.5,-125.0,51.58017969592104
KXI-27,51.24,64.49,1,True,47.0,-125.0,40.02517913140141
KXI-27,63.52,41.98,1,True,47.5,-125.0,54.13345354830664
KIH-36,66.9,29.74,2,True,48.0,-125.0,71.71503813966685
KIH-36,72.59,17.48,3,True,48.5,-125.0,75.77881879274949
CIZ-319,17.14,22.47,0,False,49.0,-125.0,93.42671798394473
,0.0,,0,False,25.0,-124.5,687.5133757099286
,0.0,,0,False,25.5,-124.5,660.9404671225456
,0.0,,0,False,26.0,-124.5,635.1279594258709
,0.0,,0,False,26.5,-124.5,610.1723700235957
,0.0,,0,False,27.0,-124.5,580.6788124069736
,0.0,,0,False,27.5,-124.5,549.1153424688763
,0.0,,0,False,28.0,-124.5,517.9302607274
,0.0,,0,False,28.5,-124.5,487.19623600956294
,0.0,,0,False,29.0,-124.5,457.00428188359706
,0.0,,0,False,29.5,-124.5,427.4692746357996
,0.0,,0,False,30.0,-124.5,398.73722607387936
,0.0,,0,False,30.5,-124.5,370.9947430576736
,0.0,,0,False,31.0,-124.5,344.4809921756495
,0.0,,0,False,31.5,-124.5,319.502019602698
,0.0,,0,False,32.0,-124.5,296.4460493657928
,0.0,,0,False,32.5,-124.5,275.79578296140096
,0.0,,0,False,33.0,-124.5,258.1292359994667
,0.0,,0,False,33.5,-124.5,244.09511785523597
,0.0,,0,False,34.0,-124.5,227.9840467493585
,0.0,,0,False,34.5,-124.5,205.8486558136778
WWF-64,-4.04,208.01,0,False,35.0,-124.5,182.54255017576904
KHB-49,0.03,180.51,0,False,35.5,-124.5,163.26621826327903
WWF-64,4.86,164.94,0,False,36.0,-124.5,149.58574624732847
KHB-49,5.64,136.2,0,False,36.5,-124.5,132.0100790901411
KHB-49,12.17,122.93,0,False,37.0,-124.5,117.9449951039729
KIH-30,23.91,117.8,0,False,37.5,-124.5,109.41336373872004
KIH-30,38.16,88.22,0,False,38.0,-124.5,94.91582421543147
KIH-30,54.7,63.84,1,True,38.5,-124.5,75.05495823763792
KIH-30,59.07,52.49,2,True,39.0,-124.5,48.18431705074246
KIH-30,55.51,61.82,2,True,39.5,-124.5,37.37829370077042
WNG-720,46.38,80.24,0,False,40.0,-124.5,44.64448335600077
WNG-596,62.25,16.55,1,True,42.5,-124.5,31.472330617895725
WWF-94,61.59,31.54,2,True,45.5,-124.5,32.3793024540496
KEC-91,66.85,34.04,1,True,46.5,-124.5,35.50264164463143
KXI-27,70.85,22.84,1,True,47.5,-124.5,40.180827409889886
KXI-27,70.83,22.88,2,True,48.0,-124.5,48.83092604685822
KIH-36,76.04,11.92,1,True,48.5,-124.5,54.869526445670886
KIH-36,47.86,44.18,0,False,49.0,-124.5,77.61282000190371
,0.0,,0,False,25.0,-124.0,668.2892461538011
,0.0,,0,False,25.5,-124.0,641.011015176375
,0.0,,0,False,26.0,-124.0,614.4579116186613
,0.0,,0,False,26.5,-124.0,588.7280647556524
,0.0,,0,False,27.0,-124.0,563.9341763887483
,0.0,,0,False,27.5,-124.0,536.9682025389021
,0.0,,0,False,28.0,-124.0,505.0980375012253
,0.0,,0,False,28.5,-124.0,473.60125521293367
,0.0,,0,False,29.0,-124.0,442.5575855286639
,0.0,,0,False,29.5,-124.0,412.06945007652064
,0.0,,0,False,30.0,-124.0,382.26979456285255
,0.0,,0,False,30.5,-124.0,353.33286033587217
,0.0,,0,False,31.0,-124.0,325.48882603368037
,0.0,,0,False,31.5,-124.0,299.04313043649023
,0.0,,0,False,32.0,-124.0,274.4003735797146
,0.0,,0,False,32.5,-124.0,252.08984527025444
,0.0,,0,False,33.0,-124.0,232.78309577150134
,0.0,,0,False,33.5,-124.0,217.2823146841892
KIH-31,-6.29,211.93,0,False,34.0,-124.0,202.48079768789876
KIH-31,-4.07,198.49,0,False,34.5,-124.0,187.16940031548185
WWF-64,-1.26,189.58,0,False,35.0,-124.0,161.3242330827794
WWF-64,4.52,163.58,0,False,35.5,-124.0,139.30167548399257
WWF-64,15.8,141.3,0,False,36.0,-124.0,123.16951882154878
WWF-64,23.8,124.73,0,False,36.5,-124.0,109.12635950633303
KHB-49,27.76,96.57,0,False,37.0,-124.0,91.8094181654758
KHB-49,30.76,91.18,0,False,37.5,-124.0,83.71473874527426
KIH-30,47.98,75.21,0,False,38.0,-124.0,69.3966761455167
KIH-30,63.14,44.32,1,True,38.5,-124.0,56.9413257037189
KIH-30,69.83,25.67,2,True,39.0,-124.0,32.27750666208833
KIH-30,29.52,72.17,0,False,40.0,-124.0,39.97320303909221
KIH-37,9.62,28.29,0,False,42.5,-124.0,33.49919613341961
KXI-27,60.0,19.1,2,True,47.5,-124.0,35.83967081398994
KIH-36,23.92,32.08,0,False,48.5,-124.0,36.535043507892055
XLK-672,56.38,36.53,1,True,49.0,-124.0,57.107762188007676
,0.0,,0,False,25.0,-123.5,649.9013610428805
,0.0,,0,False,25.5,-123.5,621.9044216456174
,0.0,,0,False,26.0,-123.5,594.5909404224371
,0.0,,0,False,26.5,-123.5,568.0595174656319
,0.0,,0,False,27.0,-123.5,542.4249275875
,0.0,,0,False,27.5,-123.5,517.8203854695086
,0.0,,0,False,28.0,-123.5,493.6930836211923
,0.0,,0,False,28.5,-123.5,461.4802132927283
,0.0,,0,False,29.0,-123.5,429.6284438688932
,0.0,,0,False,29.5,-123.5,398.2244335448433
,0.0,,0,False,30.0,-123.5,367.3830253777871
,0.0,,0,False,30.5,-123.5,337.2586014940822
,0.0,,0,False,31.0,-123.5,308.0615703513544
,0.0,,0,False,31.5,-123.5,280.082110455947
,0.0,,0,False,32.0,-123.5,253.72334800899435
,0.0,,0,False,32.5,-123.5,229.54428298363572
,0.0,,0,False,33.0,-123.5,208.30533028020838
,0.0,,0,False,33.5,-123.5,190.98988454917068
KIH-31,-2.28,186.9,0,False,34.0,-123.5,177.85747879984027
KIH-31,-0.07,171.68,0,False,34.5,-123.5,161.73965711508367
KIH-31,1.15,162.49,0,False,35.0,-123.5,142.4726497629183
WWF-64,13.23,144.99,0,False,35.5,-123.5,117.1047257745164
WWF-64,25.74,119.44,0,False,36.0,-123.5,97.54582256901165
WWF-64,35.43,99.47,0,False,36.5,-123.5,87.62230321237743
KHB-49,47.42,71.09,0,False,37.0,-123.5,66.78143140714535
KHB-49,52.28,63.79,1,True,37.5,-123.5,56.49932043724162
WZ-2504,57.89,55.55,2,True,38.0,-123.5,45.79064452464874
WZ-2504,52.06,50.98,1,True,38.5,-123.5,33.20642340194285
KEC-82,12.76,43.61,0,False,40.0,-123.5,41.8137871791243
KEC-82,67.61,33.11,1,True,40.5,-123.5,34.207035157110745
WZ-2550,18.2,14.94,0,False,41.0,-123.5,31.513228369908745
WZ-2550,25.33,44.89,0,False,41.5,-123.5,40.31843877198919
KIH-37,40.75,38.32,0,False,42.0,-123.5,31.157765800682583
XKK-506,65.66,16.11,4,True,49.0,-123.5,34.44683950820546
,0.0,,0,False,25.0,-123.0,632.4230087128121
,0.0,,0,False,25.5,-123.0,603.6991820644221
,0.0,,0,False,26.0,-123.0,575.610589159582
,0.0,,0,False,26.5,-123.0,548.2548775905984
,0.0,,0,False,27.0,-123.0,521.7473416073149
,0.0,,0,False,27.5,-123.0,496.22392899095587
,0.0,,0,False,28.0,-123.0,471.84437313050256
,0.0,,0,False,28.5,-123.0,448.7951273459521
,0.0,,0,False,29.0,-123.0,418.35786514270217
,0.0,,0,False,29.5,-123.0,386.1018336799878
,0.0,,0,False,30.0,-123.0,354.2765781112359
,0.0,,0,False,30.5,-123.0,323.0094541046655
,0.0,,0,False,31.0,-123.0,292.4795163215926
,0.0,,0,False,31.5,-123.0,262.9436715008159
,0.0,,0,False,32.0,-123.0,234.77740228689592
,0.0,,0,False,32.5,-123.0,208.53640106725922
,0.0,,0,False,33.0,-123.0,185.04156433189905
,0.0,,0,False,33.5,-123.0,165.4668509191465
KIH-31,1.14,162.98,0,False,34.0,-123.0,151.34108966783538
KIH-31,7.84,145.44,0,False,34.5,-123.0,135.84619671455246
KIH-31,13.06,134.66,0,False,35.0,-123.0,124.15008732632539
WWF-64,20.13,129.75,0,False,35.5,-123.0,97.88609853907379
WWF-64,34.8,100.52,0,False,36.0,-123.0,73.54874545307767
WWF-64,51.53,75.9,1,True,36.5,-123.0,60.199371252964326
KHB-49,62.2,47.9,1,True,37.0,-123.0,44.760512846832974
KEC-82,22.9,65.77,0,False,40.0,-123.0,41.85236923395174
WZ-2550,15.7,46.31,0,False,40.5,-123.0,33.69213759965583
WZ-2550,7.84,39.23,0,False,41.0,-123.0,39.379454324151034
,0.0,,0,False,25.0,-122.5,615.9319481312194
,0.0,,0,False,25.5,-122.5,586.4795850946111
,0.0,,0,False,26.0,-122.5,557.6077698572248
,0.0,,0,False,26.5,-122.5,529.4114966438472
,0.0,,0,False,27.0,-122.5,502.0046125057623
,0.0,,0,False,27.5,-122.5,475.5236305546103
,0.0,,0,False,28.0,-122.5,450.1319948672408
,0.0,,0,False,28.5,-122.5,426.02453302658125
,0.0,,0,False,29.0,-122.5,403.431525445609
,0.0,,0,False,29.5,-122.5,374.4758991010843
,0.0,,0,False,30.0,-122.5,343.1276489342468
,0.0,,0,False,30.5,-122.5,310.83685097720235
,0.0,,0,False,31.0,-122.5,279.0523155044136
,0.0,,0,False,31.5,-122.5,248.00637638769572
,0.0,,0,False,32.0,-122.5,218.01479773049866
KIH-34,-2.52,202.53,0,False,32.5,-122.5,189.57864576724614
KIH-34,0.38,180.06,0,False,33.0,-122.5,163.51145413446812
KIH-34,5.1,161.9,0,False,33.5,-122.5,141.13203142715432
KIH-34,12.65,149.62,0,False,34.0,-122.5,124.44608082684758
KIH-31,21.07,120.16,0,False,34.5,-122.5,111.14176231702372
KIH-31,27.02,107.04,0,False,35.0,-122.5,96.68799855857006
KIH-31,28.91,104.22,0,False,35.5,-122.5,83.01683620822426
WWF-64,46.72,86.5,0,False,36.0,-122.5,53.41845558929379
WWF-64,61.79,56.17,2,True,36.5,-122.5,32.930652730827106
WXL-98,30.08,38.43,0,False,43.0,-122.5,39.83663987516545
KEC-42,15.66,46.38,0,False,43.5,-122.5,34.587177137544515
,0.0,,0,False,25.0,-122.0,600.5098285813722
,0.0,,0,False,25.5,-122.0,570.3352385142489
,0.0,,0,False,26.0,-122.0,540.6804832595951
,0.0,,0,False,26.5,-122.0,511.6359640962054
,0.0,,0,False,27.0,-122.0,483.31171292126487
,0.0,,0,False,27.5,-122.0,455.84201672750436
,0.0,,0,False,28.0,-122.0,429.3909169640911
,0.0,,0,False,28.5,-122.0,404.15845949126873
,0.0,,0,False,29.0,-122.0,380.38723538505485
,0.0,,0,False,29.5,-122.0,358.3681444058291
,0.0,,0,False,30.0,-122.0,330.8449623974945
,0.0,,0,False,30.5,-122.0,299.1853191082151
,0.0,,0,False,31.0,-122.0,268.0139414439194
,0.0,,0,False,31.5,-122.0,235.689471655187
,0.0,,0,False,32.0,-122.0,203.97495498391106
KIH-34,0.03,182.8,0,False,32.5,-122.0,173.34546704488486
KIH-34,5.98,157.67,0,False,33.0,-122.0,144.49267529941156
KIH-34,17.44,136.72,0,False,33.5,-122.0,118.71911876751113
KIH-34,25.47,122.12,0,False,34.0,-122.0,98.47303615016077
KIH-31,32.9,96.57,0,False,34.5,-122.0,87.03435809288187
KIH-31,41.26,79.85,0,False,35.0,-122.0,69.84369842429484
WNG-592,51.02,48.45,1,True,35.5,-122.0,65.48505083390104
WWF-64,49.69,80.0,0,False,36.0,-122.0,41.45333810954543
WWF-80,15.85,97.15,0,False,43.0,-122.0,54.84178444618347
WWF-80,41.52,70.03,0,False,43.5,-122.0,51.6353482014353
WWF-80,19.71,52.52,0,False,44.0,-122.0,34.56153198679061
WWF-80,15.29,54.77,0,False,44.5,-122.0,35.31503116265974
WNG-604,30.92,74.48,0,False,45.0,-122.0,30.34426195879772
WNG-604,41.56,28.63,0,False,46.0,-122.0,30.283947246215057
WZ-2502,44.52,11.26,0,False,46.5,-122.0,42.422505025508165
,0.0,,0,False,25.0,-121.5,586.2413022606897
,0.0,,0,False,25.5,-121.5,555.3602269736461
,0.0,,0,False,26.0,-121.5,524.9331113683945
,0.0,,0,False,26.5,-121.5,495.0436711930008
,0.0,,0,False,27.0,-121.5,465.7954263656631
,0.0,,0,False,27.5,-121.5,437.3170500886261
,0.0,,0,False,28.0,-121.5,409.7690908207381
,0.0,,0,False,28.5,-121.5,383.3521849161028
,0.0,,0,False,29.0,-121.5,358.3165831136073
,0.0,,0,False,29.5,-121.5,334.9721444009398
,0.0,,0,False,30.0,-121.5,313.69665350223374
,0.0,,0,False,30.5,-121.5,286.30500109174505
,0.0,,0,False,31.0,-121.5,255.8285040378876
,0.0,,0,False,31.5,-121.5,224.02862921144936
KIH-34,-1.62,195.9,0,False,32.0,-121.5,193.1734527143483
KIH-34,1.92,165.74,0,False,32.5,-121.5,160.66527931166144
KIH-34,16.25,137.66,0,False,33.0,-121.5,129.10047108039856
KIH-34,29.75,113.21,0,False,33.5,-121.5,99.53569553589857
KIH-34,44.4,95.24,0,False,34.0,-121.5,74.3949001218358
KIH-31,39.53,76.27,0,False,34.5,-121.5,59.570723409362095
KIH-31,60.03,53.75,1,True,35.0,-121.5,44.744571435288876
WNG-592,65.76,22.59,2,True,35.5,-121.5,37.814380723820065
WZ-2530,35.27,60.13,0,False,40.5,-121.5,41.97920855661309
WXL-88,22.7,58.6,0,False,41.0,-121.5,47.83342934681286
WXL-97,7.52,52.41,0,False,41.5,-121.5,44.01458421251841
WXL-97,12.01,53.36,0,False,43.0,-121.5,55.73128002139828
WWF-80,27.06,54.64,0,False,43.5,-121.5,39.59736216914706
WXM-34,31.5,52.73,0,False,45.0,-121.5,30.96403353010842
WXM-34,47.88,58.19,0,False,46.5,-121.5,45.63316402552705
WWG-24,-1.64,73.61,0,False,48.5,-121.5,33.62625930649936
VFV-785,26.63,17.48,0,False,49.0,-121.5,43.41160841349103
,0.0,,0,False,25.0,-121.0,573.2127849513236
,0.0,,0,False,25.5,-121.0,541.6518259236947
,0.0,,0,False,26.0,-121.0,510.4751630098805
,0.0,,0,False,26.5,-121.0,479.7577238445912
,0.0,,0,False,27.0,-121.0,449.5936467163919
,0.0,,0,False,27.5,-121.0,420.1021478791344
,0.0,,0,False,28.0,-121.0,391.4352791309979
,0.0,,0,False,28.5,-121.0,363.7880399356873
,0.0,,0,False,29.0,-121.0,337.4111687457988
,0.0,,0,False,29.5,-121.0,312.62638301636485
,0.0,,0,False,30.0,-121.0,289.84239641402667
,0.0,,0,False,30.5,-121.0,269.56701561501905
,0.0,,0,False,31.0,-121.0,242.1873768408737
KIH-34,-4.76,217.57,0,False,31.5,-121.0,211.41177285306154
KIH-34,-0.18,184.57,0,False,32.0,-121.0,180.75502292203868
KIH-34,7.85,152.26,0,False,32.5,-121.0,149.03724371485217
KIH-34,24.89,121.19,0,False,33.0,-121.0,118.75390661146578
KIH-34,46.18,92.62,0,False,33.5,-121.0,85.77719405762922
KIH-34,57.74,69.69,2,True,34.0,-121.0,54.7714781804353
KIH-31,55.51,62.56,1,True,34.5,-121.0,32.07886758585413
WWG-20,11.77,83.3,0,False,40.0,-121.0,35.520982992491845
WZ-2530,20.55,50.92,0,False,41.0,-121.0,44.87405282207108
WXL-97,37.76,62.89,0,False,41.5,-121.0,63.73801399373213
WXL-97,27.13,39.9,0,False,42.0,-121.0,42.54063502152623
WXL-97,43.34,40.2,0,False,42.5,-121.0,44.08847725282183
WWF-80,25.44,82.57,0,False,43.0,-121.0,66.81915161767054
WWF-80,27.64,48.03,0,False,43.5,-121.0,41.40093919240891
WXN-21,47.46,25.78,0,False,47.5,-121.0,31.768390232311617
WXM-48,30.27,42.67,0,False,48.0,-121.0,38.26350483831317
VFV-785,-0.97,57.12,0,False,48.5,-121.0,52.94315133854482
CHA-385,6.25,114.28,0,False,49.0,-121.0,65.6524133203
,0.0,,0,False,25.0,-120.5,561.5108369183133
,0.0,,0,False,25.5,-120.5,529.3087117272765
,0.0,,0,False,26.0,-120.5,497.419361599252
,0.0,,0,False,26.5,-120.5,465.90701710028117
,0.0,,0,False,27.0,-120.5,434.85364861411585
,0.0,,0,False,27.5,-120.5,404.36501344131614
,0.0,,0,False,28.0,-120.5,374.57903708211836
,0.0,,0,False,28.5,-120.5,345.6774069282628
,0.0,,0,False,29.0,-120.5,317.9014140610548
,0.0,,0,False,29.5,-120.5,291.57293110565433
,0.0,,0,False,30.0,-120.5,267.1203207222751
,0.0,,0,False,30.5,-120.5,245.10565990387875
KIH-34,-9.28,245.6,0,False,31.0,-120.5,226.24175353590354
KIH-34,-3.81,211.37,0,False,31.5,-120.5,198.70765780194148
KIH-34,0.68,177.27,0,False,32.0,-120.5,167.15293639153268
KWO-37,4.39,178.78,0,False,32.5,-120.5,137.04814083393143
KIH-34,31.44,109.89,0,False,33.0,-120.5,105.82254011973231
KIH-34,55.17,77.34,1,True,33.5,-120.5,74.35487534316745
KIH-34,64.52,47.7,2,True,34.0,-120.5,45.74867456642092
WZ-2530,26.51,38.97,0,False,41.0,-120.5,40.46744532552466
WXK-58,9.19,154.49,0,False,41.5,-120.5,74.8124291824235
WXL-97,10.18,64.06,0,False,42.0,-120.5,67.11216705672156
KHB-30,23.92,101.32,0,False,42.5,-120.5,67.94749131105206
KHB-30,5.87,79.38,0,False,43.0,-120.5,83.46700791512303
WWF-80,19.62,53.58,0,False,43.5,-120.5,55.71771607018371
WNG-559,27.46,26.94,0,False,45.0,-120.5,39.596995523889575
WXM-34,50.86,31.95,1,True,45.5,-120.5,33.779382365612584
WWF-56,0.95,151.79,0,False,48.5,-120.5,45.32922110108269
WWF-49,-5.89,65.56,0,False,49.0,-120.5,60.02876551671636
,0.0,,0,False,25.0,-120.0,551.2201647136891
,0.0,,0,False,25.5,-120.0,518.428640845702
,0.0,,0,False,26.0,-120.0,485.87899752619666
,0.0,,0,False,26.5,-120.0,453.62330732844555
,0.0,,0,False,27.0,-120.0,421.72902544741373
,0.0,,0,False,27.5,-120.0,390.2847667029693
,0.0,,0,False,28.0,-120.0,359.40866786113054
,0.0,,0,False,28.5,-120.0,329.2606049805887
,0.0,,0,False,29.0,-120.0,300.06010440469953
,0.0,,0,False,29.5,-120.0,272.1123885366535
,0.0,,0,False,30.0,-120.0,245.8450808859709
,0.0,,0,False,30.5,-120.0,221.85585895900184
KWO-37,-8.91,248.01,0,False,31.0,-120.0,200.96220410965074
KIH-34,-3.47,209.04,0,False,31.5,-120.0,182.6173671476646
KWO-37,1.53,186.98,0,False,32.0,-120.0,154.0311519369072
KIH-34,14.32,139.95,0,False,32.5,-120.0,123.67519691369252
KIH-34,33.75,105.41,0,False,33.0,-120.0,92.43444588432648
KIH-34,59.03,70.88,2,True,33.5,-120.0,64.64975570055346
KIH-34,66.83,36.37,2,True,34.0,-120.0,31.173248965522326
KIH-62,16.25,94.96,0,False,35.5,-120.0,36.15451018221049
WNG-595,11.82,52.92,0,False,38.5,-120.0,30.367194556873745
WWG-20,43.62,33.2,0,False,40.0,-120.0,32.20196000962941
WZ-2530,50.31,19.18,1,True,40.5,-120.0,32.68418373903555
WZ-2530,4.9,42.6,0,False,41.0,-120.0,51.31324918385515
WXK-58,6.73,151.17,0,False,41.5,-120.0,81.14670287893489
WXL-97,-11.47,89.04,0,False,42.0,-120.0,92.26014131666238
WXL-97,1.61,88.9,0,False,42.5,-120.0,92.69904069533086
WXL-97,3.46,101.31,0,False,43.0,-120.0,98.09833797333154
KHB-30,21.48,43.78,0,False,43.5,-120.0,69.83911153103139
WWF-80,30.79,50.31,0,False,44.0,-120.0,47.34740526544561
WNG-559,35.24,31.89,0,False,44.5,-120.0,44.64255055322157
WNG-559,86.42,3.62,1,True,45.0,-120.0,60.61334561018359
WWF-56,59.32,64.69,2,True,45.5,-120.0,41.44818290814259
WWF-49,8.03,46.86,0,False,49.0,-120.0,45.62383053411529
,0.0,,0,False,25.0,-119.5,542.4212849463662
,0.0,,0,False,25.5,-119.5,509.1056238284599
,0.0,,0,False,26.0,-119.5,475.964533035432
,0.0,,0,False,26.5,-119.5,443.03719106143143
,0.0,,0,False,27.0,-119.5,410.37505387169125
,0.0,,0,False,27.5,-119.5,378.04686737957337
,0.0,,0,False,28.0,-119.5,346.14621273007697
,0.0,,0,False,28.5,-119.5,314.80308984107114
,0.0,,0,False,29.0,-119.5,284.2020211249736
,0.0,,0,False,29.5,-119.5,254.6107055079662
,0.0,,0,False,30.0,-119.5,226.42538156025503
,0.0,,0,False,30.5,-119.5,200.2406435170613
KIH-34,-9.18,245.02,0,False,31.0,-119.5,176.94687717551187
KWO-37,-2.23,204.83,0,False,31.5,-119.5,157.82933729788652
KWO-37,7.9,172.92,0,False,32.0,-119.5,138.05181576386244
KWO-37,21.9,142.25,0,False,32.5,-119.5,108.84543982130428
KWO-37,22.95,113.82,0,False,33.0,-119.5,82.05975295169516
KWO-37,51.09,89.79,1,True,33.5,-119.5,48.781951644217486
WNG-655,50.75,131.88,1,True,38.0,-119.5,37.92223426730154
WXK-58,26.06,59.9,0,False,38.5,-119.5,39.98370619678755
WXK-58,35.76,51.61,0,False,40.0,-119.5,31.61763974674193
WWG-20,27.68,51.57,0,False,40.5,-119.5,58.76211665157749
WZ-2530,-4.65,59.01,0,False,41.0,-119.5,70.71035707662426
WWG-20,16.56,120.64,0,False,41.5,-119.5,94.51849447200382
KHB-30,3.01,110.24,0,False,42.0,-119.5,116.4413017556053
KHB-30,30.75,76.4,0,False,42.5,-119.5,117.78118711604736
KHB-30,40.68,43.68,0,False,43.0,-119.5,112.57233735527537
KHB-30,69.86,19.12,1,True,43.5,-119.5,87.3331990500171
WNG-560,67.94,30.45,1,True,44.0,-119.5,70.48696109967591
WNG-559,28.06,38.77,0,False,44.5,-119.5,68.53103851154418
WNG-560,33.1,53.73,0,False,45.0,-119.5,57.20654597938088
WWF-49,10.74,33.62,0,False,49.0,-119.5,39.986079012884936
,0.0,,0,False,25.0,-119.0,535.187940878342
,0.0,,0,False,25.5,-119.0,501.42669133734427
,0.0,,0,False,26.0,-119.0,467.7795477562027
,0.0,,0,False,26.5,-119.0,434.2730340612559
,0.0,,0,False,27.0,-119.0,400.9424094551859
,0.0,,0,False,27.5,-119.0,367.83549107591426
,0.0,,0,False,28.0,-119.0,335.0186067911848
,0.0,,0,False,28.5,-119.0,302.5861385845073
,0.0,,0,False,29.0,-119.0,270.6763046872337
,0.0,,0,False,29.5,-119.0,239.49809842339909
,0.0,,0,False,30.0,-119.0,209.37861208627456
,0.0,,0,False,30.5,-119.0,180.84759960237363
WNG-637,-6.32,163.27,0,False,31.0,-119.0,154.78595727663736
WNG-637,-2.81,137.88,0,False,31.5,-119.0,132.6571453017897
KEC-62,5.06,137.43,0,False,32.0,-119.0,116.71988378008123
KWO-37,27.6,129.87,0,False,32.5,-119.0,94.23291164988669
KWO-37,48.19,98.01,0,False,33.0,-119.0,63.81543492753548
KWO-37,61.01,68.79,1,True,33.5,-119.0,39.10054158345983
KIH-62,24.51,23.46,0,False,37.0,-119.0,31.565563235132682
WWF-59,70.48,13.04,1,True,38.5,-119.0,60.30086991497609
WXK-58,45.2,52.07,0,False,39.0,-119.0,34.832368577784095
WWG-20,62.33,29.81,1,True,40.0,-119.0,31.995135494724035
WWG-20,42.97,57.02,0,False,40.5,-119.0,65.66011193013479
WWG-20,28.6,89.45,0,False,41.0,-119.0,66.54833998333298
WZ-2530,28.72,101.58,0,False,41.5,-119.0,75.8783489193579
WXL-29,15.94,93.46,0,False,42.0,-119.0,97.33004878867035
KHB-30,17.67,74.4,0,False,42.5,-119.0,124.80194397789319
KHB-30,26.37,40.11,0,False,43.0,-119.0,123.72886576857736
KHB-30,79.22,8.28,1,True,43.5,-119.0,105.4198764146149
WNG-560,37.23,20.41,0,False,44.0,-119.0,78.69186099712425
WNG-560,58.47,14.39,1,True,44.5,-119.0,60.48386515786798
WZ-2522,46.21,19.6,0,False,45.0,-119.0,47.454738707166946
WWF-49,39.51,39.23,0,False,48.0,-119.0,37.631885904962836
WWF-49,16.25,33.19,0,False,49.0,-119.0,46.427699152292064
,0.0,,0,False,25.0,-118.5,529.5844158623202
,0.0,,0,False,25.5,-118.5,495.4684321757424
,0.0,,0,False,26.0,-118.5,461.4162409335771
,0.0,,0,False,26.5,-118.5,427.4430887768742
,0.0,,0,False,27.0,-118.5,393.56944466630586
,0.0,,0,False,27.5,-118.5,359.82341297802276
,0.0,,0,False,28.0,-118.5,326.24459629830244
,0.0,,0,False,28.5,-118.5,292.8905123572186
,0.0,,0,False,29.0,-118.5,259.8477160682952
,0.0,,0,False,29.5,-118.5,227.252033474837
,0.0,,0,False,30.0,-118.5,195.3274324816238
,0.0,,0,False,30.5,-118.5,164.46517304106405
WNG-637,-3.94,146.66,0,False,31.0,-118.5,135.39368006793683
KEC-62,5.51,137.44,0,False,31.5,-118.5,109.54803663116616
KEC-62,17.24,113.29,0,False,32.0,-118.5,89.75948071790232
KEC-62,26.36,95.75,0,False,32.5,-118.5,78.8331006707743
WWG-21,44.09,75.32,0,False,33.0,-118.5,52.78365988429775
WXL-89,16.91,20.48,0,False,36.0,-118.5,30.1152443979719
KIH-62,8.25,46.54,0,False,36.5,-118.5,33.87779201496565
WWF-59,27.53,34.68,0,False,38.0,-118.5,37.128242360082695
WWF-59,69.47,14.66,1,True,38.5,-118.5,65.92715844427008
WWF-59,60.77,40.17,1,True,39.0,-118.5,35.965026228636695
WWG-20,34.01,53.76,0,False,40.0,-118.5,39.23677378575503
WXL-29,63.36,52.12,1,True,40.5,-118.5,51.738968243251136
WXL-29,38.9,38.2,0,False,41.0,-118.5,40.497777237818454
WWG-20,20.13,130.75,0,False,41.5,-118.5,54.68210881186653
KHB-30,6.25,113.27,0,False,42.0,-118.5,82.01896134883914
WXL-29,-1.12,109.58,0,False,42.5,-118.5,113.36225537265337
KHB-30,25.33,50.73,0,False,43.0,-118.5,102.70953732678998
KHB-30,15.34,32.03,0,False,43.5,-118.5,84.28128530579623
WNG-560,40.14,33.69,0,False,44.0,-118.5,62.884642156632935
WWF-58,26.6,121.45,0,False,44.5,-118.5,37.939046788846106
WNG-560,26.55,55.59,0,False,45.0,-118.5,30.131413158905584
WXM-48,32.55,87.37,0,False,47.5,-118.5,43.005690770347556
WXL-86,25.3,64.38,0,False,48.0,-118.5,46.7513918913116
WWF-49,-1.04,45.93,0,False,49.0,-118.5,41.72568279176337
,0.0,,0,False,25.0,-118.0,525.6629344907288
,0.0,,0,False,25.5,-118.0,491.2935627326917
,0.0,,0,False,26.0,-118.0,456.95084112320654
,0.0,,0,False,26.5,-118.0,422.6412664083294
,0.0,,0,False,27.0,-118.0,388.37362357699607
,0.0,,0,False,27.5,-118.0,354.1600846451309
,0.0,,0,False,28.0,-118.0,320.01800317311273
,0.0,,0,False,28.5,-118.0,285.9729741887752
,0.0,,0,False,29.0,-118.0,252.0643260378014
,0.0,,0,False,29.5,-118.0,218.35560423513382
,0.0,,0,False,30.0,-118.0,184.95615248109021
KEC-62,-6.68,183.66,0,False,30.5,-118.0,152.06988467838363
KEC-62,-1.34,151.42,0,False,31.0,-118.0,120.11904260038887
KEC-62,14.11,120.46,0,False,31.5,-118.0,90.10428445824074
KEC-62,28.29,92.09,0,False,32.0,-118.0,64.77532628356089
KEC-62,44.72,69.55,0,False,32.5,-118.0,50.200391685519826
KWO-37,52.75,88.71,2,True,33.0,-118.0,37.09798936471553
WNG-659,-0.72,39.82,0,False,36.0,-118.0,31.762841043112175
WNG-659,20.43,72.61,0,False,36.5,-118.0,61.417985132310754
WNG-634,-0.13,156.16,0,False,37.0,-118.0,33.40599648820939
WWF-59,23.92,52.16,0,False,38.0,-118.0,48.829376126654545
WZ-2519,60.32,52.18,1,True,38.5,-118.0,79.20704599481527
WWF-59,35.3,55.77,0,False,39.0,-118.0,52.96804676218592
WWG-20,1.51,79.76,0,False,39.5,-118.0,41.525670941240975
WZ-2521,58.29,65.92,3,True,40.0,-118.0,55.04596484388748
WXL-29,26.37,37.35,0,False,40.5,-118.0,35.18219489332827
WXL-29,66.54,35.87,1,True,41.5,-118.0,39.6568369857914
WXL-29,20.79,69.38,0,False,42.0,-118.0,72.94232925296458
WXK-68,18.38,129.34,0,False,42.5,-118.0,104.1370816559426
WXK-68,18.56,108.9,0,False,43.0,-118.0,80.81464738754754
KHB-30,29.9,56.9,0,False,43.5,-118.0,62.69959901757284
WXK-68,58.15,96.33,2,True,44.0,-118.0,50.915003399155594
KZZ-73,36.67,16.85,0,False,46.5,-118.0,33.908461536955
KZZ-73,43.69,46.65,0,False,47.0,-118.0,39.19646528786369
WXL-86,60.52,41.38,1,True,48.0,-118.0,31.243825291786763
WXL-86,17.76,84.86,0,False,49.0,-118.0,31.782400668310583
,0.0,,0,False,25.0,-117.5,523.4613711153823
,0.0,,0,False,25.5,-117.5,488.94784337209177
,0.0,,0,False,26.0,-117.5,454.4393818200054
,0.0,,0,False,26.5,-117.5,419.9372354330497
,0.0,,0,False,27.0,-117.5,385.44310010719505
,0.0,,0,False,27.5,-117.5,350.9593379838863
,0.0,,0,False,28.0,-117.5,316.48933980940683
,0.0,,0,False,28.5,-117.5,282.03815224138367
,0.0,,0,False,29.0,-117.5,247.6136269504068
,0.0,,0,False,29.5,-117.5,213.22867776189997
,0.0,,0,False,30.0,-117.5,178.90612520410613
WNG-637,-6.18,162.33,0,False,30.5,-117.5,144.69038014509997
KEC-62,3.78,142.27,0,False,31.0,-117.5,110.68054228334931
KEC-62,19.97,108.8,0,False,31.5,-117.5,77.14940467634791
KEC-62,40.89,76.31,0,False,32.0,-117.5,45.175775764229385
WNG-659,25.88,71.53,0,False,36.5,-117.5,60.71980833294656
WZ-2519,5.11,74.22,0,False,37.0,-117.5,55.43339834917527
WZ-2519,20.74,40.98,0,False,37.5,-117.5,50.00594196954197
WZ-2524,36.53,55.39,0,False,38.0,-117.5,65.69018877847739
WZ-2519,63.9,34.35,1,True,38.5,-117.5,92.28586920715765
WZ-2519,11.19,67.16,0,False,39.0,-117.5,75.82638342765107
WZ-2521,27.2,70.81,0,False,39.5,-117.5,68.17226321680108
WZ-2521,61.87,43.46,1,True,40.0,-117.5,67.68889398252485
WWF-59,29.03,156.47,0,False,40.5,-117.5,34.194389009813825
WXL-29,66.39,36.53,1,True,41.5,-117.5,38.79646658669924
WZ-2521,-6.23,115.13,0,False,42.0,-117.5,72.48175996921078
KHB-30,15.54,110.82,0,False,42.5,-117.5,87.89211667175384
KHB-30,22.41,91.1,0,False,43.0,-117.5,61.448172907001144
WXK-88,39.86,42.1,0,False,43.5,-117.5,43.26318391251101
KXI-82,31.26,70.97,0,False,45.5,-117.5,30.92962338693006
WXL-95,44.04,31.15,0,False,46.0,-117.5,35.86874631750398
WWG-99,2.7,62.61,0,False,49.0,-117.5,36.27622279394164
,0.0,,0,False,25.0,-117.0,523.0014852605232
,0.0,,0,False,25.5,-117.0,488.45766959886663
,0.0,,0,False,26.0,-117.0,453.91434314164206
,0.0,,0,False,26.5,-117.0,419.3716267774804
,0.0,,0,False,27.0,-117.0,384.8296847966254
,0.0,,0,False,27.5,-117.0,350.28874628721246
,0.0,,0,False,28.0,-117.0,315.74914057199226
,0.0,,0,False,28.5,-117.0,281.2113587527105
,0.0,,0,False,29.0,-117.0,246.67616693860447
,0.0,,0,False,29.5,-117.0,212.1448300218668
,0.0,,0,False,30.0,-117.0,177.61959633153256
WNG-637,-6.19,162.36,0,False,30.5,-117.0,143.10488329984227
WNG-637,-1.54,128.0,0,False,31.0,-117.0,108.61072127347205
KEC-62,8.09,104.27,0,False,31.5,-117.0,74.1657903305741
KEC-62,29.69,69.73,0,False,32.0,-117.0,39.897802747693824
WNG-659,31.6,39.43,0,False,35.5,-117.0,38.28705987314725
WNG-659,5.33,53.34,0,False,36.0,-117.0,45.00383462455252
WNG-634,18.35,91.36,0,False,36.5,-117.0,70.51041129174382
WZ-2519,28.77,73.73,0,False,37.0,-117.0,80.89995915488433
WZ-2519,30.78,40.08,0,False,37.5,-117.0,77.13333365324796
WZ-2519,72.42,12.79,1,True,38.0,-117.0,87.98293931821203
WZ-2519,61.3,33.29,1,True,38.5,-117.0,109.17482644570717
WZ-2521,15.46,97.2,0,False,39.0,-117.0,100.62540800774458
WWF-81,31.07,53.51,0,False,39.5,-117.0,94.82694355304172
WZ-2521,54.17,28.71,1,True,40.0,-117.0,76.76955169421589
WZ-2521,74.88,9.65,1,True,40.5,-117.0,49.71248599526377
WXL-29,65.1,40.03,2,True,41.0,-117.0,37.894890945166004
WXL-29,27.44,52.25,0,False,41.5,-117.0,52.7980923613782
WXL-29,23.15,79.03,0,False,42.0,-117.0,80.78476745703405
KHB-30,24.01,130.69,0,False,42.5,-117.0,74.51480784349255
KHB-30,20.17,114.27,0,False,43.0,-117.0,45.12881761557311
WWF-58,60.3,42.44,1,True,45.0,-117.0,43.597057988346585
WXL-95,46.34,52.92,0,False,45.5,-117.0,54.079517870971046
WWF-49,3.65,106.55,0,False,49.0,-117.0,51.56112366083268
,0.0,,0,False,25.0,-116.5,524.2878682980618
,0.0,,0,False,25.5,-116.5,489.82862081747146
,0.0,,0,False,26.0,-116.5,455.38260552006955
,0.0,,0,False,26.5,-116.5,420.95307079828376
,0.0,,0,False,27.0,-116.5,386.5444205207324
,0.0,,0,False,27.5,-116.5,352.1627764553964
,0.0,,0,False,28.0,-116.5,317.8169034405636
,0.0,,0,False,28.5,-116.5,283.5198018654566
,0.0,,0,False,29.0,-116.5,249.2916022800567
,0.0,,0,False,29.5,-116.5,215.16518978646718
,0.0,,0,False,30.0,-116.5,181.19808459795442
WNG-637,-7.0,167.63,0,False,30.5,-116.5,147.50038606176017
KEC-62,-3.15,141.47,0,False,31.0,-116.5,114.31059878101487
WXL-87,-48.7,145.08,0,False,31.5,-116.5,82.24593116070943
KEC-62,0.48,74.84,0,False,32.0,-116.5,52.77901722652222
KEC-62,17.72,44.42,0,False,32.5,-116.5,31.23469408066998
WNG-634,18.17,87.21,0,False,35.0,-116.5,32.315856426581036
WNG-659,19.3,67.54,0,False,35.5,-116.5,53.61010958476685
WNG-634,36.64,55.92,0,False,36.0,-116.5,69.91376291135332
WNG-634,56.47,66.84,1,True,36.5,-116.5,71.47487060755172
WZ-2524,26.52,97.18,0,False,37.0,-116.5,86.98324604315195
WZ-2519,8.63,54.99,0,False,37.5,-116.5,104.41944999550111
WZ-2519,62.64,39.65,2,True,38.0,-116.5,112.5237779052886
WWF-81,9.45,70.93,0,False,38.5,-116.5,129.63883049641632
WZ-2521,32.77,98.89,0,False,39.0,-116.5,126.22589891741212
WWF-81,64.21,26.95,1,True,39.5,-116.5,100.22533030628551
WZ-2521,63.97,33.94,1,True,40.0,-116.5,69.56068031513074
WZ-2521,68.36,20.46,1,True,40.5,-116.5,44.93531125932866
WZ-2521,40.12,45.52,0,False,41.0,-116.5,39.83213145897288
WNG-731,22.54,37.4,0,False,41.5,-116.5,59.505779068101155
WNG-731,31.88,20.9,0,False,42.0,-116.5,88.30506510082996
WXL-29,21.22,121.86,0,False,42.5,-116.5,59.74972793939571
WXK-68,62.72,55.93,1,True,43.0,-116.5,33.884930335092044
WWF-58,67.68,18.02,1,True,45.0,-116.5,56.31612788011501
WXK-98,32.01,57.7,0,False,45.5,-116.5,66.13780858016453
KXI-82,17.23,20.36,0,False,46.0,-116.5,36.00883647731428
WZ-2535,26.12,36.5,0,False,47.0,-116.5,30.03235168743496
WWG-99,50.87,29.08,1,True,49.0,-116.5,49.746968143088175
,0.0,,0,False,25.0,-116.0,523.5116605925003
,0.0,,0,False,25.5,-116.0,489.3495821894719
,0.0,,0,False,26.0,-116.0,455.24529312235757
,0.0,,0,False,26.5,-116.0,421.2128309735926
,0.0,,0,False,27.0,-116.0,387.27113242368233
,0.0,,0,False,27.5,-116.0,353.4463470000056
,0.0,,0,False,28.0,-116.0,319.77557717508665
,0.0,,0,False,28.5,-116.0,286.31316565116066
,0.0,,0,False,29.0,-116.0,253.14175388317105
,0.0,,0,False,29.5,-116.0,220.39277685636708
,0.0,,0,False,30.0,-116.0,187.8938126614823
WXL-87,-14.93,189.32,0,False,30.5,-116.0,153.86767190190557
WXL-87,-22.4,157.56,0,False,31.0,-116.0,120.13904071255872
KEC-62,-14.27,118.59,0,False,31.5,-116.0,87.05441279619956
WXL-87,-17.38,99.76,0,False,32.0,-116.0,55.77190615413541
WNG-712,55.77,79.75,1,True,32.5,-116.0,32.08571792345317
WNG-634,53.59,72.35,1,True,35.0,-116.0,58.95840452587443
WNG-634,60.26,42.61,1,True,35.5,-116.0,64.68374838168164
WNG-634,63.86,28.01,1,True,36.0,-116.0,44.21077894445888
WZ-2519,12.82,126.64,0,False,36.5,-116.0,45.2209074367095
WNG-634,-6.57,76.7,0,False,37.0,-116.0,67.24714575401313
WWF-81,3.46,134.71,0,False,37.5,-116.0,96.88311203406643
WWF-81,15.51,100.17,0,False,38.0,-116.0,128.46473439095305
WWF-81,23.7,65.62,0,False,38.5,-116.0,152.2425429486199
WWF-81,62.99,31.07,1,True,39.0,-116.0,127.61064524832732
WWF-81,81.96,3.47,1,True,39.5,-116.0,93.27836745902127
WWF-81,61.26,38.02,1,True,40.0,-116.0,59.19645551362406
WNG-700,39.43,63.04,0,False,41.5,-116.0,47.289074935746946
WXK-68,45.51,121.32,0,False,42.0,-116.0,79.77881529965455
WXK-68,57.84,86.81,1,True,42.5,-116.0,46.34958353684267
WWF-58,42.94,35.86,0,False,44.5,-116.0,49.89985180904832
WWF-58,27.08,6.46,0,False,45.0,-116.0,70.08105397160612
KXI-82,42.48,25.82,0,False,45.5,-116.0,78.03925007039012
KXI-82,71.82,11.18,1,True,46.0,-116.0,54.746619557706225
WZ-2535,38.47,10.32,0,False,46.5,-116.0,47.86588867892163
WZ-2535,-13.97,35.47,0,False,47.0,-116.0,50.72682036157323
WXL-86,28.78,59.4,0,False,47.5,-116.0,39.535694385048785
WWG-99,5.91,43.82,0,False,48.0,-116.0,32.30549564310355
WWG-99,34.34,29.35,0,False,49.0,-116.0,55.86318533502878
,0.0,,0,False,25.0,-115.5,519.8654636269631
,0.0,,0,False,25.5,-115.5,485.4643919948404
,0.0,,0,False,26.0,-115.5,451.0855133327913
,0.0,,0,False,26.5,-115.5,416.73432027174374
,0.0,,0,False,27.0,-115.5,382.4182736717694
,0.0,,0,False,27.5,-115.5,348.14776669042647
,0.0,,0,False,28.0,-115.5,313.93771357008984
,0.0,,0,False,28.5,-115.5,279.810288857803
,0.0,,0,False,29.0,-115.5,245.79991203106323
,0.0,,0,False,29.5,-115.5,211.96293322684645
,0.0,,0,False,30.0,-115.5,178.39804571853895
,0.0,,0,False,30.5,-115.5,145.2939425876291
WNG-637,5.78,163.49,0,False,31.0,-115.5,113.05611969697023
WXL-87,-17.75,114.23,0,False,31.5,-115.5,81.87024868346097
WNG-712,20.37,117.76,0,False,32.0,-115.5,47.32367433783273
WNG-712,14.23,36.86,0,False,34.0,-115.5,33.949776800301265
KQC-45,23.96,67.12,0,False,34.5,-115.5,40.39090425937906
KQC-45,30.44,46.05,0,False,35.0,-115.5,51.50161122171586
WNG-634,62.69,32.13,1,True,35.5,-115.5,39.920704996917074
WNG-634,34.3,71.51,0,False,37.0,-115.5,54.18963365463247
WNG-634,14.96,106.06,0,False,37.5,-115.5,86.7508403278532
WXL-69,15.4,93.56,0,False,38.0,-115.5,111.65915067342091
WWF-81,55.99,70.88,1,True,38.5,-115.5,135.06757777133478
WWF-81,25.13,40.97,0,False,39.0,-115.5,127.80519295858211
WXL-69,29.34,52.74,0,False,39.5,-115.5,93.54243629107553
WXL-28,16.02,66.3,0,False,40.0,-115.5,59.60867743653258
WNG-700,37.69,39.36,0,False,41.5,-115.5,47.7926515430974
WXK-68,41.21,124.92,0,False,42.0,-115.5,65.72636497381177
WXK-68,51.19,91.74,1,True,42.5,-115.5,44.84261704308614
WXK-68,51.6,34.19,1,True,44.0,-115.5,45.460611155279764
WXK-68,22.98,59.39,0,False,44.5,-115.5,65.60383149721228
WWF-58,6.64,30.85,0,False,45.0,-115.5,88.65680822682145
KXI-82,18.89,39.24,0,False,45.5,-115.5,82.8160573637907
KXI-82,25.0,31.47,0,False,46.0,-115.5,66.50470223864372
KXI-82,20.74,53.18,0,False,46.5,-115.5,66.1365276001476
WXL-86,1.03,98.66,0,False,47.0,-115.5,70.93140875598822
WXL-82,19.26,63.51,0,False,47.5,-115.5,61.85767579396082
WXL-82,-14.24,52.51,0,False,48.0,-115.5,52.58626259525174
WWG-99,11.97,35.49,0,False,48.5,-115.5,50.92743840932312
VBI-853,-7.87,37.16,0,False,49.0,-115.5,65.08962699018338
,0.0,,0,False,25.0,-115.0,504.4436696697861
,0.0,,0,False,25.5,-115.0,474.35474169769276
,0.0,,0,False,26.0,-115.0,444.91065269061085
,0.0,,0,False,26.5,-115.0,414.39087407368595
,0.0,,0,False,27.0,-115.0,379.8751807917552
,0.0,,0,False,27.5,-115.0,345.3657364086517
,0.0,,0,False,28.0,-115.0,310.8646220388977
,0.0,,0,False,28.5,-115.0,276.3749573330347
,0.0,,0,False,29.0,-115.0,241.90163974006146
,0.0,,0,False,29.5,-115.0,207.45281884388004
,0.0,,0,False,30.0,-115.0,173.04312542998926
WNG-712,-17.36,225.49,0,False,30.5,-115.0,138.70168330156258
KIG-78,-21.0,192.31,0,False,31.0,-115.0,104.49580434901412
WXL-87,12.78,107.74,0,False,31.5,-115.0,70.62274271953925
WXL-87,32.18,73.41,0,False,32.0,-115.0,37.98358778372364
KQC-45,25.96,87.4,0,False,34.0,-115.0,34.119948195393995
KXI-84,38.73,42.28,0,False,34.5,-115.0,30.74253276953144
WWF-51,22.65,62.57,0,False,37.0,-115.0,49.44791834005097
WWF-51,26.33,65.96,0,False,37.5,-115.0,67.80978758030173
WXL-69,10.31,83.05,0,False,38.0,-115.0,92.04068049658063
WXL-69,24.26,50.33,0,False,38.5,-115.0,116.49837508607628
WXL-69,19.76,23.58,0,False,39.0,-115.0,129.8220955722427
WWF-81,58.37,53.39,1,True,39.5,-115.0,98.59023928763895
WWF-81,14.34,65.29,0,False,40.0,-115.0,70.52072594097571
WWF-81,12.01,89.79,0,False,40.5,-115.0,46.52974410286572
WNG-700,32.77,54.89,0,False,41.0,-115.0,41.60937915501922
WNG-700,66.21,21.37,1,True,41.5,-115.0,60.700732796630746
WNG-700,68.21,16.96,1,True,42.0,-115.0,47.59531710073636
WXL-35,35.35,35.08,0,False,43.0,-115.0,31.308205348294265
WNG-700,44.62,118.75,0,False,43.5,-115.0,35.04117875206657
WZ-2520,-5.22,37.85,0,False,44.0,-115.0,48.45794432473975
WXK-68,2.11,74.89,0,False,44.5,-115.0,76.52055400876888
KPS-509,7.81,49.42,0,False,45.0,-115.0,95.58236007755625
KXI-82,-9.71,59.81,0,False,45.5,-115.0,65.84838024921336
KXI-82,19.98,54.87,0,False,46.0,-115.0,43.851407416041454
WXL-25,20.74,60.87,0,False,46.5,-115.0,43.55224237398658
WXL-82,-2.55,75.94,0,False,47.0,-115.0,47.6315962446157
WXL-82,10.88,46.07,0,False,47.5,-115.0,42.02555598875467
WXL-82,20.26,29.4,0,False,48.0,-115.0,34.468452907149334
VBI-853,23.77,49.81,0,False,49.0,-115.0,48.84614432618845
,0.0,,0,False,25.0,-114.5,490.24166607570436
,0.0,,0,False,25.5,-114.5,459.29111005381344
,0.0,,0,False,26.0,-114.5,428.8875101110746
,0.0,,0,False,26.5,-114.5,399.1558722825885
,0.0,,0,False,27.0,-114.5,370.2581090774828
,0.0,,0,False,27.5,-114.5,342.4054153906843
,0.0,,0,False,28.0,-114.5,310.6384274843606
,0.0,,0,False,28.5,-114.5,276.12175616024285
,0.0,,0,False,29.0,-114.5,241.61375189974268
,0.0,,0,False,29.5,-114.5,207.11874680870622
,0.0,,0,False,30.0,-114.5,172.6445329156283
WXL-87,-13.51,177.41,0,False,30.5,-114.5,138.20666954878084
WXL-87,-8.42,143.11,0,False,31.0,-114.5,103.84132880519896
WXL-87,0.0,108.96,0,False,31.5,-114.5,69.65593246859113
WXL-87,31.28,75.19,0,False,32.0,-114.5,36.16442435655908
WWF-51,-0.82,41.58,0,False,37.5,-114.5,50.313949146721264
WXL-69,48.27,80.63,0,False,38.0,-114.5,72.57260320121006
WXL-69,59.59,46.26,1,True,38.5,-114.5,94.00802174565156
WXL-69,70.61,12.86,1,True,39.0,-114.5,116.14338665700772
WXL-69,18.09,24.03,0,False,39.5,-114.5,88.57288980482532
WXL-69,21.0,58.11,0,False,40.0,-114.5,55.78482460365147
WNG-700,26.38,26.4,0,False,41.5,-114.5,56.86958228813448
WNG-700,54.48,22.94,1,True,42.0,-114.5,38.95110922906335
WZ-2520,24.73,23.89,0,False,44.0,-114.5,35.07050383325646
KPS-509,29.94,50.68,0,False,44.5,-114.5,68.89548386750373
KPS-509,3.39,26.01,0,False,45.0,-114.5,88.08073234156042
KPS-509,4.93,34.22,0,False,45.5,-114.5,54.50121372236322
WXL-82,3.28,68.57,0,False,49.0,-114.5,39.67673785493511
,0.0,,0,False,25.0,-114.0,477.55694327247886
,0.0,,0,False,25.5,-114.0,445.7872920469221
,0.0,,0,False,26.0,-114.0,414.4602680834006
,0.0,,0,False,26.5,-114.0,383.6843069813845
,0.0,,0,False,27.0,-114.0,353.6033252225614
,0.0,,0,False,27.5,-114.0,324.4107077724087
,0.0,,0,False,28.0,-114.0,296.3690864314557
,0.0,,0,False,28.5,-114.0,269.8375373677156
,0.0,,0,False,29.0,-114.0,244.94898432649214
,0.0,,0,False,29.5,-114.0,210.9805620468337
,0.0,,0,False,30.0,-114.0,177.23571875446154
WXL-87,-7.54,182.94,0,False,30.5,-114.0,143.87186060573305
WXL-30,-0.53,213.38,0,False,31.0,-114.0,111.23234421989059
WXL-87,4.82,117.66,0,False,31.5,-114.0,80.20639874977707
WXL-87,23.92,87.26,0,False,32.0,-114.0,52.35041138389566
WXL-87,57.17,61.4,1,True,32.5,-114.0,32.69221174685514
WXL-30,15.46,190.64,0,False,33.0,-114.0,42.23672524151976
WXL-87,32.08,56.94,0,False,33.5,-114.0,36.54834793093208
KQC-45,19.25,95.98,0,False,34.0,-114.0,38.89550597766507
WWF-51,35.44,79.96,0,False,36.0,-114.0,52.94808605848815
WXM-24,29.7,52.79,0,False,38.0,-114.0,53.97371021819574
WXL-69,27.34,56.52,0,False,38.5,-114.0,72.61507841177414
WXL-69,47.86,34.83,0,False,39.0,-114.0,99.74683400434553
WXM-24,28.11,77.81,0,False,39.5,-114.0,85.82479818216149
KXI-30,30.78,52.12,0,False,40.0,-114.0,51.34370098801265
WNG-700,19.1,47.65,0,False,41.5,-114.0,52.621204010854896
WNG-700,19.77,45.69,0,False,42.0,-114.0,38.58594193821128
WZ-2520,60.71,49.99,3,True,43.0,-114.0,31.084080559999
WZ-2520,15.98,30.84,0,False,44.0,-114.0,36.83688482513879
KPS-509,59.87,44.59,1,True,44.5,-114.0,69.8035316973148
KPS-509,72.73,10.05,1,True,45.0,-114.0,86.87720791408127
WNG-638,1.74,72.88,0,False,45.5,-114.0,52.551615563680656
WXL-82,-8.62,70.29,0,False,49.0,-114.0,42.44511259234932
,0.0,,0,False,25.0,-113.5,466.51350911039543
,0.0,,0,False,25.5,-113.5,433.98915981337865
,0.0,,0,False,26.0,-113.5,401.80113940736726
,0.0,,0,False,26.5,-113.5,370.0372270002833
,0.0,,0,False,27.0,-113.5,338.81672446574663
,0.0,,0,False,27.5,-113.5,308.30476240811754
,0.0,,0,False,28.0,-113.5,278.7341227614896
,0.0,,0,False,28.5,-113.5,250.43847008535914
,0.0,,0,False,29.0,-113.5,223.9017089935822
,0.0,,0,False,29.5,-113.5,199.82581299876523
,0.0,,0,False,30.0,-113.5,179.2053803687121
,0.0,,0,False,30.5,-113.5,155.02325638490947
WXL-30,10.39,187.89,0,False,31.0,-113.5,125.25245747360997
WXL-30,1.32,171.71,0,False,31.5,-113.5,97.66809006372836
WWG-42,-1.92,178.91,0,False,32.0,-113.5,73.92869853411892
WWG-42,5.73,163.99,0,False,32.5,-113.5,61.470780013923815
WXL-30,17.24,162.29,0,False,33.0,-113.5,57.82884641589193
KEC-94,-2.71,83.5,0,False,33.5,-113.5,49.62096232057465
KQC-45,54.53,111.46,1,True,34.0,-113.5,57.830167517138904
KXI-84,44.95,44.58,0,False,34.5,-113.5,46.208366461934965
KXI-84,13.59,51.11,0,False,35.0,-113.5,32.82310305722992
KXI-83,61.68,36.21,1,True,35.5,-113.5,35.08004641346408
KQC-45,6.54,87.07,0,False,36.0,-113.5,61.406978192137146
WWF-51,42.65,49.83,0,False,36.5,-113.5,40.088037202214096
WXM-24,71.49,11.61,1,True,38.5,-113.5,56.43663575286091
WXM-24,61.91,35.12,3,True,39.0,-113.5,77.44624142185768
WXM-24,22.37,68.69,0,False,39.5,-113.5,89.93098975582878
KXI-30,29.13,58.85,0,False,40.0,-113.5,59.54724942888854
KXI-30,44.78,32.41,0,False,40.5,-113.5,34.589482101908686
KXI-30,53.17,32.01,1,True,41.0,-113.5,35.12748268532897
KXI-30,21.15,58.19,0,False,41.5,-113.5,60.48469407785077
WXL-33,33.81,112.05,0,False,42.0,-113.5,40.02584838654959
WXL-33,53.79,41.93,1,True,43.5,-113.5,40.15120332242281
WXL-33,20.55,54.16,0,False,44.0,-113.5,52.24189195447858
WNG-638,-2.89,48.34,0,False,44.5,-113.5,78.95078578612058
WNG-638,26.78,37.76,0,False,45.0,-113.5,74.51980360340546
KPS-509,23.36,34.79,0,False,45.5,-113.5,49.25315779945683
KPS-509,16.99,63.97,0,False,46.0,-113.5,36.08911126179203
WXL-25,18.92,43.77,0,False,46.5,-113.5,35.08307244520359
WXL-82,5.54,53.49,0,False,47.5,-113.5,32.699263977819754
WXL-82,26.31,39.96,0,False,48.0,-113.5,36.72888790279294
WNG-533,-1.36,22.99,0,False,48.5,-113.5,32.94690763539638
XKA-598,26.84,47.68,0,False,49.0,-113.5,53.76470463949017
,0.0,,0,False,25.0,-113.0,457.23049922832445
,0.0,,0,False,25.5,-113.0,424.0393224152743
,0.0,,0,False,26.0,-113.0,391.08209326466607
,0.0,,0,False,26.5,-113.0,358.423353170513
,0.0,,0,False,27.0,-113.0,326.1527812311804
,0.0,,0,False,27.5,-113.0,294.3980535255276
,0.0,,0,False,28.0,-113.0,263.34584128637874
,0.0,,0,False,28.5,-113.0,233.27685622171327
,0.0,,0,False,29.0,-113.0,204.62500527846922
,0.0,,0,False,29.5,-113.0,178.07564621338523
,0.0,,0,False,30.0,-113.0,154.71496634720276
WXL-30,-3.86,186.98,0,False,30.5,-113.0,136.1937885790404
WXL-30,-4.91,163.71,0,False,31.0,-113.0,124.68768016608178
WXL-87,-17.87,151.34,0,False,31.5,-113.0,118.29394392892677
WWG-42,2.12,154.4,0,False,32.0,-113.0,92.16174049033506
WXL-30,15.98,128.99,0,False,32.5,-113.0,64.31554556888204
WWG-41,22.18,111.02,0,False,33.0,-113.0,36.27632864335709
WWG-41,25.14,91.44,0,False,34.0,-113.0,38.41212283955033
KXI-84,17.4,72.74,0,False,34.5,-113.0,31.920786390303174
KXI-83,7.31,51.65,0,False,35.0,-113.0,37.31366331016735
KXI-83,57.63,58.28,1,True,35.5,-113.0,60.53967496631991
WWF-52,53.6,47.49,1,True,36.0,-113.0,67.5391698338691
KJY-61,42.57,106.67,0,False,36.5,-113.0,32.998948310127304
WXM-24,68.97,15.56,1,True,38.5,-113.0,50.73461847761404
WXM-24,61.57,36.6,1,True,39.0,-113.0,51.478394191711615
WXM-24,30.84,69.46,0,False,39.5,-113.0,63.79459200487667
KXI-30,28.83,74.8,0,False,40.0,-113.0,50.61419948139183
WWF-46,18.94,48.45,0,False,41.0,-113.0,38.13756112768537
WWF-46,35.4,78.19,0,False,41.5,-113.0,43.82934592254538
WXM-22,33.85,68.89,0,False,42.0,-113.0,46.03496153106586
WXL-33,51.66,71.21,1,True,42.5,-113.0,35.2685009943077
WXL-33,68.28,16.87,1,True,43.5,-113.0,39.09119488234395
WNG-605,47.45,115.52,0,False,44.0,-113.0,58.68798108283311
WNG-638,9.54,33.01,0,False,44.5,-113.0,75.9957056835994
WNG-638,71.8,13.75,1,True,45.0,-113.0,64.50087236788902
WNG-638,17.68,40.93,0,False,45.5,-113.0,32.33092138535289
WXK-66,31.27,65.18,0,False,46.5,-113.0,44.45323143751548
WXK-66,13.65,62.04,0,False,47.0,-113.0,48.45627229225876
WXK-66,34.03,76.4,0,False,47.5,-113.0,54.84496175457281
WNG-533,1.11,41.2,0,False,48.0,-113.0,57.1769857951294
WNG-533,61.88,6.7,1,True,48.5,-113.0,55.3513715129871
XKA-598,36.92,28.63,0,False,49.0,-113.0,69.63740599460017
,0.0,,0,False,25.0,-112.5,449.81708070116895
,0.0,,0,False,25.5,-112.5,416.0705782069768
,0.0,,0,False,26.0,-112.5,382.46647896042776
,0.0,,0,False,26.5,-112.5,349.04591506787403
,0.0,,0,False,27.0,-112.5,315.8671496256576
,0.0,,0,False,27.5,-112.5,283.0152362232601
,0.0,,0,False,28.0,-112.5,250.61874273378342
,0.0,,0,False,28.5,-112.5,218.87998361932966
,0.0,,0,False,29.0,-112.5,188.13214281155436
,0.0,,0,False,29.5,-112.5,158.95132002318687
,0.0,,0,False,30.0,-112.5,132.37788439200688
KEC-94,-11.29,197.35,0,False,30.5,-112.5,110.31250908917535
KEC-94,-9.42,163.15,0,False,31.0,-112.5,95.91849849079472
WWG-42,22.69,157.42,0,False,31.5,-112.5,92.83550173557792
WXL-30,24.47,104.58,0,False,32.0,-112.5,73.63127467203417
WXL-30,12.09,99.86,0,False,32.5,-112.5,46.96560965977019
WWF-52,31.71,43.98,0,False,35.5,-112.5,51.426168565099815
WWF-52,56.05,19.92,1,True,36.0,-112.5,72.66691422837064
WWF-51,53.85,88.74,1,True,36.5,-112.5,42.464803647573994
KJY-61,24.11,38.53,0,False,37.5,-112.5,34.959626875998886
WXM-24,23.07,55.78,0,False,38.0,-112.5,33.72620326463641
WXM-24,47.48,79.82,0,False,39.5,-112.5,38.32465911694508
WWF-47,72.91,10.82,2,True,40.0,-112.5,33.69744016625671
WXL-33,61.46,35.44,2,True,44.0,-112.5,36.946865323604484
WNG-638,32.7,32.37,0,False,44.5,-112.5,58.50882626783612
WNG-638,20.91,12.14,0,False,45.0,-112.5,62.7863062579413
WXK-66,26.48,39.16,0,False,47.0,-112.5,35.977088113697896
WXK-66,37.91,59.52,0,False,47.5,-112.5,56.046525309410825
WWG-84,42.26,31.27,0,False,48.0,-112.5,65.55209746663358
WWG-84,38.66,24.32,0,False,48.5,-112.5,78.05547216571873
XKA-598,62.08,19.67,1,True,49.0,-112.5,88.59072363999736
,0.0,,0,False,25.0,-112.0,444.3669642008592
,0.0,,0,False,25.5,-112.0,410.19854229871055
,0.0,,0,False,26.0,-112.0,376.0990354466467
,0.0,,0,False,26.5,-112.0,342.0890528663361
,0.0,,0,False,27.0,-112.0,308.19823346512317
,0.0,,0,False,27.5,-112.0,274.47072273268793
,0.0,,0,False,28.0,-112.0,240.97510197359642
,0.0,,0,False,28.5,-112.0,207.8235251387501
,0.0,,0,False,29.0,-112.0,175.2113900508912
,0.0,,0,False,29.5,-112.0,143.50693586977437
,0.0,,0,False,30.0,-112.0,113.47354744812274
KEC-94,-11.09,195.75,0,False,30.5,-112.0,86.86223129968423
WXL-30,11.16,122.38,0,False,31.0,-112.0,67.82805052320563
WWG-42,22.93,141.31,0,False,31.5,-112.0,63.58488515222562
WXL-30,23.43,77.09,0,False,32.0,-112.0,56.6226819553268
WXK-76,21.15,28.87,0,False,35.5,-112.0,30.550489038647868
WXM-89,52.22,95.12,1,True,36.0,-112.0,60.1633267087861
WXM-89,54.5,72.64,1,True,36.5,-112.0,40.98722788226859
KJY-61,31.7,18.99,0,False,37.5,-112.0,47.1087002861318
KJY-61,47.95,18.17,0,False,38.0,-112.0,52.943577792200486
KZZ-72,52.66,4.1,1,True,42.5,-112.0,34.91982210956131
KJY-57,7.88,63.74,0,False,44.5,-112.0,47.95371779321939
KJY-57,7.02,95.05,0,False,45.0,-112.0,65.83358282426191
WXL-33,-0.33,141.94,0,False,45.5,-112.0,42.153470361805894
KGG-97,56.91,51.16,1,True,46.0,-112.0,32.284573217282365
WXJ-43,48.33,32.61,0,False,47.5,-112.0,32.707758654817866
WWG-84,49.02,22.86,0,False,48.0,-112.0,47.386097081854096
WWG-84,61.9,11.86,1,True,48.5,-112.0,76.21042938836183
XKA-598,29.4,31.24,0,False,49.0,-112.0,108.43228082082243
,0.0,,0,False,25.0,-111.5,440.95304838463295
,0.0,,0,False,25.5,-111.5,406.5141881416685
,0.0,,0,False,26.0,-111.5,372.0953096336411
,0.0,,0,False,26.5,-111.5,337.7025226309148
,0.0,,0,False,27.0,-111.5,303.34470197404846
,0.0,,0,False,27.5,-111.5,269.035244450699
,0.0,,0,False,28.0,-111.5,234.79535225923857
,0.0,,0,False,28.5,-111.5,200.66063963421533
,0.0,,0,False,29.0,-111.5,166.69573283621978
,0.0,,0,False,29.5,-111.5,133.03075810799845
,0.0,,0,False,30.0,-111.5,99.96918567226786
WXL-30,-5.7,140.48,0,False,30.5,-111.5,68.39176705217064
WXL-30,-6.86,107.96,0,False,31.0,-111.5,41.808728276632905
WXL-30,24.87,77.22,0,False,31.5,-111.5,34.719532931601
WXL-30,-8.67,51.55,0,False,32.0,-111.5,31.67850526953678
WXK-76,58.51,52.7,1,True,36.0,-111.5,56.580671821852896
WXM-89,57.51,50.8,1,True,36.5,-111.5,30.576665244690403
KJY-61,62.92,27.1,2,True,37.5,-111.5,38.5219383577393
WXM-89,54.14,75.12,1,True,38.0,-111.5,61.71153410870215
WNG-594,8.92,58.63,0,False,38.5,-111.5,36.78474683712623
KZZ-72,35.28,21.55,0,False,42.5,-111.5,48.932992171135
KZZ-72,39.31,39.73,0,False,43.0,-111.5,40.03552942589533
KJY-57,58.06,55.35,1,True,44.5,-111.5,49.03282285654996
WNG-638,-18.08,60.4,0,False,45.0,-111.5,51.901735270649425
WXK-66,34.46,15.57,0,False,47.0,-111.5,35.913081397556645
WXJ-43,44.14,28.47,0,False,48.0,-111.5,35.67633576930307
WWG-84,62.1,27.22,1,True,48.5,-111.5,69.60470833925521
XKA-598,27.2,50.86,0,False,49.0,-111.5,88.79619194186404
,0.0,,0,False,25.0,-111.0,439.6228311242932
,0.0,,0,False,25.5,-111.0,405.0772782251317
,0.0,,0,False,26.0,-111.0,370.53200291310173
,0.0,,0,False,26.5,-111.0,335.98709081126367
,0.0,,0,False,27.0,-111.0,301.4426667906061
,0.0,,0,False,27.5,-111.0,266.89892036739735
,0.0,,0,False,28.0,-111.0,232.35615375228934
,0.0,,0,False,28.5,-111.0,197.81488023402488
,0.0,,0,False,29.0,-111.0,163.27604741636318
,0.0,,0,False,29.5,-111.0,128.7416196904964
KXI-24,-11.99,195.33,0,False,30.0,-111.0,94.21644115582006
KEC-94,-10.11,205.45,0,False,30.5,-111.0,59.71655625260627
WXK-76,61.24,38.11,1,True,35.5,-111.0,36.658026909875204
WXM-89,54.15,71.84,1,True,36.0,-111.0,66.04113531763421
WXM-89,60.08,37.62,1,True,36.5,-111.0,41.515139917827625
KJY-61,35.58,51.04,0,False,37.5,-111.0,47.56274579749524
KJY-61,31.7,50.59,0,False,38.0,-111.0,78.17930962227432
WNG-687,57.04,95.26,1,True,38.5,-111.0,61.70971839903318
WNG-669,41.03,16.4,0,False,39.0,-111.0,39.77660704240213
KXI-85,45.66,44.99,0,False,42.0,-111.0,44.019771667070806
WXL-63,59.86,44.87,1,True,42.5,-111.0,62.506843307062816
WNG-569,57.47,10.58,1,True,43.0,-111.0,34.55921211100114
KJY-57,46.33,26.56,0,False,44.0,-111.0,38.1666455205349
WNG-667,48.19,23.89,0,False,44.5,-111.0,61.1330915617694
KJY-57,16.94,90.97,0,False,45.0,-111.0,47.25163191784268
WXK-66,61.37,40.53,1,True,46.5,-111.0,48.904866790958955
WXK-66,22.94,35.61,0,False,47.0,-111.0,37.39236268987647
WXJ-43,40.91,30.96,0,False,48.0,-111.0,37.13750505900257
WWG-84,35.55,48.92,0,False,48.5,-111.0,60.559068413485534
XKA-598,14.89,72.24,0,False,49.0,-111.0,68.01198613682512
,0.0,,0,False,25.0,-110.5,440.3952169844657
,0.0,,0,False,25.5,-110.5,405.91170569685846
,0.0,,0,False,26.0,-110.5,371.43995756793106
,0.0,,0,False,26.5,-110.5,336.9835825891575
,0.0,,0,False,27.0,-110.5,302.5478332630783
,0.0,,0,False,27.5,-110.5,268.1406562412347
,0.0,,0,False,28.0,-110.5,233.77466779616233
,0.0,,0,False,28.5,-110.5,199.47115768455586
,0.0,,0,False,29.0,-110.5,165.2690348387557
,0.0,,0,False,29.5,-110.5,131.2475854991108
KEC-94,-50.43,247.98,0,False,30.0,-110.5,97.59593856823722
WXL-30,-0.3,135.15,0,False,30.5,-110.5,64.89198301849922
KXI-24,2.14,120.27,0,False,31.0,-110.5,35.83204444387539
WXL-30,60.34,42.13,1,True,33.0,-110.5,30.431649998756345
KXI-23,34.92,53.52,0,False,34.0,-110.5,32.22020007951342
WXK-76,56.8,64.36,1,True,35.5,-110.5,34.86924684314579
WXK-76,27.66,80.91,0,False,36.0,-110.5,68.37181814576749
WXM-89,39.14,42.22,0,False,36.5,-110.5,63.605459935486245
WXM-89,65.31,20.54,1,True,37.0,-110.5,55.73530179714441
WXM-89,35.86,38.05,0,False,37.5,-110.5,67.48357662492195
WXM-89,16.44,69.72,0,False,38.0,-110.5,64.9539980875883
WNG-687,59.38,72.59,1,True,38.5,-110.5,51.70115145750998
WNG-669,37.44,37.38,0,False,39.0,-110.5,44.716732338070216
KJY-79,68.28,29.2,2,True,40.0,-110.5,31.668719959425268
KXI-85,26.21,32.28,0,False,41.0,-110.5,30.130460229393208
KJY-75,54.13,11.15,1,True,42.0,-110.5,56.46687173743566
KZZ-72,6.2,72.46,0,False,42.5,-110.5,68.5926693793847
WNG-679,52.35,31.05,1,True,43.0,-110.5,35.42810618278013
KWN-39,39.4,39.31,0,False,44.0,-110.5,38.942337051679544
WNG-667,78.96,8.51,1,True,44.5,-110.5,71.21280392135168
WNG-686,45.29,10.57,0,False,45.0,-110.5,46.13881441362993
KAD-95,53.31,65.46,1,True,46.5,-110.5,57.633592110713735
WXK-66,25.61,58.37,0,False,47.0,-110.5,49.39478427361347
WXJ-43,34.33,38.87,0,False,47.5,-110.5,37.31019015997228
WXK-66,34.92,98.88,0,False,48.0,-110.5,50.642055657452445
WXL-53,55.12,35.96,1,True,48.5,-110.5,37.71911899236786
WXL-53,42.9,50.0,0,False,49.0,-110.5,49.02208074805983
,0.0,,0,False,25.0,-110.0,440.34500550564303
,0.0,,0,False,25.5,-110.0,405.8696805442508
,0.0,,0,False,26.0,-110.0,371.4076339920444
,0.0,,0,False,26.5,-110.0,336.9629399606807
,0.0,,0,False,27.0,-110.0,302.54152535918354
,0.0,,0,False,27.5,-110.0,268.1523551786333
,0.0,,0,False,28.0,-110.0,233.80965760492458
,0.0,,0,False,28.5,-110.0,199.53742954053124
,0.0,,0,False,29.0,-110.0,165.37948783634562
,0.0,,0,False,29.5,-110.0,131.4249733855064
WXL-30,-27.0,174.94,0,False,30.0,-110.0,97.72409131389124
KXI-24,-6.18,148.84,0,False,30.5,-110.0,63.24263270914879
KXI-24,29.75,45.8,0,False,32.0,-110.0,35.4148874092861
KXI-23,43.54,48.72,0,False,33.5,-110.0,44.02610122498554
KXI-23,59.51,66.09,1,True,35.0,-110.0,33.411511983183324
WWF-99,38.19,50.05,0,False,35.5,-110.0,51.76183692199094
KXI-23,9.95,132.79,0,False,36.0,-110.0,77.73779561981931
WNG-687,57.2,97.21,1,True,36.5,-110.0,88.88932614550961
WNG-687,61.43,65.13,1,True,37.0,-110.0,81.98928606210453
WXM-89,56.41,57.63,1,True,37.5,-110.0,77.92200880399753
WNG-556,32.44,51.79,0,False,38.0,-110.0,46.40105438493527
WNG-687,52.01,85.32,1,True,39.0,-110.0,38.42387913050287
WNG-669,8.18,64.24,0,False,39.5,-110.0,43.24221527846855
KXI-34,39.13,54.55,0,False,41.0,-110.0,44.82194976144105
KJY-75,42.99,28.24,0,False,42.0,-110.0,43.34781540992259
WNG-679,58.37,24.11,1,True,42.5,-110.0,67.03360767486141
WNG-679,76.41,11.41,1,True,43.0,-110.0,50.82185780809827
WNG-723,39.76,15.63,0,False,43.5,-110.0,38.848102633836504
WNG-723,4.19,37.91,0,False,44.0,-110.0,53.12635315316174
WNG-667,11.73,28.13,0,False,44.5,-110.0,46.585223950622215
WNG-686,1.12,34.98,0,False,45.0,-110.0,53.34088698768684
WNG-563,7.54,112.43,0,False,46.0,-110.0,35.22578249636228
KAD-95,38.52,42.61,0,False,46.5,-110.0,46.04962312695299
KZZ-54,31.61,31.11,0,False,47.5,-110.0,40.181535633698225
KZZ-54,52.55,60.79,1,True,48.0,-110.0,40.247887017980496
WXL-53,40.31,37.27,0,False,49.0,-110.0,34.89214629372527
,0.0,,0,False,25.0,-109.5,439.4587983717984
,0.0,,0,False,25.5,-109.5,404.91227772095004
,0.0,,0,False,26.0,-109.5,370.36585493111795
,0.0,,0,False,26.5,-109.5,335.8195602040532
,0.0,,0,False,27.0,-109.5,301.27343759398497
,0.0,,0,False,27.5,-109.5,266.7275539781588
,0.0,,0,False,28.0,-109.5,232.18201603527788
,0.0,,0,False,28.5,-109.5,197.6370050292225
,0.0,,0,False,29.0,-109.5,163.09285579515856
WXL-30,-13.88,217.03,0,False,29.5,-109.5,128.55026306387623
WZ-2516,-9.43,189.36,0,False,30.0,-109.5,94.01094257641341
WXL-30,-33.2,154.08,0,False,30.5,-109.5,59.48059500724565
WXL-30,52.96,81.23,1,True,32.0,-109.5,44.267061858820256
KXI-24,34.7,62.07,0,False,33.5,-109.5,35.03107710055014
KXI-23,42.18,61.64,0,False,35.0,-109.5,47.07786330183838
WWF-99,30.66,25.9,0,False,35.5,-109.5,42.35287336376294
WNG-687,22.22,127.13,0,False,36.0,-109.5,53.76880033776737
WNG-687,22.87,92.59,0,False,36.5,-109.5,75.15287328162977
WNG-687,62.39,58.06,2,True,37.0,-109.5,56.274270850378194
WNG-687,70.14,23.57,1,True,37.5,-109.5,51.703521397998905
WNG-556,66.08,37.77,2,True,38.0,-109.5,39.468151067222834
WXM-23,17.92,63.32,0,False,39.5,-109.5,47.66319561346376
WXM-23,65.44,29.0,2,True,40.0,-109.5,31.273777522660378
KJY-79,6.85,81.37,0,False,41.0,-109.5,35.436287328207676
KJY-75,53.58,52.84,1,True,42.0,-109.5,31.394381379014572
WNG-679,38.63,32.1,0,False,42.5,-109.5,44.02115863968729
WNG-679,25.36,24.0,0,False,43.0,-109.5,39.222074497276324
WNG-723,78.06,9.43,1,True,43.5,-109.5,59.37849266240045
WNG-723,30.96,35.82,0,False,44.0,-109.5,42.210453578709505
WNG-563,13.22,42.69,0,False,45.0,-109.5,38.48544458049903
WXL-27,39.99,59.45,0,False,45.5,-109.5,37.2441022137844
KAD-95,64.27,25.37,1,True,46.0,-109.5,41.73398159641309
KAD-95,56.48,21.96,1,True,46.5,-109.5,38.18130618341918
KZZ-54,26.79,22.33,0,False,47.5,-109.5,31.04985176802308
KZZ-54,32.56,56.83,0,False,48.0,-109.5,38.31497271865984
WXL-53,55.32,36.27,1,True,49.0,-109.5,32.689046343308846
,0.0,,0,False,25.0,-109.0,440.6761380623166
,0.0,,0,False,25.5,-109.0,406.2273303496871
,0.0,,0,False,26.0,-109.0,371.7966843516452
,0.0,,0,False,26.5,-109.0,337.3897603786537
,0.0,,0,False,27.0,-109.0,303.0146394081412
,0.0,,0,False,27.5,-109.0,268.683528311096
,0.0,,0,False,28.0,-109.0,234.41576419760884
,0.0,,0,False,28.5,-109.0,200.2438715023847
,0.0,,0,False,29.0,-109.0,166.22698672286813
WXL-30,-19.3,229.13,0,False,29.5,-109.0,132.48456379076512
WZ-2516,-44.2,181.61,0,False,30.0,-109.0,99.29679587526863
WXK-25,-11.0,173.98,0,False,30.5,-109.0,67.48698548505772
WZ-2516,6.94,114.41,0,False,31.0,-109.0,40.44846432301728
WZ-2516,36.43,82.0,0,False,31.5,-109.0,33.23565620858499
KXI-24,56.43,66.86,1,True,32.0,-109.0,54.4066626722543
KXI-24,58.82,50.46,1,True,32.5,-109.0,39.94900005587265
WZ-2516,54.48,71.62,1,True,33.5,-109.0,36.8105220609908
KXI-23,62.83,42.44,1,True,34.5,-109.0,32.03909970046314
KXI-23,57.45,69.64,1,True,35.0,-109.0,38.512963175958234
WWF-99,44.26,19.04,0,False,36.0,-109.0,36.20468098998259
WNG-687,28.9,95.98,0,False,36.5,-109.0,48.645951877243
WNG-687,19.73,63.28,0,False,37.0,-109.0,33.56660314886156
WNG-687,68.83,27.44,1,True,38.0,-109.0,49.32616520289279
WXM-55,11.53,75.75,0,False,40.0,-109.0,42.18109548153351
KXI-85,30.84,102.13,0,False,41.0,-109.0,42.71947264456388
KXI-34,34.31,39.83,0,False,42.0,-109.0,30.26263382833482
WNG-723,42.64,34.48,0,False,43.5,-109.0,43.32122209100605
WNG-563,48.04,41.23,0,False,44.0,-109.0,36.11453417155939
KAD-95,57.9,16.86,1,True,46.5,-109.0,43.755876589917236
KZZ-54,34.31,33.54,0,False,47.5,-109.0,37.581718832988194
KZZ-54,14.94,62.06,0,False,48.0,-109.0,48.720275894439354
WXL-53,31.78,32.73,0,False,48.5,-109.0,31.17068859385247
WXL-53,51.59,47.75,1,True,49.0,-109.0,44.23241399592541
,0.0,,0,False,25.0,-108.5,443.9797013162135
,0.0,,0,False,25.5,-108.5,409.79293909824736
,0.0,,0,False,26.0,-108.5,375.6718460295801
,0.0,,0,False,26.5,-108.5,341.6360990959826
,0.0,,0,False,27.0,-108.5,307.71401978615216
,0.0,,0,False,27.5,-108.5,273.94783683987697
,0.0,,0,False,28.0,-108.5,240.40324937561863
,0.0,,0,False,28.5,-108.5,207.18791726478318
,0.0,,0,False,29.0,-108.5,174.4899700048376
KXI-24,-34.7,231.81,0,False,29.5,-108.5,142.66559531487277
WXK-25,-9.18,172.76,0,False,30.0,-108.5,112.45888347530388
KXI-24,-27.3,168.43,0,False,30.5,-108.5,85.5998529657274
WZ-2516,11.2,109.41,0,False,31.0,-108.5,66.2908378149095
WZ-2516,30.84,74.9,0,False,31.5,-108.5,62.03564731790059
WZ-2516,23.66,40.46,0,False,32.0,-108.5,47.4262337271295
WZ-2516,23.61,63.56,0,False,33.5,-108.5,51.611610044948094
KXI-24,14.06,121.46,0,False,34.0,-108.5,46.12763843814051
KXI-23,24.8,66.98,0,False,34.5,-108.5,52.95181978373126
KXI-23,18.69,86.71,0,False,35.0,-108.5,38.40122569072844
WWF-99,23.8,40.91,0,False,36.0,-108.5,36.087270273322204
WNG-687,20.48,53.51,0,False,38.0,-108.5,45.12138300285293
WWG-43,32.64,71.58,0,False,40.0,-108.5,50.225325022774655
WXM-55,29.2,98.99,0,False,40.5,-108.5,49.61523631167669
KXI-34,36.79,43.87,0,False,41.0,-108.5,55.68983153142426
KXI-34,62.99,32.47,1,True,41.5,-108.5,37.994020538177224
KXI-34,54.28,50.71,1,True,42.0,-108.5,46.61179897588992
WNG-573,69.44,25.58,2,True,43.5,-108.5,31.977171834603077
WXL-27,29.72,48.5,0,False,46.5,-108.5,49.169906533932
WNG-670,79.69,7.84,1,True,47.0,-108.5,45.07417678765578
KZZ-54,50.73,53.36,1,True,47.5,-108.5,54.40049878350837
WWG-85,40.5,37.04,0,False,48.0,-108.5,65.8539174363001
WXL-53,37.15,55.62,0,False,48.5,-108.5,53.99588265326016
WXL-53,26.64,65.44,0,False,49.0,-108.5,62.29945196630057
,0.0,,0,False,25.0,-108.0,449.32341938537803
,0.0,,0,False,25.5,-108.0,415.5511151416412
,0.0,,0,False,26.0,-108.0,381.9168754656286
,0.0,,0,False,26.5,-108.0,348.4606820088979
,0.0,,0,False,27.0,-108.0,315.2392281739366
,0.0,,0,False,27.5,-108.0,282.3353896036333
,0.0,,0,False,28.0,-108.0,249.87467027615708
,0.0,,0,False,28.5,-108.0,218.05505505186724
,0.0,,0,False,29.0,-108.0,187.20374180604992
WXK-25,-12.06,183.01,0,False,29.5,-108.0,157.88936860011097
KXI-24,-36.7,213.13,0,False,30.0,-108.0,131.14664484518283
WXK-25,9.74,127.17,0,False,30.5,-108.0,108.88714451424022
WZ-2516,27.39,112.14,0,False,31.0,-108.0,88.4963852198921
KXI-24,17.8,134.25,0,False,31.5,-108.0,54.71251306663717
WXJ-38,-10.46,128.02,0,False,33.5,-108.0,48.00263911687846
WXJ-38,6.17,133.97,0,False,34.0,-108.0,62.73548960737849
WXJ-33,10.5,153.6,0,False,34.5,-108.0,46.1363455232801
WWF-99,21.66,67.47,0,False,36.0,-108.0,50.21019839796458
KXI-90,17.39,30.52,0,False,38.0,-108.0,33.28843681488578
KWN-56,20.0,72.92,0,False,40.0,-108.0,34.26552919118315
WXM-55,4.97,132.92,0,False,41.0,-108.0,40.671537143011605
KXI-37,41.44,41.31,0,False,41.5,-108.0,44.526576942849154
KXI-37,43.52,45.06,0,False,42.0,-108.0,42.469103549765
WNG-573,29.73,64.76,0,False,42.5,-108.0,42.872851445687466
WNG-573,75.39,4.34,1,True,43.5,-108.0,34.80151502069334
WNG-568,53.03,32.0,1,True,44.5,-108.0,34.441743952599516
WNG-563,23.09,50.59,0,False,45.0,-108.0,40.14873157840843
WXL-27,49.56,27.04,0,False,45.5,-108.0,33.23521468148872
WXL-27,67.23,21.5,1,True,46.0,-108.0,30.185219565832355
WNG-670,48.47,37.44,0,False,46.5,-108.0,55.71962656659808
WNG-670,51.97,15.76,1,True,47.0,-108.0,68.57442725587765
WNG-670,41.32,38.5,0,False,47.5,-108.0,74.86732092238744
WWG-85,16.41,24.79,0,False,48.0,-108.0,85.77396655292006
WWG-85,52.99,11.36,1,True,48.5,-108.0,76.85412225080572
WXL-32,11.6,102.13,0,False,49.0,-108.0,82.72023113842931
,0.0,,0,False,25.0,-107.5,438.56355917174733
,0.0,,0,False,25.5,-107.5,409.4919827479328
,0.0,,0,False,26.0,-107.5,381.33149397305374
,0.0,,0,False,26.5,-107.5,354.29940732288856
,0.0,,0,False,27.0,-107.5,325.0532659466487
,0.0,,0,False,27.5,-107.5,291.4883775205961
,0.0,,0,False,28.0,-107.5,258.1822032544792
,0.0,,0,False,28.5,-107.5,225.2495357860434
,0.0,,0,False,29.0,-107.5,192.881788208687
WXK-25,0.67,170.35,0,False,29.5,-107.5,161.41915227956727
WZ-2516,-3.18,186.59,0,False,30.0,-107.5,131.51284708600514
WXK-25,12.84,108.37,0,False,30.5,-107.5,104.50762154414977
WXK-25,19.08,81.78,0,False,31.0,-107.5,77.84059638841535
WXK-25,44.51,63.39,0,False,31.5,-107.5,54.75653450936426
WXJ-38,16.1,106.98,0,False,34.0,-107.5,34.198600891944736
WXJ-34,12.31,56.22,0,False,34.5,-107.5,42.400781419248055
KWN-54,13.61,129.74,0,False,35.5,-107.5,30.465814824753302
KWN-54,21.18,95.53,0,False,36.0,-107.5,56.83827400451143
KWN-54,17.59,61.69,0,False,36.5,-107.5,30.842018581179563
WXM-54,7.55,53.14,0,False,38.0,-107.5,37.808297968719295
KXI-90,28.05,46.34,0,False,39.0,-107.5,31.257910467183713
KXI-37,21.73,48.9,0,False,41.0,-107.5,33.49998090373381
WXM-47,30.33,61.49,0,False,42.5,-107.5,51.357493651970984
WNG-573,65.77,39.23,1,True,43.0,-107.5,46.18433829227864
WNG-568,63.81,48.06,1,True,43.5,-107.5,41.473423693772915
WNG-563,61.18,66.86,2,True,44.5,-107.5,33.42024414956453
WNG-724,53.86,17.03,1,True,45.5,-107.5,54.50409309880636
WXL-27,27.61,42.99,0,False,46.0,-107.5,52.5415803010466
WNG-724,29.41,52.17,0,False,46.5,-107.5,70.2666793361188
WNG-670,55.15,39.32,1,True,47.0,-107.5,88.77209568897322
WNG-670,42.3,52.6,0,False,47.5,-107.5,96.69219856678923
WXL-32,17.73,54.81,0,False,48.0,-107.5,106.93381990136702
WWG-85,32.62,20.74,0,False,48.5,-107.5,99.7220449471469
KPS-507,9.44,58.72,0,False,49.0,-107.5,104.11831557503741
,0.0,,0,False,25.0,-107.0,423.0095852439764
,0.0,,0,False,25.5,-107.0,392.86299983088185
,0.0,,0,False,26.0,-107.0,363.4976596235963
,0.0,,0,False,26.5,-107.0,335.11900288813763
,0.0,,0,False,27.0,-107.0,307.99988683270425
,0.0,,0,False,27.5,-107.0,282.5032778988966
,0.0,,0,False,28.0,-107.0,251.22142775163167
,0.0,,0,False,28.5,-107.0,217.27561766931294
,0.0,,0,False,29.0,-107.0,183.55403466868194
KJY-69,-22.2,210.31,0,False,29.5,-107.0,150.2077715142015
WXK-25,-9.97,128.43,0,False,30.0,-107.0,117.55665443122652
WXK-25,3.93,95.21,0,False,30.5,-107.0,86.39248114200899
WZ-2516,3.03,137.68,0,False,31.0,-107.0,59.11561578117107
WXK-25,57.79,36.98,1,True,31.5,-107.0,32.51579663957596
WXJ-33,19.91,69.77,0,False,36.0,-107.0,52.08298583123149
KWN-54,35.63,73.69,0,False,36.5,-107.0,53.0556278629316
WXM-54,38.1,29.23,0,False,38.0,-107.0,37.923941052312415
KXI-34,18.29,114.14,0,False,41.0,-107.0,37.2746730565371
WXM-47,68.04,37.56,1,True,42.5,-107.0,41.87175024803879
WXM-47,43.13,38.43,0,False,43.0,-107.0,36.051111152351474
WNG-662,27.42,23.9,0,False,43.5,-107.0,56.85999069034468
WNG-662,45.87,26.7,0,False,44.0,-107.0,47.42978102802455
WXM-46,30.04,62.14,0,False,45.5,-107.0,48.755109940429804
WNG-719,37.38,26.72,0,False,46.0,-107.0,62.215927814712174
WNG-719,64.0,18.07,1,True,46.5,-107.0,55.660296780576594
KHB-53,40.23,21.53,0,False,47.0,-107.0,68.64515376509239
KHB-53,51.31,13.98,1,True,47.5,-107.0,93.34391871266595
WXL-32,43.23,31.73,0,False,48.0,-107.0,122.88555121510753
WXL-32,15.78,45.2,0,False,48.5,-107.0,122.59352805807768
KPS-507,35.91,37.09,0,False,49.0,-107.0,125.99607316148527
,0.0,,0,False,25.0,-106.5,409.15140719381935
,0.0,,0,False,25.5,-106.5,377.96755250224345
,0.0,,0,False,26.0,-106.5,347.418494260411
,0.0,,0,False,26.5,-106.5,317.6874140730309
,0.0,,0,False,27.0,-106.5,289.0268503046493
,0.0,,0,False,27.5,-106.5,261.78864033588496
,0.0,,0,False,28.0,-106.5,236.4648169436818
,0.0,,0,False,28.5,-106.5,213.2321474639933
WNG-695,-20.6,241.83,0,False,29.0,-106.5,178.77332418322152
WXK-25,-7.14,159.28,0,False,29.5,-106.5,144.35664597633902
WXK-25,10.91,124.74,0,False,30.0,-106.5,110.02167108785801
WXK-25,26.27,90.19,0,False,30.5,-106.5,75.87939151047112
WXK-25,40.87,55.65,0,False,31.0,-106.5,42.397913630744654
WXJ-38,19.74,50.01,0,False,33.0,-106.5,32.180310393928885
WXJ-38,11.69,41.91,0,False,33.5,-106.5,44.85624241331571
WXJ-33,26.42,63.58,0,False,36.5,-106.5,41.88878598315416
WXJ-37,19.48,97.42,0,False,37.0,-106.5,34.55308730138249
WXM-54,57.28,16.57,1,True,37.5,-106.5,33.23752428408729
WXM-54,31.47,19.3,0,False,38.0,-106.5,44.114276341795986
WXM-37,44.34,58.39,0,False,41.0,-106.5,39.878482236197854
WXM-47,28.65,85.7,0,False,41.5,-106.5,42.36341188603984
WXM-47,31.4,51.43,0,False,42.0,-106.5,40.213505447226034
WXM-47,64.62,53.58,1,True,43.5,-106.5,46.28716436815366
WXM-46,47.12,46.75,0,False,44.0,-106.5,53.14740960844651
WXM-46,39.45,22.39,0,False,44.5,-106.5,30.478219173546805
WXM-46,59.9,65.53,1,True,45.5,-106.5,53.6501202503931
WNG-719,42.78,24.99,0,False,46.0,-106.5,42.272404884681315
WNG-719,69.06,15.41,1,True,46.5,-106.5,32.142344808167344
KHB-53,36.04,28.76,0,False,47.0,-106.5,51.63575302744651
KHB-53,36.29,23.57,0,False,47.5,-106.5,81.7699100859643
WXL-32,78.65,8.81,1,True,48.0,-106.5,103.77446720429259
WXL-32,50.31,33.51,1,True,48.5,-106.5,120.54659198715161
KPS-507,44.42,18.3,0,False,49.0,-106.5,139.13622529668032
,0.0,,0,False,25.0,-106.0,397.1668164766631
,0.0,,0,False,25.5,-106.0,365.0181896420346
,0.0,,0,False,26.0,-106.0,333.3482980834722
,0.0,,0,False,26.5,-106.0,302.3076377865499
,0.0,,0,False,27.0,-106.0,272.11163031561665
,0.0,,0,False,27.5,-106.0,243.07526146920813
,0.0,,0,False,28.0,-106.0,215.66742544050553
,0.0,,0,False,28.5,-106.0,190.59198997460362
WZ-2503,-2.15,211.86,0,False,29.0,-106.0,168.89105285157783
WZ-2503,-5.68,179.6,0,False,29.5,-106.0,144.51842951806714
WNG-652,-3.56,125.23,0,False,30.0,-106.0,110.23278323566717
WXK-25,-6.18,94.61,0,False,30.5,-106.0,76.18360245051053
WXK-25,47.76,62.52,0,False,31.0,-106.0,42.937172935706734
WXJ-38,64.94,43.05,1,True,34.0,-106.0,48.46953195781198
WXJ-33,52.53,89.67,1,True,34.5,-106.0,46.49521068204146
WXJ-33,62.78,55.65,1,True,35.0,-106.0,37.34778277914981
WXJ-33,28.14,84.78,0,False,37.0,-106.0,33.54368776880896
WXM-54,49.43,37.13,0,False,38.0,-106.0,36.64066614478108
WXM-37,33.06,56.93,0,False,42.0,-106.0,51.78958895579679
WNG-662,46.25,35.03,0,False,43.5,-106.0,48.182062179454256
WNG-660,36.93,28.39,0,False,44.0,-106.0,31.366885008382916
WNG-660,40.24,57.01,0,False,45.0,-106.0,49.128210137421675
WNG-567,37.89,24.33,0,False,45.5,-106.0,63.07693186951376
WXL-54,36.84,44.13,0,False,47.0,-106.0,41.74744396386588
KHC-26,55.47,32.36,1,True,47.5,-106.0,66.29609582326144
WXL-32,74.22,14.71,1,True,48.0,-106.0,86.10808659365628
WXL-32,40.72,35.51,0,False,48.5,-106.0,100.48606903220255
KPS-507,49.28,18.04,0,False,49.0,-106.0,121.99532589737694
,0.0,,0,False,25.0,-105.5,387.2300180767041
,0.0,,0,False,25.5,-105.5,354.22862951704246
,0.0,,0,False,26.0,-105.5,321.551154119427
,0.0,,0,False,26.5,-105.5,289.30737197869365
,0.0,,0,False,27.0,-105.5,257.6601532498758
,0.0,,0,False,27.5,-105.5,226.859300578709
,0.0,,0,False,28.0,-105.5,197.3015934347604
,0.0,,0,False,28.5,-105.5,169.63809803772585
WZ-2503,-13.6,203.85,0,False,29.0,-105.5,144.95736965899283
WXK-25,4.4,169.67,0,False,29.5,-105.5,125.03832624492442
WZ-2503,5.04,136.82,0,False,30.0,-105.5,112.44072404739546
WXK-25,19.59,107.31,0,False,30.5,-105.5,87.19195800148673
WXK-25,29.53,80.38,0,False,31.0,-105.5,60.271952865845705
WXK-25,32.8,61.58,0,False,31.5,-105.5,42.48689354763531
WNG-695,15.19,137.83,0,False,32.0,-105.5,46.16177045187326
WXK-25,34.92,74.93,0,False,32.5,-105.5,37.7578170082833
WXJ-38,64.74,44.27,1,True,34.0,-105.5,44.72015801799167
WXJ-38,38.97,77.44,0,False,34.5,-105.5,74.28635321693537
WXJ-33,62.65,56.55,1,True,35.0,-105.5,44.42037931057063
WXM-54,33.98,78.17,0,False,37.0,-105.5,38.851754909954316
WNG-579,28.36,46.78,0,False,38.0,-105.5,33.7881864779632
WXM-37,50.14,49.27,1,True,42.0,-105.5,48.04440066895859
WXM-47,44.15,67.57,0,False,43.5,-105.5,51.830406011999514
WNG-567,42.23,32.84,0,False,45.0,-105.5,49.7961548669907
WNG-567,93.06,1.71,1,True,45.5,-105.5,64.67894286911412
WXL-54,44.75,29.02,0,False,46.0,-105.5,32.39222531495713
KHC-26,50.41,19.8,1,True,47.0,-105.5,38.097688093925385
KHC-26,73.39,16.22,1,True,47.5,-105.5,45.888503514439805
KGG-94,66.3,22.97,1,True,48.0,-105.5,64.88333529176663
KGG-94,67.71,18.46,2,True,48.5,-105.5,82.0202882545032
WWF-92,48.18,15.4,0,False,49.0,-105.5,102.28594637054881
,0.0,,0,False,25.0,-105.0,378.4673584549562
,0.0,,0,False,25.5,-105.0,345.80128741484964
,0.0,,0,False,26.0,-105.0,312.2849857592369
,0.0,,0,False,26.5,-105.0,279.0196569084113
,0.0,,0,False,27.0,-105.0,246.1070912662189
,0.0,,0,False,27.5,-105.0,213.7103337778849
,0.0,,0,False,28.0,-105.0,182.10488252522126
,0.0,,0,False,28.5,-105.0,151.78585211573338
WZ-2503,-11.0,200.0,0,False,29.0,-105.0,123.70277618353823
WZ-2503,0.97,165.51,0,False,29.5,-105.0,99.76213761787912
WZ-2503,2.85,131.07,0,False,30.0,-105.0,83.60183458594767
WXK-25,19.48,125.81,0,False,30.5,-105.0,80.07949045777917
WXK-25,8.28,103.68,0,False,31.0,-105.0,84.50314440392157
WZ-2503,54.42,29.14,1,True,31.5,-105.0,71.14966631850965
WXJ-38,23.31,107.13,0,False,32.0,-105.0,52.636222021958865
WWG-36,42.39,63.24,0,False,32.5,-105.0,41.05741372149132
WXJ-38,47.78,53.14,0,False,33.0,-105.0,34.8156614277802
WXJ-38,39.04,60.98,0,False,34.0,-105.0,51.08222057875356
WXJ-33,46.63,99.2,0,False,34.5,-105.0,77.09590231206462
WXJ-33,58.21,69.9,1,True,35.0,-105.0,43.355341063629375
WXJ-33,36.74,46.21,0,False,36.0,-105.0,30.207083980203553
WXK-38,9.15,190.92,0,False,36.5,-105.0,33.183741776174585
WNG-579,33.44,46.04,0,False,37.0,-105.0,30.55922791628317
WNG-579,73.39,15.81,1,True,37.5,-105.0,35.884006357154796
WNG-571,72.44,23.98,1,True,42.0,-105.0,43.2408226943763
WNG-661,31.4,45.3,0,False,43.5,-105.0,55.0054389316889
WNG-660,65.08,31.55,1,True,44.0,-105.0,31.468618257082216
WXL-23,48.08,73.73,0,False,45.0,-105.0,55.560967564814995
WNG-567,38.27,24.23,0,False,45.5,-105.0,74.44272658554789
WXL-54,41.4,42.27,0,False,46.0,-105.0,48.9433451653494
KHC-26,46.14,56.78,0,False,46.5,-105.0,40.4487133339665
KHC-26,51.56,23.94,1,True,47.5,-105.0,30.229569578183728
KGG-94,70.33,23.13,1,True,48.0,-105.0,43.372569908010064
WWF-50,58.52,22.83,2,True,48.5,-105.0,66.48152955722212
WWF-92,19.79,20.87,0,False,49.0,-105.0,84.17734348359528
,0.0,,0,False,25.0,-104.5,351.3820363083945
,0.0,,0,False,25.5,-104.5,332.03747462843575
,0.0,,0,False,26.0,-104.5,305.7801344944238
,0.0,,0,False,26.5,-104.5,271.75291967333555
,0.0,,0,False,27.0,-104.5,237.8753433743019
,0.0,,0,False,27.5,-104.5,204.22188817641177
,0.0,,0,False,28.0,-104.5,170.9249872707442
,0.0,,0,False,28.5,-104.5,138.24251883946147
WZ-2503,-3.7,200.54,0,False,29.0,-104.5,106.74037599485419
WZ-2503,1.86,166.16,0,False,29.5,-104.5,77.86458023788016
WXK-25,-33.23,171.42,0,False,30.0,-104.5,55.84934195216998
KJY-69,18.79,54.03,0,False,30.5,-104.5,50.61893222482305
WZ-2503,27.09,64.17,0,False,31.0,-104.5,65.07276549932315
WZ-2503,50.65,32.57,1,True,31.5,-104.5,58.97576827467198
WZ-2503,76.78,19.76,1,True,32.0,-104.5,31.97210531674441
WWG-36,15.44,44.71,0,False,34.0,-104.5,43.36186221874697
WXJ-33,29.55,114.61,0,False,34.5,-104.5,69.08058652061557
WXJ-33,50.24,90.33,1,True,35.0,-104.5,58.10394083645132
WXK-38,-1.23,147.58,0,False,35.5,-104.5,41.10641655226825
WXL-90,52.01,59.83,1,True,36.0,-104.5,48.8909067246789
WNG-571,39.88,29.3,0,False,42.5,-104.5,34.617666619954164
WNG-661,29.82,59.23,0,False,43.0,-104.5,47.83231897142761
WNG-661,44.77,26.93,0,False,43.5,-104.5,68.08952016554946
WNG-661,51.1,18.16,1,True,44.0,-104.5,47.916484349326474
WZ-2533,45.55,69.93,0,False,44.5,-104.5,33.63650256742034
WXL-23,42.09,56.79,0,False,45.0,-104.5,39.18829920925416
WZ-2533,94.09,1.52,1,True,45.5,-104.5,65.77976442535795
WXK-57,54.23,18.32,1,True,46.0,-104.5,69.8924379510881
WXK-57,45.02,19.66,0,False,46.5,-104.5,43.28283890971647
WWF-50,66.82,14.09,2,True,48.5,-104.5,45.43064489367177
WWF-50,37.59,21.59,0,False,49.0,-104.5,68.94371049198189
,0.0,,0,False,25.0,-104.0,324.263835686859
,0.0,,0,False,25.5,-104.0,307.76654710052776
,0.0,,0,False,26.0,-104.0,285.771262180601
,0.0,,0,False,26.5,-104.0,264.0204860441184
,0.0,,0,False,27.0,-104.0,233.31686691622545
,0.0,,0,False,27.5,-104.0,198.91865558887986
,0.0,,0,False,28.0,-104.0,164.5827432602158
KJY-69,-6.82,127.78,0,False,28.5,-104.0,130.35836723190954
KJY-69,1.18,93.99,0,False,29.0,-104.0,96.36443914348656
WZ-2503,1.25,172.02,0,False,29.5,-104.0,62.97525748457706
KJY-69,24.39,31.74,0,False,30.0,-104.0,32.1346803554698
WNG-695,61.59,40.67,1,True,31.0,-104.0,40.433684112271955
WZ-2503,43.41,48.16,0,False,32.0,-104.0,31.351351815001276
WXJ-38,48.91,102.95,0,False,33.5,-104.0,31.762698675443403
WWG-36,34.34,57.25,0,False,34.0,-104.0,38.90870629486478
WXJ-35,42.58,46.63,0,False,34.5,-104.0,43.08936599151935
WXK-38,7.34,122.32,0,False,35.0,-104.0,60.117540189813774
WXJ-33,25.67,101.98,0,False,35.5,-104.0,68.97041277011019
WXL-90,56.46,49.23,1,True,36.0,-104.0,65.84275806209475
WXL-90,39.6,15.76,0,False,36.5,-104.0,36.061518173695255
WXL-90,54.58,55.31,1,True,37.5,-104.0,35.09316368622202
WXM-56,55.24,49.6,1,True,38.5,-104.0,36.804252685844475
WXM-56,50.71,49.8,1,True,39.0,-104.0,41.88981895064749
WXJ-45,76.42,6.57,1,True,39.5,-104.0,41.29846378615075
WXM-37,37.73,77.77,0,False,41.0,-104.0,42.51899102185604
KXI-20,43.13,46.57,0,False,42.5,-104.0,31.123942554484483
WXK-64,43.7,42.06,0,False,43.0,-104.0,51.89373537906993
WXK-64,37.57,27.97,0,False,43.5,-104.0,55.405000705016796
WXL-23,55.8,24.11,1,True,44.0,-104.0,35.13199464878289
WZ-2533,41.72,22.95,0,False,45.5,-104.0,58.22140910514353
WXK-57,43.33,23.03,0,False,46.0,-104.0,83.74006947723537
WXK-57,55.3,24.08,1,True,46.5,-104.0,53.81005846064133
WZ-2528,68.76,12.66,1,True,47.0,-104.0,34.14068497649627
WWF-50,38.78,34.36,0,False,49.0,-104.0,58.86208410861505
,0.0,,0,False,25.0,-103.5,296.3479128803131
,0.0,,0,False,25.5,-103.5,279.97815657877806
,0.0,,0,False,26.0,-103.5,263.37843351354724
,0.0,,0,False,26.5,-103.5,239.71683907888084
,0.0,,0,False,27.0,-103.5,218.96443974592114
,0.0,,0,False,27.5,-103.5,198.13707551019252
WXK-26,-9.38,245.46,0,False,28.0,-103.5,163.64171565744022
KJY-69,-0.02,125.89,0,False,28.5,-103.5,129.17396616748448
KJY-69,-14.8,91.42,0,False,29.0,-103.5,94.76395933783729
WNG-695,-12.2,117.84,0,False,29.5,-103.5,60.51028396985763
WXJ-38,28.41,131.73,0,False,33.5,-103.5,39.262839707982
WXL-90,26.3,119.72,0,False,35.0,-103.5,42.610954558195864
WNG-657,29.83,77.08,0,False,35.5,-103.5,67.46201035766424
WXL-90,55.77,53.06,1,True,36.0,-103.5,55.335032970767394
WXL-90,64.79,25.26,1,True,36.5,-103.5,58.456342426097564
WXL-90,42.36,29.11,0,False,37.0,-103.5,52.49296886177757
WWG-23,28.28,28.37,0,False,37.5,-103.5,33.24504425966506
WWG-23,31.02,41.08,0,False,38.5,-103.5,36.041180186260036
WWH-32,68.96,15.62,1,True,39.0,-103.5,66.81317419313514
KJY-84,61.33,19.29,1,True,39.5,-103.5,52.847149787968974
KXI-20,69.67,22.24,2,True,42.5,-103.5,33.86071997523119
WXK-64,85.3,4.12,2,True,43.5,-103.5,41.84541200703022
WNG-658,43.14,51.92,0,False,45.5,-103.5,60.35304179775218
WNG-658,52.83,25.02,1,True,46.0,-103.5,70.23407297219377
WXL-80,61.47,31.78,1,True,46.5,-103.5,43.1705463634096
WXL-80,53.75,33.5,1,True,47.0,-103.5,34.37305451335656
VAM-595,48.42,27.88,0,False,49.0,-103.5,56.74865236723168
,0.0,,0,False,25.0,-103.0,267.1664006517389
,0.0,,0,False,25.5,-103.0,252.91909679599405
,0.0,,0,False,26.0,-103.0,236.76179224060175
,0.0,,0,False,26.5,-103.0,217.01374739201472
,0.0,,0,False,27.0,-103.0,193.96593052144473
WXK-26,-22.5,213.14,0,False,27.5,-103.0,174.7467123249749
KJY-69,-32.5,164.52,0,False,28.0,-103.0,159.6311335839715
KJY-69,-2.94,131.08,0,False,28.5,-103.0,134.86596514199266
KJY-69,8.15,98.4,0,False,29.0,-103.0,102.35146386198409
KJY-69,21.48,67.62,0,False,29.5,-103.0,71.76163919565248
KJY-69,-8.9,42.99,0,False,30.0,-103.0,47.01660005361879
WXJ-35,23.24,53.76,0,False,33.5,-103.0,37.070740964434194
WNG-657,50.25,33.61,1,True,35.0,-103.0,36.118545373880856
WXK-38,47.88,63.49,0,False,35.5,-103.0,47.257342179543485
WXL-90,52.96,50.66,1,True,36.5,-103.0,40.877944068441025
WNG-664,33.9,34.99,0,False,37.0,-103.0,70.50049765989166
WNG-664,58.37,21.39,1,True,37.5,-103.0,44.64075200880828
KWN-60,41.38,36.34,0,False,38.5,-103.0,36.07767758657681
WWH-32,54.02,14.28,1,True,39.0,-103.0,67.27760427904317
KJY-84,55.0,19.58,1,True,39.5,-103.0,62.18754768497897
KJY-84,54.04,24.43,1,True,40.0,-103.0,37.8611996848094
WXK-64,68.2,22.55,2,True,43.5,-103.0,40.943814954601315
WNG-557,50.38,36.18,1,True,45.0,-103.0,47.96526478251781
WNG-557,52.33,47.26,1,True,45.5,-103.0,71.31086371378905
WNG-658,74.38,12.83,1,True,46.0,-103.0,62.35574525346561
WXL-84,42.19,47.91,0,False,48.5,-103.0,36.38184338305378
VAM-595,42.05,31.21,0,False,49.0,-103.0,63.405358477850044
,0.0,,0,False,25.0,-102.5,238.47532012044704
,0.0,,0,False,25.5,-102.5,226.07564567778573
,0.0,,0,False,26.0,-102.5,208.81337203316113
,0.0,,0,False,26.5,-102.5,195.26887730953206
WNG-601,-22.5,233.66,0,False,27.0,-102.5,170.77865947888688
WNG-601,-14.3,241.66,0,False,27.5,-102.5,148.71967495392374
WXJ-98,-22.6,135.64,0,False,28.0,-102.5,132.1210482823863
WXL-44,-30.83,171.46,0,False,28.5,-102.5,114.96241409766304
WXJ-98,12.08,95.26,0,False,29.0,-102.5,101.03203002301352
WXJ-98,1.63,89.39,0,False,29.5,-102.5,91.81813555315676
KJY-69,4.28,70.32,0,False,30.0,-102.5,65.79277756301299
WXK-32,12.68,92.95,0,False,30.5,-102.5,35.47165850870818
WXK-38,47.44,35.81,0,False,35.5,-102.5,38.55376068344526
WXL-90,44.11,77.67,0,False,36.5,-102.5,30.554181026491815
WNG-664,41.89,29.18,0,False,37.0,-102.5,60.440298614145725
WNG-664,78.46,9.34,1,True,37.5,-102.5,40.15150951009679
KWN-60,32.4,30.84,0,False,38.5,-102.5,30.099973556337087
WWF-77,54.94,19.58,1,True,39.0,-102.5,64.29178145099527
WWF-77,44.22,16.65,0,False,39.5,-102.5,78.0136437949503
WXM-87,70.2,14.99,1,True,40.0,-102.5,56.28646491963285
WXM-53,43.87,29.05,0,False,40.5,-102.5,37.264464951039386
KHA-55,81.09,12.21,3,True,41.5,-102.5,35.06846538376291
KXI-20,47.32,32.09,0,False,42.5,-102.5,33.56511115184912
KZZ-59,38.96,23.86,0,False,43.5,-102.5,51.29490529476928
WNG-557,45.51,40.0,0,False,44.5,-102.5,39.244508358051235
WNG-557,71.42,12.16,2,True,45.0,-102.5,64.55092778348529
WNG-557,63.42,32.91,1,True,45.5,-102.5,87.85172888684988
WNG-658,54.47,29.17,1,True,46.0,-102.5,63.06231757503573
WXL-80,63.19,25.13,2,True,46.5,-102.5,30.27264347475649
WXN-88,14.1,39.6,0,False,47.5,-102.5,41.66781057732981
WXN-88,73.65,5.67,1,True,48.0,-102.5,38.4062903243358
WXN-88,29.41,29.72,0,False,48.5,-102.5,56.44454913904141
VAM-595,23.16,46.8,0,False,49.0,-102.5,76.5780679711415
,0.0,,0,False,25.0,-102.0,210.4758222867658
,0.0,,0,False,25.5,-102.0,196.44893821656214
WNG-601,-9.66,201.95,0,False,26.0,-102.0,181.81003450247178
WXJ-98,-37.0,213.75,0,False,26.5,-102.0,166.21583665110148
WXK-26,-18.0,156.39,0,False,27.0,-102.0,150.2440401710912
KWN-51,-9.21,180.31,0,False,27.5,-102.0,124.7217527518694
WNG-692,-51.91,133.82,0,False,28.0,-102.0,104.5195079909659
WWG-93,-7.53,192.2,0,False,28.5,-102.0,90.58999113732348
WXJ-98,7.71,67.68,0,False,29.0,-102.0,72.26166124289827
WXJ-98,25.39,59.33,0,False,29.5,-102.0,67.9979031692236
WXJ-98,16.96,69.61,0,False,30.0,-102.0,80.07776187724824
WXL-44,36.36,46.45,0,False,30.5,-102.0,59.14927344387474
WXK-32,13.41,64.61,0,False,31.0,-102.0,52.94844701663822
WXK-32,39.25,36.47,0,False,31.5,-102.0,33.194342804362385
KJY-96,40.04,47.49,0,False,36.5,-102.0,31.806899829194244
WNG-664,46.26,44.64,0,False,37.0,-102.0,35.947085952458224
WXN-81,50.52,29.04,1,True,37.5,-102.0,35.75453570946914
KWN-60,35.77,34.27,0,False,38.0,-102.0,33.882053540036324
WWG-22,61.29,19.21,1,True,38.5,-102.0,44.508559884668635
WWG-22,41.9,42.03,0,False,39.0,-102.0,57.626970730445535
WXM-87,48.32,40.12,0,False,39.5,-102.0,51.54458922257839
WXM-87,63.8,12.51,1,True,40.0,-102.0,66.17920092201943
WXM-87,42.76,33.02,0,False,40.5,-102.0,63.11839312993703
KHA-55,62.94,31.37,1,True,41.0,-102.0,51.302971932437885
KHA-55,60.19,23.44,1,True,41.5,-102.0,56.25789635114405
WXL-67,34.19,55.35,0,False,42.0,-102.0,45.534410619321314
WXL-76,74.4,19.17,1,True,42.5,-102.0,52.568942519382645
KZZ-59,59.22,20.52,2,True,43.0,-102.0,52.13005074516306
KXI-59,41.48,37.72,0,False,43.5,-102.0,68.5312013281061
KXI-59,65.22,17.81,1,True,44.0,-102.0,54.22462462874947
WNG-557,49.92,40.39,0,False,44.5,-102.0,59.757387047018426
WNG-557,80.29,13.37,1,True,45.0,-102.0,81.16915500853696
WNG-557,55.83,33.37,1,True,45.5,-102.0,103.23346705741763
WXL-80,33.58,66.46,0,False,46.0,-102.0,72.10181868030733
WXL-80,36.67,46.18,0,False,46.5,-102.0,46.12073553873894
WXN-88,21.75,76.84,0,False,47.0,-102.0,37.98024085100099
WXL-83,23.17,47.44,0,False,47.5,-102.0,56.07853068364739
WXN-88,69.03,20.92,2,True,48.0,-102.0,37.13064025860559
WXL-83,49.57,41.83,0,False,48.5,-102.0,37.78313996474157
WXL-83,30.84,71.27,0,False,49.0,-102.0,62.15615628339215
,0.0,,0,False,25.0,-101.5,183.4852757624841
KHB-33,-13.4,211.67,0,False,25.5,-101.5,167.34178945786724
WXK-26,5.28,161.02,0,False,26.0,-101.5,156.24308414070381
WNG-601,12.0,168.78,0,False,26.5,-101.5,137.9214543961286
WXJ-98,1.1,173.11,0,False,27.0,-101.5,126.56607848317692
WXK-26,32.28,121.22,0,False,27.5,-101.5,104.16547464777818
WXK-26,13.33,125.39,0,False,28.0,-101.5,79.00026122672851
WXK-26,8.88,138.34,0,False,28.5,-101.5,63.39117144045546
WXJ-98,31.03,43.66,0,False,29.0,-101.5,45.33566961466476
WXJ-98,45.94,29.3,0,False,29.5,-101.5,38.376386753545816
WXJ-98,32.05,46.88,0,False,30.0,-101.5,57.24593715395631
WXL-44,49.64,21.46,0,False,30.5,-101.5,86.41975305033101
WXL-44,64.12,22.59,1,True,31.0,-101.5,69.14668878015058
WXK-33,25.86,63.14,0,False,31.5,-101.5,51.05302901449565
WXN-81,51.95,34.24,1,True,38.0,-101.5,30.27117585484423
WWG-22,77.93,8.61,1,True,38.5,-101.5,50.22520283544017
WXK-96,33.88,45.84,0,False,39.0,-101.5,36.06533018211111
WXM-87,41.59,38.57,0,False,40.0,-101.5,48.53780308011768
WNG-524,54.32,29.94,2,True,40.5,-101.5,50.564736760125285
WXL-68,76.31,18.18,1,True,41.0,-101.5,39.32755183587638
WXL-68,39.44,37.69,0,False,41.5,-101.5,46.0930360100485
KPS-502,69.0,23.65,1,True,42.0,-101.5,70.98829311318923
WXL-76,78.61,16.23,1,True,42.5,-101.5,75.53841739056833
WXL-76,71.08,24.72,1,True,43.0,-101.5,76.97061765608177
KXI-59,33.81,34.0,0,False,43.5,-101.5,84.24424280345819
KXI-59,79.03,7.22,1,True,44.0,-101.5,63.918255852884734
WNG-557,61.77,53.53,1,True,44.5,-101.5,58.828726726609545
WNG-551,65.52,30.91,2,True,45.0,-101.5,72.26976836321494
WNG-551,81.41,11.72,1,True,45.5,-101.5,96.28079371511427
WNG-551,30.11,41.31,0,False,46.0,-101.5,64.2032065929855
WXL-78,53.8,33.23,1,True,46.5,-101.5,36.892630748192424
WXL-78,55.92,43.22,1,True,47.0,-101.5,31.41710746620994
WXL-83,62.77,38.4,1,True,47.5,-101.5,51.98628389887592
WXL-83,36.31,65.77,0,False,49.0,-101.5,53.65198176498665
WNG-601,-17.9,169.18,0,False,25.0,-101.0,158.0220073728891
WXK-26,0.71,166.85,0,False,25.5,-101.0,139.0813421702096
KHB-33,0.92,175.05,0,False,26.0,-101.0,126.89566018775068
KHB-33,-8.48,175.22,0,False,26.5,-101.0,110.96818766712454
WXJ-98,-12.5,170.57,0,False,27.0,-101.0,96.64490928311805
WXK-26,10.28,90.59,0,False,27.5,-101.0,89.45620585689862
WNG-692,8.33,76.97,0,False,28.0,-101.0,58.36259967993373
WXJ-98,23.36,66.93,0,False,28.5,-101.0,34.59653829135284
WXJ-98,5.93,36.73,0,False,30.0,-101.0,44.08228555191638
WXL-44,45.45,23.05,0,False,30.5,-101.0,72.8035439610231
WXL-44,56.85,24.09,1,True,31.0,-101.0,44.601725349246216
WXK-33,42.86,34.2,0,False,31.5,-101.0,32.63763819202927
WZ-2507,57.08,13.83,1,True,33.5,-101.0,30.661830068030877
WZ-2507,42.64,25.52,0,False,34.0,-101.0,43.43952587300403
KJY-97,42.43,44.65,0,False,34.5,-101.0,46.47008234141324
WXK-38,41.72,56.17,0,False,35.0,-101.0,37.90809999034189
WNG-535,52.55,29.66,1,True,38.5,-101.0,36.98368419955637
KPS-502,95.79,2.25,1,True,42.0,-101.0,61.56769422489842
WXL-76,49.5,38.12,0,False,42.5,-101.0,95.66879797587876
WXN-82,66.88,23.87,1,True,43.0,-101.0,100.87417059934354
WNG-558,76.17,13.9,1,True,43.5,-101.0,69.25549099722612
KXI-59,49.8,31.98,0,False,44.0,-101.0,42.47337442204798
WXM-26,42.19,32.29,0,False,44.5,-101.0,34.62068461279047
WXM-26,50.11,50.92,1,True,45.0,-101.0,54.590620430059346
WNG-551,68.06,14.89,1,True,45.5,-101.0,84.54950999170316
WNG-551,47.13,42.31,0,False,46.0,-101.0,57.21737454604766
WXL-83,56.74,42.15,1,True,47.5,-101.0,46.83584892392539
WXL-83,34.54,67.97,0,False,49.0,-101.0,54.19167824376486
WNG-601,-12.9,144.79,0,False,25.0,-100.5,134.95377600467074
WXK-26,-53.5,152.14,0,False,25.5,-100.5,112.30916029713389
WNG-601,-14.5,110.61,0,False,26.0,-100.5,96.95739423056247
WNG-601,12.88,107.0,0,False,26.5,-100.5,86.61779542728057
WXK-26,3.15,70.02,0,False,27.0,-100.5,67.45524344293356
WXK-26,24.72,59.95,0,False,27.5,-100.5,62.05670611847313
WXK-26,32.1,68.36,0,False,28.0,-100.5,49.19178344312013
WXJ-98,25.26,47.95,0,False,30.0,-100.5,49.101166977773005
WXL-44,35.22,48.68,0,False,30.5,-100.5,65.18080797213214
WXK-33,45.51,43.19,0,False,31.0,-100.5,30.707965863753607
WXK-33,49.5,26.32,0,False,32.0,-100.5,32.85723404066861
KWN-37,43.37,45.87,0,False,33.0,-100.5,30.98523157536791
WZ-2507,45.54,22.56,0,False,33.5,-100.5,55.169125989295296
WZ-2507,52.36,31.09,1,True,34.0,-100.5,69.43467697911535
KJY-97,74.89,16.51,1,True,34.5,-100.5,68.83164711393357
WNG-713,36.89,43.37,0,False,35.0,-100.5,46.05562640516736
WNG-713,62.61,25.97,1,True,36.0,-100.5,31.82285654063239
WXK-93,80.58,12.95,2,True,37.5,-100.5,31.937812956708527
WNG-535,86.47,5.25,1,True,38.5,-100.5,41.05570939698354
WNG-535,44.52,39.37,0,False,39.0,-100.5,39.51775467382669
WXK-96,64.11,21.87,1,True,39.5,-100.5,30.168538985807132
KPS-502,52.0,27.73,1,True,42.0,-100.5,61.87079899657369
WXN-82,46.58,26.99,0,False,42.5,-100.5,95.86261216546056
WXN-82,77.79,8.16,1,True,43.0,-100.5,95.41291584148732
WNG-558,59.21,13.28,1,True,43.5,-100.5,61.099706713139085
WXM-40,60.36,38.64,1,True,45.0,-100.5,44.08832983282126
WXM-40,68.93,27.99,1,True,45.5,-100.5,78.23875183013382
WNG-551,32.66,55.11,0,False,46.0,-100.5,57.60086857372948
WXL-83,31.76,56.18,0,False,47.5,-100.5,49.1461960515791
WXL-83,57.88,41.28,1,True,48.0,-100.5,39.455857586574886
KWN-45,71.09,11.53,2,True,48.5,-100.5,40.04888648474201
VXK-206,42.48,45.46,0,False,49.0,-100.5,63.545210669886195
WNG-601,40.43,123.46,0,False,25.0,-100.0,115.72227035371301
WNG-601,8.53,98.53,0,False,25.5,-100.0,88.3886643311735
WXK-26,-5.91,109.12,0,False,26.0,-100.0,67.97258971275033
WXK-26,23.24,76.41,0,False,26.5,-100.0,61.76402497810992
WXK-26,43.73,46.43,0,False,27.0,-100.0,40.607419255383824
WXK-26,55.14,29.33,1,True,27.5,-100.0,31.528376895588018
WXK-26,46.61,44.18,0,False,28.0,-100.0,37.38446556214202
WWG-93,44.45,36.18,0,False,30.0,-100.0,52.018866009152084
WWG-93,79.42,14.8,1,True,30.5,-100.0,57.4620483781914
WWG-93,39.61,38.94,0,False,31.0,-100.0,38.32849103742786
WXK-33,57.69,36.58,2,True,32.0,-100.0,34.91547748545366
WXK-29,46.2,55.44,0,False,33.0,-100.0,40.655251143985524
WNG-722,33.09,53.19,0,False,33.5,-100.0,60.15817240341932
KJY-97,42.13,32.82,0,False,34.0,-100.0,41.34655382842193
KJY-97,72.1,13.21,1,True,34.5,-100.0,40.98589306712725
KJY-97,29.0,40.73,0,False,35.0,-100.0,41.607307018895604
WNG-713,40.45,32.14,0,False,35.5,-100.0,32.876340189469694
WNG-713,40.89,40.21,0,False,36.0,-100.0,44.24441447654907
WWG-46,45.65,37.3,0,False,36.5,-100.0,33.4218928850652
WNG-555,47.49,29.59,0,False,37.0,-100.0,51.35377871663664
WNG-535,51.73,25.28,1,True,38.5,-100.0,45.06526282734405
WXM-35,60.82,28.49,1,True,39.0,-100.0,37.39034064411439
WWF-87,81.08,5.12,1,True,39.5,-100.0,56.14380232599047
KEC-39,62.42,13.7,2,True,40.0,-100.0,35.7541323468661
WXN-72,74.69,12.12,1,True,41.5,-100.0,47.30417744071802
WXL-73,49.95,35.11,0,False,42.0,-100.0,72.12243191503873
WXL-73,66.08,28.41,1,True,42.5,-100.0,102.72546827465571
WXN-82,44.13,29.03,0,False,43.0,-100.0,96.33059596430797
KZZ-60,45.14,37.79,0,False,43.5,-100.0,62.511477434139586
KZZ-60,75.3,19.86,1,True,44.0,-100.0,30.37713160228645
WXM-40,56.69,27.59,1,True,45.0,-100.0,45.977096666949514
WXM-40,84.12,7.65,1,True,45.5,-100.0,74.26463026688681
WXM-40,47.59,41.74,0,False,46.0,-100.0,67.05767608380354
WNG-581,64.48,16.19,1,True,46.5,-100.0,42.40489041411461
WXL-78,50.25,47.82,1,True,47.0,-100.0,38.55576843895339
KWN-46,42.31,44.36,0,False,47.5,-100.0,59.68123297109581
WXL-83,29.66,64.33,0,False,48.0,-100.0,61.18571849712982
KWN-45,65.81,15.62,1,True,48.5,-100.0,61.396767550944354
KWN-42,58.44,18.82,1,True,49.0,-100.0,78.62731938026438
KHB-33,6.2,116.91,0,False,25.0,-99.5,102.51044101543239
WNG-601,12.5,77.07,0,False,25.5,-99.5,70.29448976814992
WNG-601,18.34,52.99,0,False,26.0,-99.5,41.96652906746248
WNG-601,37.36,45.42,0,False,26.5,-99.5,31.112912619142673
WXK-26,56.89,33.15,1,True,28.0,-99.5,30.850933297801255
WWG-93,60.79,15.13,1,True,30.5,-99.5,38.653292516448985
WXN-89,83.21,5.2,2,True,32.0,-99.5,34.34328859949158
WNG-722,60.91,21.76,2,True,33.0,-99.5,38.02886967079252
WNG-722,41.25,30.19,0,False,33.5,-99.5,46.22127490861835
WWG-46,42.8,43.11,0,False,37.0,-99.5,40.0969331718058
WNG-534,47.7,24.72,0,False,37.5,-99.5,33.60081962921106
WNG-534,40.22,40.74,0,False,38.0,-99.5,32.734743436504466
KWN-59,53.66,21.44,2,True,39.5,-99.5,43.85255004624361
WXL-75,58.62,26.67,1,True,40.0,-99.5,31.053321174743743
WXN-72,67.64,18.35,1,True,41.5,-99.5,51.5046299002915
WXL-73,75.47,23.37,1,True,42.0,-99.5,85.39194129836989
WXL-73,81.83,11.21,1,True,42.5,-99.5,110.37046877946993
WXL-73,41.63,45.74,0,False,43.0,-99.5,89.2514703871138
KZZ-60,70.79,32.6,1,True,43.5,-99.5,72.93729214902226
KZZ-60,87.74,5.65,1,True,44.0,-99.5,48.19897524212653
KZZ-60,41.93,37.26,0,False,44.5,-99.5,41.3926010264272
WXM-40,52.58,34.86,1,True,45.0,-99.5,59.080176060628794
WXM-40,64.86,22.54,1,True,45.5,-99.5,50.06286418187391
WXM-40,55.11,46.78,1,True,46.0,-99.5,62.01651167287159
WNG-581,59.32,16.76,1,True,46.5,-99.5,47.45601044198509
WNG-581,39.96,26.15,0,False,47.0,-99.5,38.6189087274566
KWN-46,63.03,25.57,1,True,47.5,-99.5,55.83628310024907
KWN-46,64.89,22.37,1,True,48.0,-99.5,83.63185295393735
KWN-42,52.73,25.05,1,True,48.5,-99.5,83.59742942097215
KWN-42,65.37,12.71,1,True,49.0,-99.5,96.79581967869011
KHB-33,11.68,97.71,0,False,25.0,-99.0,89.76371377783096
WNG-601,22.35,64.04,0,False,25.5,-99.0,60.016783653558605
WXK-26,41.59,48.18,0,False,27.0,-99.0,38.89686296962502
WXK-26,65.8,32.02,1,True,27.5,-99.0,30.190136681175822
WXK-26,40.19,46.0,0,False,28.0,-99.0,42.952919633686555
WNG-722,66.03,25.71,2,True,33.5,-99.0,36.76701419901657
WWG-46,57.26,32.99,1,True,36.0,-99.0,34.181354144067754
KWN-59,74.73,9.64,2,True,39.5,-99.0,46.128061204498344
WXL-75,65.64,35.94,1,True,40.0,-99.0,36.22863577940694
KWN-62,72.46,16.54,1,True,41.5,-99.0,52.058103517114
KWN-62,63.84,19.95,2,True,42.0,-99.0,81.09438680557204
WXL-73,67.0,27.29,1,True,42.5,-99.0,85.97310853528356
WXL-73,56.35,52.02,1,True,43.0,-99.0,69.97785698779607
KZZ-60,41.35,44.08,0,False,43.5,-99.0,50.87679894579682
KZZ-60,68.01,30.09,1,True,44.0,-99.0,46.45202275803114
WXM-27,75.23,12.01,1,True,44.5,-99.0,40.11452531088273
WXM-27,51.89,42.61,1,True,45.0,-99.0,41.249364935709316
WXM-40,31.84,61.63,0,False,46.0,-99.0,45.01945073108402
WXL-81,48.34,29.65,0,False,46.5,-99.0,31.636678206975308
KWN-46,61.58,20.58,1,True,47.5,-99.0,43.47052791411407
KWN-46,63.39,16.49,3,True,48.0,-99.0,76.90624084101307
WWG-25,50.82,21.59,1,True,48.5,-99.0,97.5013922023213
KWN-42,42.22,31.61,0,False,49.0,-99.0,115.88645069688133
WZ-2542,20.79,85.65,0,False,25.0,-98.5,78.14990750430486
KHB-33,40.49,52.75,0,False,25.5,-98.5,44.83634620663541
WNG-609,39.19,47.12,0,False,27.0,-98.5,47.162263532672135
WNG-609,47.08,44.84,0,False,27.5,-98.5,31.937595179206227
WXK-26,33.09,70.72,0,False,28.0,-98.5,31.46476825870604
WNG-696,59.12,21.78,1,True,28.5,-98.5,32.03408485438789
WWG-94,43.73,34.24,0,False,31.5,-98.5,31.64808742119007
WXL-48,45.17,32.6,0,False,36.0,-98.5,33.569525173226744
WXK-94,40.22,52.26,0,False,39.0,-98.5,44.907357442114545
WXK-94,49.17,42.63,0,False,39.5,-98.5,45.67918873312223
WNG-578,70.58,24.46,2,True,40.0,-98.5,41.58086783451184
WNG-645,53.03,21.34,1,True,41.5,-98.5,40.64877237693395
KWN-62,50.79,27.57,1,True,42.0,-98.5,55.445354979716676
WXL-73,53.65,51.62,1,True,42.5,-98.5,62.37210050389169
KXI-25,74.09,4.49,1,True,43.0,-98.5,55.58248368293571
WXM-27,50.6,44.03,1,True,45.0,-98.5,32.14623025576578
WXM-25,40.87,37.74,0,False,46.0,-98.5,37.01865584280247
WXM-38,43.03,50.07,0,False,47.5,-98.5,41.993164794016366
WXM-38,69.82,25.29,1,True,48.0,-98.5,66.21233006759725
WXM-38,62.36,34.05,2,True,48.5,-98.5,77.17161860672702
KWN-43,51.23,18.07,1,True,49.0,-98.5,99.56716654650327
WZ-2542,18.2,75.48,0,False,25.0,-98.0,75.78924864638529
WZ-2542,46.52,41.57,0,False,25.5,-98.0,41.282274759184034
WNG-609,60.47,23.4,1,True,27.0,-98.0,36.22396824022905
WXK-31,42.49,35.48,0,False,34.0,-98.0,31.005889893908684
WZ-2511,43.74,33.85,0,False,37.0,-98.0,36.34237897089272
WZ-2511,69.38,23.81,1,True,37.5,-98.0,35.44624224738311
WNG-578,79.4,9.34,1,True,40.0,-98.0,35.30418391380737
WNG-645,68.58,10.36,1,True,41.5,-98.0,33.639448909911955
WXL-77,49.48,41.42,0,False,42.5,-98.0,40.96917850792158
KXI-21,54.02,28.28,1,True,43.0,-98.0,31.661586613737835
WXM-25,50.58,36.11,1,True,45.0,-98.0,39.35782805014779
WNG-656,42.81,36.24,0,False,46.0,-98.0,43.32393289497814
WXM-38,36.34,44.22,0,False,47.5,-98.0,39.90323099365464
WXM-38,83.07,9.68,1,True,48.0,-98.0,43.226820851096036
WXM-38,74.94,24.88,2,True,48.5,-98.0,58.85896533313726
VXM-345,64.2,8.96,1,True,49.0,-98.0,86.29658946064164
WWG-34,19.05,62.92,0,False,25.0,-97.5,69.01590581474548
WWG-34,51.68,28.41,1,True,25.5,-97.5,34.52158840002532
WNG-609,55.63,27.66,1,True,27.0,-97.5,40.04081198316357
KZZ-69,54.43,34.37,2,True,40.0,-97.5,30.92848207133654
WXM-28,52.24,48.39,1,True,43.5,-97.5,31.047378312813454
KXI-71,55.78,21.09,1,True,44.5,-97.5,33.01228825109531
WXM-41,43.51,32.33,0,False,45.5,-97.5,44.13562804219317
WNG-656,34.71,42.26,0,False,46.0,-97.5,46.49039647210493
WNG-656,62.51,21.8,2,True,46.5,-97.5,37.45447041920747
WXM-38,56.29,49.8,2,True,47.5,-97.5,34.65040872805708
WXM-38,70.52,33.67,2,True,48.5,-97.5,45.09306140101268
VFN-684,65.67,7.59,2,True,49.0,-97.5,77.32695273501655
WWG-34,13.5,71.07,0,False,25.0,-97.0,74.46757590182675
WWG-34,35.78,43.53,0,False,25.5,-97.0,41.31672514510694
WZ-2542,33.91,58.9,0,False,26.5,-97.0,34.51564297194186
WNG-609,30.11,53.6,0,False,27.0,-97.0,54.83053768135036
WXL-71,61.1,23.64,1,True,38.5,-97.0,31.63168238930276
KZZ-67,54.59,27.6,1,True,39.5,-97.0,30.15467802671991
WXM-41,56.53,22.2,1,True,45.5,-97.0,41.475434779762374
WXM-38,58.84,52.0,2,True,48.5,-97.0,39.50612927402773
WNG-583,46.28,26.53,0,False,49.0,-97.0,72.0225355881207
WWG-34,7.15,89.94,0,False,25.0,-96.5,86.55048005586008
WWG-34,14.33,70.14,0,False,25.5,-96.5,60.37025149129801
WWG-34,18.99,64.32,0,False,26.0,-96.5,46.7443653150394
WZ-2542,12.05,87.22,0,False,26.5,-96.5,55.788805980719445
KHB-41,13.57,77.68,0,False,27.0,-96.5,71.95307227929148
KHB-41,22.23,58.44,0,False,27.5,-96.5,46.093187594184116
WXL-26,43.94,30.45,0,False,28.0,-96.5,34.62733210576057
WNG-644,47.91,40.28,0,False,36.5,-96.5,30.204241665269034
WNG-644,60.1,39.81,2,True,37.0,-96.5,30.126791592502663
WXL-62,49.32,35.54,0,False,42.0,-96.5,31.099816205401964
WXM-41,65.06,28.03,2,True,45.0,-96.5,32.57702249924416
WNG-583,60.05,15.76,1,True,48.5,-96.5,30.689514268559577
WNG-583,54.15,20.12,1,True,49.0,-96.5,63.16471750536552
WWG-34,4.01,114.34,0,False,25.0,-96.0,106.6777667862301
WWG-34,5.9,99.41,0,False,25.5,-96.0,86.70406433416072
WWG-34,6.44,95.29,0,False,26.0,-96.0,77.72859609966335
WNG-609,7.56,124.1,0,False,26.5,-96.0,83.382045889434
KHB-41,10.26,101.69,0,False,27.0,-96.0,91.76695287859432
KHB-41,12.11,87.77,0,False,27.5,-96.0,73.17006617160258
WXL-26,34.8,40.79,0,False,28.0,-96.0,57.2913420194818
WWG-40,51.73,33.18,1,True,28.5,-96.0,33.36251983594009
WXK-30,53.06,31.54,1,True,31.0,-96.0,31.722794845534544
KWN-49,61.69,10.54,1,True,34.5,-96.0,32.21986626570848
WXK-91,43.72,34.28,0,False,39.5,-96.0,36.040267285592996
KWN-41,54.1,23.3,1,True,40.0,-96.0,43.687670028459785
WXL-62,58.98,35.84,1,True,42.0,-96.0,32.433186866920735
KXI-50,54.05,21.77,2,True,44.0,-96.0,32.586937880501274
WNG-610,60.84,24.4,1,True,47.5,-96.0,34.01126014227988
CGN-886,47.44,20.48,0,False,49.0,-96.0,61.951219288817306
WWG-34,0.34,141.43,0,False,25.0,-95.5,131.19773561701496
WWG-34,2.03,129.55,0,False,25.5,-95.5,115.43872188337049
WWG-34,2.46,126.3,0,False,26.0,-95.5,108.74625828261539
KHB-41,3.84,146.91,0,False,26.5,-95.5,112.74660258827106
KHB-41,6.63,128.57,0,False,27.0,-95.5,116.38266995912069
WWG-40,10.22,106.7,0,False,27.5,-95.5,100.04130637495945
WWG-40,16.7,74.22,0,False,28.0,-95.5,65.67736642550341
WWG-40,39.57,44.92,0,False,28.5,-95.5,31.71377236220537
KJY-77,38.96,20.15,0,False,34.5,-95.5,33.19623826349383
KWN-41,62.25,17.52,1,True,40.0,-95.5,35.833185051539324
WXK-43,41.06,32.72,0,False,48.0,-95.5,32.2123775913665
WWF-45,43.09,28.65,0,False,48.5,-95.5,41.124555566367064
WWF-45,55.55,25.12,1,True,49.0,-95.5,68.78784944583978
WWG-34,-4.17,169.93,0,False,25.0,-95.0,158.0791029524313
WWG-34,-2.55,160.07,0,False,25.5,-95.0,145.1550715612512
WWG-34,-2.11,157.33,0,False,26.0,-95.0,139.77479375963892
KHB-41,-0.36,172.3,0,False,26.5,-95.0,142.79354796631432
WWG-40,4.29,149.8,0,False,27.0,-95.0,136.04313632373362
WWG-40,8.65,119.01,0,False,27.5,-95.0,102.09841306632966
WWG-40,12.26,90.96,0,False,28.0,-95.0,68.75616006259177
KHB-40,29.78,57.39,0,False,28.5,-95.0,37.652433281380866
WXJ-65,49.63,21.49,0,False,34.5,-95.0,42.31157861699199
KXI-31,66.71,10.47,2,True,44.0,-95.0,34.06921629128098
WXJ-64,68.23,23.06,2,True,46.5,-95.0,35.98933511153628
WWG-98,89.19,4.81,2,True,47.0,-95.0,33.600298910194724
WXM-99,52.25,32.1,1,True,48.0,-95.0,36.349471334878736
WWF-45,50.45,20.09,1,True,48.5,-95.0,60.41506788707501
WWF-45,64.96,14.76,1,True,49.0,-95.0,77.82478165960923
,0.0,,0,False,25.0,-94.5,186.30219205067414
WWG-34,-7.65,190.78,0,False,25.5,-94.5,175.35441841175398
WWG-34,-7.24,188.37,0,False,26.0,-94.5,170.80794585133225
WWG-40,-3.05,194.36,0,False,26.5,-94.5,173.1677041212439
KHB-40,2.01,164.26,0,False,27.0,-94.5,144.17700454343404
KHB-40,7.1,130.56,0,False,27.5,-94.5,112.66296252279159
KHB-40,11.34,97.46,0,False,28.0,-94.5,83.58071868498939
KHB-40,22.82,65.86,0,False,28.5,-94.5,56.883373260759925
WWG-98,70.07,24.42,2,True,47.0,-94.5,37.71346710534574
WXM-99,49.94,33.73,0,False,48.0,-94.5,40.113286790859185
WWF-45,44.31,32.07,0,False,48.5,-94.5,50.30500817566853
WWF-45,50.51,28.92,1,True,49.0,-94.5,57.2486120295229
,0.0,,0,False,25.0,-94.0,215.3397784172526
,0.0,,0,False,25.5,-94.0,205.823931479078
KHB-40,-10.0,238.64,0,False,26.0,-94.0,201.84323481435098
KHB-40,-4.84,205.5,0,False,26.5,-94.0,188.2217525639736
KHB-40,0.59,172.9,0,False,27.0,-94.0,157.88535654891106
KHB-40,5.59,141.23,0,False,27.5,-94.0,129.6718776581067
KHB-40,9.59,111.29,0,False,28.0,-94.0,101.80272770460824
KHB-40,13.05,84.92,0,False,28.5,-94.0,74.71412494480396
KHB-40,22.28,66.51,0,False,29.0,-94.0,56.45755943114313
KZZ-68,44.83,27.41,0,False,40.5,-94.0,35.669290243117935
WXK-45,43.39,33.98,0,False,48.0,-94.0,48.911801880484354
VDB-224,48.95,14.24,0,False,49.0,-94.0,39.164635570091086
,0.0,,0,False,25.0,-93.5,244.90197603372735
,0.0,,0,False,25.5,-93.5,236.4588409843853
,0.0,,0,False,26.0,-93.5,232.87944182094267
,0.0,,0,False,26.5,-93.5,203.60936417278754
KHB-40,-1.64,186.18,0,False,27.0,-93.5,175.86926125296046
KHB-40,3.16,157.14,0,False,27.5,-93.5,147.47368406996088
KHB-40,7.06,130.81,0,False,28.0,-93.5,120.66651514785384
KHB-40,9.86,109.15,0,False,28.5,-93.5,97.11837987452455
WXK-28,12.9,86.74,0,False,29.0,-93.5,64.43298703947899
KHB-42,34.61,51.09,0,False,29.5,-93.5,35.47116745537188
WNG-678,58.34,27.19,1,True,46.0,-93.5,33.01117808108069
KZZ-84,94.88,2.47,1,True,46.5,-93.5,34.72130656739223
WXK-45,51.28,27.03,1,True,48.0,-93.5,40.87243234574631
,0.0,,0,False,25.0,-93.0,274.8191898657529
,0.0,,0,False,25.5,-93.0,267.2018988522934
,0.0,,0,False,26.0,-93.0,249.60800514128653
,0.0,,0,False,26.5,-93.0,222.1618075377998
KHB-40,-4.47,203.19,0,False,27.0,-93.0,193.429324949828
KHB-40,-0.07,176.88,0,False,27.5,-93.0,166.77004486048318
WXK-80,3.89,153.95,0,False,28.0,-93.0,139.90171691833174
KHB-42,8.57,120.39,0,False,28.5,-93.0,109.05680252354081
KHB-42,12.96,86.42,0,False,29.0,-93.0,81.2472916689649
KHB-42,34.34,53.2,0,False,29.5,-93.0,50.25285604502928
WNG-678,79.02,11.01,1,True,46.0,-93.0,32.228187513241075
KZZ-44,52.78,16.96,1,True,48.0,-93.0,40.328246767761726
WXK-45,40.1,49.06,0,False,49.0,-93.0,33.97542277536765
,0.0,,0,False,25.0,-92.5,304.98660228060425
,0.0,,0,False,25.5,-92.5,295.7931759511682
,0.0,,0,False,26.0,-92.5,265.1802365017871
,0.0,,0,False,26.5,-92.5,232.09934048753476
KIH-23,-5.3,206.67,0,False,27.0,-92.5,199.51538113254938
KIH-23,-0.11,175.29,0,False,27.5,-92.5,167.71824076544192
WXK-80,4.96,144.75,0,False,28.0,-92.5,137.11407028022023
WXK-80,9.53,111.19,0,False,28.5,-92.5,104.37852471757978
WXK-80,14.38,78.49,0,False,29.0,-92.5,71.01973923049962
WXK-80,38.59,48.43,0,False,29.5,-92.5,39.74546346969066
WXL-46,59.11,27.02,1,True,37.0,-92.5,32.71027852402171
WNG-678,64.12,25.66,2,True,46.0,-92.5,40.26086321664027
KZZ-44,50.62,16.97,1,True,48.0,-92.5,33.363362925009234
KZZ-44,62.07,24.92,1,True,48.5,-92.5,41.999363754193254
KZZ-44,25.48,57.8,0,False,49.0,-92.5,50.18307769523044
,0.0,,0,False,25.0,-92.0,326.26064448989933
,0.0,,0,False,25.5,-92.0,292.6337698420947
,0.0,,0,False,26.0,-92.0,258.481785991563
,0.0,,0,False,26.5,-92.0,224.45055967886816
KIH-23,-3.67,196.82,0,False,27.0,-92.0,190.60478336321404
KIH-23,1.86,163.62,0,False,27.5,-92.0,157.06439069066423
KIH-23,6.83,131.11,0,False,28.0,-92.0,124.07728201570177
KIH-23,10.88,99.98,0,False,28.5,-92.0,92.23898703752928
WXK-80,18.58,72.43,0,False,29.0,-92.0,61.75291536981719
WXK-80,48.13,37.89,0,False,29.5,-92.0,33.69248458933779
WXK-82,54.27,36.72,1,True,40.0,-92.0,33.17290482009968
WXL-99,75.65,10.62,2,True,40.5,-92.0,31.99747499853981
KZZ-79,79.46,9.95,1,True,46.0,-92.0,37.57273552664593
KXI-44,65.26,10.87,2,True,48.0,-92.0,40.97044294367491
KZZ-44,33.67,40.94,0,False,48.5,-92.0,64.71267135728259
VFI-331,45.23,22.83,0,False,49.0,-92.0,70.12948099610327
,0.0,,0,False,25.0,-91.5,320.1761289524439
,0.0,,0,False,25.5,-91.5,286.06215814573824
,0.0,,0,False,26.0,-91.5,252.0659520390134
,0.0,,0,False,26.5,-91.5,218.24255123162376
KIH-23,-2.86,191.34,0,False,27.0,-91.5,184.6869224993482
KIH-23,2.89,157.02,0,False,27.5,-91.5,151.57700597339806
KIH-23,7.87,122.81,0,False,28.0,-91.5,117.39802724675975
KIH-23,12.35,88.88,0,False,28.5,-91.5,83.08320080422219
KIH-23,29.61,55.7,0,False,29.0,-91.5,49.09511198380403
WXJ-54,63.78,21.91,1,True,34.0,-91.5,30.883686237333556
WWF-76,68.72,23.92,1,True,37.5,-91.5,33.93603594563137
KZZ-79,69.79,14.12,1,True,46.0,-91.5,37.41150033531941
KIG-64,46.0,35.38,0,False,46.5,-91.5,30.37851469285733
KIG-64,61.81,32.41,1,True,47.0,-91.5,33.55899179849252
WNG-630,66.78,12.89,1,True,47.5,-91.5,47.25098645743271
KXI-44,44.08,17.75,0,False,48.0,-91.5,57.64315669041374
VFI-331,53.4,19.76,1,True,48.5,-91.5,82.46026319100432
VFI-331,44.49,17.0,0,False,49.0,-91.5,91.39821852783119
,0.0,,0,False,25.0,-91.0,316.9587723468194
,0.0,,0,False,25.5,-91.0,282.47218753678686
,0.0,,0,False,26.0,-91.0,248.00240147984584
,0.0,,0,False,26.5,-91.0,213.55754868157325
,0.0,,0,False,27.0,-91.0,179.1520111960847
KIH-23,2.81,156.12,0,False,27.5,-91.0,144.81381389704265
KIH-23,7.87,121.68,0,False,28.0,-91.0,110.6056930849713
KIH-23,12.53,87.31,0,False,28.5,-91.0,76.70188434022252
KIH-23,31.71,53.17,0,False,29.0,-91.0,43.814607764782046
KXI-66,57.86,10.73,1,True,37.0,-91.0,36.304252608209
WWG-49,53.97,34.39,1,True,37.5,-91.0,35.00426510280276
WNG-577,88.46,4.18,2,True,45.5,-91.0,36.08657856660894
WXM-91,59.65,35.05,1,True,46.0,-91.0,40.54829695827646
WNG-630,62.06,11.23,1,True,47.5,-91.0,63.846979856909186
KXI-45,72.64,12.34,1,True,48.0,-91.0,77.75290548750063
KXI-45,52.83,31.15,1,True,48.5,-91.0,97.44784660362926
KXI-45,6.69,64.62,0,False,49.0,-91.0,113.24603261964533
,0.0,,0,False,25.0,-90.5,316.6960221992243
,0.0,,0,False,25.5,-90.5,282.178603269209
,0.0,,0,False,26.0,-90.5,247.66943083828195
,0.0,,0,False,26.5,-90.5,213.17250987599988
WXL-41,-0.82,173.25,0,False,27.0,-90.5,178.69493594207222
WXL-41,4.46,141.24,0,False,27.5,-90.5,144.25058221013563
WXL-41,8.87,110.77,0,False,28.0,-90.5,109.87069663429246
WXL-41,12.52,83.52,0,False,28.5,-90.5,75.64323278323259
KIH-23,20.5,66.07,0,False,29.0,-90.5,41.94301527313549
WXM-91,62.53,32.63,2,True,45.5,-90.5,44.62015228430781
WXM-91,81.59,11.47,1,True,46.0,-90.5,35.47348825440706
WNG-630,51.43,46.61,1,True,47.0,-90.5,33.920326162465365
KXI-43,61.34,30.33,2,True,47.5,-90.5,65.92264685336056
KXI-45,57.67,13.17,2,True,48.0,-90.5,99.23107341556646
KXI-45,32.97,31.49,0,False,48.5,-90.5,115.15435611714055
KXI-45,19.93,64.78,0,False,49.0,-90.5,135.39217103401705
,0.0,,0,False,25.0,-90.0,319.3951745868295
,0.0,,0,False,25.5,-90.0,285.1915904433616
,0.0,,0,False,26.0,-90.0,251.08188785488576
,0.0,,0,False,26.5,-90.0,217.11031997478923
WXL-41,0.52,165.3,0,False,27.0,-90.0,183.3536833256732
WXL-41,5.97,131.41,0,False,27.5,-90.0,149.95719685605656
WXL-41,10.56,97.99,0,False,28.0,-90.0,117.22906706540519
WXL-41,15.33,65.73,0,False,28.5,-90.0,85.93633130277486
WXL-41,38.36,37.78,0,False,29.0,-90.0,58.43250398548002
WXM-91,80.05,13.71,1,True,46.0,-90.0,32.099012826012434
KXI-43,44.02,60.33,0,False,47.0,-90.0,38.471710289592636
KXI-43,64.98,26.28,1,True,47.5,-90.0,72.17293659011166
KXI-43,51.14,11.31,1,True,48.0,-90.0,89.90965798004036
XMJ-374,31.03,40.53,0,False,48.5,-90.0,113.47979771363832
XMJ-374,15.87,52.03,0,False,49.0,-90.0,141.6273516565496
,0.0,,0,False,25.0,-89.5,324.98239497427113
,0.0,,0,False,25.5,-89.5,291.40855547722293
,0.0,,0,False,26.0,-89.5,258.09119559056916
,0.0,,0,False,26.5,-89.5,225.14420773399613
,0.0,,0,False,27.0,-89.5,192.7576027507202
WXL-41,6.45,128.2,0,False,27.5,-89.5,161.26934848152914
WXL-41,11.13,93.65,0,False,28.0,-89.5,131.3272339479611
WXL-41,19.45,59.11,0,False,28.5,-89.5,102.94556842233429
WXL-41,51.99,24.59,1,True,29.0,-89.5,71.09575835924062
WXL-41,72.6,10.1,1,True,29.5,-89.5,43.57023276393858
WWF-40,92.6,3.21,2,True,44.0,-89.5,31.215286546732887
WNG-683,62.85,13.01,1,True,46.5,-89.5,31.109059017529507
WXK-73,60.83,37.99,1,True,47.0,-89.5,44.47685227925452
KXI-43,58.52,39.28,2,True,47.5,-89.5,51.16675875292618
XMJ-374,34.86,40.27,0,False,48.0,-89.5,72.37764705419782
VBA-26,69.26,10.17,2,True,48.5,-89.5,100.29945805684422
XMJ-374,25.68,37.29,0,False,49.0,-89.5,131.40894080802337
,0.0,,0,False,25.0,-89.0,333.31239280756125
,0.0,,0,False,25.5,-89.0,300.6306945729987
,0.0,,0,False,26.0,-89.0,268.41561115293763
,0.0,,0,False,26.5,-89.0,236.8576129718046
,0.0,,0,False,27.0,-89.0,206.25852775866915
WXL-41,5.86,132.08,0,False,27.5,-89.0,177.1160490944791
WXL-41,10.44,98.88,0,False,28.0,-89.0,146.48307217250382
WXL-41,15.09,67.05,0,False,28.5,-89.0,116.24635826651601
WXL-41,36.72,40.02,0,False,29.0,-89.0,89.1960576128574
WXL-41,43.24,33.07,0,False,29.5,-89.0,58.97454187828199
KJY-76,69.58,23.12,2,True,46.0,-89.0,32.43467471611916
KJY-76,48.2,35.25,0,False,46.5,-89.0,46.9418786944779
WXK-73,63.71,35.13,1,True,47.5,-89.0,32.03409657598791
KXI-43,45.84,53.73,0,False,48.0,-89.0,58.97221362735916
XMJ-374,78.73,5.52,2,True,48.5,-89.0,91.19332370993097
XLJ-891,44.69,31.47,0,False,49.0,-89.0,124.66629162104637
,0.0,,0,False,25.0,-88.5,344.1859555980585
,0.0,,0,False,25.5,-88.5,312.59200109345414
,0.0,,0,False,26.0,-88.5,281.69069828173315
,0.0,,0,False,26.5,-88.5,251.73725092335124
,0.0,,0,False,27.0,-88.5,222.05165999489003
WXL-41,4.26,142.48,0,False,27.5,-88.5,191.22525121760896
WXL-41,8.7,112.34,0,False,28.0,-88.5,161.90680009164365
WXL-41,12.14,85.59,0,False,28.5,-88.5,129.00020407365614
WXL-41,15.2,66.47,0,False,29.0,-88.5,94.46611205207299
WXL-41,17.25,62.42,0,False,29.5,-88.5,59.946947211062145
WNG-640,52.24,23.07,1,True,31.5,-88.5,40.28165794863722
KIH-51,45.83,44.79,0,False,33.0,-88.5,35.49569924857494
KJY-76,58.05,27.65,1,True,46.5,-88.5,39.692090455891034
WXK-73,36.52,67.26,0,False,48.0,-88.5,52.92838870057697
XLJ-891,50.37,33.66,1,True,48.5,-88.5,87.44404235434135
XLJ-891,42.26,8.97,0,False,49.0,-88.5,121.9774703445394
,0.0,,0,False,25.0,-88.0,357.370817655075
,0.0,,0,False,25.5,-88.0,326.99183541364715
,0.0,,0,False,26.0,-88.0,295.6914179598179
,0.0,,0,False,26.5,-88.0,261.2124492049775
,0.0,,0,False,27.0,-88.0,226.754171043565
WXL-41,1.71,158.13,0,False,27.5,-88.0,192.3277048677313
WXL-41,5.93,131.53,0,False,28.0,-88.0,157.9538525881882
WXL-41,9.04,109.47,0,False,28.5,-88.0,123.67649151589642
WXL-41,10.93,95.15,0,False,29.0,-88.0,89.6064232194373
KEC-61,16.43,80.37,0,False,29.5,-88.0,56.122447699729314
WWF-55,81.83,11.22,1,True,31.5,-88.0,41.80878327023662
WXL-72,65.45,26.51,2,True,32.0,-88.0,35.81738938256444
WXK-73,32.16,74.11,0,False,48.0,-88.0,56.6535872423126
VBA-2,49.48,36.81,0,False,48.5,-88.0,89.72582740582187
XLJ-891,65.83,14.09,1,True,49.0,-88.0,123.60742187142193
,0.0,,0,False,25.0,-87.5,343.94995169708017
,0.0,,0,False,25.5,-87.5,328.1601941241092
,0.0,,0,False,26.0,-87.5,295.42787406561774
,0.0,,0,False,26.5,-87.5,260.91542386611854
,0.0,,0,False,27.0,-87.5,226.41350921488657
WXL-41,-1.56,177.63,0,False,27.5,-87.5,191.92781197518755
WXL-41,2.36,154.33,0,False,28.0,-87.5,157.46898735265395
WXL-41,5.29,135.91,0,False,28.5,-87.5,123.05961182397468
KEC-86,9.49,112.74,0,False,29.0,-87.5,88.75721528248944
KEC-61,14.4,83.48,0,False,29.5,-87.5,54.763195547975585
WXL-72,55.72,33.24,1,True,32.0,-87.5,39.43823616839804
KIG-66,62.68,33.58,1,True,47.0,-87.5,31.804985300057123
WZ-2513,53.56,17.52,1,True,47.5,-87.5,47.56679810146284
VBA-2,32.14,56.94,0,False,48.0,-87.5,68.57367474588101
VBA-2,61.53,22.99,1,True,48.5,-87.5,97.61657664871615
VBA-2,42.49,14.21,0,False,49.0,-87.5,129.392974209921
,0.0,,0,False,25.0,-87.0,317.1243350282244
,0.0,,0,False,25.5,-87.0,300.0503503651563
,0.0,,0,False,26.0,-87.0,286.13971285822214
,0.0,,0,False,26.5,-87.0,264.13636940475567
,0.0,,0,False,27.0,-87.0,230.1011011279342
WWF-86,-4.04,200.42,0,False,27.5,-87.0,196.24453633889036
WWF-86,0.2,175.0,0,False,28.0,-87.0,162.39255940228932
KEC-86,5.25,144.37,0,False,28.5,-87.0,128.86761941093923
KEC-86,9.86,109.84,0,False,29.0,-87.0,95.14959529028954
KEC-86,16.36,75.33,0,False,29.5,-87.0,60.93584561594894
KWO-39,47.76,53.86,0,False,42.5,-87.0,37.95779168155831
KZZ-76,33.2,48.63,0,False,43.0,-87.0,39.37941626018627
WWF-36,44.35,48.08,0,False,43.5,-87.0,33.78400066038328
KIG-66,57.11,40.58,1,True,47.0,-87.0,36.95711267890348
KIG-66,29.99,71.8,0,False,47.5,-87.0,68.79516697308247
VAT-341,35.04,55.46,0,False,48.0,-87.0,85.32005662463831
VAT-341,58.99,25.91,2,True,48.5,-87.0,109.91457782433758
VBA-2,66.65,20.37,2,True,49.0,-87.0,138.81528217217434
,0.0,,0,False,25.0,-86.5,291.1260433057658
,0.0,,0,False,25.5,-86.5,272.5499089771564
,0.0,,0,False,26.0,-86.5,257.2871410913884
,0.0,,0,False,26.5,-86.5,245.8553887614307
,0.0,,0,False,27.0,-86.5,224.00451107257805
WWF-86,-1.07,182.56,0,False,27.5,-86.5,190.75910232320456
WWF-86,3.57,154.33,0,False,28.0,-86.5,158.07240708554156
WWF-86,7.25,129.21,0,False,28.5,-86.5,125.73102421782856
KGG-67,10.33,92.4,0,False,29.0,-86.5,93.28745120109
KGG-67,14.4,65.09,0,False,29.5,-86.5,61.865117030958636
WXN-69,54.51,33.33,1,True,45.0,-86.5,44.10849115430514
WXN-69,54.24,33.81,1,True,45.5,-86.5,33.2766418628085
WNG-684,69.27,14.73,1,True,46.0,-86.5,33.32531456199767
WZ-2514,69.4,9.96,3,True,46.5,-86.5,43.284287579299644
WZ-2515,47.71,38.19,0,False,47.0,-86.5,53.28955573345768
KIG-66,22.44,82.33,0,False,47.5,-86.5,78.69514800050142
VAT-341,36.9,52.17,0,False,48.0,-86.5,104.59928981066199
VAT-341,67.77,17.88,1,True,48.5,-86.5,125.32865726206353
VAT-341,46.85,17.46,0,False,49.0,-86.5,151.19560309547109
,0.0,,0,False,25.0,-86.0,262.5530930168502
,0.0,,0,False,25.5,-86.0,245.86392949548335
,0.0,,0,False,26.0,-86.0,228.9576004798055
,0.0,,0,False,26.5,-86.0,216.28436297038994
WWF-86,-4.05,200.49,0,False,27.0,-86.0,205.4635879901197
WWF-86,1.32,168.3,0,False,27.5,-86.0,184.01414817243696
WWF-86,6.13,137.26,0,False,28.0,-86.0,149.90310871109097
WWF-86,9.93,108.35,0,False,28.5,-86.0,116.05015769497132
WWF-86,13.18,83.84,0,False,29.0,-86.0,82.77256813119043
KGG-67,22.87,48.01,0,False,29.5,-86.0,51.2046756575245
WNG-572,47.05,47.03,0,False,45.5,-86.0,49.91832158996228
WNG-684,66.24,13.65,1,True,46.0,-86.0,55.277515400119434
WZ-2515,81.36,3.71,2,True,46.5,-86.0,67.01672518246549
WZ-2515,53.53,31.31,1,True,47.0,-86.0,73.71121496437128
VBA-3,39.38,57.28,0,False,47.5,-86.0,93.60670143432965
VBA-3,37.13,60.66,0,False,48.0,-86.0,120.32396045900126
VAT-341,40.35,31.79,0,False,48.5,-86.0,142.85313387231494
VAT-341,21.85,31.45,0,False,49.0,-86.0,165.87246196190534
,0.0,,0,False,25.0,-85.5,234.10417702274773
,0.0,,0,False,25.5,-85.5,220.2890804400863
,0.0,,0,False,26.0,-85.5,201.37248304411554
KEC-38,-2.22,192.27,0,False,26.5,-85.5,186.97567273512686
KEC-38,0.2,177.77,0,False,27.0,-85.5,176.02651307196479
WWF-86,2.89,158.63,0,False,27.5,-85.5,167.90280109117015
WWF-86,7.78,125.26,0,False,28.0,-85.5,147.57419220707146
WWF-86,11.94,92.78,0,False,28.5,-85.5,113.04046300191521
WWF-86,25.24,62.53,0,False,29.0,-85.5,78.51844773921079
WWF-86,45.29,40.01,0,False,29.5,-85.5,44.03570465818952
WNG-576,64.01,22.12,2,True,46.0,-85.5,50.34248596174826
WNG-576,69.48,12.62,2,True,46.5,-85.5,53.672753433795016
WZ-2515,46.01,40.27,0,False,47.0,-85.5,64.30829686291473
VBA-3,53.06,34.71,1,True,47.5,-85.5,88.18843659869027
VBA-3,31.97,40.28,0,False,48.0,-85.5,117.49763555284983
VAT-341,32.04,52.39,0,False,48.5,-85.5,149.06722998456834
VAT-341,16.07,52.02,0,False,49.0,-85.5,181.72296058172208
,0.0,,0,False,25.0,-85.0,204.42590415661502
WWG-59,-3.14,196.89,0,False,25.5,-85.0,191.65257957145738
WWG-59,-0.16,179.03,0,False,26.0,-85.0,174.88492792353128
KEC-38,2.13,166.06,0,False,26.5,-85.0,158.23131357420428
KEC-38,4.76,149.16,0,False,27.0,-85.0,147.09452867852443
KEC-38,6.24,138.95,0,False,27.5,-85.0,137.6824994888069
WWF-86,8.47,119.89,0,False,28.0,-85.0,135.03441417932567
WWF-86,12.95,85.42,0,False,28.5,-85.0,117.91143893640647
WWF-86,35.35,51.04,0,False,29.0,-85.0,85.35019615261592
WWF-86,68.25,17.37,1,True,29.5,-85.0,55.25526777737241
WWF-86,65.04,19.62,1,True,30.0,-85.0,34.76454141466685
WNG-572,57.98,34.42,1,True,46.0,-85.0,43.87820068909792
XMJ-373,47.4,43.68,0,False,47.0,-85.0,46.55265349308347
VBA-3,68.0,14.65,1,True,47.5,-85.0,76.33618130268297
VBA-3,63.13,25.34,1,True,48.0,-85.0,108.96892776528539
VAT-404,45.12,34.87,0,False,48.5,-85.0,142.50681902130128
VAT-341,10.57,73.86,0,False,49.0,-85.0,176.43443913781962
WWG-92,-2.32,199.71,0,False,25.0,-84.5,173.46700272945975
WWG-59,0.93,172.43,0,False,25.5,-84.5,162.84071891571054
WWG-59,4.22,151.85,0,False,26.0,-84.5,150.07771128813616
WWG-59,6.39,137.0,0,False,26.5,-84.5,130.42553502266426
KEC-38,8.53,121.56,0,False,27.0,-84.5,117.83315582384024
KEC-38,10.1,108.95,0,False,27.5,-84.5,107.67299368262753
KEC-38,10.4,106.54,0,False,28.0,-84.5,104.54236818462803
WWF-86,12.54,88.35,0,False,28.5,-84.5,108.43833398751403
WWF-86,31.13,55.79,0,False,29.0,-84.5,94.43352806894323
WWF-86,56.02,28.4,1,True,29.5,-84.5,67.61769485918187
WWF-86,53.8,29.79,1,True,30.0,-84.5,34.72559087119292
KXI-33,58.71,17.86,1,True,44.5,-84.5,37.07089846272351
WNG-572,50.35,42.81,1,True,46.0,-84.5,33.83323117941052
VBA-3,22.48,47.66,0,False,47.0,-84.5,36.327519981024665
VBA-3,35.08,17.62,0,False,47.5,-84.5,70.62352218030554
VBA-3,43.09,27.15,0,False,48.0,-84.5,105.08410974839059
VAT-404,20.14,35.27,0,False,48.5,-84.5,139.58744004049845
VAT-404,-0.3,68.74,0,False,49.0,-84.5,174.10810369161476
WXJ-95,2.71,156.14,0,False,25.0,-84.0,142.68443919862585
WWG-59,4.45,150.39,0,False,25.5,-84.0,135.02643454473994
WWG-59,7.82,126.38,0,False,26.0,-84.0,121.71599520104019
WWG-59,10.1,108.23,0,False,26.5,-84.0,104.31223592914299
KEC-38,11.75,95.84,0,False,27.0,-84.0,88.21553379764407
KEC-38,14.4,79.4,0,False,27.5,-84.0,77.85522708692582
KEC-38,16.86,76.22,0,False,28.0,-84.0,74.05445292632679
KEC-38,12.87,87.76,0,False,28.5,-84.0,79.09018410448589
KWN-38,18.16,82.99,0,False,29.0,-84.0,80.65179169768913
WWF-88,37.11,43.89,0,False,29.5,-84.0,48.9876670711495
WWG-82,71.03,21.24,1,True,35.0,-84.0,32.47414604180248
KXI-33,71.94,21.58,2,True,44.5,-84.0,48.31497233587058
KIG-83,41.46,33.17,0,False,45.5,-84.0,40.12329190792696
KIG-74,36.79,32.91,0,False,46.0,-84.0,37.72644236279848
XMJ-373,51.27,21.66,1,True,47.0,-84.0,39.91501919781151
XMJ-373,8.49,55.14,0,False,47.5,-84.0,72.51649790020906
VBA-3,33.0,43.68,0,False,48.0,-84.0,106.35345417472962
VAT-404,14.55,48.27,0,False,48.5,-84.0,140.53630490609964
VBA-3,-1.5,99.49,0,False,49.0,-84.0,174.86231672254453
WXJ-95,7.38,125.23,0,False,25.0,-83.5,112.22399507882055
WWG-92,8.25,128.62,0,False,25.5,-83.5,108.97681978273735
WWG-59,10.64,103.91,0,False,26.0,-83.5,92.11688508980717
WWG-59,13.77,81.0,0,False,26.5,-83.5,79.39554928443903
WWG-59,22.23,68.64,0,False,27.0,-83.5,59.729113702033295
KEC-38,37.64,51.09,0,False,27.5,-83.5,48.730407066169505
KEC-38,40.85,46.18,0,False,28.0,-83.5,43.58038879409341
KEC-38,26.74,63.58,0,False,28.5,-83.5,50.72012268729428
KWN-38,42.23,54.15,0,False,29.0,-83.5,69.51943218528562
WWF-88,52.65,28.72,1,True,29.5,-83.5,42.37825126326537
KXI-33,49.53,44.59,0,False,44.0,-83.5,34.30661000722183
KIG-83,49.83,40.33,0,False,44.5,-83.5,39.80969843198002
VBA-5,40.29,28.98,0,False,46.0,-83.5,53.325960297988374
XMJ-373,44.07,35.32,0,False,46.5,-83.5,41.49968150525299
VBA-3,3.25,75.86,0,False,47.0,-83.5,54.65984493491479
KIG-74,5.82,88.57,0,False,47.5,-83.5,81.48670620840339
VBA-3,22.18,64.45,0,False,48.0,-83.5,112.60274187624319
VDB-886,9.17,89.66,0,False,48.5,-83.5,145.27760048574507
VDB-886,5.26,94.75,0,False,49.0,-83.5,178.65803772692846
WXJ-95,11.39,94.62,0,False,25.0,-83.0,82.44411822091962
WWG-92,11.69,100.35,0,False,25.5,-83.0,86.30538984141178
WWG-92,13.21,89.28,0,False,26.0,-83.0,63.85098859229845
WWG-59,31.21,57.51,0,False,26.5,-83.0,55.60681240276447
WWG-59,48.07,38.37,0,False,27.0,-83.0,35.23463532198967
KWN-38,64.61,28.24,1,True,29.0,-83.0,41.20790527135948
WNG-582,67.31,11.39,2,True,43.5,-83.0,35.46286673394651
WNG-701,40.58,14.22,0,False,44.0,-83.0,52.58637230066613
KIG-83,31.57,52.47,0,False,44.5,-83.0,45.13984273823696
VBA-5,49.65,28.0,0,False,45.5,-83.0,36.308179570886566
VBA-5,74.72,8.0,1,True,46.0,-83.0,67.37272250091785
VBA-5,30.48,41.6,0,False,46.5,-83.0,65.27661637515253
XMJ-373,27.28,59.12,0,False,47.0,-83.0,74.18289596719508
XMJ-373,10.95,77.71,0,False,47.5,-83.0,95.56122690454202
VDB-886,9.25,76.64,0,False,48.0,-83.0,123.07548385286476
VDB-886,23.87,66.79,0,False,48.5,-83.0,153.46003367393436
VDB-886,17.58,73.72,0,False,49.0,-83.0,185.30830977010837
WXJ-95,19.01,64.72,0,False,25.0,-82.5,54.4733829921144
WWG-92,24.58,74.35,0,False,25.5,-82.5,62.84588894041146
WWG-92,37.07,58.73,0,False,26.0,-82.5,39.86394041469912
VBE-2,70.91,9.78,1,True,42.0,-82.5,34.19157700364631
WNG-582,57.89,16.69,1,True,43.5,-82.5,35.90283430849988
VBE-3,32.15,41.02,0,False,44.0,-82.5,70.38415864328174
VBE-3,25.51,48.0,0,False,44.5,-82.5,60.76758492508067
KIG-83,32.41,59.65,0,False,45.0,-82.5,46.10063113373426
VBA-5,45.14,34.15,0,False,45.5,-82.5,54.26534376192829
VBA-5,56.9,21.03,1,True,46.0,-82.5,78.42880467925055
VBA-5,39.03,45.89,0,False,46.5,-82.5,89.05668766304494
KIG-74,5.32,100.31,0,False,47.0,-82.5,95.599777021424
VDB-886,6.17,84.21,0,False,47.5,-82.5,112.84562629582778
VDB-886,17.49,57.6,0,False,48.0,-82.5,136.80477916804418
VDB-886,30.06,43.93,0,False,48.5,-82.5,164.5708175601433
VDB-886,33.21,54.12,0,False,49.0,-82.5,194.520318876056
WXJ-95,43.69,37.29,0,False,25.0,-82.0,33.244951461494956
WWG-92,41.13,54.04,0,False,25.5,-82.0,46.73622092002152
KHB-59,49.29,47.8,0,False,42.0,-82.0,34.93680209537508
XJV-492,58.8,16.27,1,True,42.5,-82.0,33.6920083926755
XLT-839,53.02,26.35,1,True,43.5,-82.0,42.03645549461924
VBE-3,57.99,17.38,2,True,44.0,-82.0,73.67510649217932
VBE-3,41.75,30.58,0,False,44.5,-82.0,80.93226462222002
VBA-7,47.48,26.97,0,False,45.0,-82.0,70.41264594036689
VBA-7,40.18,33.94,0,False,45.5,-82.0,75.84587578608028
XMJ-375,76.42,4.14,1,True,46.0,-82.0,94.51983891285396
XMJ-375,21.28,37.86,0,False,46.5,-82.0,112.83726085685836
XLJ-898,2.79,59.48,0,False,47.0,-82.0,117.88213472952039
VDB-886,10.92,74.69,0,False,47.5,-82.0,132.08519380447035
VDB-886,33.03,42.65,0,False,48.0,-82.0,152.9154981714387
VDB-886,56.14,21.13,1,True,48.5,-82.0,178.06221122510348
VDB-886,33.67,38.22,0,False,49.0,-82.0,205.95024336240135
WXJ-95,57.23,23.63,1,True,25.0,-81.5,34.609552875185145
WWG-92,46.94,47.39,0,False,25.5,-81.5,48.50687795228731
KHC-29,74.24,14.19,1,True,33.0,-81.5,30.458787115104577
KHB-59,30.83,68.09,0,False,42.5,-81.5,54.78133212679125
XLN-470,59.21,12.84,1,True,43.0,-81.5,47.45694147775734
XLT-839,52.29,15.75,1,True,43.5,-81.5,59.26034765965302
VBE-3,61.93,12.42,1,True,44.0,-81.5,84.60673115921476
XMJ-320,60.26,16.88,1,True,44.5,-81.5,103.00239624989081
VBA-7,67.89,11.06,1,True,45.0,-81.5,94.77535191662874
VBA-7,52.58,23.49,1,True,45.5,-81.5,98.70047579522624
VBA-6,85.79,2.26,1,True,46.0,-81.5,113.52419741300925
XLJ-898,25.73,23.95,0,False,46.5,-81.5,135.72120586942225
XLJ-898,5.25,43.02,0,False,47.0,-81.5,140.61845833130275
VDB-885,3.63,82.89,0,False,47.5,-81.5,152.5412903461867
VDB-886,32.86,37.13,0,False,48.0,-81.5,170.7342641192431
VDB-886,82.77,3.17,1,True,48.5,-81.5,193.4362472050226
VDB-886,48.95,32.07,0,False,49.0,-81.5,219.25105113930573
KHB-34,37.45,59.04,0,False,25.5,-81.0,33.3970826692672
WWG-92,54.89,37.88,1,True,26.0,-81.0,37.56681755089986
WWH-39,41.16,35.89,0,False,31.5,-81.0,34.562177423905545
WXM-74,51.68,22.56,1,True,38.5,-81.0,35.79355023867872
WXM-74,35.89,26.26,0,False,39.0,-81.0,34.23814761944666
VBE-4,50.75,20.97,1,True,42.5,-81.0,44.03037953943372
XLN-470,58.09,12.51,1,True,43.0,-81.0,72.7205731386086
XMJ-330,51.33,20.3,1,True,43.5,-81.0,80.76587640473544
XLN-600,63.36,13.15,2,True,44.0,-81.0,100.72090292632961
XMJ-320,58.39,16.51,2,True,44.5,-81.0,125.97988903904927
VBA-9,47.44,39.65,0,False,45.0,-81.0,119.15701651865187
VBA-7,41.03,33.64,0,False,45.5,-81.0,122.11525384660874
VBA-6,50.15,23.6,1,True,46.0,-81.0,134.20936755080962
XLJ-898,90.4,1.29,1,True,46.5,-81.0,153.2920476667737
CFE-261,13.7,57.71,0,False,47.0,-81.0,163.61888419125162
VDB-885,3.34,69.09,0,False,47.5,-81.0,173.78417263472315
VDB-886,14.53,44.67,0,False,48.0,-81.0,189.7799483120759
VDB-886,51.52,24.92,1,True,48.5,-81.0,210.27983602585078
VDB-886,38.06,40.41,0,False,49.0,-81.0,234.10356758914827
WWG-60,65.41,12.55,1,True,25.0,-80.5,30.589206614863993
KIH-26,41.12,45.54,0,False,29.5,-80.5,37.330870706716645
KHB-39,31.4,66.39,0,False,30.0,-80.5,47.47293023047025
KHB-39,32.3,65.28,0,False,30.5,-80.5,55.53844464729501
KHB-39,20.16,80.63,0,False,31.0,-80.5,58.505415431175564
KEC-85,20.98,62.76,0,False,31.5,-80.5,49.85376894096156
WXM-74,59.15,17.62,1,True,38.5,-80.5,37.066175633142535
VBE-4,71.09,7.78,3,True,42.5,-80.5,34.31049298924783
XMJ-330,46.75,31.56,0,False,43.0,-80.5,64.05713904035304
XMJ-330,74.28,6.09,1,True,43.5,-80.5,79.83169434876616
XLN-600,59.24,11.95,1,True,44.0,-80.5,97.30201477994656
XMJ-316,74.19,8.49,2,True,44.5,-80.5,122.26600725307817
XMJ-316,54.42,36.94,2,True,45.0,-80.5,143.5472867311045
VBA-8,69.79,9.91,1,True,45.5,-80.5,145.81992953620545
VBA-8,44.05,31.34,0,False,46.0,-80.5,155.9071322911345
XLJ-898,44.36,23.69,0,False,46.5,-80.5,172.44294591172567
CFE-261,11.52,34.17,0,False,47.0,-80.5,186.78511764748248
CFE-261,23.85,50.09,0,False,47.5,-80.5,195.55688715049703
VDB-885,20.98,27.83,0,False,48.0,-80.5,209.71787469787265
VDB-885,59.32,13.68,1,True,48.5,-80.5,228.26728300321992
VDB-885,37.89,44.57,0,False,49.0,-80.5,250.23107784681042
WWG-60,31.56,42.21,0,False,25.0,-80.0,42.30143403716104
WWF-69,38.94,45.56,0,False,28.0,-80.0,32.83288704707708
WXJ-70,25.97,49.69,0,False,28.5,-80.0,37.4854696546548
KIH-26,20.94,70.88,0,False,29.0,-80.0,55.68786878965215
KIH-26,19.11,73.24,0,False,29.5,-80.0,64.8294981883188
KIH-26,12.56,89.96,0,False,30.0,-80.0,76.91700941417307
KHB-39,12.54,94.5,0,False,30.5,-80.0,84.92683405069752
KHB-39,11.09,105.57,0,False,31.0,-80.0,87.8042562382705
KHB-29,18.43,99.98,0,False,31.5,-80.0,64.86523558822684
KHB-29,45.88,66.23,0,False,32.0,-80.0,45.80801885443205
KXI-74,77.33,9.4,1,True,38.5,-80.0,30.314925242398893
VFI-621,45.48,23.93,0,False,43.0,-80.0,49.370061507017255
XMJ-225,39.59,32.23,0,False,43.5,-80.0,57.00288498651698
XMJ-316,13.9,36.92,0,False,44.0,-80.0,79.81100553309106
XMJ-316,54.08,16.34,1,True,44.5,-80.0,108.9822727132929
XMJ-316,52.51,39.47,1,True,45.0,-80.0,140.61061966935154
VBT-629,68.8,7.83,2,True,45.5,-80.0,169.692337486155
XLJ-893,38.52,34.62,0,False,46.0,-80.0,178.24740599321132
CFE-261,31.55,33.93,0,False,46.5,-80.0,192.70276241742812
CFE-261,70.62,10.78,1,True,47.0,-80.0,210.06152758997504
XLR-750,39.03,33.72,0,False,47.5,-80.0,217.6997699244803
VDB-885,38.71,28.63,0,False,48.0,-80.0,230.3157314406295
VDB-885,61.76,15.23,1,True,48.5,-80.0,247.1483037130742
VDB-885,38.46,45.07,0,False,49.0,-80.0,267.4023803415249
KHB-34,20.58,80.34,0,False,25.0,-79.5,63.27717470190375
KHB-34,42.18,54.81,0,False,25.5,-79.5,43.50284198755231
KHB-34,50.87,44.06,1,True,26.0,-79.5,39.024443488861756
KEC-50,43.84,39.08,0,False,26.5,-79.5,34.83512218943143
KEC-50,43.98,39.04,0,False,27.0,-79.5,36.485285291007095
WWF-69,30.8,55.83,0,False,27.5,-79.5,50.242953679478966
WWF-69,21.36,67.38,0,False,28.0,-79.5,59.784656036849896
WXJ-70,12.83,78.67,0,False,28.5,-79.5,67.53324418285587
KIH-26,11.12,100.76,0,False,29.0,-79.5,79.00444345824275
KIH-26,10.92,102.32,0,False,29.5,-79.5,93.58662284860732
KIH-26,9.38,114.77,0,False,30.0,-79.5,106.53887665983225
KHB-39,8.87,123.99,0,False,30.5,-79.5,114.52315688203184
KHB-29,8.65,133.48,0,False,31.0,-79.5,110.30179516224618
KHB-29,19.65,99.11,0,False,31.5,-79.5,87.47575542294808
KHB-29,48.02,64.92,0,False,32.0,-79.5,61.95718460795137
KHB-29,72.91,31.54,1,True,32.5,-79.5,30.935622801527522
XMJ-225,65.23,11.36,2,True,43.5,-79.5,37.28125416780718
XMJ-225,47.15,25.34,0,False,44.0,-79.5,67.27382400016742
VBR-4,70.62,11.46,2,True,44.5,-79.5,100.24275224425632
VBV-562,58.66,21.83,1,True,45.0,-79.5,132.6063741468692
VBT-629,36.83,27.21,0,False,45.5,-79.5,165.83580539490399
XLJ-893,42.09,21.42,0,False,46.0,-79.5,199.5131366732142
XLJ-893,50.17,13.86,1,True,46.5,-79.5,213.75574221149793
CFE-261,60.43,13.24,2,True,47.0,-79.5,230.99996009674024
XLR-750,66.04,17.91,1,True,47.5,-79.5,240.10965554884345
XLR-748,14.79,47.37,0,False,48.0,-79.5,251.41062769679618
XLR-748,56.37,33.3,1,True,48.5,-79.5,266.73251023665625
XLR-748,47.0,48.58,0,False,49.0,-79.5,285.42850423530075
KHB-34,11.62,100.92,0,False,25.0,-79.0,87.02189663566617
KHB-34,19.62,81.96,0,False,25.5,-79.0,73.80087099630052
KHB-34,25.15,75.09,0,False,26.0,-79.0,69.45280695447852
KEC-50,18.44,68.17,0,False,26.5,-79.0,65.51506588940157
KEC-50,18.39,68.05,0,False,27.0,-79.0,66.30288515918421
KEC-50,13.03,83.67,0,False,27.5,-79.0,77.19619140923703
WWF-69,11.76,94.21,0,False,28.0,-79.0,88.55326490580744
WWF-69,9.43,112.54,0,False,28.5,-79.0,97.78354494835229
KIH-26,7.33,130.78,0,False,29.0,-79.0,105.91877931994472
KIH-26,7.19,131.86,0,False,29.5,-79.0,122.81828263005993
KIH-26,5.84,141.62,0,False,30.0,-79.0,133.5282752012683
KHB-39,5.09,153.6,0,False,30.5,-79.0,143.10062691587578
KHB-29,8.02,139.14,0,False,31.0,-79.0,131.76120161300682
KHB-29,13.49,106.57,0,False,31.5,-79.0,105.26262192066163
KHB-29,39.41,75.78,0,False,32.0,-79.0,76.16315120823872
KHB-29,59.36,50.13,1,True,32.5,-79.0,53.92876420690626
KHB-29,66.11,40.88,1,True,33.0,-79.0,30.166090075057124
XMJ-225,52.17,31.34,1,True,44.0,-79.0,59.3504230121198
VBV-562,55.58,24.63,2,True,44.5,-79.0,93.15250342994302
VBV-562,48.85,29.93,0,False,45.0,-79.0,126.68913372690714
VEF-956,33.78,21.43,0,False,45.5,-79.0,160.42074237254192
VEF-956,15.53,36.79,0,False,46.0,-79.0,193.12515204982057
XLJ-893,43.22,24.37,0,False,46.5,-79.0,210.69172780000468
XLR-750,47.56,24.97,0,False,47.0,-79.0,232.09945525470096
XLR-750,36.29,24.48,0,False,47.5,-79.0,256.3879538589941
XLR-748,47.63,35.14,0,False,48.0,-79.0,272.8865548096143
XLR-748,72.42,10.44,1,True,48.5,-79.0,286.8751979765273
XLR-748,46.88,37.02,0,False,49.0,-79.0,304.15681784841894
KHB-34,8.58,125.93,0,False,25.0,-78.5,114.41630275116687
KHB-34,10.33,111.21,0,False,25.5,-78.5,104.43869394826973
KHB-34,10.96,106.14,0,False,26.0,-78.5,100.05179754924103
KEC-50,11.41,98.36,0,False,26.5,-78.5,96.10337339476992
KEC-50,11.06,98.16,0,False,27.0,-78.5,96.74150265613042
KEC-50,9.61,109.47,0,False,27.5,-78.5,105.1621863951787
WWF-69,8.12,122.8,0,False,28.0,-78.5,118.22018613439711
WWF-69,6.14,137.26,0,False,28.5,-78.5,128.09262968815034
WWF-69,2.97,158.08,0,False,29.0,-78.5,134.28443132197654
KIH-26,2.8,161.61,0,False,29.5,-78.5,148.46905746101925
KIH-26,1.53,169.54,0,False,30.0,-78.5,161.21028842705806
KHB-29,2.6,181.74,0,False,30.5,-78.5,171.6777561028355
KHB-29,6.73,150.41,0,False,31.0,-78.5,149.8301077972667
KHB-29,10.09,120.84,0,False,31.5,-78.5,121.50280432739947
KHB-29,23.33,94.7,0,False,32.0,-78.5,97.28050907334399
KHB-29,39.51,75.64,0,False,32.5,-78.5,75.21722773045936
KHB-29,44.22,69.73,0,False,33.0,-78.5,52.30572366997316
VBR-5,69.27,15.05,2,True,44.0,-78.5,54.200357442760975
VAW-217,66.45,13.95,1,True,44.5,-78.5,88.00710386831305
VAW-217,26.16,48.5,0,False,45.0,-78.5,122.16097790521245
VEF-956,65.82,5.34,1,True,45.5,-78.5,156.48751806225286
VEF-956,19.94,30.43,0,False,46.0,-78.5,171.96603106209437
XLJ-893,6.62,46.16,0,False,46.5,-78.5,191.66511713253743
XLR-750,22.26,44.83,0,False,47.0,-78.5,215.1385430106326
XLR-750,34.19,44.41,0,False,47.5,-78.5,241.28726086444075
XLR-748,35.49,35.82,0,False,48.0,-78.5,269.33318674719726
XLR-747,56.54,30.41,2,True,48.5,-78.5,298.74246762347445
XLR-748,34.26,37.66,0,False,49.0,-78.5,323.4646623234335
KHB-34,3.98,153.22,0,False,25.0,-78.0,143.3832742308705
KHB-34,6.69,141.26,0,False,25.5,-78.0,134.87918905745752
KHB-34,7.2,137.19,0,False,26.0,-78.0,130.85068485705466
KEC-50,7.06,128.88,0,False,26.5,-78.0,126.76807781743089
KEC-50,7.1,128.61,0,False,27.0,-78.0,127.35633423808228
KEC-50,5.86,137.32,0,False,27.5,-78.0,134.33521401242848
WWF-69,3.91,152.17,0,False,28.0,-78.0,147.42000609039687
WWF-69,2.03,163.95,0,False,28.5,-78.0,157.3524174253475
WWF-69,-0.91,181.63,0,False,29.0,-78.0,163.3467001316294
KIH-26,-2.13,191.48,0,False,29.5,-78.0,175.07453247096404
KIH-26,-3.24,198.08,0,False,30.0,-78.0,189.5692129797534
KHB-29,0.56,195.03,0,False,30.5,-78.0,194.86468143229536
KHB-29,4.79,166.14,0,False,31.0,-78.0,166.9449395271356
KHB-29,7.93,139.84,0,False,31.5,-78.0,141.96974132673435
KHB-29,10.44,117.88,0,False,32.0,-78.0,120.43091344070821
KHB-29,16.36,103.06,0,False,32.5,-78.0,95.78804676832097
KHB-29,19.94,98.66,0,False,33.0,-78.0,65.65022286550861
KHB-31,28.03,44.9,0,False,33.5,-78.0,31.619393129557277
WXK-65,33.5,42.94,0,False,37.0,-78.0,30.06874165067048
VBR-5,43.24,11.46,0,False,44.0,-78.0,50.14179445994988
VBR-5,53.17,31.73,2,True,44.5,-78.0,84.23970429517162
VAW-217,15.33,54.43,0,False,45.0,-78.0,118.59783901950553
VFK-722,57.12,13.78,1,True,45.5,-78.0,134.8669555087345
VFK-722,33.07,37.83,0,False,46.0,-78.0,151.73991199208783
CFE-261,1.24,90.1,0,False,46.5,-78.0,173.9169932592347
XLR-750,11.31,67.09,0,False,47.0,-78.0,199.63830920648002
XLR-750,0.92,66.63,0,False,47.5,-78.0,227.7059563885996
XLR-748,28.98,48.9,0,False,48.0,-78.0,257.3533845137073
XLR-747,72.1,8.87,2,True,48.5,-78.0,287.24901403438645
XLR-748,33.69,50.04,0,False,49.0,-78.0,317.0841029567648
KHB-34,0.41,181.77,0,False,25.0,-77.5,173.1349912899688
KHB-34,2.31,171.69,0,False,25.5,-77.5,165.52896073096716
KHB-34,2.85,168.24,0,False,26.0,-77.5,161.7349873578287
KEC-50,2.41,159.53,0,False,26.5,-77.5,157.520591665993
KEC-50,2.47,159.2,0,False,27.0,-77.5,158.04348439595873
KEC-50,1.31,166.2,0,False,27.5,-77.5,164.04880248172444
KEC-50,-0.93,179.68,0,False,28.0,-77.5,174.83173922449865
WWF-69,-2.61,191.78,0,False,28.5,-77.5,185.96133258891444
,0.0,,0,False,29.0,-77.5,192.79041384810745
KIH-26,-7.04,221.41,0,False,29.5,-77.5,202.697821202386
KHB-29,-6.82,240.05,0,False,30.0,-77.5,217.69211798275495
KHB-29,-2.14,211.58,0,False,30.5,-77.5,212.4867176940762
KHB-29,2.09,185.2,0,False,31.0,-77.5,187.11235359114767
KHB-29,5.33,161.91,0,False,31.5,-77.5,165.0985494817183
KHB-29,7.56,143.25,0,False,32.0,-77.5,139.24786464623267
KHB-29,8.91,131.18,0,False,32.5,-77.5,106.29474169633711
KHB-31,12.12,87.59,0,False,33.0,-77.5,74.79375469566149
KHB-31,19.33,58.81,0,False,33.5,-77.5,43.69119244702481
VFK-720,38.61,26.1,0,False,44.0,-77.5,51.19021584475068
VFK-720,54.62,19.31,1,True,44.5,-77.5,84.86266687033705
VBE-716,22.58,40.74,0,False,45.0,-77.5,101.36193750609824
VFK-722,59.6,10.48,1,True,45.5,-77.5,113.01190446279662
VAV-559,53.69,19.75,1,True,46.0,-77.5,132.87449748298295
VEF-956,9.94,82.56,0,False,46.5,-77.5,157.87991292545115
XLR-969,14.3,92.72,0,False,47.0,-77.5,185.96503684512305
XLR-747,9.27,65.65,0,False,47.5,-77.5,215.93150772302872
XLR-747,36.22,33.21,0,False,48.0,-77.5,245.7699494607421
XLR-747,68.33,16.8,1,True,48.5,-77.5,275.87897774072076
XLR-747,20.68,42.99,0,False,49.0,-77.5,306.92299106547335
,0.0,,0,False,25.0,-77.0,203.32693981765044
KHB-34,-2.71,202.33,0,False,25.5,-77.0,196.32963558064134
KHB-34,-2.3,199.29,0,False,26.0,-77.0,192.5621884782206
KHB-34,-2.37,202.18,0,False,26.5,-77.0,188.31754718086938
KEC-50,-2.64,189.86,0,False,27.0,-77.0,188.63131996035082
KEC-50,-3.6,195.64,0,False,27.5,-77.0,193.70221563042483
,0.0,,0,False,28.0,-77.0,203.16943375724543
,0.0,,0,False,28.5,-77.0,215.08422922437867
,0.0,,0,False,29.0,-77.0,222.46375406640564
,0.0,,0,False,29.5,-77.0,230.9736328315393
,0.0,,0,False,30.0,-77.0,244.1148816597592
,0.0,,0,False,30.5,-77.0,232.5012238702958
KHB-29,-1.33,206.67,0,False,31.0,-77.0,209.45206875389252
KHB-29,1.96,185.97,0,False,31.5,-77.0,181.28175752078997
KHB-29,4.3,169.83,0,False,32.0,-77.0,149.56032022889315
KHB-31,5.87,131.91,0,False,32.5,-77.0,118.31551568134678
KHB-31,8.99,103.83,0,False,33.0,-77.0,88.46936728771767
KHB-31,12.17,80.92,0,False,33.5,-77.0,63.57640899603511
KHB-31,13.78,68.58,0,False,34.0,-77.0,48.69490237223765
VFK-720,42.11,24.03,0,False,44.0,-77.0,45.36254198940376
VFK-720,55.49,16.43,1,True,44.5,-77.0,65.10371701932071
VBE-716,47.6,16.52,0,False,45.0,-77.0,77.51294090712653
VEA-549,60.31,14.4,1,True,45.5,-77.0,92.4282464801649
VAV-559,46.16,13.97,0,False,46.0,-77.0,116.0362723455698
VFK-722,19.41,77.8,0,False,46.5,-77.0,144.12689974297933
XLR-748,-4.57,131.61,0,False,47.0,-77.0,174.54919330392417
XLR-969,7.04,86.85,0,False,47.5,-77.0,204.2010438484467
XLR-747,-0.07,48.67,0,False,48.0,-77.0,234.6677780884934
XLR-747,29.68,39.18,0,False,48.5,-77.0,266.1321524557187
XLR-747,24.05,55.58,0,False,49.0,-77.0,298.2786207300042
,0.0,,0,False,25.0,-76.5,233.78828515356616
,0.0,,0,False,25.5,-76.5,227.21950372611843
,0.0,,0,False,26.0,-76.5,223.4396209502774
,0.0,,0,False,26.5,-76.5,219.13983698058416
,0.0,,0,False,27.0,-76.5,219.2839175261669
,0.0,,0,False,27.5,-76.5,223.6472022127496
,0.0,,0,False,28.0,-76.5,232.09379487674295
,0.0,,0,False,28.5,-76.5,244.52422553086316
,0.0,,0,False,29.0,-76.5,252.28527978141364
,0.0,,0,False,29.5,-76.5,259.68848622904716
,0.0,,0,False,30.0,-76.5,271.3156714110612
,0.0,,0,False,30.5,-76.5,254.3436622377183
,0.0,,0,False,31.0,-76.5,224.61917749917717
,0.0,,0,False,31.5,-76.5,193.31660613364892
KHB-29,0.22,197.14,0,False,32.0,-76.5,162.49482359775584
KHB-31,2.48,148.97,0,False,32.5,-76.5,133.5084167882867
KHB-31,6.07,124.68,0,False,33.0,-76.5,107.84757414936433
KHB-31,9.62,106.24,0,False,33.5,-76.5,86.11970209245413
KEC-84,12.62,84.63,0,False,34.0,-76.5,52.28439357088934
KEC-84,47.61,40.61,0,False,35.5,-76.5,31.447757995555644
XJV-363,53.71,14.78,1,True,44.5,-76.5,46.675729472505054
VBE-716,67.17,8.84,1,True,45.0,-76.5,54.23658897689734
VEA-549,61.65,9.83,1,True,45.5,-76.5,74.18307038915998
VEA-549,26.73,36.38,0,False,46.0,-76.5,102.23265511949353
XLR-969,53.74,44.99,1,True,46.5,-76.5,133.36705398542924
XLR-969,38.13,48.05,0,False,47.0,-76.5,162.57594282171038
XLR-969,14.76,70.58,0,False,47.5,-76.5,193.53326373725366
XLR-969,-4.53,100.2,0,False,48.0,-76.5,225.53490612006576
XLR-747,22.85,61.95,0,False,48.5,-76.5,258.19284690740494
XLR-747,3.86,73.27,0,False,49.0,-76.5,291.28642431922844
,0.0,,0,False,25.0,-76.0,264.4255898563625
,0.0,,0,False,25.5,-76.0,258.1661878299334
,0.0,,0,False,26.0,-76.0,254.3487751230627
,0.0,,0,False,26.5,-76.0,249.97770614237712
,0.0,,0,False,27.0,-76.0,249.97706564780324
,0.0,,0,False,27.5,-76.0,253.7801787897636
,0.0,,0,False,28.0,-76.0,261.40976455173785
,0.0,,0,False,28.5,-76.0,272.38365353484517
,0.0,,0,False,29.0,-76.0,282.2075764356663
,0.0,,0,False,29.5,-76.0,288.71097547013574
,0.0,,0,False,30.0,-76.0,299.0818583226162
,0.0,,0,False,30.5,-76.0,268.4785460577043
,0.0,,0,False,31.0,-76.0,237.2985997319251
,0.0,,0,False,31.5,-76.0,207.188124209969
KHB-29,-4.33,224.91,0,False,32.0,-76.0,178.68858395189633
KHB-31,-0.12,169.26,0,False,32.5,-76.0,152.70461442328838
KIG-77,2.75,157.45,0,False,33.0,-76.0,126.8602250829926
KIG-77,7.79,123.52,0,False,33.5,-76.0,94.94364380100451
KIG-77,12.13,90.07,0,False,34.0,-76.0,65.74178261875618
KIG-77,26.84,57.91,0,False,34.5,-76.0,44.906304343993156
KIG-77,51.04,31.34,1,True,35.0,-76.0,45.804782144373554
KIG-77,51.56,31.59,1,True,35.5,-76.0,33.62460046126066
KJY-99,51.02,33.32,1,True,37.5,-76.0,32.12229398937445
VBE-716,53.55,32.8,1,True,45.0,-76.0,32.77824423005208
CZN-626,53.54,14.38,1,True,45.5,-76.0,60.43383404705799
XLR-969,21.53,51.28,0,False,46.0,-76.0,91.40502824912254
XLR-969,38.98,23.26,0,False,46.5,-76.0,120.97279707149198
XLR-969,41.34,28.98,0,False,47.0,-76.0,152.64600851088275
XLR-969,21.31,59.38,0,False,47.5,-76.0,185.34842326075486
XLR-969,-6.52,92.73,0,False,48.0,-76.0,218.6186631146701
XLR-747,2.31,84.8,0,False,48.5,-76.0,252.23213402242308
XLR-747,1.91,93.21,0,False,49.0,-76.0,286.067870721823
,0.0,,0,False,25.0,-75.5,294.8805924117341
,0.0,,0,False,25.5,-75.5,289.1510737232952
,0.0,,0,False,26.0,-75.5,285.0628712737582
,0.0,,0,False,26.5,-75.5,280.8256284810646
,0.0,,0,False,27.0,-75.5,280.697063343229
,0.0,,0,False,27.5,-75.5,284.0409193976971
,0.0,,0,False,28.0,-75.5,290.9986080815491
,0.0,,0,False,28.5,-75.5,300.76988458964126
,0.0,,0,False,29.0,-75.5,311.91901869850244
,0.0,,0,False,29.5,-75.5,317.95642295539784
,0.0,,0,False,30.0,-75.5,312.40523764592564
,0.0,,0,False,30.5,-75.5,281.7831687894459
,0.0,,0,False,31.0,-75.5,252.17556495041597
,0.0,,0,False,31.5,-75.5,223.98508193641072
,0.0,,0,False,32.0,-75.5,197.81849927875302
KIG-77,-2.62,189.73,0,False,32.5,-75.5,169.79608660750245
KIG-77,3.12,155.18,0,False,33.0,-75.5,139.0896997836646
KIG-77,8.17,120.64,0,False,33.5,-75.5,110.67033920436371
KIG-77,12.68,86.1,0,False,34.0,-75.5,86.81387708086079
KIG-77,32.5,51.57,0,False,34.5,-75.5,72.19501671656337
KIG-77,66.69,17.09,1,True,35.0,-75.5,62.930342932218025
WWH-26,57.44,30.96,1,True,36.5,-75.5,34.187501449420346
KHB-37,40.07,54.9,0,False,37.0,-75.5,35.23713749710296
KJY-99,60.93,23.98,1,True,37.5,-75.5,49.90193042088053
CZN-626,51.4,15.49,1,True,45.5,-75.5,49.29814486959121
VAF-367,24.29,47.85,0,False,46.0,-75.5,79.63061571836909
XLR-969,68.26,13.62,1,True,46.5,-75.5,112.42203922534584
XLR-969,64.08,22.08,1,True,47.0,-75.5,146.02515849012372
XLR-969,26.11,56.36,0,False,47.5,-75.5,179.98591882471985
XLR-969,7.83,90.85,0,False,48.0,-75.5,214.13422678365967
XLR-747,0.02,107.67,0,False,48.5,-75.5,248.3927438791399
XLR-749,10.54,83.41,0,False,49.0,-75.5,282.72140943289287
,0.0,,0,False,25.0,-75.0,325.4673307674153
,0.0,,0,False,25.5,-75.0,320.16269035182904
,0.0,,0,False,26.0,-75.0,315.71995639925547
,0.0,,0,False,26.5,-75.0,311.6802171718391
,0.0,,0,False,27.0,-75.0,311.4355579854502
,0.0,,0,False,27.5,-75.0,314.3921220847337
,0.0,,0,False,28.0,-75.0,320.6800551536046
,0.0,,0,False,28.5,-75.0,329.54640676982854
,0.0,,0,False,29.0,-75.0,341.0448649575144
,0.0,,0,False,29.5,-75.0,347.36806284050317
,0.0,,0,False,30.0,-75.0,326.6049836511821
,0.0,,0,False,30.5,-75.0,297.3679971392042
,0.0,,0,False,31.0,-75.0,269.3886313199215
,0.0,,0,False,31.5,-75.0,243.10150718862192
,0.0,,0,False,32.0,-75.0,213.67244150778686
,0.0,,0,False,32.5,-75.0,183.72962874680482
KIG-77,2.64,158.15,0,False,33.0,-75.0,155.7040227571722
KIG-77,7.67,124.41,0,False,33.5,-75.0,130.83352418265645
KIG-77,11.97,91.27,0,False,34.0,-75.0,111.25458018124249
KIG-77,25.11,59.76,0,False,34.5,-75.0,100.1211987861188
KIG-77,47.93,34.62,0,False,35.0,-75.0,72.54108449236075
KIG-77,47.76,34.83,0,False,35.5,-75.0,46.307138970184425
WWH-26,43.09,46.98,0,False,36.0,-75.0,37.460004957199324
WWH-26,38.95,52.33,0,False,36.5,-75.0,50.080927923122935
KJY-99,22.53,66.11,0,False,37.0,-75.0,60.54946969882989
KJY-99,45.59,39.19,0,False,37.5,-75.0,61.80847844596417
WXM-45,54.56,27.63,1,True,43.5,-75.0,30.132399940016306
KBS-508,30.87,42.79,0,False,44.0,-75.0,42.303127094135846
VBE-718,63.47,13.64,1,True,45.5,-75.0,39.78575993532861
VAF-367,38.48,26.26,0,False,46.0,-75.0,74.16978456849678
XLR-969,40.38,30.93,0,False,46.5,-75.0,108.65727184728091
XLR-969,28.02,35.38,0,False,47.0,-75.0,143.17347533839785
XLR-969,19.08,62.72,0,False,47.5,-75.0,177.70166259258008
XLR-969,17.26,94.88,0,False,48.0,-75.0,212.23598485641432
XLR-749,-0.86,104.23,0,False,48.5,-75.0,246.77386648388216
XLR-749,15.77,71.69,0,False,49.0,-75.0,281.3139964912771
,0.0,,0,False,25.0,-74.5,356.15790158206346
,0.0,,0,False,25.5,-74.5,351.1935704101918
,0.0,,0,False,26.0,-74.5,346.34564403185516
,0.0,,0,False,26.5,-74.5,342.53926230501014
,0.0,,0,False,27.0,-74.5,342.18715068202033
,0.0,,0,False,27.5,-74.5,344.80948028858063
,0.0,,0,False,28.0,-74.5,350.42239729730386
,0.0,,0,False,28.5,-74.5,358.618860253405
,0.0,,0,False,29.0,-74.5,369.5860041189728
,0.0,,0,False,29.5,-74.5,371.6764665218239
,0.0,,0,False,30.0,-74.5,342.7220231677171
,0.0,,0,False,30.5,-74.5,314.89434404574325
,0.0,,0,False,31.0,-74.5,288.5196438864329
,0.0,,0,False,31.5,-74.5,258.0626264414919
,0.0,,0,False,32.0,-74.5,228.63428216232754
,0.0,,0,False,32.5,-74.5,200.84104884430772
,0.0,,0,False,33.0,-74.5,175.4616629893025
KIG-77,6.3,134.26,0,False,33.5,-74.5,153.69658426323684
KIG-77,10.27,104.23,0,False,34.0,-74.5,137.27585933638233
KIG-77,13.87,78.04,0,False,34.5,-74.5,116.92114853595557
KIG-77,24.15,60.85,0,False,35.0,-74.5,90.26669140367693
KIG-77,24.15,60.84,0,False,35.5,-74.5,70.79815493258518
WWH-26,20.21,74.55,0,False,36.0,-74.5,65.29521028987892
WWH-26,17.62,77.89,0,False,36.5,-74.5,73.23582740431506
KJY-99,13.36,82.72,0,False,37.0,-74.5,87.28414822518182
KJY-99,25.0,63.18,0,False,37.5,-74.5,69.47657008561819
WXJ-94,28.57,58.73,0,False,38.0,-74.5,41.504078997983605
WXJ-94,44.61,40.49,0,False,38.5,-74.5,31.70381170717002
KSC-43,54.74,25.54,1,True,43.5,-74.5,32.096015631798636
CJH-20,70.21,10.44,1,True,45.5,-74.5,43.81803213250552
VAF-367,42.44,15.37,0,False,46.0,-74.5,76.38898900667908
VAF-367,36.53,19.55,0,False,46.5,-74.5,110.17038434227733
XLR-969,11.4,55.97,0,False,47.0,-74.5,144.31468314397102
XLR-969,24.4,76.14,0,False,47.5,-74.5,178.61388577535888
XLR-749,0.55,134.72,0,False,48.0,-74.5,212.99317088423257
XLR-749,-3.05,100.23,0,False,48.5,-74.5,247.4191579469009
XLR-749,-0.75,65.8,0,False,49.0,-74.5,281.87473602949564
,0.0,,0,False,25.0,-74.0,386.92721683242274
,0.0,,0,False,25.5,-74.0,382.1536101563799
,0.0,,0,False,26.0,-74.0,377.0233045903015
,0.0,,0,False,26.5,-74.0,373.40124493797515
,0.0,,0,False,27.0,-74.0,372.94818147618855
,0.0,,0,False,27.5,-74.0,375.27648260299185
,0.0,,0,False,28.0,-74.0,380.30923522884177
,0.0,,0,False,28.5,-74.0,387.92028886944576
,0.0,,0,False,29.0,-74.0,397.9520556197337
,0.0,,0,False,29.5,-74.0,388.21359969950794
,0.0,,0,False,30.0,-74.0,360.4989742323645
,0.0,,0,False,30.5,-74.0,332.8947858931585
,0.0,,0,False,31.0,-74.0,302.78474902564886
,0.0,,0,False,31.5,-74.0,273.7225557176818
,0.0,,0,False,32.0,-74.0,246.0797407325247
,0.0,,0,False,32.5,-74.0,220.39103558082067
,0.0,,0,False,33.0,-74.0,197.42073645031712
,0.0,,0,False,33.5,-74.0,178.22304830867864
KIG-77,7.92,122.54,0,False,34.0,-74.0,161.56758032645087
KIG-77,10.68,101.07,0,False,34.5,-74.0,134.7873861704044
KIG-77,12.37,88.33,0,False,35.0,-74.0,112.3287765018556
KIG-77,12.38,88.18,0,False,35.5,-74.0,97.23387657585883
KIG-77,10.73,100.68,0,False,36.0,-74.0,93.1539461148762
KIG-77,7.99,122.0,0,False,36.5,-74.0,98.84731362343744
KJY-99,10.5,104.02,0,False,37.0,-74.0,113.0186452217243
KJY-99,12.44,89.12,0,False,37.5,-74.0,85.23779405564363
WXJ-94,13.87,79.59,0,False,38.0,-74.0,64.37837307560548
WXJ-94,21.91,67.12,0,False,38.5,-74.0,55.60475799022569
KHB-38,45.91,35.48,0,False,39.0,-74.0,35.035099040037686
XLM-300,64.38,19.03,2,True,45.5,-74.0,47.1299000498894
VAF-367,30.39,30.5,0,False,46.0,-74.0,80.75171262128966
VAF-367,20.59,32.71,0,False,46.5,-74.0,114.92361583516502
VAF-367,11.38,59.97,0,False,47.0,-74.0,149.26829078223034
XLR-969,4.12,93.63,0,False,47.5,-74.0,182.6746725131643
VBB-499,11.92,67.64,0,False,48.0,-74.0,216.37787989951042
VBS-906,-3.96,68.72,0,False,48.5,-74.0,250.31108235271327
XLR-749,24.81,67.29,0,False,49.0,-74.0,284.39196376651114
,0.0,,0,False,25.0,-73.5,417.7574912546179
,0.0,,0,False,25.5,-73.5,413.0040959148098
,0.0,,0,False,26.0,-73.5,407.74079734957314
,0.0,,0,False,26.5,-73.5,404.2650734626932
,0.0,,0,False,27.0,-73.5,403.7160680978418
,0.0,,0,False,27.5,-73.5,405.7815162465036
,0.0,,0,False,28.0,-73.5,410.30856366994044
,0.0,,0,False,28.5,-73.5,417.40203966447666
,0.0,,0,False,29.0,-73.5,426.61073742082255
,0.0,,0,False,29.5,-73.5,406.2000078892884
,0.0,,0,False,30.0,-73.5,377.503549965703
,0.0,,0,False,30.5,-73.5,347.74834994487486
,0.0,,0,False,31.0,-73.5,318.9579538218644
,0.0,,0,False,31.5,-73.5,291.4184539974114
,0.0,,0,False,32.0,-73.5,265.51936407585475
,0.0,,0,False,32.5,-73.5,241.78839725279798
,0.0,,0,False,33.0,-73.5,220.92533783770216
,0.0,,0,False,33.5,-73.5,203.81280793990211
,0.0,,0,False,34.0,-73.5,179.53103383725804
,0.0,,0,False,34.5,-73.5,155.7502290674014
KIG-77,8.75,116.19,0,False,35.0,-73.5,136.64234248714845
KIG-77,8.78,115.92,0,False,35.5,-73.5,124.37998204727208
KIG-77,7.51,125.55,0,False,36.0,-73.5,121.06149031106581
KIG-77,5.0,143.09,0,False,36.5,-73.5,125.41888573192342
KJY-99,7.47,127.68,0,False,37.0,-73.5,129.31410404592825
KJY-99,9.03,115.71,0,False,37.5,-73.5,105.77360917419304
WXJ-94,10.6,103.39,0,False,38.0,-73.5,89.66941831274751
KHB-38,13.58,79.24,0,False,38.5,-73.5,78.73282229935965
KHB-38,26.5,57.1,0,False,39.0,-73.5,55.08044438992385
KHB-38,31.54,51.28,0,False,39.5,-73.5,47.342691851599916
KIG-60,65.94,49.7,1,True,44.0,-73.5,34.80818561996318
XLM-300,77.47,5.2,4,True,45.5,-73.5,51.67232102035144
VFN,53.77,31.74,1,True,46.0,-73.5,84.52738348581265
VAF-367,29.29,53.8,0,False,46.5,-73.5,118.34992289039533
XLR-411,-2.34,53.52,0,False,47.0,-73.5,152.49756005771806
VBB-499,19.74,34.06,0,False,47.5,-73.5,186.79208570003829
VBB-499,6.18,49.62,0,False,48.0,-73.5,220.93036970322555
VBB-499,3.77,78.43,0,False,48.5,-73.5,255.01588491547423
VBS-906,-5.18,53.28,0,False,49.0,-73.5,288.8144270577474
,0.0,,0,False,25.0,-73.0,448.63576715898256
,0.0,,0,False,25.5,-73.0,443.8626518065402
,0.0,,0,False,26.0,-73.0,438.4893369868613
,0.0,,0,False,26.5,-73.0,435.12993206031865
,0.0,,0,False,27.0,-73.0,434.48892492272614
,0.0,,0,False,27.5,-73.0,436.31616901782695
,0.0,,0,False,28.0,-73.0,440.39695830940394
,0.0,,0,False,28.5,-73.0,447.0279969440772
,0.0,,0,False,29.0,-73.0,451.9953004105966
,0.0,,0,False,29.5,-73.0,422.37487246764545
,0.0,,0,False,30.0,-73.0,392.90313633441184
,0.0,,0,False,30.5,-73.0,364.32117643886687
,0.0,,0,False,31.0,-73.0,336.8555615403923
,0.0,,0,False,31.5,-73.0,310.8023888023135
,0.0,,0,False,32.0,-73.0,286.54718149444477
,0.0,,0,False,32.5,-73.0,264.58487711766384
,0.0,,0,False,33.0,-73.0,245.5315367188249
,0.0,,0,False,33.5,-73.0,224.4263097156526
,0.0,,0,False,34.0,-73.0,199.90395432833344
,0.0,,0,False,34.5,-73.0,178.7229250013736
KIG-77,4.83,144.2,0,False,35.0,-73.0,162.19755737371844
KIG-77,4.89,143.83,0,False,35.5,-73.0,151.8554648635372
KIG-77,3.69,151.55,0,False,36.0,-73.0,148.98989156034463
KIG-77,1.31,166.23,0,False,36.5,-73.0,152.44882445529083
KJY-99,3.85,152.62,0,False,37.0,-73.0,148.87916187089377
KJY-99,5.37,142.59,0,False,37.5,-73.0,128.82005037335975
KHB-38,7.72,123.16,0,False,38.0,-73.0,115.80398987029632
KHB-38,10.89,98.68,0,False,38.5,-73.0,97.34309365306952
KHB-38,13.2,81.83,0,False,39.0,-73.0,79.2047238218455
KHB-38,13.82,77.72,0,False,39.5,-73.0,69.41804744501853
KWO-35,31.18,73.26,0,False,40.0,-73.0,51.00954455506748
VFN,60.89,16.25,2,True,45.5,-73.0,47.721992881190516
CJH-21,70.22,6.34,2,True,46.0,-73.0,82.19319647011734
XLR-411,53.71,17.07,1,True,46.5,-73.0,116.70925651637447
VBB-499,31.73,34.53,0,False,47.0,-73.0,151.23946454642095
VBB-499,51.51,10.81,1,True,47.5,-73.0,185.77593166182402
VBB-499,-7.98,37.8,0,False,48.0,-73.0,220.31571437811021
VBS-906,24.15,23.59,0,False,48.5,-73.0,254.8574646490273
VBS-906,35.13,35.97,0,False,49.0,-73.0,274.659896887665
,0.0,,0,False,25.0,-72.5,479.55237792611206
,0.0,,0,False,25.5,-72.5,474.7159156021056
,0.0,,0,False,26.0,-72.5,469.26240225836705
,0.0,,0,False,26.5,-72.5,465.99518933202285
,0.0,,0,False,27.0,-72.5,465.2653328142744
,0.0,,0,False,27.5,-72.5,466.87419000118103
,0.0,,0,False,28.0,-72.5,470.5568927426186
,0.0,,0,False,28.5,-72.5,476.70960051220516
,0.0,,0,False,29.0,-72.5,467.45973302691436
,0.0,,0,False,29.5,-72.5,438.2186483559079
,0.0,,0,False,30.0,-72.5,409.8006988142113
,0.0,,0,False,30.5,-72.5,382.3894490727693
,0.0,,0,False,31.0,-72.5,356.21737667076366
,0.0,,0,False,31.5,-72.5,331.57804547792165
,0.0,,0,False,32.0,-72.5,308.8385248615569
,0.0,,0,False,32.5,-72.5,288.44847568282637
,0.0,,0,False,33.0,-72.5,269.4481220112216
,0.0,,0,False,33.5,-72.5,244.44975920055174
,0.0,,0,False,34.0,-72.5,222.02361625265976
,0.0,,0,False,34.5,-72.5,203.02387810805124
,0.0,,0,False,35.0,-72.5,188.4895536236333
,0.0,,0,False,35.5,-72.5,179.5085976613498
KIG-77,-0.68,178.17,0,False,36.0,-72.5,176.92871345092965
KIG-77,-2.77,190.67,0,False,36.5,-72.5,179.72988832310688
KJY-99,-0.34,178.28,0,False,37.0,-72.5,170.59208976125325
WXJ-94,1.45,167.75,0,False,37.5,-72.5,153.2480756964922
KHB-38,5.04,141.79,0,False,38.0,-72.5,140.72323129279658
KHB-38,8.0,121.01,0,False,38.5,-72.5,119.08505503759658
KHB-38,9.76,107.54,0,False,39.0,-72.5,104.62293409791316
WXM-80,11.3,96.19,0,False,39.5,-72.5,89.36645185806915
WXM-80,24.98,62.02,0,False,40.0,-72.5,55.948783165577936
XLR-412,48.28,24.95,0,False,45.0,-72.5,31.42223052297637
XLR-412,66.94,18.03,1,True,45.5,-72.5,55.422810762361195
XLR-412,54.37,49.14,2,True,46.0,-72.5,86.8502998644384
XLR-411,76.26,6.72,2,True,46.5,-72.5,120.00506850757588
VBB-499,22.97,35.2,0,False,47.0,-72.5,153.77390412029024
VBB-499,47.09,12.79,0,False,47.5,-72.5,187.82589262230343
VBB-499,26.27,38.4,0,False,48.0,-72.5,222.03079405349786
VBS-906,53.88,6.53,1,True,48.5,-72.5,238.0990092469707
VBS-906,30.48,28.02,0,False,49.0,-72.5,255.44724430503487
,0.0,,0,False,25.0,-72.0,510.49996110548915
,0.0,,0,False,25.5,-72.0,505.5784940939395
,0.0,,0,False,26.0,-72.0,500.05504361008275
,0.0,,0,False,26.5,-72.0,496.860340961358
,0.0,,0,False,27.0,-72.0,496.0441944880489
,0.0,,0,False,27.5,-72.0,497.4508296405442
,0.0,,0,False,28.0,-72.0,500.77499570428586
,0.0,,0,False,28.5,-72.0,506.4270256918169
,0.0,,0,False,29.0,-72.0,483.6751196060714
,0.0,,0,False,29.5,-72.0,455.3889319278274
,0.0,,0,False,30.0,-72.0,428.01851332556987
,0.0,,0,False,30.5,-72.0,401.7510782607532
,0.0,,0,False,31.0,-72.0,376.817362625208
,0.0,,0,False,31.5,-72.0,353.49969908215934
,0.0,,0,False,32.0,-72.0,332.1386275489479
,0.0,,0,False,32.5,-72.0,313.13482420242997
,0.0,,0,False,33.0,-72.0,289.25328452960684
,0.0,,0,False,33.5,-72.0,266.0004157528147
,0.0,,0,False,34.0,-72.0,245.4176933990632
,0.0,,0,False,34.5,-72.0,228.22868431057412
,0.0,,0,False,35.0,-72.0,215.24796387005964
,0.0,,0,False,35.5,-72.0,207.26771425080207
,0.0,,0,False,36.0,-72.0,204.8731089899504
KJY-99,-6.79,217.37,0,False,36.5,-72.0,207.16230672081505
KJY-99,-4.68,204.41,0,False,37.0,-72.0,193.73153737149434
KHB-38,-2.1,185.44,0,False,37.5,-72.0,178.49078355659358
KHB-38,1.69,162.78,0,False,38.0,-72.0,161.22789934735482
KHB-38,4.56,144.88,0,False,38.5,-72.0,142.58275051750903
KHB-38,6.25,133.67,0,False,39.0,-72.0,129.9737151358533
WXM-80,10.45,102.71,0,False,39.5,-72.0,98.17403914898678
WXM-80,17.88,71.64,0,False,40.0,-72.0,69.06529995078132
WXM-80,37.62,45.85,0,False,40.5,-72.0,47.84127634019259
WWG-50,80.56,7.12,1,True,44.5,-72.0,32.53946384474772
XLR-412,65.03,24.57,1,True,45.0,-72.0,50.73753663250694
XLR-420,58.22,42.76,2,True,45.5,-72.0,71.08372804864845
XLR-412,49.26,48.96,0,False,46.0,-72.0,97.50183216463198
XLM-369,56.64,32.71,3,True,46.5,-72.0,127.85605807560472
XLR-411,50.53,46.17,1,True,47.0,-72.0,159.92057185287584
VBB-499,33.47,36.06,0,False,47.5,-72.0,192.84413495619313
XLR-285,27.96,67.98,0,False,48.0,-72.0,203.02182088901745
VBS-906,55.12,23.98,2,True,48.5,-72.0,217.91089519434226
VBS-906,53.88,36.23,1,True,49.0,-72.0,236.93381842098538
,0.0,,0,False,25.0,-71.5,541.4728054109629
,0.0,,0,False,25.5,-71.5,536.2007122996331
,0.0,,0,False,26.0,-71.5,530.8634297018153
,0.0,,0,False,26.5,-71.5,527.7249724846355
,0.0,,0,False,27.0,-71.5,526.8246404981275
,0.0,,0,False,27.5,-71.5,528.0424072051164
,0.0,,0,False,28.0,-71.5,531.0408879186912
,0.0,,0,False,28.5,-71.5,529.2589585319224
,0.0,,0,False,29.0,-71.5,501.0804547954153
,0.0,,0,False,29.5,-71.5,473.7411611603709
,0.0,,0,False,30.0,-71.5,447.3949542118901
,0.0,,0,False,30.5,-71.5,422.2277783385021
,0.0,,0,False,31.0,-71.5,398.46310435661655
,0.0,,0,False,31.5,-71.5,376.3667008306193
,0.0,,0,False,32.0,-71.5,356.24913003254665
,0.0,,0,False,32.5,-71.5,334.25059580099685
,0.0,,0,False,33.0,-71.5,310.40918560738606
,0.0,,0,False,33.5,-71.5,288.7360485744897
,0.0,,0,False,34.0,-71.5,269.75431677307404
,0.0,,0,False,34.5,-71.5,254.0679441976528
,0.0,,0,False,35.0,-71.5,242.31775188254187
,0.0,,0,False,35.5,-71.5,235.09468231634972
,0.0,,0,False,36.0,-71.5,232.82046911560613
,0.0,,0,False,36.5,-71.5,234.69240876305554
,0.0,,0,False,37.0,-71.5,217.842849282236
KHB-38,-5.43,205.64,0,False,37.5,-71.5,204.24574740423205
KHB-38,-2.08,185.32,0,False,38.0,-71.5,183.40863513635318
KHB-38,0.55,169.65,0,False,38.5,-71.5,167.09657066733993
WXM-80,4.51,145.12,0,False,39.0,-71.5,141.28699240984463
WXM-80,8.85,115.06,0,False,39.5,-71.5,112.62748734896456
WXM-80,12.38,88.33,0,False,40.0,-71.5,88.28722505332979
WXM-80,20.34,68.93,0,False,40.5,-71.5,65.2264972867279
KHB-47,40.11,45.15,0,False,41.0,-71.5,34.47138514566829
WNG-544,85.57,3.99,1,True,45.0,-71.5,37.34273557846838
XLR-420,67.37,18.74,2,True,45.5,-71.5,70.96020264136001
XLR-527,41.58,28.84,0,False,46.0,-71.5,105.18179813740376
XLR-527,65.61,20.5,2,True,46.5,-71.5,139.49494649923756
XLM-369,55.87,12.25,1,True,47.0,-71.5,165.75980465195818
VBB-499,2.96,59.39,0,False,47.5,-71.5,170.445578194984
XLR-285,31.53,51.75,0,False,48.0,-71.5,181.69392044472593
XLR-285,62.89,31.44,1,True,48.5,-71.5,198.39170723190514
XLR-285,30.17,41.06,0,False,49.0,-71.5,219.29765437833342
,0.0,,0,False,25.0,-71.0,572.466407232351
,0.0,,0,False,25.5,-71.0,566.8587690855327
,0.0,,0,False,26.0,-71.0,561.6845420687973
,0.0,,0,False,26.5,-71.0,558.5887343958113
,0.0,,0,False,27.0,-71.0,557.6059663195978
,0.0,,0,False,27.5,-71.0,558.6460193575512
,0.0,,0,False,28.0,-71.0,561.3463867866473
,0.0,,0,False,28.5,-71.0,546.8711223508687
,0.0,,0,False,29.0,-71.0,519.5558090293373
,0.0,,0,False,29.5,-71.0,493.1430220791654
,0.0,,0,False,30.0,-71.0,467.7856696667523
,0.0,,0,False,30.5,-71.0,443.66476040082836
,0.0,,0,False,31.0,-71.0,420.99287866543574
,0.0,,0,False,31.5,-71.0,400.0164849671274
,0.0,,0,False,32.0,-71.0,379.4070449899109
,0.0,,0,False,32.5,-71.0,355.12487070760915
,0.0,,0,False,33.0,-71.0,332.6577524371151
,0.0,,0,False,33.5,-71.0,312.3975456638088
,0.0,,0,False,34.0,-71.0,294.79961633190084
,0.0,,0,False,34.5,-71.0,280.3657307114059
,0.0,,0,False,35.0,-71.0,269.6045525817303
,0.0,,0,False,35.5,-71.0,262.9673549278373
,0.0,,0,False,36.0,-71.0,260.769224073465
,0.0,,0,False,36.5,-71.0,258.9828012071273
,0.0,,0,False,37.0,-71.0,242.63588639292442
,0.0,,0,False,37.5,-71.0,225.613395762251
KHB-38,-5.97,208.9,0,False,38.0,-71.0,206.72608868073533
WXM-80,-2.62,188.18,0,False,38.5,-71.0,184.74740821224214
WXM-80,2.32,158.66,0,False,39.0,-71.0,156.3198210063927
WXM-80,6.56,131.6,0,False,39.5,-71.0,130.86899221760083
WXM-80,9.68,108.87,0,False,40.0,-71.0,103.64681969483068
WXM-80,11.7,93.67,0,False,40.5,-71.0,69.76481462003775
KEC-73,31.68,53.87,0,False,41.0,-71.0,37.129212918207735
KZZ-41,46.56,23.98,0,False,44.0,-71.0,36.03405455021343
KZZ-41,63.25,52.58,1,True,45.0,-71.0,37.66701080711109
XLR-420,76.09,6.87,1,True,45.5,-71.0,71.12989460422139
XLR-527,60.33,24.16,1,True,46.0,-71.0,105.2953403798685
XLR-527,69.4,13.21,1,True,46.5,-71.0,139.64864517700482
VDD-464,56.26,40.64,4,True,47.0,-71.0,142.2172074111305
XLM-369,17.49,52.26,0,False,47.5,-71.0,147.88211820883924
XLR-285,13.81,42.32,0,False,48.0,-71.0,160.93004629221906
XLR-285,72.37,10.49,2,True,48.5,-71.0,179.76042589917904
XLR-285,39.38,28.57,0,False,49.0,-71.0,202.76862054466622
,0.0,,0,False,25.0,-70.5,603.4771624177974
,0.0,,0,False,25.5,-70.5,597.5507208793692
,0.0,,0,False,26.0,-70.5,592.5159644681335
,0.0,,0,False,26.5,-70.5,589.4513250666422
,0.0,,0,False,27.0,-70.5,588.387589156508
,0.0,,0,False,27.5,-70.5,589.2593389739076
,0.0,,0,False,28.0,-70.5,591.6849506876088
,0.0,,0,False,28.5,-70.5,565.4608825867841
,0.0,,0,False,29.0,-70.5,538.9907866981397
,0.0,,0,False,29.5,-70.5,513.4751508884801
,0.0,,0,False,30.0,-70.5,489.06339203157626
,0.0,,0,False,30.5,-70.5,465.9290554109943
,0.0,,0,False,31.0,-70.5,444.27174559650473
,0.0,,0,False,31.5,-70.5,424.31769043471735
,0.0,,0,False,32.0,-70.5,400.0767549777334
,0.0,,0,False,32.5,-70.5,377.0064449425623
,0.0,,0,False,33.0,-70.5,355.7935724736717
,0.0,,0,False,33.5,-70.5,336.78929854218194
,0.0,,0,False,34.0,-70.5,320.3868866690437
,0.0,,0,False,34.5,-70.5,307.00365468593117
,0.0,,0,False,35.0,-70.5,297.04796421404603
,0.0,,0,False,35.5,-70.5,290.8719734853941
,0.0,,0,False,36.0,-70.5,288.71834048046776
,0.0,,0,False,36.5,-70.5,282.9611971066821
,0.0,,0,False,37.0,-70.5,267.9208503999068
,0.0,,0,False,37.5,-70.5,248.03868099924466
,0.0,,0,False,38.0,-70.5,228.42104916305274
WXM-80,-4.98,202.39,0,False,38.5,-70.5,200.13068830442057
WXM-80,-0.45,175.17,0,False,39.0,-70.5,174.11100801924118
KEC-73,3.81,152.58,0,False,39.5,-70.5,143.45710509988885
KEC-73,8.82,118.04,0,False,40.0,-70.5,110.9319545088517
KEC-73,11.68,83.52,0,False,40.5,-70.5,80.11717290473113
KEC-73,37.87,49.02,0,False,41.0,-70.5,51.66085131107858
KZZ-41,39.45,42.72,0,False,44.5,-70.5,31.24179333575223
WNG-547,49.25,9.35,0,False,45.0,-70.5,51.4516094363721
XLR-420,38.04,30.28,0,False,45.5,-70.5,77.68863448771683
XLR-527,33.65,38.47,0,False,46.0,-70.5,108.52717179610251
XLR-527,44.06,32.61,0,False,46.5,-70.5,119.98783917703189
VCC-3,78.86,4.99,3,True,47.0,-70.5,118.69016486048068
XLR-611,26.99,25.17,0,False,47.5,-70.5,125.65154581393956
VCJ-4,38.01,27.81,0,False,48.0,-70.5,140.98067631716
XLR-285,41.55,16.66,0,False,48.5,-70.5,162.32398328188856
XLR-285,30.75,31.34,0,False,49.0,-70.5,187.64030539473998
,0.0,,0,False,25.0,-70.0,634.4319956718693
,0.0,,0,False,25.5,-70.0,628.271176604348
,0.0,,0,False,26.0,-70.0,623.3557343867905
,0.0,,0,False,26.5,-70.0,620.3124787608848
,0.0,,0,False,27.0,-70.0,619.1690176191632
,0.0,,0,False,27.5,-70.0,619.8804732525025
,0.0,,0,False,28.0,-70.0,611.4548163720193
,0.0,,0,False,28.5,-70.0,584.9346673271073
,0.0,,0,False,29.0,-70.0,559.2849639137329
,0.0,,0,False,29.5,-70.0,534.6310087518583
,0.0,,0,False,30.0,-70.0,511.116918285534
,0.0,,0,False,30.5,-70.0,488.9071910479082
,0.0,,0,False,31.0,-70.0,468.1874962525464
,0.0,,0,False,31.5,-70.0,445.22165028874366
,0.0,,0,False,32.0,-70.0,421.6776346879512
,0.0,,0,False,32.5,-70.0,399.72944746149176
,0.0,,0,False,33.0,-70.0,379.6539621167087
,0.0,,0,False,33.5,-70.0,361.7630840525994
,0.0,,0,False,34.0,-70.0,346.3954777301985
,0.0,,0,False,34.5,-70.0,333.8997250573695
,0.0,,0,False,35.0,-70.0,324.60765285755656
,0.0,,0,False,35.5,-70.0,318.79951927321065
,0.0,,0,False,36.0,-70.0,316.6670845933617
,0.0,,0,False,36.5,-70.0,307.5130296987657
,0.0,,0,False,37.0,-70.0,290.36503646491724
,0.0,,0,False,37.5,-70.0,271.30614286003294
,0.0,,0,False,38.0,-70.0,244.05568972043184
,0.0,,0,False,38.5,-70.0,217.45442417168917
KEC-73,-3.37,189.43,0,False,39.0,-70.0,184.97901992119694
KEC-73,2.26,155.39,0,False,39.5,-70.0,153.41058826916205
KEC-73,8.34,121.63,0,False,40.0,-70.0,123.4469076275889
KEC-73,12.66,88.47,0,False,40.5,-70.0,94.56357392597086
KEC-73,32.22,57.0,0,False,41.0,-70.0,67.33095688952685
KEC-73,55.05,32.5,1,True,41.5,-70.0,50.11509475913565
KEC-73,30.72,35.38,0,False,42.0,-70.0,52.860500782025596
WNG-574,39.85,33.94,0,False,42.5,-70.0,36.15745601907121
KZZ-41,45.27,109.32,0,False,43.0,-70.0,39.481880175653984
KZZ-41,59.37,81.54,2,True,45.0,-70.0,35.58896562955808
WNG-547,66.55,35.76,1,True,45.5,-70.0,68.0780680671277
WNG-542,42.71,42.96,0,False,46.0,-70.0,95.33373836326291
VDD-464,24.38,43.52,0,False,46.5,-70.0,96.4221434597163
VDD-464,65.58,11.09,1,True,47.0,-70.0,95.19152231267894
XLR-611,66.6,20.45,3,True,47.5,-70.0,103.96881588253413
VCJ-3,45.67,15.94,0,False,48.0,-70.0,122.2462415079377
VCJ-3,46.98,20.64,0,False,48.5,-70.0,146.51045195614788
XLR-285,39.46,46.72,0,False,49.0,-70.0,174.2785744395893
,0.0,,0,False,25.0,-69.5,665.2890017443879
,0.0,,0,False,25.5,-69.5,659.0157240147537
,0.0,,0,False,26.0,-69.5,654.2022363408261
,0.0,,0,False,26.5,-69.5,651.1719570527547
,0.0,,0,False,27.0,-69.5,649.9498300085646
,0.0,,0,False,27.5,-69.5,650.5078617058256
,0.0,,0,False,28.0,-69.5,630.971671760943
,0.0,,0,False,28.5,-69.5,605.2067561774861
,0.0,,0,False,29.0,-69.5,580.3478010463857
,0.0,,0,False,29.5,-69.5,556.5162301503645
,0.0,,0,False,30.0,-69.5,533.8496571179443
,0.0,,0,False,30.5,-69.5,512.5026844441625
,0.0,,0,False,31.0,-69.5,490.53148558373175
,0.0,,0,False,31.5,-69.5,466.60546704105496
,0.0,,0,False,32.0,-69.5,444.0733446971334
,0.0,,0,False,32.5,-69.5,423.1578456225985
,0.0,,0,False,33.0,-69.5,404.1100656960589
,0.0,,0,False,33.5,-69.5,387.20574189486547
,0.0,,0,False,34.0,-69.5,372.73662075688054
,0.0,,0,False,34.5,-69.5,360.9956406698626
,0.0,,0,False,35.0,-69.5,352.2557029660841
,0.0,,0,False,35.5,-69.5,346.7438139061554
,0.0,,0,False,36.0,-69.5,344.61490073173877
,0.0,,0,False,36.5,-69.5,332.51068430365405
,0.0,,0,False,37.0,-69.5,312.96826165001397
,0.0,,0,False,37.5,-69.5,288.0921738012478
,0.0,,0,False,38.0,-69.5,259.1739921411376
,0.0,,0,False,38.5,-69.5,227.34142258723233
KEC-73,-3.28,195.3,0,False,39.0,-69.5,196.42716787890998
KEC-73,2.22,162.44,0,False,39.5,-69.5,166.94216940040732
KEC-73,7.14,130.45,0,False,40.0,-69.5,137.8289428219814
KEC-73,11.08,100.17,0,False,40.5,-69.5,110.34902780914962
KEC-73,19.7,73.75,0,False,41.0,-69.5,87.99837372861128
KEC-73,31.07,56.84,0,False,41.5,-69.5,75.48003068793122
KEC-73,30.56,58.38,0,False,42.0,-69.5,74.59857361944049
KZZ-41,20.7,152.18,0,False,42.5,-69.5,61.16116397060367
KZZ-41,33.05,125.83,0,False,43.0,-69.5,57.75511196340323
KZZ-41,47.71,104.38,0,False,43.5,-69.5,34.36416833546509
KHB-54,57.63,29.26,2,True,45.0,-69.5,32.500697618010086
WNG-542,72.14,3.62,1,True,45.5,-69.5,53.58756924611078
WNG-547,27.83,77.63,0,False,46.0,-69.5,81.74648576803845
VDD-464,9.9,52.91,0,False,46.5,-69.5,72.96679312667685
VDD-464,28.81,31.94,0,False,47.0,-69.5,71.75061319452625
XLR-611,61.76,35.88,1,True,47.5,-69.5,83.26425470005299
VCD,61.02,17.3,2,True,48.0,-69.5,105.3777063792561
XLR-617,48.95,46.6,0,False,48.5,-69.5,132.90118562054204
XLR-617,-7.51,60.75,0,False,49.0,-69.5,163.11875575908596
,0.0,,0,False,25.0,-69.0,696.1438383936749
,0.0,,0,False,25.5,-69.0,689.7807133711316
,0.0,,0,False,26.0,-69.0,685.0541238740226
,0.0,,0,False,26.5,-69.0,682.0295425714123
,0.0,,0,False,27.0,-69.0,680.7296584857905
,0.0,,0,False,27.5,-69.0,677.0992015111904
,0.0,,0,False,28.0,-69.0,651.2340745278962
,0.0,,0,False,28.5,-69.0,626.1992162030375
,0.0,,0,False,29.0,-69.0,602.0982082523822
,0.0,,0,False,29.5,-69.0,579.0476744580919
,0.0,,0,False,30.0,-69.0,557.17801101623
,0.0,,0,False,30.5,-69.0,535.9870391984899
,0.0,,0,False,31.0,-69.0,511.7462596067103
,0.0,,0,False,31.5,-69.0,488.7394885364568
,0.0,,0,False,32.0,-69.0,467.14908824417734
,0.0,,0,False,32.5,-69.0,447.1802622263707
,0.0,,0,False,33.0,-69.0,429.05948280118633
,0.0,,0,False,33.5,-69.0,413.0300619580864
,0.0,,0,False,34.0,-69.0,399.3439197689292
,0.0,,0,False,34.5,-69.0,388.24894631014797
,0.0,,0,False,35.0,-69.0,379.9721934809841
,0.0,,0,False,35.5,-69.0,374.70046427104995
,0.0,,0,False,36.0,-69.0,372.56134440637135
,0.0,,0,False,36.5,-69.0,355.4415101046644
,0.0,,0,False,37.0,-69.0,332.2380917143427
,0.0,,0,False,37.5,-69.0,301.53606250571875
,0.0,,0,False,38.0,-69.0,270.20309441576177
,0.0,,0,False,38.5,-69.0,239.75339604776025
,0.0,,0,False,39.0,-69.0,210.57049493206924
KEC-73,0.37,173.21,0,False,39.5,-69.0,181.27977517372415
KEC-73,5.21,143.55,0,False,40.0,-69.0,153.69315706135646
KEC-73,9.01,116.61,0,False,40.5,-69.0,129.4886192865707
KEC-73,11.84,94.73,0,False,41.0,-69.0,110.90313326560323
KEC-73,13.85,82.09,0,False,41.5,-69.0,101.0850825584976
KEC-73,13.35,83.0,0,False,42.0,-69.0,96.55458008672987
KZZ-41,13.66,168.32,0,False,42.5,-69.0,86.42213167253162
KZZ-41,24.32,144.8,0,False,43.0,-69.0,76.95069451032586
KZZ-41,32.8,126.44,0,False,43.5,-69.0,43.883678357676054
KHB-54,59.7,17.49,1,True,45.5,-69.0,40.34959117108603
XLR-420,30.05,109.17,0,False,46.0,-69.0,67.7090153887131
XLM-404,20.03,94.02,0,False,46.5,-69.0,49.779621646121164
VFH-528,42.76,35.32,0,False,47.0,-69.0,48.45294671732725
VDD-225,45.84,13.08,0,False,47.5,-69.0,64.48824821365251
XLR-611,37.65,55.48,0,False,48.0,-69.0,91.41478037169423
XLR-617,54.39,23.95,1,True,48.5,-69.0,122.23531311152487
XLR-617,10.44,45.93,0,False,49.0,-69.0,154.63881544266837
,0.0,,0,False,25.0,-68.5,726.812276258687
,0.0,,0,False,25.5,-68.5,720.5630958466292
,0.0,,0,False,26.0,-68.5,715.9102616452233
,0.0,,0,False,26.5,-68.5,712.8850343666131
,0.0,,0,False,27.0,-68.5,711.5081773453059
,0.0,,0,False,27.5,-68.5,697.3617506208511
,0.0,,0,False,28.0,-68.5,672.1742026343929
,0.0,,0,False,28.5,-68.5,647.8416015948037
,0.0,,0,False,29.0,-68.5,624.4639033640857
,0.0,,0,False,29.5,-68.5,602.1523434406254
,0.0,,0,False,30.0,-68.5,581.0297607456964
,0.0,,0,False,30.5,-68.5,557.0697550486829
,0.0,,0,False,31.0,-68.5,533.6696466828338
,0.0,,0,False,31.5,-68.5,511.52585122031337
,0.0,,0,False,32.0,-68.5,490.8084461892698
,0.0,,0,False,32.5,-68.5,471.70541577942964
,0.0,,0,False,33.0,-68.5,454.42040620516826
,0.0,,0,False,33.5,-68.5,439.1681376047677
,0.0,,0,False,34.0,-68.5,426.16692111156425
,0.0,,0,False,34.5,-68.5,415.62805801096874
,0.0,,0,False,35.0,-68.5,407.74252758689244
,0.0,,0,False,35.5,-68.5,402.66624466426174
,0.0,,0,False,36.0,-68.5,397.7090926434188
,0.0,,0,False,36.5,-68.5,375.91228964699866
,0.0,,0,False,37.0,-68.5,344.3448932220557
,0.0,,0,False,37.5,-68.5,313.40496770929855
,0.0,,0,False,38.0,-68.5,283.2981732405779
,0.0,,0,False,38.5,-68.5,254.2158316275361
,0.0,,0,False,39.0,-68.5,224.8739826852506
KEC-73,-1.98,187.06,0,False,39.5,-68.5,197.22351908702504
KEC-73,2.61,159.87,0,False,40.0,-68.5,172.0817086958951
KEC-73,6.34,136.07,0,False,40.5,-68.5,150.70933030158122
KEC-73,8.88,117.71,0,False,41.0,-68.5,134.90989563392833
KEC-73,10.22,107.62,0,False,41.5,-68.5,126.78425635965874
KEC-73,9.9,108.14,0,False,42.0,-68.5,119.93997602094899
KEC-73,8.5,119.14,0,False,42.5,-68.5,111.7654790231891
KZZ-41,15.17,165.38,0,False,43.0,-68.5,84.16980742022888
KZZ-41,22.22,149.39,0,False,43.5,-68.5,53.73543846222071
KEC-93,54.71,37.72,1,True,44.0,-68.5,32.82353572180561
WXN-28,55.36,22.39,2,True,45.5,-68.5,39.606154175217995
WXN-28,43.76,49.33,0,False,46.0,-68.5,53.381981126646814
VDD-225,47.46,11.3,0,False,47.5,-68.5,49.870056245834036
VDD-225,41.23,32.8,0,False,48.0,-68.5,81.85878265703973
XLR-617,72.73,5.05,2,True,48.5,-68.5,115.33284776944689
XLR-528,53.95,51.58,1,True,49.0,-68.5,149.296479980565
,0.0,,0,False,25.0,-68.0,757.4817522114364
,0.0,,0,False,25.5,-68.0,751.3603012122211
,0.0,,0,False,26.0,-68.0,746.7696818218363
,0.0,,0,False,26.5,-68.0,743.7382444246011
,0.0,,0,False,27.0,-68.0,742.2850942015377
,0.0,,0,False,27.5,-68.0,718.264113120287
,0.0,,0,False,28.0,-68.0,693.7302710650508
,0.0,,0,False,28.5,-68.0,670.0705050453535
,0.0,,0,False,29.0,-68.0,647.3806645061628
,0.0,,0,False,29.5,-68.0,625.7662724335167
,0.0,,0,False,30.0,-68.0,602.5541959023635
,0.0,,0,False,30.5,-68.0,578.82281271171
,0.0,,0,False,31.0,-68.0,556.217382783815
,0.0,,0,False,31.5,-68.0,534.8806879311642
,0.0,,0,False,32.0,-68.0,514.9704596491803
,0.0,,0,False,32.5,-68.0,496.65828682438496
,0.0,,0,False,33.0,-68.0,480.12705966559867
,0.0,,0,False,33.5,-68.0,465.56653318132487
,0.0,,0,False,34.0,-68.0,453.16671031806396
,0.0,,0,False,34.5,-68.0,443.1090246252868
,0.0,,0,False,35.0,-68.0,435.55575998709384
,0.0,,0,False,35.5,-68.0,430.63871862864033
,0.0,,0,False,36.0,-68.0,418.7231321932885
,0.0,,0,False,36.5,-68.0,387.48857521827256
,0.0,,0,False,37.0,-68.0,356.86303164086314
,0.0,,0,False,37.5,-68.0,327.01765180314254
,0.0,,0,False,38.0,-68.0,297.7254410240374
,0.0,,0,False,38.5,-68.0,268.59568668699677
,0.0,,0,False,39.0,-68.0,240.89971393847466
,0.0,,0,False,39.5,-68.0,215.1918364194758
,0.0,,0,False,40.0,-68.0,192.27117858757543
KEC-73,3.03,157.44,0,False,40.5,-68.0,173.24754375326205
KEC-73,5.35,141.7,0,False,41.0,-68.0,159.52129191029326
KEC-73,6.11,133.26,0,False,41.5,-68.0,152.52934052360422
KEC-73,6.37,133.51,0,False,42.0,-68.0,144.0597276733227
KEC-73,5.28,142.39,0,False,42.5,-68.0,126.13300127237895
WNG-543,9.09,114.68,0,False,43.0,-68.0,96.47469979086064
WNG-543,13.61,80.77,0,False,43.5,-68.0,71.3585096854354
WNG-543,36.93,47.79,0,False,44.0,-68.0,47.046570957224354
WXN-28,53.94,24.24,1,True,45.0,-68.0,35.606085087019984
WXN-28,73.13,11.69,1,True,45.5,-68.0,51.897048871268034
WXN-28,55.15,45.53,1,True,46.0,-68.0,47.457629461322746
VFH-528,61.22,23.78,2,True,47.5,-68.0,43.79348893841477
XLR-528,32.85,31.09,0,False,48.0,-68.0,78.33979890115289
XLR-528,70.97,11.4,1,True,48.5,-68.0,112.8865600739156
XLR-528,59.0,40.99,2,True,49.0,-68.0,147.43345527302765
,0.0,,0,False,25.0,-67.5,788.1789278266306
,0.0,,0,False,25.5,-67.5,782.170144126463
,0.0,,0,False,26.0,-67.5,777.6315508223354
,0.0,,0,False,26.5,-67.5,774.5889950134267
,0.0,,0,False,27.0,-67.5,764.461995962799
,0.0,,0,False,27.5,-67.5,739.7516435324842
,0.0,,0,False,28.0,-67.5,715.8462096751798
,0.0,,0,False,28.5,-67.5,692.8290273687228
,0.0,,0,False,29.0,-67.5,670.7915484865623
,0.0,,0,False,29.5,-67.5,648.1834126917344
,0.0,,0,False,30.0,-67.5,624.1691725990111
,0.0,,0,False,30.5,-67.5,601.1729757588431
,0.0,,0,False,31.0,-67.5,579.3160764396328
,0.0,,0,False,31.5,-67.5,558.7322005585783
,0.0,,0,False,32.0,-67.5,539.5670669101627
,0.0,,0,False,32.5,-67.5,521.9769778300285
,0.0,,0,False,33.0,-67.5,506.126183940068
,0.0,,0,False,33.5,-67.5,492.1827609340727
,0.0,,0,False,34.0,-67.5,480.31285369390986
,0.0,,0,False,34.5,-67.5,470.67336761328346
,0.0,,0,False,35.0,-67.5,463.4035145633945
,0.0,,0,False,35.5,-67.5,458.6159986818535
,0.0,,0,False,36.0,-67.5,430.8985156508827
,0.0,,0,False,36.5,-67.5,400.52856014422866
,0.0,,0,False,37.0,-67.5,370.8877596795597
,0.0,,0,False,37.5,-67.5,341.41204177188837
,0.0,,0,False,38.0,-67.5,312.4370099769298
,0.0,,0,False,38.5,-67.5,284.70507545442075
,0.0,,0,False,39.0,-67.5,258.61644824714375
,0.0,,0,False,39.5,-67.5,234.7197216410587
,0.0,,0,False,40.0,-67.5,213.75130816449862
KEC-73,-0.74,180.04,0,False,40.5,-67.5,196.65017094622414
KEC-73,1.37,166.28,0,False,41.0,-67.5,184.4948562639768
KEC-73,2.43,158.96,0,False,41.5,-67.5,178.29977200105918
KEC-73,2.34,158.99,0,False,42.0,-67.5,168.59830643455726
WNG-543,4.45,147.84,0,False,42.5,-67.5,139.33335754571212
KEC-93,9.36,118.14,0,False,43.0,-67.5,113.0628976009935
WNG-543,13.91,78.86,0,False,43.5,-67.5,89.56643707301234
WNG-543,39.6,44.51,0,False,44.0,-67.5,63.38125316014185
WNG-543,78.11,11.36,1,True,44.5,-67.5,48.98057682947641
KHC-47,77.98,8.88,4,True,45.0,-67.5,56.28399077979423
WXN-28,46.72,30.79,0,False,45.5,-67.5,70.72492520316413
XLM-404,38.82,20.53,0,False,46.0,-67.5,52.842280755237105
VFH-528,27.98,46.1,0,False,47.5,-67.5,49.510594529728245
XLR-528,32.23,32.04,0,False,48.0,-67.5,81.64237099000304
XLR-528,25.82,13.76,0,False,48.5,-67.5,115.18083189108022
VES,64.4,18.66,3,True,49.0,-67.5,149.18022941671245
,0.0,,0,False,25.0,-67.0,818.9002607417347
,0.0,,0,False,25.5,-67.0,812.9907515377912
,0.0,,0,False,26.0,-67.0,808.4951436528819
,0.0,,0,False,26.5,-67.0,805.4371166351879
,0.0,,0,False,27.0,-67.0,785.8956937807087
,0.0,,0,False,27.5,-67.0,761.7744016660159
,0.0,,0,False,28.0,-67.0,738.471277591427
,0.0,,0,False,28.5,-67.0,716.0662133083989
,0.0,,0,False,29.0,-67.0,693.9450295279834
,0.0,,0,False,29.5,-67.0,669.6864273674672
,0.0,,0,False,30.0,-67.0,646.355273460364
,0.0,,0,False,30.5,-67.0,624.0556056932638
,0.0,,0,False,31.0,-67.0,602.9018975487231
,0.0,,0,False,31.5,-67.0,583.0189059328018
,0.0,,0,False,32.0,-67.0,564.5409161615968
,0.0,,0,False,32.5,-67.0,547.6101793942742
,0.0,,0,False,33.0,-67.0,532.3743401832418
,0.0,,0,False,33.5,-67.0,518.982696787534
,0.0,,0,False,34.0,-67.0,507.5812420731004
,0.0,,0,False,34.5,-67.0,498.30660729065374
,0.0,,0,False,35.0,-67.0,491.27926386201347
,0.0,,0,False,35.5,-67.0,474.530213359601
,0.0,,0,False,36.0,-67.0,444.3711327600622
,0.0,,0,False,36.5,-67.0,414.8938820999864
,0.0,,0,False,37.0,-67.0,385.25159962414557
,0.0,,0,False,37.5,-67.0,356.39319783792547
,0.0,,0,False,38.0,-67.0,328.6309767873578
,0.0,,0,False,38.5,-67.0,302.26713078457243
,0.0,,0,False,39.0,-67.0,277.7002173289829
,0.0,,0,False,39.5,-67.0,255.449205763135
,0.0,,0,False,40.0,-67.0,236.1695938326151
KEC-73,-4.65,203.45,0,False,40.5,-67.0,220.6416828059749
KEC-73,-2.83,191.21,0,False,41.0,-67.0,209.70055442661632
KEC-73,-1.83,184.7,0,False,41.5,-67.0,204.0852476535611
WNG-543,-1.65,184.95,0,False,42.0,-67.0,182.3096765550653
WNG-543,3.95,150.99,0,False,42.5,-67.0,155.5030154355923
WNG-543,8.77,117.38,0,False,43.0,-67.0,132.25552566461906
VAR-9,24.93,47.02,0,False,43.5,-67.0,105.23456990235601
WNG-543,32.21,53.85,0,False,44.0,-67.0,83.92752962925545
WNG-543,52.33,32.26,1,True,44.5,-67.0,73.48517318628109
XLM-490,68.74,12.34,2,True,45.0,-67.0,78.37752266811536
XLM-490,44.69,23.54,0,False,45.5,-67.0,92.16665845690602
XLM-404,66.23,9.78,1,True,46.0,-67.0,66.85697049025575
WXM-77,37.28,38.69,0,False,46.5,-67.0,48.625070505421505
VGS-569,19.06,58.39,0,False,47.0,-67.0,47.702894457825984
VFH-526,22.37,61.42,0,False,47.5,-67.0,63.931905516762676
XLR-239,26.76,41.56,0,False,48.0,-67.0,91.02689941846782
XLR-528,43.99,36.03,0,False,48.5,-67.0,121.94830770418552
VDD-596,50.83,34.57,1,True,49.0,-67.0,154.41427565736169
