year,month,state,county,cz_type,wfo,lat,lon,deaths,damage,narrative
1998,January,VIRGINIA,LANCASTER,Z,AKQ,36.98,-76.49,0,,
1998,January,MASSACHUSETTS,DUKES,Z,BOX,41.96,-71.13,0,,
1998,January,DELAWARE,DELAWARE BEACHES,Z,PHI,39.86,-74.46,0,800K,
1998,January,DELAWARE,INLAND SUSSEX,Z,PHI,39.86,-74.46,0,500K,
1998,January,DELAWARE,KENT,Z,PHI,39.86,-74.46,0,,
1998,May,NEW JERSEY,EASTERN ATLANTIC,Z,PHI,39.86,-74.46,0,,
1998,May,NEW JERSEY,EASTERN CAPE MAY,Z,PHI,39.86,-74.46,0,,
1998,January,MARYLAND,MARYLAND BEACHES / X E WORCESTER,Z,AKQ,36.98,-76.49,0,1.5M,
1998,January,VIRGINIA,NEWPORT NEWS,Z,AKQ,36.98,-76.49,0,,
1998,January,VIRGINIA,NORTHUMBERLAND,Z,AKQ,36.98,-76.49,0,,
1998,May,NEW JERSEY,BURLINGTON,Z,PHI,39.86,-74.46,0,,
1998,May,NEW JERSEY,CAMDEN,Z,PHI,39.86,-74.46,0,,
1998,January,VIRGINIA,MATHEWS,Z,AKQ,36.98,-76.49,0,,
1998,January,VIRGINIA,YORK,Z,AKQ,36.98,-76.49,0,,
1998,January,VIRGINIA,ACCOMACK,Z,AKQ,36.98,-76.49,0,,
1998,January,VIRGINIA,NORTHAMPTON,Z,AKQ,36.98,-76.49,0,,
1998,January,VIRGINIA,GLOUCESTER,Z,AKQ,36.98,-76.49,0,,
1998,January,MASSACHUSETTS,NANTUCKET,Z,BOX,41.96,-71.13,0,,
1998,May,PENNSYLVANIA,BUCKS,Z,PHI,39.86,-74.46,0,,
1998,January,NEW JERSEY,EASTERN ATLANTIC,Z,PHI,39.86,-74.46,0,.5M,
1998,January,NEW JERSEY,EASTERN CAPE MAY,Z,PHI,39.86,-74.46,0,14.5M,
1998,January,MARYLAND,INLAND WORCESTER / EXCEPT X E WORCESTER,Z,AKQ,36.98,-76.49,0,,
1998,May,NEW JERSEY,GLOUCESTER,Z,PHI,39.86,-74.46,0,,
1998,May,PENNSYLVANIA,DELAWARE,Z,PHI,39.86,-74.46,0,,
1998,January,NEW YORK,SOUTHEAST SUFFOLK,Z,OKX,40.87,-72.86,0,,
1998,January,NEW JERSEY,HUDSON,Z,OKX,40.87,-72.86,0,,
1998,January,MARYLAND,TALBOT,Z,PHI,39.86,-74.46,0,,
1998,May,PENNSYLVANIA,PHILADELPHIA,Z,PHI,39.86,-74.46,0,,
1998,January,MARYLAND,KENT,Z,PHI,39.86,-74.46,0,,
1998,January,MARYLAND,QUEEN ANNES,Z,PHI,39.86,-74.46,0,,
1998,January,VIRGINIA,VIRGINIA BEACH,Z,AKQ,36.98,-76.49,0,,
1998,April,NEW JERSEY,EASTERN ATLANTIC,Z,PHI,39.86,-74.46,0,,
1998,January,MASSACHUSETTS,EASTERN PLYMOUTH / ALSO PART OF NORFOLK,Z,BOX,41.96,-71.13,0,200K,
1998,May,NEW JERSEY,EASTERN MONMOUTH,Z,PHI,39.86,-74.46,0,,
1998,May,NEW JERSEY,EASTERN OCEAN,Z,PHI,39.86,-74.46,0,,
1998,May,NEW JERSEY,WESTERN MONMOUTH,Z,PHI,39.86,-74.46,0,,
1998,January,VIRGINIA,NORFOLK,Z,AKQ,36.98,-76.49,0,1.5M,
1998,May,NEW JERSEY,MIDDLESEX,Z,PHI,39.86,-74.46,0,,
1998,January,NEW JERSEY,EASTERN MONMOUTH,Z,PHI,39.86,-74.46,0,,
1998,January,NEW JERSEY,EASTERN OCEAN,Z,PHI,39.86,-74.46,0,,
1998,January,NEW YORK,NASSAU,Z,OKX,40.87,-72.86,0,,
1998,May,DELAWARE,INLAND SUSSEX,Z,PHI,39.86,-74.46,0,,
1998,April,LOUISIANA,CAMERON,Z,LCH,30.13,-93.22,0,75K,
1998,April,LOUISIANA,ST. MARY,Z,LCH,30.13,-93.22,0,50K,
1998,March,FLORIDA,PASCO,C,TBW,28.302,-82.4557,0,175K,Winds in excess of 50 mph caused coastal flooding and beach erosion to several locations west of U.S. Highway 19 in New Port Richey.  Several roads had water that covered roadways two to three feet de
1998,April,NEW JERSEY,EASTERN CAPE MAY,Z,PHI,39.86,-74.46,0,,
1998,April,NEW JERSEY,EASTERN OCEAN,Z,PHI,39.86,-74.46,0,,
1998,April,NEW JERSEY,EASTERN MONMOUTH,Z,PHI,39.86,-74.46,0,,
1998,May,DELAWARE,DELAWARE BEACHES,Z,PHI,39.86,-74.46,0,,
1998,February,NEW JERSEY,CAMDEN,Z,PHI,39.86,-74.46,0,,
1998,February,VIRGINIA,NEWPORT NEWS,Z,AKQ,36.98,-76.49,0,,
1998,February,VIRGINIA,VIRGINIA BEACH,Z,AKQ,36.98,-76.49,0,,
1998,February,MARYLAND,CAROLINE,Z,PHI,39.86,-74.46,0,,
1998,February,MARYLAND,CHARLES,Z,LWX,38.98,-77.47,0,150K,
1998,February,NEW YORK,SOUTHEAST SUFFOLK,Z,OKX,40.87,-72.86,0,,
1998,February,NEW YORK,SOUTHEAST SUFFOLK,Z,OKX,40.87,-72.86,0,,
1998,February,MARYLAND,MARYLAND BEACHES / X E WORCESTER,Z,AKQ,36.98,-76.49,0,1.5M,
1998,February,MARYLAND,TALBOT,Z,PHI,39.86,-74.46,0,,
1998,February,MARYLAND,KENT,Z,PHI,39.86,-74.46,0,,
1998,February,MARYLAND,ST. MARY'S,Z,LWX,38.98,-77.47,0,250K,
1998,February,MARYLAND,ANNE ARUNDEL,Z,LWX,38.98,-77.47,0,50K,
1998,February,VIRGINIA,NORTHUMBERLAND,Z,AKQ,36.98,-76.49,0,,
1998,February,VIRGINIA,GLOUCESTER,Z,AKQ,36.98,-76.49,0,,
1998,February,DELAWARE,DELAWARE BEACHES,Z,PHI,39.86,-74.46,0,,
1998,February,NEW JERSEY,EASTERN CAPE MAY,Z,PHI,39.86,-74.46,0,,
1998,February,VIRGINIA,YORK / POQUOSON,Z,AKQ,36.98,-76.49,0,75M,
1998,February,MARYLAND,INLAND WORCESTER / EXCEPT X E WORCESTER,Z,AKQ,36.98,-76.49,0,,
1998,February,MARYLAND,QUEEN ANNES,Z,PHI,39.86,-74.46,0,,
1998,February,VIRGINIA,ACCOMACK,Z,AKQ,36.98,-76.49,0,,
1998,February,MARYLAND,CALVERT,Z,LWX,38.98,-77.47,0,200K,
1998,February,VIRGINIA,LANCASTER,Z,AKQ,36.98,-76.49,0,,
1998,February,NEW JERSEY,EASTERN CAPE MAY,Z,PHI,39.86,-74.46,0,,
1998,February,DELAWARE,DELAWARE BEACHES,Z,PHI,39.86,-74.46,0,,
1998,February,DELAWARE,DELAWARE BEACHES,Z,PHI,39.86,-74.46,0,1M,
1998,February,DELAWARE,INLAND SUSSEX,Z,PHI,39.86,-74.46,0,700K,
1998,February,DELAWARE,KENT,Z,PHI,39.86,-74.46,0,,
1998,February,MASSACHUSETTS,DUKES,Z,BOX,41.96,-71.13,0,50K,
1998,February,MASSACHUSETTS,BARNSTABLE,Z,BOX,41.96,-71.13,0,,
1998,February,MASSACHUSETTS,NANTUCKET,Z,BOX,41.96,-71.13,0,,
1998,February,VIRGINIA,NORTHAMPTON,Z,AKQ,36.98,-76.49,0,,
1998,February,NEW JERSEY,EASTERN ATLANTIC,Z,PHI,39.86,-74.46,0,,
1998,February,VIRGINIA,MATHEWS,Z,AKQ,36.98,-76.49,0,,
1998,February,NEW JERSEY,BURLINGTON,Z,PHI,39.86,-74.46,0,,
1998,February,NEW YORK,NASSAU,Z,OKX,40.87,-72.86,0,,
1998,February,NEW JERSEY,EASTERN ATLANTIC,Z,PHI,39.86,-74.46,0,3.9M,
1998,February,NEW JERSEY,EASTERN CAPE MAY,Z,PHI,39.86,-74.46,0,3.63M,
1998,February,NEW JERSEY,EASTERN MONMOUTH,Z,PHI,39.86,-74.46,0,.5M,
1998,February,NEW JERSEY,EASTERN OCEAN,Z,PHI,39.86,-74.46,0,9M,
1998,February,NEW JERSEY,EASTERN OCEAN,Z,PHI,39.86,-74.46,0,,
1998,February,VIRGINIA,NORFOLK / HAMPTON / PORTSMOUTH,Z,AKQ,36.98,-76.49,0,,
1998,February,NEW JERSEY,EASTERN MONMOUTH,Z,PHI,39.86,-74.46,0,,
1998,March,NEW JERSEY,EASTERN ATLANTIC,Z,PHI,39.86,-74.46,0,,
1998,March,NEW JERSEY,EASTERN CAPE MAY,Z,PHI,39.86,-74.46,0,,
1998,March,NEW JERSEY,EASTERN MONMOUTH,Z,PHI,39.86,-74.46,0,,
1998,March,DELAWARE,DELAWARE BEACHES,Z,PHI,39.86,-74.46,0,,
1998,February,NEW YORK,RICHMOND (STATEN IS.),Z,OKX,40.87,-72.86,0,,
1998,February,NEW YORK,NORTHWEST SUFFOLK,Z,OKX,40.87,-72.86,0,,
1998,February,NEW YORK,SOUTHEAST SUFFOLK,Z,OKX,40.87,-72.86,0,750K,
1998,February,NEW YORK,SOUTHWEST SUFFOLK,Z,OKX,40.87,-72.86,0,,
1998,March,NEW JERSEY,WESTERN MONMOUTH,Z,PHI,39.86,-74.46,0,,
1998,March,DELAWARE,INLAND SUSSEX,Z,PHI,39.86,-74.46,0,,
1998,February,NEW YORK,NASSAU,Z,OKX,40.87,-72.86,0,,
1998,February,NEW YORK,NASSAU,Z,OKX,40.87,-72.86,0,,
1998,February,NEW YORK,NORTHEAST SUFFOLK,Z,OKX,40.87,-72.86,0,,
1998,February,NEW YORK,SOUTHWEST SUFFOLK,Z,OKX,40.87,-72.86,0,,
1998,February,CALIFORNIA,MENDOCINO COAST,Z,EKA,40.8,-124.55,0,,"Heavy surf, strong winds and a high tide combined to cause coastal flooding at Arena Cove near the town of Point Arena."
1998,February,NEW JERSEY,HUDSON,Z,OKX,40.87,-72.86,0,,
1998,February,CALIFORNIA,MENDOCINO COAST,Z,EKA,40.8,-124.55,0,,"A rogue wave swept into the Point Arena harbor and into the parking lot.  Thirty cars were moved across the lot but with only minor damage.  A conciderable amount of sand, logs and debris was deposite"
1998,February,NEW JERSEY,EASTERN MONMOUTH,Z,PHI,39.86,-74.46,0,,
1998,February,VIRGINIA,ALEXANDRIA (C),C,LWX,38.8183,-77.082,0,2K,
1998,February,NEW JERSEY,HUDSON,Z,OKX,40.87,-72.86,0,,
1998,February,NEW JERSEY,BERGEN,Z,OKX,40.87,-72.86,0,,
1998,October,MAINE,YORK,C,GYX,43.4272,-70.6704,0,766K,
1998,February,VIRGINIA,ALEXANDRIA (C),C,LWX,38.8183,-77.082,0,1K,
1998,March,NEW JERSEY,EASTERN OCEAN,Z,PHI,39.86,-74.46,0,,
1998,March,NEW JERSEY,EASTERN MONMOUTH,Z,PHI,39.86,-74.46,0,,
1998,February,NEW JERSEY,EASTERN ATLANTIC,Z,PHI,39.86,-74.46,0,,
1998,March,NEW JERSEY,WESTERN MONMOUTH,Z,PHI,39.86,-74.46,0,,
1998,February,CALIFORNIA,HUMBOLDT,C,EKA,40.7067,-123.9258,0,,Beach erosion due to ongoing large surf began to crumble a bluff with several homes.  The homes nearest the ocean were either condemed or moved away from the cliff.  The erosion continued for several 
1998,February,NEW JERSEY,EASTERN OCEAN,Z,PHI,39.86,-74.46,0,,
1998,February,NEW YORK,SOUTHWEST SUFFOLK,Z,OKX,40.87,-72.86,0,,
1998,March,NEW JERSEY,EASTERN OCEAN,Z,PHI,39.86,-74.46,0,,
1999,September,FLORIDA,ESCAMBIA,C,MOB,30.6117,-87.339,0,,Minor coastal flooding was reported along the west end of State Highway 399 near Fort Pickens.  Two inches of water was reported in the street but vehicles were still able to drive through without any
1999,September,NEW JERSEY,GLOUCESTER,Z,PHI,39.86,-74.46,0,,
1999,September,NEW JERSEY,SALEM,Z,PHI,39.86,-74.46,0,,
1999,September,NEW JERSEY,CUMBERLAND,Z,PHI,39.86,-74.46,0,,
1999,September,NEW JERSEY,CAMDEN,Z,PHI,39.86,-74.46,0,,
1999,September,PENNSYLVANIA,BUCKS,Z,PHI,39.86,-74.46,0,,
1999,September,PENNSYLVANIA,DELAWARE,Z,PHI,39.86,-74.46,0,,
1999,September,PENNSYLVANIA,PHILADELPHIA,Z,PHI,39.86,-74.46,0,,
1999,September,NEW JERSEY,BURLINGTON,Z,PHI,39.86,-74.46,0,,
1999,January,NEW JERSEY,WESTERN MONMOUTH,Z,PHI,39.86,-74.46,0,,
1999,March,NEW JERSEY,EASTERN ATLANTIC,Z,PHI,39.86,-74.46,0,,
1999,February,PUERTO RICO,AGUADILLA,Z,SJU,18.43,-66.02,0,10K,
1999,March,NEW JERSEY,EASTERN MONMOUTH,Z,PHI,39.86,-74.46,0,,
1999,March,DELAWARE,DELAWARE BEACHES / X E SUSSEX,Z,PHI,39.86,-74.46,0,,
1999,March,NEW JERSEY,WESTERN MONMOUTH,Z,PHI,39.86,-74.46,0,,
1999,March,ALABAMA,BALDWIN,C,MOB,30.6592,-87.7461,0,5K,
1999,March,FLORIDA,ESCAMBIA,C,MOB,30.6117,-87.339,0,2K,
1999,March,FLORIDA,SANTA ROSA,C,MOB,30.7036,-87.0143,0,2K,
1999,January,NEW JERSEY,EASTERN OCEAN,Z,PHI,39.86,-74.46,0,,
1999,January,NEW JERSEY,EASTERN MONMOUTH,Z,PHI,39.86,-74.46,0,,
1999,January,NEW JERSEY,EASTERN CAPE MAY,Z,PHI,39.86,-74.46,0,,
1999,January,NEW JERSEY,EASTERN MONMOUTH,Z,PHI,39.86,-74.46,0,,
1999,March,FLORIDA,OKALOOSA,C,MOB,30.6659,-86.5942,0,2K,
1999,August,NEW JERSEY,EASTERN OCEAN,Z,PHI,39.86,-74.46,0,,
1999,February,PUERTO RICO,HUMACAO,Z,SJU,18.43,-66.02,0,,
1999,February,PUERTO RICO,SAN JUAN,Z,SJU,18.43,-66.02,0,15K,
1999,March,NEW JERSEY,EASTERN OCEAN,Z,PHI,39.86,-74.46,0,,
1999,January,DELAWARE,DELAWARE BEACHES / X E SUSSEX,Z,PHI,39.86,-74.46,0,,
1999,January,NEW JERSEY,EASTERN ATLANTIC,Z,PHI,39.86,-74.46,0,,
1999,September,ALABAMA,MOBILE,C,MOB,30.6846,-88.1966,0,5K,"Higher than normal tides, caused by Tropical Storm Harvey located in the Gulf of Mexico, caused street flooding on Dauphin Island.  High water was reported across County Road 2 and streets crossing th"
1999,August,NEW JERSEY,EASTERN MONMOUTH,Z,PHI,39.86,-74.46,0,,
1999,August,NEW JERSEY,EASTERN CAPE MAY,Z,PHI,39.86,-74.46,0,,
1999,February,PUERTO RICO,ARECIBO,Z,SJU,18.43,-66.02,0,15K,
1999,March,NEW JERSEY,EASTERN ATLANTIC,Z,PHI,39.86,-74.46,0,,
1999,January,ALABAMA,MOBILE,C,MOB,30.6846,-88.1966,0,5K,Strong southerly winds caused high waves along the west end of Dauphin Island.  Several streets were closed due to high water.  This is the same area that had the protective sand dunes destroyed by Hu
1999,March,ALABAMA,MOBILE,C,MOB,30.6846,-88.1966,0,10K,Persistent southeast winds of 15 to 25 mph caused higher than normal tides along Dauphin Island.  The high tides eroded some of the dunes being refurbished on the west end of the island that was devas
1999,March,ALABAMA,MOBILE,C,MOB,30.6846,-88.1966,0,5K,
1999,March,NEW JERSEY,EASTERN CAPE MAY,Z,PHI,39.86,-74.46,0,,
1999,September,DELAWARE,KENT,Z,PHI,39.86,-74.46,0,,
1999,September,DELAWARE,NEW CASTLE,Z,PHI,39.86,-74.46,0,,
1999,December,NEW JERSEY,WESTERN CAPE MAY,Z,PHI,39.86,-74.46,0,,
1999,August,NEW JERSEY,EASTERN ATLANTIC,Z,PHI,39.86,-74.46,0,,
1999,December,NEW JERSEY,EASTERN CAPE MAY,Z,PHI,39.86,-74.46,0,,
1999,March,NEW JERSEY,EASTERN OCEAN,Z,PHI,39.86,-74.46,0,,
1999,May,ALABAMA,MOBILE,C,MOB,30.6846,-88.1966,0,15K,Strong onshore winds caused higher than normal tides along Dauphin Island.  The higher than normal tides caused water to cover the road along the west end of the island.  Roads along the west end of t
1999,March,NEW JERSEY,EASTERN MONMOUTH,Z,PHI,39.86,-74.46,0,,
1999,January,PENNSYLVANIA,DELAWARE,Z,PHI,39.86,-74.46,0,,
1999,March,NEW JERSEY,EASTERN CAPE MAY,Z,PHI,39.86,-74.46,0,,
1999,August,DELAWARE,DELAWARE BEACHES,Z,PHI,39.86,-74.46,0,,
1999,January,PENNSYLVANIA,BUCKS,Z,PHI,39.86,-74.46,0,,
1999,January,NEW JERSEY,CAMDEN,Z,PHI,39.86,-74.46,0,,
1999,January,NEW JERSEY,BURLINGTON,Z,PHI,39.86,-74.46,0,,
1999,January,NEW JERSEY,GLOUCESTER,Z,PHI,39.86,-74.46,0,,
1999,January,PENNSYLVANIA,PHILADELPHIA,Z,PHI,39.86,-74.46,0,,
1999,March,MAINE,COASTAL YORK,Z,GYX,43.89,-70.26,0,,
1999,March,MAINE,COASTAL CUMBERLAND,Z,GYX,43.89,-70.26,0,,
1997,June,NEW JERSEY,EASTERN CAPE MAY,Z,PHI,39.86,-74.46,0,,
1997,August,NEW YORK,SUFFOLK,C,OKX,40.9436,-72.6922,0,,
1997,June,VIRGINIA,VIRGINIA BEACH,Z,AKQ,36.98,-76.49,0,0,
1997,June,VIRGINIA,NORFOLK,Z,AKQ,36.98,-76.49,0,0,
1997,August,CONNECTICUT,SOUTHERN FAIRFIELD,Z,OKX,40.87,-72.86,0,,
1997,June,DELAWARE,DELAWARE BEACHES,Z,PHI,39.86,-74.46,0,,
1997,June,NEW JERSEY,EASTERN MONMOUTH,Z,PHI,39.86,-74.46,0,,
1997,August,NEW YORK,NASSAU,C,OKX,40.7297,-73.5894,0,,
1997,January,RHODE ISLAND,BRISTOL,Z,BOX,41.96,-71.13,0,,
1997,January,RHODE ISLAND,WASHINGTON,Z,BOX,41.96,-71.13,0,,
1997,January,CONNECTICUT,NEW HAVEN,C,OKX,41.3497,-72.9002,0,,
1997,June,NEW JERSEY,EASTERN OCEAN,Z,PHI,39.86,-74.46,0,,
1997,August,CONNECTICUT,SOUTHERN NEW HAVEN,Z,OKX,40.87,-72.86,0,,
1997,June,NEW JERSEY,EASTERN ATLANTIC,Z,PHI,39.86,-74.46,0,,
1997,January,MASSACHUSETTS,SOUTHERN PLYMOUTH,Z,BOX,41.96,-71.13,0,,
1997,January,MASSACHUSETTS,SOUTHERN BRISTOL,Z,BOX,41.96,-71.13,0,,
1997,January,NEW YORK,QUEENS,C,OKX,40.6586,-73.8379,0,,
1997,January,NEW YORK,NASSAU,C,OKX,40.7297,-73.5894,0,,
1997,January,NEW YORK,SUFFOLK,C,OKX,40.9436,-72.6922,0,,
1997,March,NEW YORK,NASSAU,Z,OKX,40.87,-72.86,0,,
1997,March,NEW JERSEY,HUDSON,Z,OKX,40.87,-72.86,0,,
1997,March,NEW YORK,SOUTHERN WESTCHESTER,Z,OKX,40.87,-72.86,1,,
1997,March,NEW JERSEY,ESSEX,Z,OKX,40.87,-72.86,0,,
1997,March,NEW YORK,SOUTHWEST SUFFOLK,Z,OKX,40.87,-72.86,0,,
1997,January,RHODE ISLAND,NEWPORT,Z,BOX,41.96,-71.13,0,,
1997,April,MASSACHUSETTS,NANTUCKET,Z,BOX,41.96,-71.13,0,,
1997,March,NEW JERSEY,EASTERN PASSAIC,Z,OKX,40.87,-72.86,0,,
1997,April,VIRGINIA,YORK / POQUOSON,Z,AKQ,36.98,-76.49,0,0,
1997,April,VIRGINIA,VIRGINIA BEACH,Z,AKQ,36.98,-76.49,0,0,
1997,March,CONNECTICUT,SOUTHERN NEW LONDON,Z,OKX,40.87,-72.86,0,,
1997,April,VIRGINIA,NORFOLK / HAMPTON / PORTSMOUTH,Z,AKQ,36.98,-76.49,0,0,
1997,April,VIRGINIA,NEWPORT NEWS,Z,AKQ,36.98,-76.49,0,0,
1997,March,NEW YORK,QUEENS,Z,OKX,40.87,-72.86,0,,
1997,March,NEW YORK,SOUTHEAST SUFFOLK,Z,OKX,40.87,-72.86,0,,
1997,April,TEXAS,HARRIS,Z,HGX,29.47,-95.08,0,.25M,
1997,April,TEXAS,GALVESTON,Z,HGX,29.47,-95.08,0,.35M,
1997,March,NEW YORK,NORTHEAST SUFFOLK,Z,OKX,40.87,-72.86,0,,
1997,March,NEW YORK,BRONX,Z,OKX,40.87,-72.86,0,,
1997,March,NEW YORK,KINGS (BROOKLYN),Z,OKX,40.87,-72.86,0,,
1997,March,NEW YORK,NEW YORK (MANHATTAN),Z,OKX,40.87,-72.86,0,,
1997,April,TEXAS,MATAGORDA,Z,HGX,29.47,-95.08,0,10K,
1997,April,TEXAS,BRAZORIA,Z,HGX,29.47,-95.08,0,20K,
1997,April,TEXAS,CHAMBERS,Z,HGX,29.47,-95.08,0,25K,
1997,March,NEW YORK,RICHMOND (STATEN IS.),Z,OKX,40.87,-72.86,0,,
1997,March,CONNECTICUT,SOUTHERN FAIRFIELD,Z,OKX,40.87,-72.86,1,,
1997,March,NEW YORK,NORTHWEST SUFFOLK,Z,OKX,40.87,-72.86,0,,
1997,March,CONNECTICUT,SOUTHERN NEW HAVEN,Z,OKX,40.87,-72.86,0,,
1997,April,LOUISIANA,UPPER TERREBONNE,Z,LIX,29.75,-89.82,0,,"Sustained onshore winds of 25 to 30 mph caused coastal flooding in severeal communities in south Terrebonne Parish. The communities of Point-aux-Chenes, Montegut and the area along the lower Little Ca"
1997,December,NEW YORK,SOUTHEAST SUFFOLK,Z,OKX,40.87,-72.86,0,,
1997,December,NEW JERSEY,WESTERN MONMOUTH,Z,PHI,39.86,-74.46,0,,
1997,December,NEW YORK,SOUTHWEST SUFFOLK,Z,OKX,40.87,-72.86,0,,
1997,December,NEW YORK,BRONX,Z,OKX,40.87,-72.86,0,,
1997,December,DELAWARE,DELAWARE BEACHES,Z,PHI,39.86,-74.46,0,,
1997,December,NEW JERSEY,EASTERN ATLANTIC,Z,PHI,39.86,-74.46,0,,
1997,December,NEW JERSEY,EASTERN CAPE MAY,Z,PHI,39.86,-74.46,0,,
1997,December,NEW JERSEY,EASTERN MONMOUTH,Z,PHI,39.86,-74.46,0,,
1997,December,NEW JERSEY,EASTERN OCEAN,Z,PHI,39.86,-74.46,0,,
1997,November,NEW YORK,QUEENS,Z,OKX,40.87,-72.86,0,,
1997,November,DELAWARE,INLAND SUSSEX,Z,PHI,39.86,-74.46,0,,
1997,November,CONNECTICUT,SOUTHERN NEW HAVEN,Z,OKX,40.87,-72.86,0,,
1997,October,NEW JERSEY,EASTERN ATLANTIC,Z,PHI,39.86,-74.46,0,,
1997,November,NEW YORK,NASSAU,Z,OKX,40.87,-72.86,0,,
1997,November,CONNECTICUT,SOUTHERN FAIRFIELD,Z,OKX,40.87,-72.86,0,,
1997,November,NEW YORK,SOUTHWEST SUFFOLK,Z,OKX,40.87,-72.86,0,,
1997,October,NEW JERSEY,EASTERN CAPE MAY,Z,PHI,39.86,-74.46,0,,
1997,October,VIRGINIA,YORK / POQUOSON,Z,AKQ,36.98,-76.49,0,,
1997,November,NEW YORK,SOUTHEAST SUFFOLK,Z,OKX,40.87,-72.86,0,,
1997,August,NEW JERSEY,EASTERN ATLANTIC,Z,PHI,39.86,-74.46,0,,
1997,November,NEW YORK,NORTHEAST SUFFOLK,Z,OKX,40.87,-72.86,0,,
1997,October,DELAWARE,DELAWARE BEACHES / X E SUSSEX,Z,PHI,39.86,-74.46,0,,
1997,October,VIRGINIA,NORFOLK / HAMPTON / PORTSMOUTH,Z,AKQ,36.98,-76.49,0,,
1997,November,DELAWARE,DELAWARE BEACHES / X E SUSSEX,Z,PHI,39.86,-74.46,0,,
1997,November,NEW JERSEY,EASTERN OCEAN,Z,PHI,39.86,-74.46,0,,
1997,November,NEW JERSEY,WESTERN CAPE MAY,Z,PHI,39.86,-74.46,0,,
1997,November,NEW JERSEY,WESTERN MONMOUTH,Z,PHI,39.86,-74.46,0,,
1997,October,NEW JERSEY,EASTERN OCEAN,Z,PHI,39.86,-74.46,0,,
1997,October,VIRGINIA,VIRGINIA BEACH,Z,AKQ,36.98,-76.49,0,,
1997,October,VIRGINIA,NEWPORT NEWS,Z,AKQ,36.98,-76.49,0,,
1997,November,NEW JERSEY,EASTERN ATLANTIC,Z,PHI,39.86,-74.46,0,,
1997,November,NEW JERSEY,EASTERN CAPE MAY,Z,PHI,39.86,-74.46,0,,
1997,November,NEW JERSEY,EASTERN MONMOUTH,Z,PHI,39.86,-74.46,0,,
1997,November,NEW JERSEY,EASTERN OCEAN,Z,PHI,39.86,-74.46,0,,
1997,November,DELAWARE,DELAWARE BEACHES,Z,PHI,39.86,-74.46,0,,
1997,November,DELAWARE,INLAND SUSSEX,Z,PHI,39.86,-74.46,0,,
1997,November,NEW JERSEY,EASTERN ATLANTIC,Z,PHI,39.86,-74.46,0,,
1997,November,NEW JERSEY,EASTERN CAPE MAY,Z,PHI,39.86,-74.46,0,,
1997,November,NEW JERSEY,EASTERN MONMOUTH,Z,PHI,39.86,-74.46,0,,
1997,November,NEW YORK,NORTHWEST SUFFOLK,Z,OKX,40.87,-72.86,0,,
1997,October,LOUISIANA,CAMERON,C,LCH,29.872,-93.1654,0,25K,
1997,August,NEW JERSEY,EASTERN CAPE MAY,Z,PHI,39.86,-74.46,0,,
1997,August,NEW JERSEY,EASTERN OCEAN,Z,PHI,39.86,-74.46,0,,
1997,October,NEW JERSEY,EASTERN MONMOUTH,Z,PHI,39.86,-74.46,0,,
1996,January,NEW YORK,NORTHWEST SUFFOLK,Z,OKX,40.87,-72.86,0,,
1996,January,NEW YORK,NORTHEAST SUFFOLK,Z,OKX,40.87,-72.86,0,,
1996,January,DELAWARE,DELAWARE BEACHES,Z,PHI,39.86,-74.46,0,1.75M,
1996,January,DELAWARE,INLAND SUSSEX,Z,PHI,39.86,-74.46,0,.25M,
1996,January,NEW YORK,SOUTHEAST SUFFOLK,Z,OKX,40.87,-72.86,0,,
1996,January,NEW YORK,SOUTHERN WESTCHESTER,Z,OKX,40.87,-72.86,0,,
1996,January,NEW YORK,NEW YORK (MANHATTAN),Z,OKX,40.87,-72.86,0,,
1996,January,NEW YORK,RICHMOND (STATEN IS.),Z,OKX,40.87,-72.86,0,,
1996,January,NEW YORK,KINGS (BROOKLYN),Z,OKX,40.87,-72.86,0,,
1996,January,NEW YORK,QUEENS,Z,OKX,40.87,-72.86,0,,
1996,January,NEW YORK,NASSAU,Z,OKX,40.87,-72.86,0,,
1996,January,NEW JERSEY,EASTERN CAPE MAY,Z,PHI,39.86,-74.46,0,3.9M,
1996,January,NEW JERSEY,EASTERN ATLANTIC,Z,PHI,39.86,-74.46,0,1M,
1996,January,NEW JERSEY,EASTERN OCEAN,Z,PHI,39.86,-74.46,0,6.5M,
1996,January,NEW JERSEY,EASTERN MONMOUTH,Z,PHI,39.86,-74.46,0,2.8M,
1996,January,NEW JERSEY,EASTERN CAPE MAY,Z,PHI,39.86,-74.46,0,,
1996,January,NEW JERSEY,EASTERN OCEAN,Z,PHI,39.86,-74.46,0,,
1996,January,NEW JERSEY,EASTERN ATLANTIC,Z,PHI,39.86,-74.46,0,,
1996,April,MAINE,COASTAL YORK,Z,GYX,43.89,-70.26,0,,
1996,April,MAINE,COASTAL CUMBERLAND,Z,GYX,43.89,-70.26,0,,
1996,December,CONNECTICUT,SOUTHERN MIDDLESEX,Z,OKX,40.87,-72.86,0,,
1996,December,NEW JERSEY,EASTERN CAPE MAY,Z,PHI,39.86,-74.46,0,,
1996,December,NEW YORK,PUTNAM,Z,OKX,40.87,-72.86,0,,
1996,December,NEW JERSEY,EASTERN MONMOUTH,Z,PHI,39.86,-74.46,0,,
1996,November,TEXAS,CHAMBERS,Z,HGX,29.47,-95.08,0,.1M,
1996,December,NEW YORK,BRONX,Z,OKX,40.87,-72.86,0,,
1996,December,NEW JERSEY,EASTERN CAPE MAY,Z,PHI,39.86,-74.46,0,,
1996,December,NEW JERSEY,EASTERN ATLANTIC,Z,PHI,39.86,-74.46,0,,
1996,December,NEW YORK,SOUTHEAST SUFFOLK,Z,OKX,40.87,-72.86,0,,
1996,December,NEW YORK,KINGS (BROOKLYN),Z,OKX,40.87,-72.86,0,,
1996,December,NEW YORK,NORTHWEST SUFFOLK,Z,OKX,40.87,-72.86,0,,
1996,December,CONNECTICUT,SOUTHERN NEW LONDON,Z,OKX,40.87,-72.86,0,,
1996,December,NEW YORK,NORTHEAST SUFFOLK,Z,OKX,40.87,-72.86,0,,
1996,December,PENNSYLVANIA,PHILADELPHIA,Z,PHI,39.86,-74.46,0,,
1996,December,DELAWARE,DELAWARE BEACHES,Z,PHI,39.86,-74.46,0,,
1996,December,CONNECTICUT,NORTHERN NEW HAVEN,Z,OKX,40.87,-72.86,0,,
1996,December,CONNECTICUT,NORTHERN NEW LONDON,Z,OKX,40.87,-72.86,0,,
1996,December,NEW YORK,QUEENS,Z,OKX,40.87,-72.86,0,,
1996,December,NEW YORK,SOUTHWEST SUFFOLK,Z,OKX,40.87,-72.86,0,,
1996,December,CONNECTICUT,SOUTHERN NEW HAVEN,Z,OKX,40.87,-72.86,0,,
1996,December,NEW YORK,NORTHWEST SUFFOLK,Z,OKX,40.87,-72.86,0,,
1996,December,NEW YORK,NORTHERN WESTCHESTER,Z,OKX,40.87,-72.86,1,,
1996,December,NEW JERSEY,MIDDLESEX,Z,PHI,39.86,-74.46,0,,
1996,December,NEW JERSEY,WESTERN MONMOUTH,Z,PHI,39.86,-74.46,0,,
1996,December,NEW JERSEY,EASTERN MONMOUTH,Z,PHI,39.86,-74.46,0,,
1996,December,NEW JERSEY,EASTERN CAPE MAY,Z,PHI,39.86,-74.46,0,,
1996,December,NEW JERSEY,EASTERN ATLANTIC,Z,PHI,39.86,-74.46,0,,
1996,December,NEW JERSEY,EASTERN OCEAN,Z,PHI,39.86,-74.46,0,,
1996,December,CONNECTICUT,SOUTHERN FAIRFIELD,Z,OKX,40.87,-72.86,0,,
1996,December,CONNECTICUT,SOUTHERN MIDDLESEX,Z,OKX,40.87,-72.86,0,,
1996,December,NEW YORK,NASSAU,Z,OKX,40.87,-72.86,0,,
1996,November,LOUISIANA,CAMERON,C,LCH,29.872,-93.1654,0,.1M,
1996,December,NEW JERSEY,EASTERN PASSAIC,Z,OKX,40.87,-72.86,0,,
1996,December,NEW JERSEY,ESSEX,Z,OKX,40.87,-72.86,0,,
1996,December,DELAWARE,DELAWARE BEACHES,Z,PHI,39.86,-74.46,0,,
1996,September,MARYLAND,TALBOT,Z,PHI,39.86,-74.46,0,,
1996,October,MARYLAND,CALVERT,Z,LWX,38.98,-77.47,0,10K,
1996,December,NEW YORK,NEW YORK (MANHATTAN),Z,OKX,40.87,-72.86,0,,
1996,December,NEW JERSEY,WESTERN PASSAIC,Z,OKX,40.87,-72.86,0,,
1996,December,CONNECTICUT,NORTHERN MIDDLESEX,Z,OKX,40.87,-72.86,0,,
1996,December,NEW JERSEY,HUDSON,Z,OKX,40.87,-72.86,0,,
1996,December,NEW YORK,SOUTHWEST SUFFOLK,Z,OKX,40.87,-72.86,0,,
1996,December,CONNECTICUT,NORTHERN FAIRFIELD,Z,OKX,40.87,-72.86,0,,
1996,December,NEW YORK,SOUTHERN WESTCHESTER,Z,OKX,40.87,-72.86,0,,
1996,December,NEW JERSEY,WESTERN PASSAIC,Z,OKX,40.87,-72.86,0,,
1996,December,CONNECTICUT,SOUTHERN NEW HAVEN,Z,OKX,40.87,-72.86,1,,
1996,August,NEW YORK,NASSAU,Z,OKX,40.87,-72.86,0,,
1996,August,NEW YORK,SOUTHWEST SUFFOLK,Z,OKX,40.87,-72.86,0,,
1996,August,NEW YORK,SOUTHEAST SUFFOLK,Z,OKX,40.87,-72.86,0,,
1996,October,LOUISIANA,UPPER ST. BERNARD,Z,LIX,29.75,-89.82,0,,
1996,December,NEW YORK,ROCKLAND,Z,OKX,40.87,-72.86,0,,
1996,September,MAINE,INTERIOR YORK,Z,GYX,43.89,-70.26,0,,
1996,October,LOUISIANA,ST. TAMMANY,Z,LIX,29.75,-89.82,0,,
1996,October,LOUISIANA,ST. JOHN THE BAPTIST,Z,LIX,29.75,-89.82,0,,
1996,September,MAINE,INTERIOR CUMBERLAND,Z,GYX,43.89,-70.26,0,,
1996,October,LOUISIANA,LOWER LAFOURCHE,Z,LIX,29.75,-89.82,0,,
1996,December,NEW JERSEY,HUDSON,Z,OKX,40.87,-72.86,0,,
1996,December,NEW JERSEY,BERGEN,Z,OKX,40.87,-72.86,0,,
1996,December,NEW YORK,NEW YORK (MANHATTAN),Z,OKX,40.87,-72.86,0,,
1996,December,NEW JERSEY,HUDSON,C,OKX,40.7314,-74.0786,0,,
1996,December,NEW YORK,BRONX,Z,OKX,40.87,-72.86,0,,
1996,December,NEW JERSEY,UNION,Z,OKX,40.87,-72.86,0,,
1996,December,NEW JERSEY,GLOUCESTER,Z,PHI,39.86,-74.46,0,,
1996,December,PENNSYLVANIA,DELAWARE,Z,PHI,39.86,-74.46,0,,
1996,December,NEW JERSEY,BERGEN,Z,OKX,40.87,-72.86,0,,
1996,December,NEW JERSEY,EASTERN PASSAIC,Z,OKX,40.87,-72.86,0,,
1996,December,NEW JERSEY,ESSEX,Z,OKX,40.87,-72.86,0,,
1996,December,NEW YORK,NORTHEAST SUFFOLK,Z,OKX,40.87,-72.86,0,,
1996,December,NEW JERSEY,CAMDEN,Z,PHI,39.86,-74.46,0,,
1996,December,NEW JERSEY,NORTHWESTERN BURLINGTON,Z,PHI,39.86,-74.46,0,,
1996,December,NEW YORK,NORTHWEST SUFFOLK,Z,OKX,40.87,-72.86,0,,
1996,December,CONNECTICUT,NORTHERN MIDDLESEX,Z,OKX,40.87,-72.86,0,,
1996,December,NEW YORK,QUEENS,Z,OKX,40.87,-72.86,0,,
1996,December,NEW YORK,ORANGE,Z,OKX,40.87,-72.86,0,,
1996,December,NEW YORK,SOUTHWEST SUFFOLK,Z,OKX,40.87,-72.86,0,,
1996,December,CONNECTICUT,SOUTHERN FAIRFIELD,Z,OKX,40.87,-72.86,0,,
1996,December,CONNECTICUT,SOUTHERN NEW HAVEN,Z,OKX,40.87,-72.86,0,,
1996,October,TEXAS,CAMERON,Z,BRO,25.91,-97.42,0,,
1996,December,NEW YORK,NASSAU,Z,OKX,40.87,-72.86,0,,
1996,December,NEW JERSEY,EASTERN ATLANTIC,Z,PHI,39.86,-74.46,0,,
1996,December,NEW JERSEY,EASTERN OCEAN,Z,PHI,39.86,-74.46,0,,
1996,October,TEXAS,NUECES,C,CRP,27.7394,-97.5216,0,,
1996,October,TEXAS,ARANSAS,C,CRP,28.1042,-96.978,0,,
1996,October,TEXAS,CALHOUN,C,CRP,28.4454,-96.5833,0,,
1996,October,NEW JERSEY,EASTERN CAPE MAY,Z,PHI,39.86,-74.46,0,,
1996,December,CONNECTICUT,NORTHERN NEW LONDON,Z,OKX,40.87,-72.86,0,,
1996,December,NEW YORK,NORTHEAST SUFFOLK,Z,OKX,40.87,-72.86,0,,
1996,December,NEW YORK,NASSAU,Z,OKX,40.87,-72.86,0,,
1996,October,DELAWARE,DELAWARE BEACHES,Z,PHI,39.86,-74.46,0,,
1996,December,NEW YORK,SOUTHERN WESTCHESTER,Z,OKX,40.87,-72.86,0,,
1996,December,NEW YORK,RICHMOND (STATEN IS.),Z,OKX,40.87,-72.86,0,,
1996,December,NEW YORK,SOUTHEAST SUFFOLK,Z,OKX,40.87,-72.86,0,,
1996,December,NEW YORK,BRONX,Z,OKX,40.87,-72.86,0,,
1996,December,NEW JERSEY,UNION,Z,OKX,40.87,-72.86,0,,
1996,December,NEW YORK,RICHMOND (STATEN IS.),Z,OKX,40.87,-72.86,0,,
1996,December,CONNECTICUT,SOUTHERN NEW LONDON,Z,OKX,40.87,-72.86,0,,
1996,December,NEW YORK,ROCKLAND,Z,OKX,40.87,-72.86,0,,
1996,December,NEW YORK,RICHMOND (STATEN IS.),Z,OKX,40.87,-72.86,0,,
1996,December,NEW YORK,KINGS (BROOKLYN),Z,OKX,40.87,-72.86,0,,
1996,December,NEW YORK,QUEENS,Z,OKX,40.87,-72.86,0,,
1996,December,NEW YORK,SOUTHERN WESTCHESTER,Z,OKX,40.87,-72.86,0,,
1996,December,NEW YORK,KINGS (BROOKLYN),Z,OKX,40.87,-72.86,0,,
1996,December,NEW YORK,SOUTHEAST SUFFOLK,Z,OKX,40.87,-72.86,0,,
1996,December,CONNECTICUT,SOUTHERN FAIRFIELD,Z,OKX,40.87,-72.86,0,,
1996,December,PENNSYLVANIA,DELAWARE,Z,PHI,39.86,-74.46,0,,
1996,December,PENNSYLVANIA,PHILADELPHIA,Z,PHI,39.86,-74.46,0,,
1996,December,NEW YORK,NEW YORK (MANHATTAN),Z,OKX,40.87,-72.86,0,,
1996,September,MASSACHUSETTS,EASTERN NORFOLK,Z,BOX,41.96,-71.13,0,,
1996,October,LOUISIANA,LOWER JEFFERSON,Z,LIX,29.75,-89.82,0,5.47M,
1996,October,LOUISIANA,LOWER PLAQUEMINES,Z,LIX,29.75,-89.82,0,,
1996,October,LOUISIANA,UPPER JEFFERSON,Z,LIX,29.75,-89.82,0,,
1996,October,LOUISIANA,ORLEANS,Z,LIX,29.75,-89.82,0,,
1996,October,LOUISIANA,ST. CHARLES,Z,LIX,29.75,-89.82,0,,
1996,September,NEW HAMPSHIRE,STRAFFORD,Z,GYX,43.89,-70.26,0,,
1996,September,NEW HAMPSHIRE,INTERIOR ROCKINGHAM,Z,GYX,43.89,-70.26,0,,
1996,March,NEW YORK,NASSAU,Z,OKX,40.87,-72.86,0,,
1996,October,LOUISIANA,LOWER TERREBONNE,Z,LIX,29.75,-89.82,0,,
1996,March,NEW JERSEY,EASTERN MONMOUTH,Z,PHI,39.86,-74.46,0,,
1996,October,LOUISIANA,LOWER ST. BERNARD,Z,LIX,29.75,-89.82,0,,
1996,October,LOUISIANA,LIVINGSTON,Z,LIX,29.75,-89.82,0,,
1996,September,MAINE,COASTAL HANCOCK,Z,GYX,43.89,-70.26,0,,
1996,September,MAINE,COASTAL WASHINGTON,Z,GYX,43.89,-70.26,0,,
1996,September,NEW HAMPSHIRE,COASTAL ROCKINGHAM,Z,GYX,43.89,-70.26,0,,
1996,September,MAINE,LINCOLN,Z,GYX,43.89,-70.26,0,,
1996,September,MAINE,SAGADAHOC,Z,GYX,43.89,-70.26,0,,
1996,September,MAINE,KNOX,Z,GYX,43.89,-70.26,0,,
1996,September,MAINE,COASTAL YORK,Z,GYX,43.89,-70.26,0,,
1996,September,MAINE,COASTAL CUMBERLAND,Z,GYX,43.89,-70.26,0,50K,
1996,September,MARYLAND,CAROLINE,Z,PHI,39.86,-74.46,0,,
1996,October,MARYLAND,ST. MARY'S,Z,LWX,38.98,-77.47,0,,
1996,September,MAINE,COASTAL WALDO,Z,GYX,43.89,-70.26,0,,
1996,October,LOUISIANA,CAMERON,C,LCH,29.872,-93.1654,0,20K,
1996,September,MARYLAND,QUEEN ANNES,Z,PHI,39.86,-74.46,0,,
1996,March,NEW JERSEY,EASTERN ATLANTIC,Z,PHI,39.86,-74.46,0,,
1996,March,CONNECTICUT,SOUTHERN FAIRFIELD,Z,OKX,40.87,-72.86,0,,
1996,March,CONNECTICUT,SOUTHERN NEW HAVEN,Z,OKX,40.87,-72.86,0,,
1996,October,NEW JERSEY,EASTERN MONMOUTH,Z,PHI,39.86,-74.46,0,,
1996,October,NEW JERSEY,EASTERN OCEAN,Z,PHI,39.86,-74.46,0,,
1996,October,NEW JERSEY,EASTERN CAPE MAY,Z,PHI,39.86,-74.46,0,,
1996,October,TEXAS,KENEDY,Z,BRO,25.91,-97.42,0,,
1996,October,TEXAS,WILLACY,Z,BRO,25.91,-97.42,0,,
1996,November,TEXAS,GALVESTON,Z,HGX,29.47,-95.08,0,.25M,
1996,November,TEXAS,BRAZORIA,Z,HGX,29.47,-95.08,0,.25M,
1996,November,TEXAS,MATAGORDA,Z,HGX,29.47,-95.08,0,.1M,
1996,March,NEW JERSEY,EASTERN CAPE MAY,Z,PHI,39.86,-74.46,0,,
1996,October,NEW YORK,QUEENS,Z,OKX,40.87,-72.86,0,3M,
1996,October,NEW YORK,NORTHEAST SUFFOLK,Z,OKX,40.87,-72.86,0,,
1996,October,CONNECTICUT,SOUTHERN FAIRFIELD,Z,OKX,40.87,-72.86,0,,
1996,October,NEW YORK,BRONX,Z,OKX,40.87,-72.86,0,3M,
1996,October,NEW YORK,SOUTHWEST SUFFOLK,Z,OKX,40.87,-72.86,0,,
1996,October,NEW YORK,NASSAU,Z,OKX,40.87,-72.86,0,3M,
1996,October,NEW YORK,NEW YORK (MANHATTAN),Z,OKX,40.87,-72.86,0,2.5M,
1996,October,NEW YORK,NORTHWEST SUFFOLK,Z,OKX,40.87,-72.86,0,,
1996,August,TEXAS,CAMERON,C,BRO,26.1029,-97.479,0,,
1996,March,DELAWARE,DELAWARE BEACHES,Z,PHI,39.86,-74.46,0,,
1996,March,NEW JERSEY,WESTERN MONMOUTH,Z,PHI,39.86,-74.46,0,,
1996,July,DISTRICT OF COLUMBIA,DISTRICT OF COLUMBIA,Z,LWX,38.98,-77.47,0,,
1996,March,NEW YORK,SOUTHWEST SUFFOLK,Z,OKX,40.87,-72.86,0,,
1996,November,FLORIDA,NASSAU,Z,JAX,30.49,-81.7,0,.1M,
1996,October,CONNECTICUT,SOUTHERN NEW HAVEN,Z,OKX,40.87,-72.86,0,,
1996,October,LOUISIANA,TANGIPAHOA,Z,LIX,29.75,-89.82,0,,
1996,September,MARYLAND,KENT,Z,PHI,39.86,-74.46,0,,
1996,March,NEW JERSEY,EASTERN OCEAN,Z,PHI,39.86,-74.46,0,,
1996,March,NEW YORK,SOUTHEAST SUFFOLK,Z,OKX,40.87,-72.86,0,,
1996,October,TEXAS,JACK,C,HGX,33.2323,-98.1719,0,1M,
1996,October,TEXAS,CHAMBERS,C,HGX,29.7039,-94.6689,0,,
1996,October,NEW JERSEY,EASTERN ATLANTIC,Z,PHI,39.86,-74.46,0,,
1996,October,NEW JERSEY,WESTERN MONMOUTH,Z,PHI,39.86,-74.46,0,,
1996,October,NEW JERSEY,EASTERN ATLANTIC,Z,PHI,39.86,-74.46,0,,
1996,October,NEW JERSEY,EASTERN OCEAN,Z,PHI,39.86,-74.46,0,,
1996,October,NEW JERSEY,EASTERN MONMOUTH,Z,PHI,39.86,-74.46,0,,
1996,October,NEW JERSEY,MIDDLESEX,Z,PHI,39.86,-74.46,0,,
2002,October,NEW YORK,SOUTHWEST SUFFOLK,Z,OKX,40.87,-72.86,0,,
2002,October,NEW YORK,NASSAU,Z,OKX,40.87,-72.86,0,,
2002,November,MAINE,COASTAL CUMBERLAND,Z,GYX,43.89,-70.26,0,,
2002,November,MAINE,COASTAL YORK,Z,GYX,43.89,-70.26,0,,
2002,November,NEW HAMPSHIRE,COASTAL ROCKINGHAM,Z,GYX,43.89,-70.26,0,,
2000,November,NEW JERSEY,EASTERN ATLANTIC,Z,PHI,39.86,-74.46,0,,
2000,November,NEW JERSEY,EASTERN CAPE MAY,Z,PHI,39.86,-74.46,0,,
2000,November,NEW JERSEY,EASTERN MONMOUTH,Z,PHI,39.86,-74.46,0,,
2000,November,NEW JERSEY,EASTERN OCEAN,Z,PHI,39.86,-74.46,0,,
2000,December,MAINE,COASTAL CUMBERLAND,Z,GYX,43.89,-70.26,0,,
2000,December,MAINE,COASTAL YORK,Z,GYX,43.89,-70.26,0,,
2008,March,PUERTO RICO,NORTH CENTRAL,Z,SJU,18.43,-66.02,0,0.00K,"Debris and sand deposits were reported along road 681 from Barceloneta to Arecibo, the surf was reaching the coastal road. In the Vega Alta municipality the Balandra sector in Cerro Gordo was closed. "
2008,March,PUERTO RICO,NORTHEAST,Z,SJU,18.43,-66.02,0,0.00K,"High surf broke into a coastal vacation home at Sector Villa Falcon, Playa Fortuna in Luquillo. At La Pared sector the surf washed on the road."
2008,May,MARYLAND,SOMERSET,Z,AKQ,36.98,-76.49,0,25.00K,"Coastal flooding resulted in many areas in low lying sections of Crisfield being under water, including Cove Street, Fourth Street, lower Main Street, Wynfall Avenue, and the Harbour Lights condominiu"
2008,March,PUERTO RICO,NORTHWEST,Z,SJU,18.43,-66.02,0,0.00K,"Surf encroaching on parking lot at Punta Maracayo in the municipality of Hatillo. Punta Maracayo camping ground was evacuated, 80 persons were relocated to the hotel. Road 485 in Camuy was closed. Roa"
2008,February,NEW JERSEY,EASTERN MONMOUTH,Z,PHI,39.86,-74.46,0,0.00K,
2008,February,NEW JERSEY,WESTERN MONMOUTH,Z,PHI,39.86,-74.46,0,0.00K,
2008,March,MAINE,COASTAL CUMBERLAND,Z,GYX,43.89,-70.26,0,0.00K,Astronomically high tides produced very minor flooding in Portland Maine on the night of March 7th.
2008,May,VIRGINIA,ARLINGTON,Z,LWX,38.98,-77.47,0,0.00K,"Water levels rose quickly from the Tidal Potomac River, causing flooding on King, Prince and Union Streets in Old Town Alexandria."
2008,May,MARYLAND,CHARLES,Z,LWX,38.98,-77.47,0,50.00K,Charles County Emergency Management reported several roads flooded along the coast with up to 8 inches of water.
2008,August,ALASKA,EASTERN BEAUFORT SEA COAST,Z,AFG,64.51,-165.42,2,0.00K,
2008,May,MARYLAND,CALVERT,Z,LWX,38.98,-77.47,0,0.00K,Numerous roads were closed along coastal Calvert County when tides rose to  3 feet above normal levels. The mobile home park at Hallowing Point was evacuated when high tides threatened the area.
2008,May,MARYLAND,ST. MARY'S,Z,LWX,38.98,-77.47,0,50.00K,Numerous homes and roads were flooded across St. George Island and Solomons Annex when tides rose to nearly 3 feet above normal. Roads into St. George Island were closed.
2008,March,MASSACHUSETTS,SOUTHERN PLYMOUTH,Z,BOX,41.96,-71.13,0,5.00K,"Yards were flooded on Front Street in Marion by water coming over the seawall.  In addition, a small boat was sunk."
2008,November,MASSACHUSETTS,EASTERN ESSEX,Z,BOX,41.96,-71.13,0,0.00K,"Minor coastal flooding occurred in Marblehead, closing Causeway Road and the beach at the intersection of Front and Franklin Streets.  On November 26, a house on Northern Boulevard on Plum Island was "
2008,November,NORTH CAROLINA,EASTERN DARE,Z,MHX,34.78,-76.88,0,0.00K,Ocean over-wash reported at Merlo Beach.
2008,October,NEW YORK,NASSAU,Z,OKX,40.87,-72.86,0,,"The NOS tidal gauge at Kings Point reported moderate coastal flooding from 10:32 am EDT to 12:14 pm EDT. The peak surge was 2.5 feet, which was obtained by subtracting the observed tide from the predi"
2008,September,NORTH CAROLINA,EASTERN DARE,Z,MHX,34.78,-76.88,0,3.00K,Ocean over wash reported along Highway 12 near Rodanthe. The road is flooded and closed as water levels are too high for vehicle to cross safely.
2008,September,NORTH CAROLINA,EASTERN DARE,Z,MHX,34.78,-76.88,0,5.00K,Ocean overwash and coastal flooding reported along highway 12. Water levels 3 to 4 feet above normal closed the road during the evening hours as the water was too deep to allow vehicles to pass safely
2008,September,NORTH CAROLINA,CARTERET,Z,MHX,34.78,-76.88,0,1.00K,Water level rise of 4 feet above normal along Club Foot Creek in Carteret county. Docks and a few low lying roads are flooded.
2008,September,NORTH CAROLINA,CRAVEN,Z,MHX,34.78,-76.88,0,1.00K,Water level rise of 3 to 4 feet above normal reported along Club Foot Creek in Craven county. Water beginning to flood some docks and low lying roads.
2008,September,NORTH CAROLINA,CARTERET,Z,MHX,34.78,-76.88,0,0.00K,Water level rise of 3 to 4 feet above normal reported in Beaufort. Water reached Front Street but did not enter into any businesses.
2008,November,MAINE,COASTAL CUMBERLAND,Z,GYX,43.89,-70.26,0,5.00K,An astronomically high tide and a storm surge resulted in minor flooding in the Portland area during the early afternoon of November 15th.
2008,November,MAINE,COASTAL WASHINGTON,Z,CAR,46.87,-68.02,0,,Strong onshore winds forced water back up into inlets and coastal rivers. This contributed to minor coastal flooding in portions of Washington county at Machias and near Addison. At Machias...water ro
2008,November,MAINE,COASTAL CUMBERLAND,Z,GYX,43.89,-70.26,0,5.00K,An astronomically high tide and storm surge resulted in minor flooding in the Portland area around noon in the early afternoon of November 16th.
2008,December,NEW JERSEY,EASTERN MONMOUTH,Z,PHI,39.86,-74.46,0,0.00K,
2008,December,MAINE,COASTAL HANCOCK,Z,CAR,46.87,-68.02,0,,Strong onshore winds at the time of high tide caused minor coastal flooding at Winter Harbor where a building was partially inundated for a brief time.
2008,January,MASSACHUSETTS,BARNSTABLE,Z,BOX,41.96,-71.13,0,30.00K,
2008,January,CALIFORNIA,SAN FRANCISCO,Z,MTR,37.52,-122.04,0,,"Ocean water toppled over onto the Great Highway in San Francisco and closed the roadway for a time. Also, the Embarcadero in San Francisco became flooded at the Ferry Building near the Bay Bridge."
2008,January,CALIFORNIA,COASTAL NORTH BAY INCLUDING POINT REYES NATIONAL SEASHORE,Z,MTR,37.52,-122.04,0,,High tide and strong onshore wind pushed ocean water onto streets in Stinson Beach and Bolinas in Marin County. Water also enveloped Highway 1 at Scotty Creek in Sonoma County.
2008,January,CALIFORNIA,SAN FRANCISCO PENINSULA COAST,Z,MTR,37.52,-122.04,0,5.00K,"Ocean water overtoppled barriers due to high winds, high tides and huge surf. Highway 1 was flooded near Half Moon Bay just south of Pillar Point. Large rocks and boulders also washed ashore. A boat w"
2008,January,CALIFORNIA,MONTEREY BAY/N SALINAS VALLEY/HOLLISTER VALLEY/CARMEL VALLEY,Z,MTR,37.52,-122.04,0,10.00K,High surf and strong onshore winds pushed ocean water over the sandbar into the Carmel Lagoon. Water rose in the lagoon over 2 feet in just a couple of hours. Approximately 30 homes were affected to s
2008,December,FLORIDA,BAY,Z,TAE,30.39,-84.33,0,0.00K,"Battering surf of six to eight feet along the Bay County coastline caused moderate beach erosion and coastal flooding.  At Mexico Beach,|three to four feet of sand depth was lost and the surf complete"
2008,December,FLORIDA,GULF,Z,TAE,30.39,-84.33,0,0.00K,Large battering surf of eight to ten feet caused coastal flooding and beach erosion along the Gulf County coastline.  Moderate to major beach erosion occurred near County Road 30E at Cape San Blas.  T
2008,March,NORTH CAROLINA,EASTERN DARE,Z,MHX,34.78,-76.88,0,0.00K,Strong west to southwest winds produced sound side flooding of Outer Banks. Around one foot of water reported on Highway 12 near Rodanthe. Flooding was also reported along Colington Road with around o
2008,April,MISSISSIPPI,HANCOCK,Z,LIX,29.75,-89.82,0,0.00K,Several roadways in low lying areas along the coast in Bay St. Louis and Waveland flooded as a result of minor coastal flooding due to the above normal tides that resulted from a prolonged period of s
2008,March,RHODE ISLAND,WASHINGTON,Z,BOX,41.96,-71.13,0,0.00K,The beach in Narragansett was under water with surge 5 feet away from the beach parking lot.
2008,March,RHODE ISLAND,BRISTOL,Z,BOX,41.96,-71.13,0,0.00K,"Coastal flooding was occurring in Bristol, RI with water lapping over the seawall."
2008,March,ALABAMA,LOWER MOBILE,Z,MOB,30.68,-88.24,0,0.00K,
2008,May,NEW JERSEY,EASTERN MONMOUTH,Z,PHI,39.86,-74.46,0,0.00K,"Tidal flooding was widespread along the New Jersey Shore, in the minor to moderate range. The tidal gage at Sandy Hook peaked at 7.8 feet mean lower low water at 3:00 PM on the 12th. Moderate flooding"
2008,May,NEW JERSEY,WESTERN MONMOUTH,Z,PHI,39.86,-74.46,0,0.00K,"Tidal flooding was widespread along the New Jersey Shore, in the minor to moderate range. The tidal gage at Sandy Hook peaked at 7.8 feet mean lower low water at 3:00 PM on the 12th. Moderate flooding"
2008,May,NEW JERSEY,EASTERN ATLANTIC,Z,PHI,39.86,-74.46,0,0.00K,Tidal flooding was widespread minor to locally moderate in Atlantic County. The tidal gage at Atlantic City peaked at 7.4 feet mean lower low water at 1:00 AM EDT on the 12th. This is just below moder
2008,May,NEW JERSEY,WESTERN ATLANTIC,Z,PHI,39.86,-74.46,0,0.00K,Tidal flooding was widespread minor to locally moderate in Atlantic County. The tidal gage at Atlantic City peaked at 7.4 feet mean lower low water at 1:00 AM EDT on the 12th. This is just below moder
2008,May,NEW JERSEY,EASTERN CAPE MAY,Z,PHI,39.86,-74.46,0,0.00K,"Tidal flooding was widespread along the New Jersey Shore, in the minor to moderate range. The tidal gage at the Cape May Ferry Terminal peaked at 8.1 feet mean lower low water at 2:00 AM on the 12th. "
2008,May,DELAWARE,INLAND SUSSEX,Z,PHI,39.86,-74.46,0,0.00K,Tidal flooding of minor to moderate occurred along coastal Delaware. The tidal gage at Lewes peaked at 7.9 feet mean lower low water at 6:00 AM EDT on the 12th. Moderate flooding begins at 7.7 feet me
2008,May,DELAWARE,DELAWARE BEACHES,Z,PHI,39.86,-74.46,0,0.00K,Tidal flooding of minor to moderate occurred along coastal Delaware. The tidal gage at Lewes peaked at 7.9 feet mean lower low water at 6:00 AM EDT on the 12th. Moderate flooding begins at 7.7 feet me
2008,May,NEW JERSEY,SALEM,Z,PHI,39.86,-74.46,0,0.00K,"Moderate tidal flooding was observered in Salem County along the upper Delaware Bay and lower Delaware River. The Reedy Point, Delaware tidal gage reached 8.3 feet mean lower low water at 6:00 AM EDT "
2008,May,NEW JERSEY,CUMBERLAND,Z,PHI,39.86,-74.46,0,0.00K,"Moderate tidal flooding was observered in Cumberland County. The Cape May Ferry Terminal tide gage, which is used for Cumberland County, reached 8.1 feet mean lower low water at 2:00 AM EDT on the 12t"
2008,May,NEW JERSEY,CUMBERLAND,Z,PHI,39.86,-74.46,0,0.00K,"Tidal flooding was widespread along the New Jersey Shore and along the coast of Delaware Bay, in the minor to moderate range. The tidal gage at the Cape May Ferry Terminal peaked at 8.1 feet mean lowe"
2008,May,DELAWARE,NEW CASTLE,Z,PHI,39.86,-74.46,0,0.00K,Tidal flooding of minor to moderate occurred along coastal Delaware. The tidal gage at Reedy Point peaked at 8.3 feet mean lower low water at 6:00 AM EDT on the 12th. Moderate flooding begins at 8.2 f
2008,May,DELAWARE,KENT,Z,PHI,39.86,-74.46,0,0.00K,Tidal flooding of minor to moderate occurred along coastal Delaware. The tidal gage at Lewes peaked at 7.9 feet mean lower low water at 6:00 AM EDT on the 12th. Moderate flooding begins at 7.7 feet me
2008,May,NEW JERSEY,MIDDLESEX,Z,PHI,39.86,-74.46,0,0.00K,"Tidal flooding was widespread along the New Jersey Shore, in the minor to moderate range. The tidal gage at Sandy Hook peaked at 7.8 feet mean lower low water at 3:00 PM on the 12th. Moderate flooding"
2008,May,MARYLAND,MARYLAND BEACHES,Z,AKQ,36.98,-76.49,0,25.00K,"Coastal flooding at times of high tide contributed to several roads, including parts of Coastal Highway in Ocean City, being closed. Police closed the Inlet parking lot due to flooding. Also, coastal "
2008,April,NEW YORK,NASSAU,Z,OKX,40.87,-72.86,0,0.00K,"The tide gage on the Hudson Bay at Freeport, rose above the moderate flood stage of 5 feet briefly, peaking at 5.03 feet."
2008,March,PUERTO RICO,SAN JUAN AND VICINITY,Z,SJU,18.43,-66.02,0,0.00K,Surf reaching the sea wall at Ocean Park. Road 187 at Piï¿½ï¿½ones was closed to traffic from the Cangrejos bridge to Vacia Talega Sector in Piï¿½ï¿½ones. Several homes were affected by the swells in 
2008,July,ALASKA,EASTERN BEAUFORT SEA COAST,Z,AFG,64.51,-165.42,0,800.00K,
2008,September,FLORIDA,FRANKLIN,Z,TAE,30.39,-84.33,0,0.00K,"St George Island State Park was closed due to high surf.  Apalachicola's Water Street experienced flooding, as well as in front of a local seafood retailer and behind the Franklin County Courthouse."
2008,September,FLORIDA,COASTAL WALTON,Z,TAE,30.39,-84.33,0,0.00K,Minor coastal flooding and beach erosion was reported along U.S. Highway 98 from Santa Rosa Beach to Sandestin.
2008,September,FLORIDA,BAY,Z,TAE,30.39,-84.33,0,0.00K,Coastal flooding closed a portion of Beach Drive and Cherry Street in Panama City.  Minor beach erosion was reported at Mexico Beach and along Thomas Drive in Panama City.  There was minor flooding in
2008,September,FLORIDA,GULF,Z,TAE,30.39,-84.33,0,0.00K,State Roads 30E and 30A on Cape San Blas were reduced to one lane each and closed to all but local traffic.  St Joseph State Park was closed was closed.
2008,October,FLORIDA,FRANKLIN,Z,TAE,30.39,-84.33,0,0.00K,Tides running two feet above normal astronomical tide at Alligator Point caused minor coastal flooding along the lower portion of Alligator Point Road.
2008,October,FLORIDA,WAKULLA,Z,TAE,30.39,-84.33,0,0.00K,"Minor coastal flooding was reported on Mashes Sands Island, with three to six inches of water over Blue Heron Road."
2007,May,NORTH CAROLINA,CRAVEN,Z,MHX,34.78,-76.88,0,0.00K,Water levels 4 to 5 feet above normal across southeastern Craven County from water off Pamlico Sound. Several road adjacent to Neuse River flooded and closed.
2007,May,MAINE,COASTAL YORK,Z,GYX,43.89,-70.26,0,10.00K,"An astronomically high tide combined with an area of weak low pressure to produce coastal flooding in York County. Surf St. in Saco was briefly inundated resulting in 10,000.00 woth of damage."
2007,May,MAINE,COASTAL CUMBERLAND,Z,GYX,43.89,-70.26,0,0.00K,An astronomically high tide combined with an area of weak low pressure to produce minor coastal flooding in Cumberland County. No damage was reported.
2007,October,FLORIDA,DUVAL,Z,JAX,30.49,-81.7,0,0.00K,The Mayport National Oceans Service tide gauge measured 6.58 ft above Mean Lower Low Water (MLLW) which was about 0.8 to 1 ft above the predicted tide. Minor coastal flooding begins around 6.4 ft MLLW
2007,October,FLORIDA,NASSAU,Z,JAX,30.49,-81.7,0,0.00K,The Fernandina Beach National Oceans Service tide gauge measured 8.5 ft above Mean Lower Low Water (MLLW) which was 1.1 ft above predicted astronomical tide. Minor flooding begins at around 8.5 ft MLL
2007,January,NEW JERSEY,CAMDEN,Z,PHI,39.86,-74.46,0,0.00K,
2007,January,NEW JERSEY,NORTHWESTERN BURLINGTON,Z,PHI,39.86,-74.46,0,0.00K,
2007,January,NEW JERSEY,GLOUCESTER,Z,PHI,39.86,-74.46,0,0.00K,
2007,January,NEW JERSEY,SALEM,Z,PHI,39.86,-74.46,0,0.00K,
2007,January,PENNSYLVANIA,PHILADELPHIA,Z,PHI,39.86,-74.46,0,0.00K,
2007,January,PENNSYLVANIA,DELAWARE,Z,PHI,39.86,-74.46,0,0.00K,
2007,April,RHODE ISLAND,BLOCK ISLAND,Z,BOX,41.96,-71.13,0,5.00K,
2007,April,RHODE ISLAND,SOUTHEAST PROVIDENCE,Z,BOX,41.96,-71.13,0,5.00K,
2007,April,RHODE ISLAND,NEWPORT,Z,BOX,41.96,-71.13,0,20.00K,
2007,April,RHODE ISLAND,EASTERN KENT,Z,BOX,41.96,-71.13,0,5.00K,
2007,April,RHODE ISLAND,BRISTOL,Z,BOX,41.96,-71.13,0,5.00K,
2007,April,MASSACHUSETTS,EASTERN PLYMOUTH,Z,BOX,41.96,-71.13,0,5.00K,
2007,April,MASSACHUSETTS,SOUTHERN BRISTOL,Z,BOX,41.96,-71.13,0,5.00K,
2007,April,MASSACHUSETTS,SOUTHERN PLYMOUTH,Z,BOX,41.96,-71.13,0,5.00K,
2007,April,MASSACHUSETTS,BARNSTABLE,Z,BOX,41.96,-71.13,0,5.00K,
2007,April,MASSACHUSETTS,DUKES,Z,BOX,41.96,-71.13,0,5.00K,
2007,April,MASSACHUSETTS,NANTUCKET,Z,BOX,41.96,-71.13,0,5.00K,
2007,April,MASSACHUSETTS,SUFFOLK,Z,BOX,41.96,-71.13,0,10.00K,
2007,April,MASSACHUSETTS,EASTERN NORFOLK,Z,BOX,41.96,-71.13,0,10.00K,
2007,April,MASSACHUSETTS,DUKES,Z,BOX,41.96,-71.13,0,10.00K,
2007,April,MASSACHUSETTS,BARNSTABLE,Z,BOX,41.96,-71.13,0,10.00K,
2007,April,MASSACHUSETTS,NANTUCKET,Z,BOX,41.96,-71.13,0,10.00K,
2007,April,RHODE ISLAND,BLOCK ISLAND,Z,BOX,41.96,-71.13,0,10.00K,
2007,April,RHODE ISLAND,EASTERN KENT,Z,BOX,41.96,-71.13,0,5.00K,
2007,April,RHODE ISLAND,WASHINGTON,Z,BOX,41.96,-71.13,0,8.00K,
2007,April,RHODE ISLAND,BRISTOL,Z,BOX,41.96,-71.13,0,20.00K,
2007,April,RHODE ISLAND,NEWPORT,Z,BOX,41.96,-71.13,0,10.00K,
2007,April,RHODE ISLAND,SOUTHEAST PROVIDENCE,Z,BOX,41.96,-71.13,0,5.00K,
2007,April,RHODE ISLAND,WASHINGTON,Z,BOX,41.96,-71.13,0,25.00K,
2007,April,CONNECTICUT,SOUTHERN FAIRFIELD,Z,OKX,40.87,-72.86,0,0.00K,
2007,April,CONNECTICUT,SOUTHERN MIDDLESEX,Z,OKX,40.87,-72.86,0,0.00K,
2007,April,CONNECTICUT,SOUTHERN NEW HAVEN,Z,OKX,40.87,-72.86,0,0.00K,
2007,April,CONNECTICUT,SOUTHERN NEW LONDON,Z,OKX,40.87,-72.86,0,0.00K,
2007,April,NEW YORK,NASSAU,Z,OKX,40.87,-72.86,0,0.00K,
2007,April,NEW JERSEY,WESTERN MONMOUTH,Z,PHI,39.86,-74.46,0,0.00K,
2007,April,NEW JERSEY,EASTERN MONMOUTH,Z,PHI,39.86,-74.46,0,0.00K,
2007,April,NEW JERSEY,EASTERN CAPE MAY,Z,PHI,39.86,-74.46,0,0.00K,
2007,April,NEW JERSEY,WESTERN CAPE MAY,Z,PHI,39.86,-74.46,0,0.00K,
2007,April,NEW JERSEY,CAMDEN,Z,PHI,39.86,-74.46,0,0.00K,
2007,April,NEW JERSEY,GLOUCESTER,Z,PHI,39.86,-74.46,0,0.00K,
2007,April,NEW JERSEY,NORTHWESTERN BURLINGTON,Z,PHI,39.86,-74.46,0,0.00K,
2007,April,NEW JERSEY,SALEM,Z,PHI,39.86,-74.46,0,0.00K,
2007,April,NEW JERSEY,CUMBERLAND,Z,PHI,39.86,-74.46,0,0.00K,
2007,November,NEW JERSEY,EASTERN OCEAN,Z,PHI,39.86,-74.46,0,0.00K,
2007,November,NEW JERSEY,EASTERN CAPE MAY,Z,PHI,39.86,-74.46,0,0.00K,
2007,November,NEW JERSEY,EASTERN ATLANTIC,Z,PHI,39.86,-74.46,0,0.00K,
2007,November,NEW JERSEY,WESTERN CAPE MAY,Z,PHI,39.86,-74.46,0,0.00K,
2007,November,NORTH CAROLINA,EASTERN DARE,Z,MHX,34.78,-76.88,0,72.00K,Ocean overwash and coastal flooding was reported from Cape Hatteras north along the Outer Banks. Eight single family dwellings in Nags Head reported property damage. Eight ocean front properties on th
2007,November,NORTH CAROLINA,CARTERET,Z,MHX,34.78,-76.88,0,0.00K,Resident reported water level had risen to about 4 feet above normal on Club Foot creek.
2007,November,NEW JERSEY,EASTERN MONMOUTH,Z,PHI,39.86,-74.46,0,0.00K,
2007,November,PUERTO RICO,SAN JUAN AND VICINITY,Z,SJU,18.43,-66.02,0,0.00K,"Minor coastal flooding was reported at the Ultimo Trolley, Barbosa Park, in Ocean Park, San Juan. Breaking waves were crashing along the wall fence of structures next to water, and some sand and water"
2007,December,NEW JERSEY,EASTERN MONMOUTH,Z,PHI,39.86,-74.46,0,0.00K,
2007,December,NEW JERSEY,WESTERN MONMOUTH,Z,PHI,39.86,-74.46,0,0.00K,
2007,December,NEW JERSEY,WESTERN MONMOUTH,Z,PHI,39.86,-74.46,0,0.00K,
2007,December,NEW JERSEY,EASTERN CAPE MAY,Z,PHI,39.86,-74.46,0,0.00K,
2007,December,NEW JERSEY,EASTERN OCEAN,Z,PHI,39.86,-74.46,0,0.00K,
2007,December,NEW JERSEY,EASTERN ATLANTIC,Z,PHI,39.86,-74.46,0,0.00K,
2007,December,NEW JERSEY,WESTERN CAPE MAY,Z,PHI,39.86,-74.46,0,0.00K,
2007,December,NEW JERSEY,EASTERN MONMOUTH,Z,PHI,39.86,-74.46,0,0.00K,
2007,December,NEW JERSEY,EASTERN OCEAN,Z,PHI,39.86,-74.46,0,0.00K,
2007,December,NEW JERSEY,EASTERN ATLANTIC,Z,PHI,39.86,-74.46,0,0.00K,
2007,December,NEW JERSEY,WESTERN MONMOUTH,Z,PHI,39.86,-74.46,0,0.00K,
2007,December,NEW JERSEY,EASTERN MONMOUTH,Z,PHI,39.86,-74.46,0,0.00K,
2007,December,NEW JERSEY,EASTERN CAPE MAY,Z,PHI,39.86,-74.46,0,0.00K,
2007,December,NEW JERSEY,WESTERN CAPE MAY,Z,PHI,39.86,-74.46,0,0.00K,
2007,November,MASSACHUSETTS,BARNSTABLE,Z,BOX,41.96,-71.13,0,0.00K,"Streets in Chatham were inundated by coastal waters, including Route 6, which was closed from Chatham to exit 8.  In addition, Route 6A from Route 132 to Barnstable Village was closed due to coastal f"
2007,November,MASSACHUSETTS,EASTERN ESSEX,Z,BOX,41.96,-71.13,0,10.00K,"The Marblehead Neck Causeway was closed due to flooding.  In Gloucester, water treatment plant pump rooms were flooded leading to untreated sewage being discharged into Annisquam River."
2007,November,MASSACHUSETTS,NANTUCKET,Z,BOX,41.96,-71.13,0,0.00K,Five streets were closed in the Brandt Point section of Nantucket due to coastal flooding.
2007,September,GEORGIA,COASTAL MCINTOSH,Z,CHS,32.9,-80.03,0,0.00K,Severe to Catastrophic Beach Erosion took place along area beaches as High Astronomical Tides combined with strong Northeast winds across the coastal waters. Catastrophic Beach Erosion was reported on
2007,September,GEORGIA,COASTAL CHATHAM,Z,CHS,32.9,-80.03,0,0.00K,Severe Beach Erosion took place along area beaches as High Astronomical Tides combined with strong Northeast winds across the coastal waters. Severe Beach Erosion was reported at Tybee Island. Lifegua
2007,December,OREGON,CENTRAL OREGON COAST,Z,PQR,45.56,-122.98,0,62.00K,"Coastal flooding occurred along the coastline south of Lincoln City. Some minor damage to property and roads were reported. NOTE: Damage estimates are for the entire Central Oregon Coast, but mainly f"
2007,December,OREGON,NORTHERN OREGON COAST,Z,PQR,45.56,-122.98,0,0.00K,"During the time of high tide, the entirety of downtown Cannon Beach was flooded. High tide occurred around 8:45 am."
2007,December,WASHINGTON,SOUTH COAST,Z,PQR,45.56,-122.98,0,5.00M,Extensive areas along the Long Beach Peninsula were covered in ocean water. Flooding was worsened by the heavy rain and local river flooding. Wide portions of Hwy. 103 were completely under water. NOT
2007,December,NEW YORK,SOUTHEAST SUFFOLK,Z,OKX,40.87,-72.86,0,7.00M,"Widespread beach erosion, some significant, along with coastal flooding occurred across parts of Long Island's south fork.  A dock at Maidstone Harbor Marina in East Hampton's Three Mile Harbor was co"
2007,December,OREGON,NORTHERN OREGON COAST,Z,PQR,45.56,-122.98,0,18.30M,"Widespread coastal flooding was occurring along the coastline around Tillamook Bay, and hundreds of people were evacuated from the area. NOTE: Damage estimate is for the entire North Oregon Coast."
2007,December,OREGON,NORTHERN OREGON COAST,Z,PQR,45.56,-122.98,0,0.00K,"Widespread coastal flooding was occurring along the coastline around Nehalem Bay, and hundreds of people were evacuated from the area."
2007,December,CONNECTICUT,SOUTHERN NEW HAVEN,Z,OKX,40.87,-72.86,0,0.00K,"Widespread moderate coastal flooding occurred in Guilford, along the shores of Long Island Sound.  Photographs showed flooding on Neck Road, opposite Guilford Harbor and approaching the State Boat Ram"
2007,December,NEW YORK,NORTHWEST SUFFOLK,Z,OKX,40.87,-72.86,0,0.00K,Law enforcement reported significant over washes in Asharoken.
2007,December,CONNECTICUT,SOUTHERN FAIRFIELD,Z,OKX,40.87,-72.86,0,0.00K,Widespread moderate coastal flooding occurred along the shore lines of Westport around 2:20 pm.
2007,February,FLORIDA,LEVY,Z,TBW,27.71,-82.4,0,0.00K,Minor coastal flooding of low spots was reported by emergency management.
2007,February,FLORIDA,CITRUS,Z,TBW,27.71,-82.4,0,0.00K,A trained SKYWARN Spotter reported water approaching his home near Ozello and estimated the tide was 4 feet above normal.
2007,April,MASSACHUSETTS,EASTERN ESSEX,Z,BOX,41.96,-71.13,0,5.00K,
2007,April,MASSACHUSETTS,SUFFOLK,Z,BOX,41.96,-71.13,0,5.00K,
2007,April,MASSACHUSETTS,EASTERN NORFOLK,Z,BOX,41.96,-71.13,0,5.00K,
2007,April,MASSACHUSETTS,BARNSTABLE,Z,BOX,41.96,-71.13,0,5.00K,
2007,April,MASSACHUSETTS,EASTERN PLYMOUTH,Z,BOX,41.96,-71.13,0,5.00K,
2007,April,MASSACHUSETTS,SOUTHERN BRISTOL,Z,BOX,41.96,-71.13,0,5.00K,
2007,April,MASSACHUSETTS,SOUTHERN PLYMOUTH,Z,BOX,41.96,-71.13,0,5.00K,
2007,April,MASSACHUSETTS,DUKES,Z,BOX,41.96,-71.13,0,5.00K,
2007,March,NEW JERSEY,CAMDEN,Z,PHI,39.86,-74.46,0,0.00K,"On the 2nd, the tidal gauge along the Delaware River at Philadelphia Pier 12 went above its flood stage of 8.2 feet at 11:41 AM EST, crested at 8.74 feet at 12:36 PM EST, and then dropped below flood "
2007,March,NEW JERSEY,NORTHWESTERN BURLINGTON,Z,PHI,39.86,-74.46,0,0.00K,"On the 2nd, the tidal gauge along the Delaware River at Philadelphia Pier 12 went above its flood stage of 8.2 feet at 11:41 AM EST, crested at 8.74 feet at 12:36 PM EST, and then dropped below flood "
2007,March,NEW JERSEY,SALEM,Z,PHI,39.86,-74.46,0,0.00K,"On the 2nd, the tidal gauge along the Delaware River at Reedy Island went above its flood stage of 7.2 feet at 9:35 AM EST, crested at 7.42 feet at 10:18 AM EST, and then dropped below flood stage at "
2007,March,NEW JERSEY,GLOUCESTER,Z,PHI,39.86,-74.46,0,0.00K,"On the 2nd, the tidal gauge along the Delaware River at Reedy Island went above its flood stage of 7.2 feet at 9:35 AM EST, crested at 7.42 feet at 10:18 AM EST, and then dropped below flood stage at "
2007,March,DELAWARE,NEW CASTLE,Z,PHI,39.86,-74.46,0,0.00K,"On the 2nd, the tidal gauge along the Delaware River at Reedy Island went above its flood stage of 7.2 feet at 9:35 AM EST, crested at 7.42 feet at 10:18 AM EST, and then dropped below flood stage at "
2007,April,NORTH CAROLINA,EASTERN DARE,Z,MHX,34.78,-76.88,0,0.00K,Sound side flooding made Collington Road in Kill Devil Hills impassable.
2007,March,NEW JERSEY,EASTERN CAPE MAY,Z,PHI,39.86,-74.46,0,0.00K,
2007,March,NEW JERSEY,EASTERN ATLANTIC,Z,PHI,39.86,-74.46,0,0.00K,
2007,March,NEW JERSEY,EASTERN OCEAN,Z,PHI,39.86,-74.46,0,0.00K,
2007,March,NEW JERSEY,EASTERN MONMOUTH,Z,PHI,39.86,-74.46,0,0.00K,
2007,March,PENNSYLVANIA,DELAWARE,Z,PHI,39.86,-74.46,0,0.00K,"On the 2nd, the tidal gauge along the Delaware River at Philadelphia Pier 12 went above its flood stage of 8.2 feet at 11:41 AM EST, crested at 8.74 feet at 12:36 PM EST, and then dropped below flood "
2007,March,NEW JERSEY,WESTERN CAPE MAY,Z,PHI,39.86,-74.46,0,0.00K,
2007,March,PENNSYLVANIA,BUCKS,Z,PHI,39.86,-74.46,0,0.00K,"On the 2nd, the tidal gauge along the Delaware River at Philadelphia Pier 12 went above its flood stage of 8.2 feet at 11:41 AM EST, crested at 8.74 feet at 12:36 PM EST, and then dropped below flood "
2007,March,PENNSYLVANIA,PHILADELPHIA,Z,PHI,39.86,-74.46,0,0.00K,"On the 2nd, the tidal gauge along the Delaware River at Philadelphia Pier 12 went above its flood stage of 8.2 feet at 11:41 AM EST, crested at 8.74 feet at 12:36 PM EST, and then dropped below flood "
2007,April,MASSACHUSETTS,NANTUCKET,Z,BOX,41.96,-71.13,0,5.00K,
2007,April,MASSACHUSETTS,EASTERN ESSEX,Z,BOX,41.96,-71.13,0,5.00K,
2007,April,MASSACHUSETTS,SUFFOLK,Z,BOX,41.96,-71.13,0,5.00K,
2007,April,MASSACHUSETTS,EASTERN NORFOLK,Z,BOX,41.96,-71.13,0,5.00K,
2007,April,MASSACHUSETTS,EASTERN ESSEX,Z,BOX,41.96,-71.13,0,20.00K,
2007,April,MASSACHUSETTS,EASTERN PLYMOUTH,Z,BOX,41.96,-71.13,0,15.00K,
2007,April,PENNSYLVANIA,PHILADELPHIA,Z,PHI,39.86,-74.46,0,0.00K,
2007,April,PENNSYLVANIA,DELAWARE,Z,PHI,39.86,-74.46,0,0.00K,
2007,May,NORTH CAROLINA,PAMLICO,Z,MHX,34.78,-76.88,0,0.00K,Water levels about 4 feet above normal over parts of eastern Pamlico County. Some roads adjacent to the Pamlico Sound were flooded and impassable.
2007,May,NORTH CAROLINA,EASTERN DARE,Z,MHX,34.78,-76.88,0,30.00K,"Ocean overwash occurred over the northern Outer Banks. Highway 12 was flooded and closed. Water levels around 3 feet above normal, combined with high waves led to significant beach erosion."
2007,May,NORTH CAROLINA,EASTERN HYDE,Z,MHX,34.78,-76.88,0,0.00K,Ocean overwash reported on Ocracoke Island. Some roads were flooded and closed in spots from high water.
2007,May,NORTH CAROLINA,CARTERET,Z,MHX,34.78,-76.88,0,0.00K,Water levels 5 feet above normal over eastern Carteret County adjacent to Pamlico Sound. Several roads adjacent to the Pamlico Sound were flooded and impassable.
2007,May,FLORIDA,COASTAL PALM BEACH COUNTY,Z,MFL,25.61,-80.41,0,10.00K,Large swells of up to 15 feet just offshore at the reef line with breakers as high as 10 feet affected the Palm Beach County coast during the day on May 8th. This resulted in severe beach erosion and 
2007,April,NEW JERSEY,EASTERN OCEAN,Z,PHI,39.86,-74.46,0,0.00K,
2007,April,NEW JERSEY,EASTERN ATLANTIC,Z,PHI,39.86,-74.46,0,0.00K,
2007,April,NEW YORK,SOUTHWEST SUFFOLK,Z,OKX,40.87,-72.86,0,0.00K,
2007,April,NEW YORK,NASSAU,Z,OKX,40.87,-72.86,0,0.00K,
2007,April,NEW YORK,RICHMOND (STATEN IS.),Z,OKX,40.87,-72.86,0,0.00K,
2007,April,NEW YORK,BRONX,Z,OKX,40.87,-72.86,0,0.00K,
2007,April,NEW YORK,NASSAU,Z,OKX,40.87,-72.86,0,0.00K,
2007,April,NEW YORK,SOUTHERN WESTCHESTER,Z,OKX,40.87,-72.86,0,0.00K,
2007,April,NEW YORK,KINGS (BROOKLYN),Z,OKX,40.87,-72.86,0,0.00K,
2007,April,PENNSYLVANIA,DELAWARE,Z,PHI,39.86,-74.46,0,0.00K,
2007,April,NEW YORK,SOUTHEAST SUFFOLK,Z,OKX,40.87,-72.86,0,0.00K,
2007,April,NEW JERSEY,EASTERN OCEAN,Z,PHI,39.86,-74.46,0,0.00K,
2007,April,NEW JERSEY,WESTERN MONMOUTH,Z,PHI,39.86,-74.46,0,0.00K,
2007,April,NEW JERSEY,EASTERN MONMOUTH,Z,PHI,39.86,-74.46,0,0.00K,
2007,April,PENNSYLVANIA,BUCKS,Z,PHI,39.86,-74.46,0,0.00K,
2007,April,DELAWARE,NEW CASTLE,Z,PHI,39.86,-74.46,0,0.00K,
2007,April,NEW YORK,NORTHEAST SUFFOLK,Z,OKX,40.87,-72.86,0,0.00K,
2007,April,NEW YORK,SOUTHWEST SUFFOLK,Z,OKX,40.87,-72.86,0,0.00K,
2007,April,NEW YORK,SOUTHWEST SUFFOLK,Z,OKX,40.87,-72.86,0,26.00M,"The storm caused over $26 million in damage in Suffolk County, including significant beach erosion, flooding, and harm to homes, businesses, and infrastructure."
2007,April,NEW YORK,QUEENS,Z,OKX,40.87,-72.86,0,0.00K,
2007,April,NEW YORK,KINGS (BROOKLYN),Z,OKX,40.87,-72.86,0,0.00K,
2007,April,NEW YORK,NASSAU,Z,OKX,40.87,-72.86,0,0.00K,
2007,June,NEW JERSEY,GLOUCESTER,Z,PHI,39.86,-74.46,0,0.00K,
2007,June,NEW JERSEY,CAMDEN,Z,PHI,39.86,-74.46,0,0.00K,
2007,June,PENNSYLVANIA,PHILADELPHIA,Z,PHI,39.86,-74.46,0,0.00K,
2007,June,PENNSYLVANIA,DELAWARE,Z,PHI,39.86,-74.46,0,0.00K,
2007,June,NEW JERSEY,EASTERN MONMOUTH,Z,PHI,39.86,-74.46,0,0.00K,
2007,June,NEW JERSEY,EASTERN OCEAN,Z,PHI,39.86,-74.46,0,0.00K,
2007,June,NEW JERSEY,EASTERN ATLANTIC,Z,PHI,39.86,-74.46,0,0.00K,
2007,June,NEW JERSEY,CUMBERLAND,Z,PHI,39.86,-74.46,0,0.00K,
2007,June,NEW JERSEY,NORTHWESTERN BURLINGTON,Z,PHI,39.86,-74.46,0,0.00K,
2007,June,NEW JERSEY,WESTERN MONMOUTH,Z,PHI,39.86,-74.46,0,0.00K,
2007,June,NEW JERSEY,WESTERN CAPE MAY,Z,PHI,39.86,-74.46,0,0.00K,
2007,June,DELAWARE,KENT,Z,PHI,39.86,-74.46,0,0.00K,
2007,June,DELAWARE,NEW CASTLE,Z,PHI,39.86,-74.46,0,0.00K,
2007,June,NEW JERSEY,SALEM,Z,PHI,39.86,-74.46,0,0.00K,
2007,June,NEW JERSEY,EASTERN CAPE MAY,Z,PHI,39.86,-74.46,0,0.00K,
2007,June,DELAWARE,INLAND SUSSEX,Z,PHI,39.86,-74.46,0,0.00K,
2007,April,MAINE,COASTAL YORK,Z,GYX,43.89,-70.26,0,15.00M,High astronomical tides combined with strong northeast winds and large battering waves to produce severe coastal flooding across most of the Maine coast. It was the seventh highest tide ever recorded 
2007,April,MAINE,SAGADAHOC,Z,GYX,43.89,-70.26,0,500.00K,High astronomical tides combined with strong northeast winds and large battering waves to produce severe coastal flooding across most of the Maine coast. It was the seventh highest tide ever recorded 
2007,April,NEW HAMPSHIRE,COASTAL ROCKINGHAM,Z,GYX,43.89,-70.26,0,5.00K,Remnants of the Patriots day storm resulted in minor coastal flooding at the time of high tide.
2007,April,NEW JERSEY,GLOUCESTER,Z,PHI,39.86,-74.46,0,0.00K,
2007,April,NEW JERSEY,SALEM,Z,PHI,39.86,-74.46,0,0.00K,
2007,April,NEW JERSEY,EASTERN CAPE MAY,Z,PHI,39.86,-74.46,0,0.00K,
2007,April,NEW JERSEY,CUMBERLAND,Z,PHI,39.86,-74.46,0,0.00K,
2007,April,NEW JERSEY,WESTERN CAPE MAY,Z,PHI,39.86,-74.46,0,0.00K,
2007,April,NEW JERSEY,EASTERN ATLANTIC,Z,PHI,39.86,-74.46,0,0.00K,
2007,April,MAINE,LINCOLN,Z,GYX,43.89,-70.26,0,75.00K,The remnants of the Patriots Day northeaster remained off the eastern seaboard. It continued to produce strong northeast winds and large ocean waves over twenty feet at buoy locations.
2007,April,MAINE,KNOX,Z,GYX,43.89,-70.26,0,75.00K,The remnants of the Patriots Day northeaster remained off the eastern seaboard. It continued to produce strong northeast winds and large ocean waves over twenty feet at buoy locations.
2007,April,MAINE,COASTAL WALDO,Z,GYX,43.89,-70.26,0,75.00K,The remnants of the Patriots Day northeaster remained off the eastern seaboard. It continued to produce strong northeast winds and large ocean waves over twenty feet at buoy locations.
2007,April,MAINE,COASTAL YORK,Z,GYX,43.89,-70.26,0,50.00K,High astronomical tides in combination with strong northeast winds and large ocean waves continued to cause coastal flooding in portions of Maine as the remnants of the the Patriots Day storm slowly d
2007,April,MAINE,COASTAL CUMBERLAND,Z,GYX,43.89,-70.26,0,50.00K,High astronomical tides in combination with strong northeast winds and large ocean waves continued to cause coastal flooding in portions of Maine as the remnants of the the Patriots Day storm slowly d
2007,April,NEW JERSEY,CAMDEN,Z,PHI,39.86,-74.46,0,0.00K,
2007,April,NEW JERSEY,NORTHWESTERN BURLINGTON,Z,PHI,39.86,-74.46,0,0.00K,
2007,April,MAINE,SAGADAHOC,Z,GYX,43.89,-70.26,0,15.00K,High astronomical tides in combination with strong northeast winds and large ocean waves continued to cause coastal flooding in portions of Maine as the remnants of the the Patriots Day storm slowly d
2007,April,MAINE,LINCOLN,Z,GYX,43.89,-70.26,0,15.00K,High astronomical tides in combination with strong northeast winds and large ocean waves continued to cause coastal flooding in portions of Maine as the remnants of the the Patriots Day storm slowly d
2007,April,MAINE,KNOX,Z,GYX,43.89,-70.26,0,15.00K,High astronomical tides in combination with strong northeast winds and large ocean waves continued to cause coastal flooding in portions of Maine as the remnants of the the Patriots Day storm slowly d
2007,April,MAINE,COASTAL WALDO,Z,GYX,43.89,-70.26,0,15.00K,High astronomical tides in combination with strong northeast winds and large ocean waves continued to cause coastal flooding in portions of Maine as the remnants of the the Patriots Day storm slowly d
2007,April,MAINE,SAGADAHOC,Z,GYX,43.89,-70.26,0,5.00K,High astronomical tides combined with strong northeast winds and large battering waves to produce severe coastal flooding across most of the Maine coast. It was the seventh highest tide ever recorded 
2007,April,MAINE,LINCOLN,Z,GYX,43.89,-70.26,0,15.00K,High astronomical tides combined with strong northeast winds and large battering waves to produce severe coastal flooding across most of the Maine coast. It was the seventh highest tide ever recorded 
2007,April,MAINE,COASTAL YORK,Z,GYX,43.89,-70.26,0,20.00K,A very large and intense low pressure system remained off the southern New England coast. Strong northeast winds combined with high astronomical tides to produce coastal flooding. Waves over 13 feet w
2007,April,MAINE,COASTAL CUMBERLAND,Z,GYX,43.89,-70.26,0,20.00K,A very large and intense low pressure system remained off the southern New England coast. Strong northeast winds combined with high astronomical tides to produce coastal flooding. Waves over 13 feet w
2007,April,MAINE,SAGADAHOC,Z,GYX,43.89,-70.26,0,5.00K,A very large and intense low pressure system remained off the southern New England coast. Strong northeast winds combined with high astronomical tides to produce coastal flooding. Waves over 13 feet w
2007,April,MAINE,LINCOLN,Z,GYX,43.89,-70.26,0,5.00K,A very large and intense low pressure system remained off the southern New England coast. Strong northeast winds combined with high astronomical tides to produce coastal flooding. Waves over 13 feet w
2007,April,MAINE,KNOX,Z,GYX,43.89,-70.26,0,5.00K,A very large and intense low pressure system remained off the southern New England coast. Strong northeast winds combined with high astronomical tides to produce coastal flooding. Waves over 13 feet w
2007,April,MAINE,COASTAL WALDO,Z,GYX,43.89,-70.26,0,5.00K,A very large and intense low pressure system remained off the southern New England coast. Strong northeast winds combined with high astronomical tides to produce coastal flooding. Waves over 13 feet w
2007,April,MAINE,COASTAL YORK,Z,GYX,43.89,-70.26,0,200.00K,The remnants of the Patriots Day northeaster remained off the eastern seaboard. It continued to produce strong northeast winds and large ocean waves over twenty feet at buoy locations.
2007,April,MAINE,COASTAL CUMBERLAND,Z,GYX,43.89,-70.26,0,200.00K,The remnants of the Patriots Day northeaster remained off the eastern seaboard. It continued to produce strong northeast winds and large ocean waves over twenty feet at buoy locations.
2007,April,MAINE,KNOX,Z,GYX,43.89,-70.26,0,5.00K,High astronomical tides combined with strong northeast winds and large battering waves to produce severe coastal flooding across most of the Maine coast. It was the seventh highest tide ever recorded 
2007,April,MAINE,COASTAL WALDO,Z,GYX,43.89,-70.26,0,11.00K,High astronomical tides combined with strong northeast winds and large battering waves to produce severe coastal flooding across most of the Maine coast. It was the seventh highest tide ever recorded 
2007,April,MAINE,SAGADAHOC,Z,GYX,43.89,-70.26,0,75.00K,The remnants of the Patriots Day northeaster remained off the eastern seaboard. It continued to produce strong northeast winds and large ocean waves over twenty feet at buoy locations.
2007,April,PENNSYLVANIA,PHILADELPHIA,Z,PHI,39.86,-74.46,0,0.00K,
2007,April,MAINE,COASTAL WASHINGTON,Z,CAR,46.87,-68.02,0,0.00K,The combination of astronomical high tides...among the highest of the year...persistent onshore winds and large waves contributed to coastal flooding during high tide cycles from the evening of the 16
2007,April,MAINE,COASTAL CUMBERLAND,Z,GYX,43.89,-70.26,0,7.00M,High astronomical tides combined with strong northeast winds and large battering waves to produce severe coastal flooding across most of the Maine coast. It was the seventh highest tide ever recorded 
2007,April,MAINE,LINCOLN,Z,GYX,43.89,-70.26,0,1.50M,High astronomical tides combined with strong northeast winds and large battering waves to produce severe coastal flooding across most of the Maine coast. It was the seventh highest tide ever recorded 
2007,April,NEW HAMPSHIRE,COASTAL ROCKINGHAM,Z,GYX,43.89,-70.26,0,50.00K,High astronomical tides combined with strong northeast winds and large battering waves to produce severe coastal flooding across most of the New Hampshire coast. Many roads were closed and residents e
2007,April,NEW HAMPSHIRE,COASTAL ROCKINGHAM,Z,GYX,43.89,-70.26,0,15.00K,A very large and intense low pressure system remained off the southern New England coast. Strong northeast winds combined with high astronomical tides to produce coastal flooding. Waves over 13 feet w
2007,April,NEW HAMPSHIRE,COASTAL ROCKINGHAM,Z,GYX,43.89,-70.26,0,75.00K,The remnants of the Patriots Day northeaster remained off the eastern seaboard. It continued to produce strong northeast winds and large ocean waves over twenty feet at buoy locations.
2007,April,NEW HAMPSHIRE,COASTAL ROCKINGHAM,Z,GYX,43.89,-70.26,0,1.00K,High astronomical tides in combination with strong northeast winds and large ocean waves continued to cause coastal flooding in New Hampshire as the remnants of the the Patriots Day storm slowly drift
2007,April,NEW HAMPSHIRE,COASTAL ROCKINGHAM,Z,GYX,43.89,-70.26,0,50.00K,High astronomical tides in combination with strong northeast winds and large ocean waves continued to cause coastal flooding in New Hampshire as the remnants of the the Patriots Day storm slowly drift
2007,April,MAINE,KNOX,Z,GYX,43.89,-70.26,0,500.00K,High astronomical tides combined with strong northeast winds and large battering waves to produce severe coastal flooding across most of the Maine coast. It was the seventh highest tide ever recorded 
2007,April,MAINE,COASTAL WALDO,Z,GYX,43.89,-70.26,0,1.10M,High astronomical tides combined with strong northeast winds and large battering waves to produce severe coastal flooding across most of the Maine coast. It was the seventh highest tide ever recorded 
2007,April,NEW HAMPSHIRE,COASTAL ROCKINGHAM,Z,GYX,43.89,-70.26,0,5.00M,High astronomical tides combined with strong northeast winds and large battering waves to produce severe coastal flooding across most of the New Hampshire coast. Many roads were closed and residents e
2007,April,MAINE,COASTAL HANCOCK,Z,CAR,46.87,-68.02,0,0.00K,The combination of astronomical high tides...among the highest of the year...persistent onshore winds and large waves contributed to coastal flooding during high tide cycles from the evening of the 16
2007,April,MAINE,COASTAL YORK,Z,GYX,43.89,-70.26,0,500.00K,High astronomical tides combined with strong northeast winds and large battering waves to produce severe coastal flooding across most of the Maine coast. It was the seventh highest tide ever recorded 
2007,April,MAINE,COASTAL CUMBERLAND,Z,GYX,43.89,-70.26,0,200.00K,High astronomical tides combined with strong northeast winds and large battering waves to produce severe coastal flooding across most of the Maine coast. It was the seventh highest tide ever recorded 
2007,September,FLORIDA,DUVAL,Z,JAX,30.49,-81.7,0,,Tide of 2 to 3 feet above astronomical tide on the Intracoastal Water Way due to persistant northeast winds over the past two days. Tides flooded marsh areas and onto some docks.  Highest tide in the 
2007,August,NEW JERSEY,EASTERN MONMOUTH,Z,PHI,39.86,-74.46,0,0.00K,
2007,August,NEW JERSEY,EASTERN OCEAN,Z,PHI,39.86,-74.46,0,0.00K,
2007,August,NEW JERSEY,EASTERN ATLANTIC,Z,PHI,39.86,-74.46,0,0.00K,
2007,August,NEW JERSEY,EASTERN CAPE MAY,Z,PHI,39.86,-74.46,0,0.00K,
2007,April,MAINE,COASTAL YORK,Z,GYX,43.89,-70.26,0,5.00K,High astronomical tides in combination with strong northeast winds and large ocean waves continued to cause coastal flooding in portions of Maine as the remnants of the the Patriots Day storm slowly d
2007,April,MAINE,COASTAL CUMBERLAND,Z,GYX,43.89,-70.26,0,5.00K,High astronomical tides in combination with strong northeast winds and large ocean waves continued to cause coastal flooding in portions of Maine as the remnants of the the Patriots Day storm slowly d
2007,June,DELAWARE,DELAWARE BEACHES,Z,PHI,39.86,-74.46,0,0.00K,
2007,June,MARYLAND,TALBOT,Z,PHI,39.86,-74.46,0,0.00K,
2007,June,NEW JERSEY,EASTERN ATLANTIC,Z,PHI,39.86,-74.46,0,0.00K,
2007,June,NEW JERSEY,EASTERN CAPE MAY,Z,PHI,39.86,-74.46,0,0.00K,
2007,June,NEW JERSEY,EASTERN MONMOUTH,Z,PHI,39.86,-74.46,0,0.00K,
2007,June,NEW JERSEY,EASTERN OCEAN,Z,PHI,39.86,-74.46,0,0.00K,
2007,October,DELAWARE,DELAWARE BEACHES,Z,PHI,39.86,-74.46,0,0.00K,
2007,October,DELAWARE,INLAND SUSSEX,Z,PHI,39.86,-74.46,0,0.00K,
2007,October,DELAWARE,KENT,Z,PHI,39.86,-74.46,0,0.00K,
2007,October,NEW JERSEY,CUMBERLAND,Z,PHI,39.86,-74.46,0,0.00K,
2007,October,PENNSYLVANIA,DELAWARE,Z,PHI,39.86,-74.46,0,0.00K,
2007,October,PENNSYLVANIA,PHILADELPHIA,Z,PHI,39.86,-74.46,0,0.00K,
2007,October,DELAWARE,NEW CASTLE,Z,PHI,39.86,-74.46,0,0.00K,
2007,October,NEW JERSEY,WESTERN MONMOUTH,Z,PHI,39.86,-74.46,0,0.00K,
2007,October,NEW JERSEY,MIDDLESEX,Z,PHI,39.86,-74.46,0,0.00K,
2007,October,NEW JERSEY,WESTERN CAPE MAY,Z,PHI,39.86,-74.46,0,0.00K,
2007,October,NEW JERSEY,EASTERN OCEAN,Z,PHI,39.86,-74.46,0,0.00K,
2007,October,NEW JERSEY,EASTERN MONMOUTH,Z,PHI,39.86,-74.46,0,0.00K,
2007,October,NEW JERSEY,EASTERN CAPE MAY,Z,PHI,39.86,-74.46,0,0.00K,
2007,October,NEW JERSEY,NORTHWESTERN BURLINGTON,Z,PHI,39.86,-74.46,0,0.00K,
2007,October,NEW JERSEY,GLOUCESTER,Z,PHI,39.86,-74.46,0,0.00K,
2007,October,NEW JERSEY,SALEM,Z,PHI,39.86,-74.46,0,0.00K,
2007,October,NEW JERSEY,EASTERN ATLANTIC,Z,PHI,39.86,-74.46,0,0.00K,
2007,October,SOUTH CAROLINA,BEAUFORT,Z,CHS,32.9,-80.03,0,0.00K,Moderate to Severe Beach Erosion and Coastal Flooding took place along area beaches as High Astronomical Tides combined with strong Northeast winds across the coastal waters. Ocean overwash was observ
2007,October,SOUTH CAROLINA,SOUTHERN COLLETON,Z,CHS,32.9,-80.03,0,0.00K,Moderate to Severe Beach Erosion and Coastal Flooding took place along area beaches as High Astronomical Tides combined with strong Northeast winds across the coastal waters. Water from Bay Back Creek
2007,September,GEORGIA,COASTAL LIBERTY,Z,CHS,32.9,-80.03,0,0.00K,Severe Beach Erosion took place along area beaches as High Astronomical Tides combined with strong Northeast winds across the coastal waters. Severe Beach Erosion was reported on Saint Catherines Isla
2007,October,NEW JERSEY,CAMDEN,Z,PHI,39.86,-74.46,0,0.00K,
2007,October,FLORIDA,DUVAL,Z,JAX,30.49,-81.7,0,0.00K,A life guard supervisor reported unusually high tide with water coming over the berms and into low lying streets. Low tide was at 7 am EDT.
2007,August,NEW JERSEY,WESTERN CAPE MAY,Z,PHI,39.86,-74.46,0,0.00K,
2007,September,ALASKA,NRN & INTR. SEWARD PENINSULA,Z,AFG,64.51,-165.42,0,,
2007,September,ALASKA,SRN SEWARD PENINSULA COAST,Z,AFG,64.51,-165.42,0,12.06K,Alaska DOT reported washout of portion of the road at mile post 22 on Nome-Council road and water overflowing the road between mile 23 and 24 on the same road.
2007,September,ALASKA,CHUKCHI SEA COAST,Z,AFG,64.51,-165.42,0,,
2005,December,CALIFORNIA,SAN DIEGO COUNTY COASTS,Z,SGX,32.85,-117.11,0,50K,
2005,December,CALIFORNIA,COASTAL NORTH BAY INCLUDING POINT REYES NATIONAL SEASHORE,Z,MTR,37.52,-122.04,0,340K,
2005,December,NEW JERSEY,EASTERN OCEAN,Z,PHI,39.86,-74.46,0,,
2005,December,CALIFORNIA,ORANGE COUNTY COASTAL PLAIN,Z,SGX,32.85,-117.11,0,50K,
2005,December,CALIFORNIA,SAN DIEGO COUNTY COASTS,Z,SGX,32.85,-117.11,0,5K,Two street ends at Imperial Beach were briefly flooded from wave runup during high tide. Waves also swept over parking lots in Encinitas.
2005,December,CALIFORNIA,X W SAN DIEGO,Z,SGX,32.85,-117.11,0,5K,
2005,December,NEW JERSEY,EASTERN MONMOUTH,Z,PHI,39.86,-74.46,0,,
2005,December,CALIFORNIA,X S SANTA BARBARA,Z,LOX,34.24,-118.83,0,,
2005,December,CALIFORNIA,X S VENTURA,Z,LOX,34.24,-118.83,0,,
2005,December,CALIFORNIA,X SE LOS ANGELES,Z,LOX,34.24,-118.83,0,,
2011,April,DISTRICT OF COLUMBIA,DISTRICT OF COLUMBIA,Z,LWX,38.98,-77.47,0,,Water inundated the Washington Harbour reaching about ten to twelve feet in some places. Several businesses were evacuated along with residents in nearby units.
2011,June,MARYLAND,ANNE ARUNDEL,Z,LWX,38.98,-77.47,0,,Water levels reached thresholds for moderate coastal flooding at Annapolis.
2011,October,MARYLAND,ANNE ARUNDEL,Z,LWX,38.98,-77.47,0,,Water levels exceeded thresholds for moderate coastal flooding at Annapolis.
2011,May,DISTRICT OF COLUMBIA,DISTRICT OF COLUMBIA,Z,LWX,38.98,-77.47,0,,Water levels were above thresholds for moderate coastal flooding at Washington DC.
2011,May,VIRGINIA,ARLINGTON,Z,LWX,38.98,-77.47,0,,Water levels were above thresholds for moderate coastal flooding at Alexandria.
2011,May,MARYLAND,ANNE ARUNDEL,Z,LWX,38.98,-77.47,0,,Waters levels at Annapolis were above thresholds for moderate coastal flooding.
2011,May,DISTRICT OF COLUMBIA,DISTRICT OF COLUMBIA,Z,LWX,38.98,-77.47,0,,Water levels were above thresholds for moderate coastal flooding at the Wisconsin Avenue Gage in Washington D.C.
2011,November,MASSACHUSETTS,EASTERN PLYMOUTH,Z,BOX,41.96,-71.13,0,0.00K,"An astronomically high tide produced minor coastal flooding near Marshfield and Scituate.  The tide gauge at Scituate reached a crest of 12.2 feet at high tide, flood stage is 12 feet.  Lighthouse Poi"
2011,November,ALASKA,KUSKOKWIM DELTA,Z,AFC,64.81,-147.72,0,0.00K,Report from the public at Kipnuk of water reaching homes.
2011,November,NEW HAMPSHIRE,COASTAL ROCKINGHAM,Z,GYX,43.89,-70.26,0,5.00K,A prolonged northeast flow produced by passing low pressure combined with high astronomical tides to produce minor flooding along low lying roads in Hampton New Hampshire.
2011,October,NEW HAMPSHIRE,COASTAL ROCKINGHAM,Z,GYX,43.89,-70.26,0,2.50K,Astronomically high tides combined with light northeast winds resulting in minor coastal flooding in Hampton New Hampshire. Minor flooding occurred on low lying roads along Brown Avenue and Island Pat
2011,March,DISTRICT OF COLUMBIA,DISTRICT OF COLUMBIA,Z,LWX,38.98,-77.47,0,,Water levels at the Maine Avenue Gage surpassed thresholds for moderate coastal flooding.
2011,March,DISTRICT OF COLUMBIA,DISTRICT OF COLUMBIA,Z,LWX,38.98,-77.47,0,,Water levels at the Wisconsin Avenue Gage surpassed thresholds for moderate coastal flooding.
2011,September,ALABAMA,LOWER MOBILE,Z,MOB,30.68,-88.24,0,0.00K,The public reported 1 to 2 feet of water covering the parking lot at Hoppies Boat Launch...2 miles northeast of Hollingers island. The water was rising at time of observation.
2011,November,MAINE,COASTAL CUMBERLAND,Z,GYX,43.89,-70.26,0,2.50K,A prolonged northeast flow produced by passing low pressure combined with high astronomical high tides to produce minor flooding in Portland on Commercial Street.
2011,April,LOUISIANA,VERMILION,Z,LCH,30.13,-93.22,0,2.00K,Public reported high tides caused minor coastal flooding in parts of Delcambre. Some homes were surrounded by flood waters.
2011,March,MARYLAND,CALVERT,Z,LWX,38.98,-77.47,0,,Roads near Chesapeake Beach and North Beach received water due to coastal flooding.
2011,April,NEW YORK,SOUTHERN QUEENS,Z,OKX,40.87,-72.86,0,0.00K,"Water levels rose to 5.64 feet NGVD, 0.14 feet above the stage for moderate flooding at the USGS tidal gage in East Rockaway Inlet at Atlantic Beach."
2011,April,NEW YORK,SOUTHERN NASSAU,Z,OKX,40.87,-72.86,0,0.00K,"Water levels rose to 5.47 feet NGVD, 0.47 feet above the stage for moderate flooding at the USGS tidal gage in Hudson Bay at Freeport."
2011,April,DELAWARE,NEW CASTLE,Z,PHI,39.86,-74.46,0,100.00K,
2011,April,PENNSYLVANIA,DELAWARE,Z,PHI,39.86,-74.46,0,50.00K,
2011,April,MAINE,COASTAL HANCOCK,Z,CAR,46.87,-68.02,0,,Waves broke over Route 102A at Southwest Harbor around the time of high tide. The water subsided with the falling tide. The waves left rocks and debris on the road which caused the road to be temporar
2011,April,MAINE,COASTAL WASHINGTON,Z,CAR,46.87,-68.02,0,,Lower Court Street in Machias was flooded around the time of high tide with waves also breaking over Route 1. The water subsided with the falling tide.
2011,April,MARYLAND,HARFORD,Z,LWX,38.98,-77.47,0,,A few inches of water flowed into a local business near Havre De Grace.
2011,April,MARYLAND,ANNE ARUNDEL,Z,LWX,38.98,-77.47,0,,Coastal flooding led to detours around the City Dock area.
2011,April,NEW JERSEY,CUMBERLAND,Z,PHI,39.86,-74.46,0,1.00M,
2011,April,NEW YORK,RICHMOND (STATEN IS.),Z,OKX,40.87,-72.86,0,0.00K,"Water levels rose to 8.68 feet MLLW, 0.18 feet above the stage for moderate flooding at the Bergen Point West Reach NOS tidal gage."
2011,April,NEW YORK,NEW YORK (MANHATTAN),Z,OKX,40.87,-72.86,0,0.00K,"Water levels rose to 8.12 feet MLLW, 0.12 feet above the stage for moderate flooding at the Battery NOS tidal gage."
2011,April,VIRGINIA,FAIRFAX,Z,LWX,38.98,-77.47,0,,The guage at Alexandria showed that water levels exceeded thresholds for moderate coastal flooding.
2011,April,PENNSYLVANIA,PHILADELPHIA,Z,PHI,39.86,-74.46,0,100.00K,
2011,April,NEW JERSEY,SALEM,Z,PHI,39.86,-74.46,0,250.00K,
2011,April,NEW JERSEY,GLOUCESTER,Z,PHI,39.86,-74.46,0,750.00K,
2011,April,NEW JERSEY,CAMDEN,Z,PHI,39.86,-74.46,0,250.00K,
2011,April,NEW JERSEY,NORTHWESTERN BURLINGTON,Z,PHI,39.86,-74.46,0,250.00K,
2011,April,NEW YORK,NORTHERN NASSAU,Z,OKX,40.87,-72.86,0,0.00K,"Water levels rose to 10.94 feet MLLW, 0.44 feet above the stage for moderate flooding at the Kings Point NOS tidal gage."
2011,April,NEW JERSEY,MIDDLESEX,Z,PHI,39.86,-74.46,0,0.00K,
2011,April,NEW JERSEY,EASTERN MONMOUTH,Z,PHI,39.86,-74.46,0,0.00K,
2011,April,NEW JERSEY,WESTERN MONMOUTH,Z,PHI,39.86,-74.46,0,0.00K,
2011,April,NEW JERSEY,WESTERN CAPE MAY,Z,PHI,39.86,-74.46,0,0.00K,
2011,April,PENNSYLVANIA,BUCKS,Z,PHI,39.86,-74.46,0,100.00K,
2011,February,ALASKA,CHUKCHI SEA COAST,Z,AFG,64.51,-165.42,0,0.00K,
2011,February,ALASKA,BALDWIN PEN. & SELAWIK VALLEY,Z,AFG,64.51,-165.42,0,0.00K,
2011,February,ALASKA,NRN & INTR. SEWARD PENINSULA,Z,AFG,64.51,-165.42,0,0.00K,
2011,January,NEW HAMPSHIRE,COASTAL ROCKINGHAM,Z,GYX,43.89,-70.26,0,2.50K,"Low pressure in the Gulf of Maine, combined with an astronomical high tide, produced coastal flooding of low lying roads in Hampton."
2011,January,MAINE,COASTAL CUMBERLAND,Z,GYX,43.89,-70.26,0,5.00K,"Low pressure in the Gulf of Maine, combined with an astronomical high tide, produced coastal flooding along the wharfs on Commercial Street in Portland."
2011,January,TEXAS,GALVESTON,Z,HGX,29.47,-95.08,0,5.00K,Gale force easterly winds caused minor coastal flooding over portions of the Bolivar Peninsula and along Galveston Bay. Water reached the boardwalk in Kemah and covered some roads on the Bolivar Penin
2011,May,VIRGINIA,ARLINGTON,Z,LWX,38.98,-77.47,0,,Water levels at Alexandria were above thresholds for moderate coastal flooding.
2011,May,VIRGINIA,ARLINGTON,Z,LWX,38.98,-77.47,0,,Water levels at Alexandria were above thresholds for moderate coastal flooding.
2011,May,NEW YORK,SOUTHERN QUEENS,Z,OKX,40.87,-72.86,0,0.00K,Tidal surge inundated the corner of 101st Street and 160th Avenue in Howard Beach in Queens as well as Cross Bay Blvd. between West 19th and 20th Streets in Broad Channel Queens between 10:00 pm and 1
2011,May,VIRGINIA,ARLINGTON,Z,LWX,38.98,-77.47,0,,Water levels at Alexandria were reported above thresholds for moderate coastal flooding.
2011,May,NEW YORK,SOUTHERN NASSAU,Z,OKX,40.87,-72.86,0,0.00K,"On the evening of 5/16, water levels rose to 5.12 feet NGVD at the USGS tidal gauge at Hudson Bay in Freeport, 0.12 feet above the threshold for moderate flooding."
2011,May,NEW YORK,SOUTHERN NASSAU,Z,OKX,40.87,-72.86,0,0.00K,"On the evening of 5/17, water levels rose to 5.20 feet NGVD at the USGS tidal gauge at Hudson Bay in Freeport, 0.20 feet above the threshold for moderate flooding."
2011,May,CALIFORNIA,NORTH BAY INTERIOR VALLEYS,Z,MTR,37.52,-122.04,0,0.00K,"At approximately 2330 hours on May 17, 2011 US Highway 101 northbound connector to northbound SR 1 was closed due to flooding. The roadway reopened at 0325 hours on May 18, 2011. The flooding was due "
2011,March,MARYLAND,ST. MARY'S,Z,LWX,38.98,-77.47,0,,Route 238 near Chaptico was closed due to high water.
2011,April,LOUISIANA,CAMERON,Z,LCH,30.13,-93.22,0,2.00K,LA DOTD reported water and sand closed Highway 82 near Holly Beach. Calcasieu Pass Tide Gauge had a peak water level of 3.4 feet MLLW.
2011,April,MARYLAND,SOUTHERN BALTIMORE,Z,LWX,38.98,-77.47,0,,High water was reported along Miller Highland Road and also across North Point Road near Shallow Creek. Water was about a foot and a half deep along the intersection of Bay Drive and Chesapeake Road. 
2011,April,DISTRICT OF COLUMBIA,DISTRICT OF COLUMBIA,Z,LWX,38.98,-77.47,0,,The guage at Wisconsin Avenue showed that water levels exceeded thresholds for moderate coastal flooding.
2011,March,MARYLAND,ANNE ARUNDEL,Z,LWX,38.98,-77.47,0,,Streets were flooded as Harbor water overflowed the Dock.
2011,March,MARYLAND,SOUTHERN BALTIMORE,Z,LWX,38.98,-77.47,0,,Both ends of Bay Drive were flooded. Community property was flooded up to the roadway.
2011,November,ALASKA,YUKON DELTA,Z,AFG,64.51,-165.42,0,0.00K,
2011,November,ALASKA,SRN SEWARD PENINSULA COAST,Z,AFG,64.51,-165.42,0,24.00M,
2011,November,ALASKA,ST LAWRENCE IS. BERING STRAIT,Z,AFG,64.51,-165.42,1,0.00K,
2011,November,ALASKA,ERN NORTON SOUND NULATO HILLS,Z,AFG,64.51,-165.42,0,0.00K,
2011,November,ALASKA,CHUKCHI SEA COAST,Z,AFG,64.51,-165.42,0,0.00K,
2011,November,ALASKA,CHUKCHI SEA COAST,Z,AFG,64.51,-165.42,0,0.00K,
2011,October,FLORIDA,ST. JOHNS,Z,JAX,30.49,-81.7,0,,Minor coastal flooding was reported along the bay front.
2011,October,FLORIDA,FLAGLER,Z,JAX,30.49,-81.7,0,,The water was over the top of the sea wall in east Palm Coast.
2011,October,FLORIDA,DUVAL,Z,JAX,30.49,-81.7,0,,Flooding from heavy rainfall and coastal flooding was reported at Lasalle and Palm Avenues in the San Marco area of Jacksonville. Flooding was reported in Langdon Park with water 6 inches below the to
2011,September,NEW JERSEY,NORTHWESTERN BURLINGTON,Z,PHI,39.86,-74.46,0,100.00K,
2011,September,DISTRICT OF COLUMBIA,DISTRICT OF COLUMBIA,Z,LWX,38.98,-77.47,0,,Water levels reached thresholds for moderate coastal flooding at Wisconsin Avenue.
2011,October,NEW JERSEY,EASTERN MONMOUTH,Z,PHI,39.86,-74.46,0,0.00K,
2011,October,NEW JERSEY,EASTERN OCEAN,Z,PHI,39.86,-74.46,0,0.00K,
2011,October,NEW JERSEY,EASTERN ATLANTIC,Z,PHI,39.86,-74.46,0,0.00K,
2011,October,NEW JERSEY,WESTERN MONMOUTH,Z,PHI,39.86,-74.46,0,0.00K,
2011,October,NEW JERSEY,EASTERN CAPE MAY,Z,PHI,39.86,-74.46,0,0.00K,
2011,October,NEW JERSEY,WESTERN CAPE MAY,Z,PHI,39.86,-74.46,0,0.00K,
2011,October,DELAWARE,DELAWARE BEACHES,Z,PHI,39.86,-74.46,0,0.00K,
2011,October,DELAWARE,INLAND SUSSEX,Z,PHI,39.86,-74.46,0,0.00K,
2011,November,MASSACHUSETTS,SUFFOLK,Z,BOX,41.96,-71.13,0,0.00K,Minor coastal flooding occurred with the high tide closing Morrissey Boulevard.
2011,September,NEW JERSEY,CAMDEN,Z,PHI,39.86,-74.46,0,100.00K,
2011,September,NEW JERSEY,GLOUCESTER,Z,PHI,39.86,-74.46,0,50.00K,
2011,September,NEW JERSEY,SALEM,Z,PHI,39.86,-74.46,0,50.00K,
2011,October,MASSACHUSETTS,BARNSTABLE,Z,BOX,41.96,-71.13,0,0.00K,Moderate coastal flooding occurred with splashover a small seawall that resulted in the flooding of Old Main Street in Sandwich with 18 to 24 inches of water.  This made the road impassable.  Astronom
2011,October,MASSACHUSETTS,EASTERN PLYMOUTH,Z,BOX,41.96,-71.13,0,10.00K,"Moderate coastal flooding occurred in Scituate, partially flooding Cole Parkway and Lighthouse Road.  Rocks from the seawall washed into a parking lot adjacent to Lighthouse Road.  In Plymouth, cobble"
2011,October,MASSACHUSETTS,EASTERN ESSEX,Z,BOX,41.96,-71.13,0,10.00K,"Moderate coastal flooding occurred, causing significant damage to access structures such as stairs and walkways on the beach."
2011,October,VIRGINIA,ARLINGTON,Z,LWX,38.98,-77.47,0,,Water levels exceeded thresholds for moderate coastal flooding at Alexandria.
2011,October,VIRGINIA,ARLINGTON,Z,LWX,38.98,-77.47,0,,Water levels exceeded thresholds for moderate coastal flooding at Alexandria.
2011,October,DISTRICT OF COLUMBIA,DISTRICT OF COLUMBIA,Z,LWX,38.98,-77.47,0,,Water levels passed thresholds for moderate coastal flooding at Maine Avenue.
2011,September,NEW YORK,NORTHERN QUEENS,Z,OKX,40.87,-72.86,0,0.00K,The NOS tidal gauge at Kings Point recorded a water level of 10.54 ft. MLLW during the morning high tide cycle of September 28 2011.  This is .04 ft. above the threshold for moderate coastal flooding 
2011,November,ALASKA,KUSKOKWIM DELTA,Z,AFC,64.81,-147.72,0,20.00K,The public reported high wind and flooding in Goodnews Bay. Two 16 foot Lund boats were lost and a Conex floated off.
2011,September,MAINE,COASTAL CUMBERLAND,Z,GYX,43.89,-70.26,0,5.00K,An astronomical high tide produced minor coastal flooding in Portland.
2011,September,NEW YORK,SOUTHERN NASSAU,Z,OKX,40.87,-72.86,0,0.00K,The USGS tidal gauge at Hudson Bay at Freeport recorded a water level of 6.03 ft. MLLW during the morning high tide cycle of September 29 2011. This is .23 ft. above the threshold for moderate coastal
2011,September,NEW HAMPSHIRE,COASTAL ROCKINGHAM,Z,GYX,43.89,-70.26,0,2.50K,High astronomical tides produced minor coastal flooding on low lying roads in Hampton.
2011,September,NEW JERSEY,SALEM,Z,PHI,39.86,-74.46,0,0.00K,
2011,September,NEW JERSEY,GLOUCESTER,Z,PHI,39.86,-74.46,0,0.00K,
2011,September,NEW JERSEY,CAMDEN,Z,PHI,39.86,-74.46,0,0.00K,
2011,September,NEW JERSEY,NORTHWESTERN BURLINGTON,Z,PHI,39.86,-74.46,0,0.00K,
2011,October,NEW YORK,SOUTHERN NASSAU,Z,OKX,40.87,-72.86,0,0.00K,"The USGS tidal gauge in Hudson Bay at Freeport recorded a water level of 5.85 ft. MLLW during the morning high tide cycle of October 27, 2011.  This is .05 ft. above the threshold for moderate coastal"
2011,October,NEW YORK,SOUTHERN NASSAU,Z,OKX,40.87,-72.86,0,0.00K,"The USGS tidal gauge at Freeport recorded a water level of 5.8 ft. MLLW during the morning high tide cycle of October 28, 2011.  This is the threshold for moderate coastal flooding established by the "
2011,October,NEW YORK,NORTHERN NASSAU,Z,OKX,40.87,-72.86,0,0.00K,"The NOS tidal gauge at Kings Point recorded a water level of 10.51 ft. MLLW during the early afternoon high tide cycle of October 27, 2011.  This is .01 ft. above the threshold for moderate coastal fl"
2011,September,PENNSYLVANIA,PHILADELPHIA,Z,PHI,39.86,-74.46,0,0.00K,
2011,September,PENNSYLVANIA,DELAWARE,Z,PHI,39.86,-74.46,0,0.00K,
2011,September,PENNSYLVANIA,BUCKS,Z,PHI,39.86,-74.46,0,0.00K,
2011,September,PENNSYLVANIA,PHILADELPHIA,Z,PHI,39.86,-74.46,0,0.00K,
2011,September,PENNSYLVANIA,DELAWARE,Z,PHI,39.86,-74.46,0,0.00K,
2011,September,PENNSYLVANIA,BUCKS,Z,PHI,39.86,-74.46,0,50.00K,
2009,November,TEXAS,GALVESTON,Z,HGX,29.47,-95.08,0,,Water over portions of Route 87 on the Bolivar Peninsula around time of high tide in the evenings of both November 8th and 9th. Road was closed in places.
2009,November,TEXAS,BRAZORIA,Z,HGX,29.47,-95.08,0,,"Water on Blue Water Highway on November 8th and 9th, enough to close the road evening of November 9th. Several roads closed San Luis Pass and Treasure Island subdivisions. Considerable debris pushed u"
2009,November,NORTH CAROLINA,NEW HANOVER,Z,ILM,34.3,-77.88,0,,"High tides produced flooding on Canal Street at Carolina Beach, and there was some coastal flooding beyond the turn to the landing at the Fort Fisher-Southport Ferry near Kure Beach."
2009,November,MARYLAND,CALVERT,Z,LWX,38.98,-77.47,0,,"Coastal flooding was responsible for road closures in Solomons, Maryland."
2009,November,MARYLAND,CHARLES,Z,LWX,38.98,-77.47,0,,Coastal flooding was responsible for road closures in Cobb Island.
2009,November,MARYLAND,ST. MARY'S,Z,LWX,38.98,-77.47,0,,Coastal flooding was responsible for road closures in Coltons Point.
2009,October,ALABAMA,LOWER MOBILE,Z,MOB,30.68,-88.24,0,0.00K,"Water covering Beinville Boulevard west of St. Stephens Street on the west end of Dauphin Island.  The Fort Gaines pier on the east end of Dauphin Island was under water.  Coden Belt Road in Coden, Wa"
2009,October,CONNECTICUT,SOUTHERN NEW HAVEN,Z,OKX,40.87,-72.86,0,0.00K,"The Bayview section of Milford, and New Haven Avenue were flooded around the time of high tide."
2009,December,MAINE,COASTAL WALDO,Z,GYX,43.89,-70.26,0,2.00K,Intense low pressure and astronomically high tides produced coastal flooding in the Lincolville/Frankfort area on Route 1.
2009,December,MAINE,COASTAL CUMBERLAND,Z,GYX,43.89,-70.26,0,5.00K,Intense low pressure and astronomically high tides produced coastal flooding in Portland with water reaching cars parked on Commercial Street.
2009,December,MAINE,SAGADAHOC,Z,GYX,43.89,-70.26,0,10.00K,Intense low pressure and astronomically high tides produced coastal flooding at Popham Beach near Phippsburg. Trees were sucked into the ocean and severe beach erosion occurred due to the tides and wa
2009,December,MAINE,LINCOLN,Z,GYX,43.89,-70.26,0,1.00K,Intense low pressure and astronomically high tides produced coastal flooding in Damriscotta with ocean water flooding several backyards.
2009,March,MISSISSIPPI,HANCOCK,Z,LIX,29.75,-89.82,0,0.00K,Coastal flooding was observed on Beach Boulevard near Waveland.
2009,March,LOUISIANA,LOWER LAFOURCHE,Z,LIX,29.75,-89.82,0,0.00K,Coastal flooding was observed outside the levee system at Larose where a shipyard was under 2 feet of water.
2009,December,VIRGINIA,MIDDLESEX,Z,AKQ,36.98,-76.49,0,10.00K,"Several streets, homes and businesses were flooded in low lying areas of the county close or directly exposed to the Chesapeake Bay."
2009,December,VIRGINIA,NORFOLK,Z,AKQ,36.98,-76.49,0,10.00K,"The peak tide height at Sewells Point was 6.19 feet above MLLW.  Several streets, homes and businesses were flooded in low lying areas of the county close or directly exposed to the Chesapeake Bay."
2009,December,VIRGINIA,NORTHAMPTON,Z,AKQ,36.98,-76.49,0,10.00K,"The peak tide height at Kiptopeke was 6.04 feet above MLLW.  Several streets, homes and businesses were flooded in low lying areas of the county close or directly exposed to the Chesapeake Bay and Atl"
2009,December,VIRGINIA,VIRGINIA BEACH,Z,AKQ,36.98,-76.49,0,10.00K,"Several streets, homes and businesses were flooded in low lying areas of the county close or directly exposed to the Chesapeake Bay and Atlantic Ocean."
2009,December,VIRGINIA,YORK,Z,AKQ,36.98,-76.49,0,10.00K,"The peak tide height at Yorktown was 5.32 feet above MLLW.  Several streets, homes and businesses were flooded in low lying areas of the county close or directly exposed to the Chesapeake Bay."
2009,December,VIRGINIA,GLOUCESTER,Z,AKQ,36.98,-76.49,0,10.00K,"Several streets, homes and businesses were flooded in low lying areas of the county close or directly exposed to the Chesapeake Bay."
2009,December,VIRGINIA,MATHEWS,Z,AKQ,36.98,-76.49,0,10.00K,"Several streets, homes and businesses were flooded in low lying areas of the county close or directly exposed to the Chesapeake Bay."
2009,August,NORTH CAROLINA,EASTERN DARE,Z,MHX,34.78,-76.88,0,0.00K,Significant ocean overwash occurring during high tide. Highway 12 is flooded and closed.
2009,August,NORTH CAROLINA,EASTERN HYDE,Z,MHX,34.78,-76.88,0,0.00K,Large swells from distant Hurricane Bill produced significant ocean overwash on Ocracoke Island. Portions of Highway 12 near the Ferry Terminal were flooded and closed.
2009,August,RHODE ISLAND,WASHINGTON,Z,BOX,41.96,-71.13,0,0.00K,"Minor coastal flooding occurred in Narragansett at Scarborough Beach and in Charlestown.  Ocean waters reached the base of the boardwalk at Scarborough Beach.  In Charlestown, several driveways on Cha"
2009,September,FLORIDA,DUVAL,Z,JAX,30.49,-81.7,0,0.00K,"The NOS Tide Gage at Mayport reached 6.55 ft. MLLW on the 19th at morning high tide at 9:42 am local time. On the 20th, the gage measured 6.61 ft. MLLW during morning high tide at 10:12 am local time."
2009,June,SOUTH CAROLINA,CHARLESTON,Z,CHS,32.9,-80.03,0,,"A National Weather Service employee reported Vendue Road in front of Waterfront Park was completely flooded in downtown Charleston, South Carolina.  The flooding was due to anomalously high tides."
2009,June,SOUTH CAROLINA,CHARLESTON,Z,CHS,32.9,-80.03,0,,"A National Weather Service employee reported that Battery Street was flooded between East Bay Street and Legare Street in downtown Charleston, South Carolina.  The flooding was due to anomalously high"
2009,June,SOUTH CAROLINA,CHARLESTON,Z,CHS,32.9,-80.03,0,50.00K,"A National Weather Service employee reported that East Bay Street in front of Rainbow Row was closed and water was going into homes in that area of downtown Charleston, South Carolina.  The flooding w"
2009,June,SOUTH CAROLINA,CHARLESTON,Z,CHS,32.9,-80.03,0,,"A National Weather Service employee reported that the Marriott Courtyard parking lot was flooded in downtown Charleston, South Carolina.  The flooding was due to anomalously high tides."
2009,June,SOUTH CAROLINA,CHARLESTON,Z,CHS,32.9,-80.03,0,,"A National Weather Service employee reported that the Best Western parking lot was flooded in downtown Charleston, South Carolina.  The flooding was due to anomalously high tides."
2009,June,SOUTH CAROLINA,CHARLESTON,Z,CHS,32.9,-80.03,0,,"A National Weather Service employee reported water across Murray Boulevard at the United States Coast Guard Station in downtown Charleston, South Carolina.  The flooding was due to anomalously high ti"
2009,June,SOUTH CAROLINA,CHARLESTON,Z,CHS,32.9,-80.03,0,50.00K,"A National Weather Service employee reported that Broad Street near Lockwood Drive was completely flooded with cars stalled out in the high water, in downtown Charleston, South Carolina.  The flooding"
2009,June,SOUTH CAROLINA,CHARLESTON,Z,CHS,32.9,-80.03,0,50.00K,"A National Weather Service employee reported that Gadson Street, Beaufain Street, and Barre Street were flooded, and water was getting into homes in this portion of downtown Charleston, South Carolina"
2009,June,SOUTH CAROLINA,BEAUFORT,Z,CHS,32.9,-80.03,0,,"A trained weather spotter reported flooding in low lying areas of Coosaw Island, Warsaw Island, St. Helena Island, Ladys Island, and portions of several Causeways in Beaufort county South Carolina."
2009,June,SOUTH CAROLINA,BEAUFORT,Z,CHS,32.9,-80.03,0,5.00K,"A trained weather spotter reported that the dining room of Hudsons Restaurant on Skull Creek flooded during high tide in Hilton Head Island, South Carolina."
2009,June,SOUTH CAROLINA,BEAUFORT,Z,CHS,32.9,-80.03,0,,A trained weather spotter reported that the Marsh Boardwalk flooded at Hunting Island State Park.
2009,June,SOUTH CAROLINA,BEAUFORT,Z,CHS,32.9,-80.03,0,,"A trained weather spotter reported that the Shrimp docks flooded at high tide on Harbor Island, South Carolina."
2009,June,SOUTH CAROLINA,BEAUFORT,Z,CHS,32.9,-80.03,0,,"A Beaufort county official reported that numerous roads flooded across the county due to anomalously high tides, including Eddings Point Road, Warsaw Island Road, Seaside Road, Rose Island Road, Coosa"
2009,June,SOUTH CAROLINA,CHARLESTON,Z,CHS,32.9,-80.03,0,,"The public reported that the parking lot of the City Marina was flooded due to anomalously high tides, with water approaching cars in the parking lot."
2009,June,SOUTH CAROLINA,CHARLESTON,Z,CHS,32.9,-80.03,0,,"The public reported portions of Market Street flooded in downtown Charleston, South Carolina due to anomalously high tides.  Water was approaching the doors of several restaurants."
2009,June,SOUTH CAROLINA,CHARLESTON,Z,CHS,32.9,-80.03,0,,"Mount Pleasant Police reported high water due to anomalously high tides on Mill Street near Shem Creek in Mount Pleasant, South Carolina."
2009,June,SOUTH CAROLINA,BEAUFORT,Z,CHS,32.9,-80.03,0,,"Law Enforcement reported water covering the road heading to Fripp Island, South Carolina due to anomalously high tides.  Water was approaching the Gate House and several other structures."
2009,June,SOUTH CAROLINA,CHARLESTON,Z,CHS,32.9,-80.03,0,,Isle of Palms Fire Department personnel reported water beginning to flood 41st Avenue due to anomalously high tides.
2009,June,SOUTH CAROLINA,CHARLESTON,Z,CHS,32.9,-80.03,0,,"A National Weather Service employee reported that Morrison Drive near the Columbus Street Terminal was completely flooded in downtown Charleston, South Carolina.  The flooding was due to anomalously h"
2009,June,SOUTH CAROLINA,CHARLESTON,Z,CHS,32.9,-80.03,0,100.00K,"A National Weather Service employee reported high water entering homes near the intersection of America Street and South Street in downtown Charleston, South Carolina.  The flooding was due to anomalo"
2009,June,SOUTH CAROLINA,CHARLESTON,Z,CHS,32.9,-80.03,0,30.00K,"A National Weather Service employee reported that Drake Street was flooded and impassable with several cars submerged, in downtown Charleston, South Carolina.  The flooding was due to anomalously high"
2009,June,SOUTH CAROLINA,CHARLESTON,Z,CHS,32.9,-80.03,0,,"The public reported that the roadway heading to Bohicket Marina was flooded on Seabrook Island, South Carolina."
2009,June,SOUTH CAROLINA,CHARLESTON,Z,CHS,32.9,-80.03,0,,"Law Enforcement reported flooding due to anomalously high tides on several streets in downtown Charleston, South Carolina, including Morris Street, Smith Street, Lockwood Drive, Spring Street, Hagwood"
2009,June,SOUTH CAROLINA,CHARLESTON,Z,CHS,32.9,-80.03,0,,"A trained weather spotter reported several roads flooded due to anomalously high tides on Seabrook Island, South Carolina, including Marsh Gate Drive, Seabrook Island Road, and the Kiawah/Seabrook tra"
2009,June,SOUTH CAROLINA,SOUTHERN COLLETON,Z,CHS,32.9,-80.03,0,,"The Edisto Beach Fire Department reported flooding due to anomalously high tides on portions of Dock Side Road and Scott Creek Drive in Edisto Beach, South Carolina."
2009,June,SOUTH CAROLINA,SOUTHERN COLLETON,Z,CHS,32.9,-80.03,0,,"The public reported major flooding at the Dock Side Lounge and Shrimp Shack restaurants due to anomalously high tides in Edisto Beach, South Carolina."
2009,June,SOUTH CAROLINA,CHARLESTON,Z,CHS,32.9,-80.03,0,,"Broadcast Media reported water up to 18 inches deep on Shrimp Boat Lane in front of Shem Creek in Mount Pleasant, South Carolina."
2009,June,SOUTH CAROLINA,CHARLESTON,Z,CHS,32.9,-80.03,0,,"The public reported parts of west Oceanview Road were flooded, with extensive water in the adjacent ditches in James Island, South Carolina."
2009,June,SOUTH CAROLINA,CHARLESTON,Z,CHS,32.9,-80.03,0,,"Law Enforcement reported some flooding on west Indian Avenue, west Ashley Avenue, 9th Street, and the edge of the Boat Landing parking lot on Folly Beach, South Carolina."
2009,June,SOUTH CAROLINA,HORRY,Z,ILM,34.3,-77.88,0,,Water covered the road at the intersection of Atlantic Avenue and Waccamaw Drive.
2009,June,SOUTH CAROLINA,CHARLESTON,Z,CHS,32.9,-80.03,0,,"A National Weather Service employee reported that Fishburne Street by Joe Riley Stadium was flooded in downtown Charleston, South Carolina.  The flooding was due to anomalously high tides."
2009,June,SOUTH CAROLINA,CHARLESTON,Z,CHS,32.9,-80.03,0,,"A National Weather Service employee reported that the City Marina and adjacent parking lot were flooded, including the gas station, in downtown Charleston, South Carolina.  The flooding was due to ano"
2009,June,SOUTH CAROLINA,CHARLESTON,Z,CHS,32.9,-80.03,0,,"A National Weather Service employee reported that the intersection of Highway 61 and Highway 17 was flooded and impassable in West Ashley, South Carolina.  The flooding was due to anomalously high tid"
2009,June,SOUTH CAROLINA,CHARLESTON,Z,CHS,32.9,-80.03,0,,"Law Enforcement reported high water on Tabby Lane and Driftwood Lane on Isle of Palms, South Carolina.  The flooding was due to anomalously high tides."
2009,June,SOUTH CAROLINA,CHARLESTON,Z,CHS,32.9,-80.03,0,,"The high tide peaked at 8.11 feet Mean Lower Low Water (MLLW) at the National Ocean Service (NOS) site located in the Charleston, South Carolina harbor."
2009,June,SOUTH CAROLINA,CHARLESTON,Z,CHS,32.9,-80.03,0,,"Law Enforcement reported that the intersection of Station 11 and Osceola Street was closed due to high water in Sullivans Island, South Carolina.  The flooding was due to anomalously high tides."
2009,June,SOUTH CAROLINA,SOUTHERN COLLETON,Z,CHS,32.9,-80.03,0,,"The Edisto Beach Fire Department reported that Dock Side Road and Scott Creek Drive were flooded and barely passable in Edisto Beach, South Carolina.  The flooding was due to anomalously high tides."
2009,June,SOUTH CAROLINA,BEAUFORT,Z,CHS,32.9,-80.03,0,,The Beaufort county Emergency Manager reported that parts of Beaufort Marina were flooded and water reached to the top of the Beaufort sea wall.  The flooding was due to anomalously high tides.
2009,June,SOUTH CAROLINA,BEAUFORT,Z,CHS,32.9,-80.03,0,,"The Beaufort county Emergency Manager reported that part of the Wassaw Island Connector was flooded and was only passable in the middle of the road in Harbor Island, South Carolina.  The flooding was "
2009,June,SOUTH CAROLINA,CHARLESTON,Z,CHS,32.9,-80.03,0,,"Broadcast Media reported that Shem Creek was 8 to 10 inches out of its banks in spots, and parking lots of several restaurants along the creek were submerged by 6 to 10 inches of water.  Many walkways"
2009,June,SOUTH CAROLINA,BEAUFORT,Z,CHS,32.9,-80.03,0,,The public reported that water was encroaching on campsites in Hunting Island State Park.  The flooding was due to anomalously high tides.
2009,June,SOUTH CAROLINA,CHARLESTON,Z,CHS,32.9,-80.03,0,,"A National Weather Service employee reported that Washington Street was flooded by water 2 to 3 feet deep and was impassable near the Union Pier Terminal, in downtown Charleston, South Carolina.  The "
2009,June,SOUTH CAROLINA,CHARLESTON,Z,CHS,32.9,-80.03,0,,"A National Weather Service employee reported that the City Market was flooded, in downtown Charleston, South Carolina.  The flooding was due to anomalously high tides."
2009,June,SOUTH CAROLINA,SOUTHERN COLLETON,Z,CHS,32.9,-80.03,0,,"Law Enforcement reported Yacht Club Road and Dock Site Road were flooded with 6 to 8 inches of water near Edisto Beach, South Carolina.  The flooding was due to anomalously high tides."
2009,June,SOUTH CAROLINA,CHARLESTON,Z,CHS,32.9,-80.03,0,40.00K,"A National Weather Service employee reported water in business buildings on north Market Street in downtown Charleston, South Carolina.  The flooding was due to anomalously high tides."
2009,June,SOUTH CAROLINA,CHARLESTON,Z,CHS,32.9,-80.03,0,75.00K,"A National Weather Service employee reported Water Street off of East Bay Street was completely flooded, with water flooding homes on 3 blocks in downtown Charleston, South Carolina.  The flooding was"
2009,June,GEORGIA,COASTAL CHATHAM,Z,CHS,32.9,-80.03,0,,"Law Enforcement reported flooding on 5th Avenue, 10th Street, 14th Street, and the intersection of 6th Street and Lewis Avenue in Savannah, Georgia."
2009,June,GEORGIA,COASTAL CHATHAM,Z,CHS,32.9,-80.03,0,,"The high tide peaked at 10.07 feet Mean Lower Low Water (MLLW) at the National Ocean Service (NOS) site on Tybee Island, Georgia."
2009,June,GEORGIA,COASTAL CHATHAM,Z,CHS,32.9,-80.03,0,,Law Enforcement reported that Highway 80 running across Wilmington Island and Tybee Island had been closed due to tidal flooding.
2009,June,GEORGIA,COASTAL CHATHAM,Z,CHS,32.9,-80.03,0,,A trained weather spotter reported 8 to 10 inches of water covering parts of Shipyard Causeway leading to Burnside Island.
2009,June,GEORGIA,COASTAL CHATHAM,Z,CHS,32.9,-80.03,0,25.00K,"A federal employee reported roads flooded due to anomalously high tides throughout Ossabaw Island, with one dyke completely destroyed."
2009,June,GEORGIA,COASTAL CHATHAM,Z,CHS,32.9,-80.03,0,,Broadcast Media reported significant coastal flooding in the Coffee Bluff community due to anomalously high tides.  Numerous roads were closed due to the tidal flooding.
2009,June,GEORGIA,COASTAL MCINTOSH,Z,CHS,32.9,-80.03,0,,The McIntosh county Emergency Manager reported parts of landing road flooded due to anomalously high tides.
2009,June,GEORGIA,COASTAL MCINTOSH,Z,CHS,32.9,-80.03,0,25.00K,"A Federal employee reported that roads were flodded throughout Sapelo Island due to anomalously high tides, with some culverts washed out."
2009,June,NORTH CAROLINA,NEW HANOVER,Z,ILM,34.3,-77.88,0,,Unusually high tides produced coastal flooding.  Ocean water entered storm sewers at Carolina Beach and water was a foot and a half deep at the intersection of Canal Drive and Scotch Bonnet Lane. Flor
2009,June,NORTH CAROLINA,NEW HANOVER,Z,ILM,34.3,-77.88,0,,"The 1200 block of Canal Drive in Carolina Beach was completely under water, barely passable to traffic."
2009,June,SOUTH CAROLINA,HORRY,Z,ILM,34.3,-77.88,0,,Unusually high tides produced flooding from 43rd to 45th Street between Marsh and Lake Drive.
2009,November,NORTH CAROLINA,CARTERET,Z,MHX,34.78,-76.88,0,0.00K,Eastern sections of Carteret County were flooded from the Pamlico Sound. Water levels two to three feet above normal from Cedar Island to Beaufort resulted in flooding of many low lying secondary road
2009,November,ALASKA,DIXON ENTRANCE TO CAPE DECISION COASTAL AREA,Z,AJK,58.68,-156.65,0,0.00K,Estimated storm surge of roughly 1 to 3 feet above the astronomical high tide.  Outside seas were 18 FT.
2009,November,ALASKA,CAPE FAIRWEATHER TO CAPE SUCKLING COASTAL AREA,Z,AJK,58.68,-156.65,0,1000.00K,High astronomical tides and a huge sea state combined  to cause coastal flooding along  Northeast Gulf Coast.  At 1400 AKST the tide gauge at Monti Bay observed 13.47 FT. The NDBC Buoy at the Fairweat
2009,November,ALASKA,SALISBURY SOUND TO CAPE FAIRWEATHER COASTAL AREA,Z,AJK,58.68,-156.65,0,0.00K,Elfin Cove observed very high water levels in the harbor on 11/5.  The tide gauge at Elfin Cove observed 14.47 FT at 1400 AKST on 11/5 and the maximum astronomical tide is 13.8 FT. The outside seas we
2009,November,NORTH CAROLINA,EASTERN DARE,Z,MHX,34.78,-76.88,0,5.80M,Significant ocean over-wash and coastal flooding developed over the northern Outer Banks during the early morning hours of November 12th and continued through the early moring hours of November 14th. 
2009,November,NORTH CAROLINA,EASTERN DARE,Z,MHX,34.78,-76.88,0,0.00K,Two feet of water was reported on Highway 12 near Avon due to sound-side flooding.
2009,November,NORTH CAROLINA,EASTERN HYDE,Z,MHX,34.78,-76.88,0,0.00K,Portions of Ocracoke Village was flooded from the Pamlico Sound with water levels 2 to 3 feet higher than normal.
2009,November,ALASKA,CAPE DECISION TO SALISBURY SOUND COASTAL AREA,Z,AJK,58.68,-156.65,0,0.00K,Tide gauges recorded water levels of 1.5 to 2 ft above the astronomical high tides which were amongst the highest of the months. High water levels in Sitka Harbor and the gusty winds going on resulted
2009,November,NEW YORK,NASSAU,Z,OKX,40.87,-72.86,0,0.00K,Water rose to 5.40 ft. (NGVD) at 612 am (EST) at the USGS gauge in Hudson Bay at Freeport.  This is .40 feet above the moderate coastal flooding benchmark of 5.0 ft.||Water rose to 5.61 ft. (NGVD) at 
2009,November,NEW YORK,SOUTHEAST SUFFOLK,Z,OKX,40.87,-72.86,0,0.00K,Dune Road was reported closed due to flooding.
2009,November,NEW YORK,SOUTHWEST SUFFOLK,Z,OKX,40.87,-72.86,0,0.00K,Water rose to 4.30 ft. (NGVD) at 800 am (EST) at the USGS gauge in Great South Bay at Lindenhurst.  This is .30 feet above the moderate coastal flooding benchmark of 4.0 ft.
2009,November,NORTH CAROLINA,CARTERET,Z,MHX,34.78,-76.88,0,0.00K,Portions of Front Street in Beaufort impassable from coastal flooding off Taylor Creek.
2009,November,DELAWARE,DELAWARE BEACHES,Z,PHI,39.86,-74.46,0,40.00M,
2009,November,DELAWARE,INLAND SUSSEX,Z,PHI,39.86,-74.46,0,5.00M,
2009,November,NEW YORK,NASSAU,Z,OKX,40.87,-72.86,0,0.00K,Water rose to 5.22 ft. (NGVD) at 515 am (EST) at the USGS gauge in Hudson Bay at Freeport.  This is .22 feet above the moderate coastal flooding benchmark of 5.0 ft.
2009,November,DELAWARE,KENT,Z,PHI,39.86,-74.46,0,0.00K,
2009,November,NEW JERSEY,HUDSON,Z,OKX,40.87,-72.86,0,0.00K,Route 7 was closed along the Hackensack River due to moderate tidal flooding.
2009,December,MISSISSIPPI,HANCOCK,Z,LIX,29.75,-89.82,0,0.00K,Coastal flooding caused the inundation of several low lying roads and streets in Hancock county.
2009,October,NEW YORK,SOUTHWEST SUFFOLK,Z,OKX,40.87,-72.86,0,0.00K,Several streets were flooded in Lindenhurst around the time of high tide.||Beach Erosion was reported at Robert Moses State Park.
2009,December,NORTH CAROLINA,EASTERN DARE,Z,MHX,34.78,-76.88,0,0.00K,Strong onshore winds and large waves led to significant ocean over-wash and associated coastal flooding near Rodanthe. Highway 12 was flooded and closed near Mirlo Beach.
2009,October,NEW YORK,NASSAU,Z,OKX,40.87,-72.86,0,0.00K,"Street flooding was reported in Freeport at 5:17 am (EDT), on Bayville Avenue at 10:45 (EDT) am in Bayville, and on Sheep Lane in Lattingtown at 10:45 am (EDT), with a gauge measurment reported by the"
2009,October,NEW YORK,NASSAU,Z,OKX,40.87,-72.86,0,0.00K,Water rose to 7.17 feet MLLW at the USGS tidal gauge in Atlantic Beach at 8:30 am (EDT).  This is .17 feet above its bench mark for moderate tidal flooding.|Water rose to 6.78 feet MLLW at the USGS ti
2009,October,NEW YORK,NASSAU,Z,OKX,40.87,-72.86,0,0.00K,"Coastal flooding was reported at the intersection of Brookville Blvd and Rockaway Blvd, with one car stranded."
2009,October,NEW YORK,NORTHEAST SUFFOLK,Z,OKX,40.87,-72.86,0,1.00K,Ram Island Drive on Shelter Island was closed due to coastal flooding. One vehicle had its engine stall while crossing the flooded roadway.
2009,October,NEW JERSEY,HUDSON,Z,OKX,40.87,-72.86,0,0.00K,Route 7 in Kearney was reported closed due to coastal flooding.
2009,October,NEW JERSEY,HUDSON,Z,OKX,40.87,-72.86,0,0.00K,Route 7 in Kearney was closed from 8:30 pm (EDT) until 1000 pm (EDT) due to coastal flooding.
2009,October,CONNECTICUT,SOUTHERN FAIRFIELD,Z,OKX,40.87,-72.86,0,0.00K,"Overwash flooding was reported at Campo Beach Road and Soundview Drive during high tide.|Water Street in Norwalk was closed from 10 am (EDT) until 3 pm (EDT) due to coastal flooding, with at least one"
2009,October,NEW JERSEY,BERGEN,Z,OKX,40.87,-72.86,0,0.00K,Route 46 in Little Ferry was reported closed at the Hackensack River due to coastal flooding.
2009,October,NEW HAMPSHIRE,COASTAL ROCKINGHAM,Z,GYX,43.89,-70.26,0,25.00K,"An are of low pressure in the Gulf of Maine produced minor coastal flooding in Hampton, New Hampshire."
2009,November,VIRGINIA,MIDDLESEX,Z,AKQ,36.98,-76.49,0,50.00K,"Several streets, homes and businesses were flooded in low lying areas of the county close or directly exposed to the Chesapeake Bay."
2009,November,VIRGINIA,NEWPORT NEWS,Z,AKQ,36.98,-76.49,0,14.00M,"Numerous streets, homes and businesses were flooded in low lying areas of Hampton and Newport News close or directly exposed to the Chesapeake Bay and James River."
2009,November,VIRGINIA,NORFOLK,Z,AKQ,36.98,-76.49,0,18.00M,"The peak tide height at Sewells Point was 7.74 feet above MLLW, which was 5.51 feet above the astronomical tide. Numerous streets, homes and businesses were flooded in low lying areas of the county cl"
2009,November,VIRGINIA,NORTHAMPTON,Z,AKQ,36.98,-76.49,0,1.00M,"The peak tide height at Kiptopeke was 7.04 feet above MLLW, which was 3.90 feet above the astronomical tide. This tide height was higher than Isabel's peak tide height. The peak tide height at the Che"
2009,November,VIRGINIA,ACCOMACK,Z,AKQ,36.98,-76.49,0,1.00M,"Numerous homes and businesses were flooded with between three and 12 inches of water in the Chincoteague area. The boat ramp, dock and parking area were flooded during high tide in the Onancock area. "
2009,November,VIRGINIA,GLOUCESTER,Z,AKQ,36.98,-76.49,0,100.00K,"Several streets, homes and businesses were flooded in low lying areas of the county close or directly exposed to the Chesapeake Bay. There was damage to the beach and pier at Gloucester Point."
2009,November,VIRGINIA,SUFFOLK,Z,AKQ,36.98,-76.49,0,500.00K,"Several streets, homes and businesses were flooded in low lying areas of the county close or directly exposed to the James River. Tidal flooding took out the clubhouse north of the Godwin Bridge, and "
2009,November,VIRGINIA,VIRGINIA BEACH,Z,AKQ,36.98,-76.49,0,5.00M,"Numerous streets, homes and businesses were flooded in low lying areas of the county close or directly exposed to the Chesapeake Bay. The flooding was extensive, well above what was experienced in Isa"
2009,November,VIRGINIA,YORK,Z,AKQ,36.98,-76.49,0,1.00M,"The peak tide height at Yorktown was 6.86 feet above MLLW, which was 4.56 feet above the astronomical tide. That peak tide height was higher than 6.12 feet during a nor'easter in October 2006. Numerou"
2009,November,VIRGINIA,NORTHUMBERLAND,Z,AKQ,36.98,-76.49,0,500.00K,"Several streets, homes and businesses were flooded in low lying areas of the county close or directly exposed to the Chesapeake Bay. There were also damaged piers, bulkheads, and groins."
2009,November,VIRGINIA,SURRY,Z,AKQ,36.98,-76.49,0,500.00K,"Several streets, homes and businesses were flooded in low lying areas of the county close or directly exposed to the James River. Many decks and piers were damaged or destroyed."
2009,November,VIRGINIA,LANCASTER,Z,AKQ,36.98,-76.49,0,500.00K,"The peak tide height at Windmill Point was 4.62 feet above MLLW, which was 3.05 feet above the astronomical tide. Many streets, homes and businesses were flooded in low lying areas of the county close"
2009,December,TEXAS,GALVESTON,Z,HGX,29.47,-95.08,0,,"The eastbound lane of Highway 87 on the Bolivar Peninsula was under water, from just east of Gilchrist to the Highway 124 intersection south of High Island. There was another section of Highway 87, be"
2009,November,VIRGINIA,ISLE OF WIGHT,Z,AKQ,36.98,-76.49,0,50.00K,"Several streets, homes and businesses were flooded in low lying areas of the county close or directly exposed to the Chesapeake Bay and James River."
2009,November,VIRGINIA,MATHEWS,Z,AKQ,36.98,-76.49,0,1.00M,"Numerous streets, homes and businesses were flooded in low lying areas of the county close or directly exposed to the Chesapeake Bay. Mathews Fire Station 1 had 2 inches of water in it."
2009,December,MASSACHUSETTS,SOUTHERN BRISTOL,Z,BOX,41.96,-71.13,0,5.00K,"In Dartmouth: Rocks and other ocean debris were found on the side of Smith Neck Road.  In addition, oceanwater reached a house with water in neighboring yards on Water Street.  The ocean was up to the"
2009,December,SOUTH CAROLINA,CHARLESTON,Z,CHS,32.9,-80.03,0,0.00K,Broadcast media reported knee deep water completely over Bee Street in downtown Charleston.
2009,November,NORTH CAROLINA,WESTERN CURRITUCK,Z,AKQ,36.98,-76.49,0,700.00K,"Several streets, homes and businesses were flooded in low lying areas of the county close or directly exposed to the Currituck Sound. Moyock experienced the heaviest flooding due to rising Sound water"
2009,December,NORTH CAROLINA,EASTERN CURRITUCK,Z,AKQ,36.98,-76.49,0,10.00K,"The peak tide height at Duck was 6.27 feet above MLLW.  Several streets, homes and businesses were flooded in low lying areas of the county close or directly exposed to the Atlantic Ocean."
2009,December,NORTH CAROLINA,WESTERN CURRITUCK,Z,AKQ,36.98,-76.49,0,10.00K,"Several streets, homes and businesses were flooded in low lying areas of the county close or directly exposed to the Currituck Sound."
2009,November,VIRGINIA,CHESAPEAKE,Z,AKQ,36.98,-76.49,0,200.00K,"The peak tide height at Money Point was 8.59 feet above MLLW, which was 6.17 feet above the astronomical tide. That tide height was 0.3 feet higher than the previous record storm tide measured at this"
2009,December,VIRGINIA,CHESAPEAKE,Z,AKQ,36.98,-76.49,0,10.00K,"The peak tide height at Money Point was 6.77 feet above MLLW.  Several streets, homes and businesses were flooded in low lying areas of the county close or directly exposed to the Chesapeake Bay."
2009,December,VIRGINIA,LANCASTER,Z,AKQ,36.98,-76.49,0,10.00K,"The peak tide height at Windmill Point was 3.71 feet above MLLW.  Several streets, homes and businesses were flooded in low lying areas of the county close or directly exposed to the Chesapeake Bay."
2009,December,MAINE,COASTAL YORK,Z,GYX,43.89,-70.26,0,5.00K,Intense low pressure and astronomically high tides produced coastal flooding in Kennebunk with powerful waves crashing in and around ocean front homes.
2009,February,ALASKA,BRISTOL BAY,Z,AFC,64.81,-147.72,0,10.00K,Reports of storm surge were received from the Dillingham Chief of Police that occurred in Naknek and Clarks Point.
2009,November,NORTH CAROLINA,EASTERN CURRITUCK,Z,AKQ,36.98,-76.49,0,5.00M,"The peak tide height at Duck was 7.20 feet above MLLW, which was 3.22 feet above the astronomical tide. Numerous streets, homes and businesses were flooded in low lying areas of the county close or di"
2009,October,ALASKA,SRN SEWARD PENINSULA COAST,Z,AFG,64.51,-165.42,0,0.00K,
2009,July,NEW YORK,SOUTHWEST SUFFOLK,Z,OKX,40.87,-72.86,0,,"Up to 1.5 feet of water covered East Shore Road, and East Riviera Drive from the Great South Bay to Near East Neptune Avenue (about 2 and one half blocks from the Bay)."
2009,October,MASSACHUSETTS,SUFFOLK,Z,BOX,41.96,-71.13,0,0.00K,Portions of both Winthrop Parkway and Winthrop Shore Drive were flooded with ocean waters and debris.  A nearby secondary road was closed due to the amount of debris in the roadway.
2009,October,MASSACHUSETTS,EASTERN PLYMOUTH,Z,BOX,41.96,-71.13,0,0.00K,A parking lot at Scituate Harbor was flooded with six to twelve inches of ocean water.  Medium size rocks from the sea were washed into the parking lot.  Lighthouse Road was flooded with six inches of
2009,October,MASSACHUSETTS,DUKES,Z,BOX,41.96,-71.13,0,0.00K,Seaview Avenue from Oak Bluffs to Harthaven were flooded with water and debris splashing over the seawall.
2009,October,MASSACHUSETTS,NANTUCKET,Z,BOX,41.96,-71.13,0,0.00K,Washington and Lafayette Streets were flooded with six inches of seawater.  Several streets near Brant Point were flooded as well.  The parking lots at Jetty Beach and Children's Beach also were flood
2009,December,MAINE,COASTAL HANCOCK,Z,CAR,46.87,-68.02,0,,Strong onshore winds combined with unusually high astronomical tides to produce minor flooding around the time of high tide. Minor flooding was reported along Mansell and Seawall roads in the town of 
2009,November,MARYLAND,SOMERSET,Z,AKQ,36.98,-76.49,0,100.00K,"Several streets, homes and businesses were flooded in low lying areas of the county close or directly exposed to the Chesapeake Bay. The dual highway leading to the lower downtown section of Crisfield"
2009,November,MARYLAND,MARYLAND BEACHES,Z,AKQ,36.98,-76.49,0,1.00M,"The peak tide height at Ocean City was 5.44 feet above MLLW, which was 3.17 feet above the astronomical tide. Numerous streets, homes and businesses were flooded in low lying areas of the county close"
2009,December,MAINE,COASTAL WASHINGTON,Z,CAR,46.87,-68.02,0,,Strong onshore winds combined with unusually high astronomical tides to produce minor flooding around the time of high tide. Minor flooding of several parking lots was reported in the town of Machias.
2009,November,MARYLAND,DORCHESTER,Z,AKQ,36.98,-76.49,0,100.00K,"The peak tide height at Cambridge was 3.69 feet above MLLW, which was 1.67 feet above the astronomical tide. Several streets, homes and businesses were flooded in low lying areas of the county close o"
2009,November,MARYLAND,INLAND WORCESTER,Z,AKQ,36.98,-76.49,0,500.00K,"Several streets, homes and businesses were flooded in low lying areas of the county close or directly exposed to the Atlantic Ocean and Chincoteague Bay."
2009,December,NEW HAMPSHIRE,COASTAL ROCKINGHAM,Z,GYX,43.89,-70.26,0,1.00K,Intense low pressure moving through the Gulf of Maine and astronomically high tides produced coastal flooding in Hampton. Roads were closed in town near Ashworth Street due to the high water.
2009,December,PUERTO RICO,NORTH CENTRAL,Z,SJU,18.43,-66.02,0,15.00K,"A home along road PR-681 at Barrio Islote, Vibora sector, was flooded by the high surf. Back wall collapsed under high swells."
2009,December,DELAWARE,INLAND SUSSEX,Z,PHI,39.86,-74.46,0,0.00K,
2009,December,DELAWARE,DELAWARE BEACHES,Z,PHI,39.86,-74.46,0,0.00K,
2009,January,NEW HAMPSHIRE,COASTAL ROCKINGHAM,Z,GYX,43.89,-70.26,0,5.00K,"High astronomical tides combined with the circulation around an area low pressure to produce minor coastal flooding in Hampton, New Hampshire."
2009,January,MAINE,COASTAL YORK,Z,GYX,43.89,-70.26,0,7.00K,The combination of high astronomical tides and the circulation associated with an area of low pressure produced minor coastal flooding in Saco.
2009,January,MAINE,COASTAL CUMBERLAND,Z,GYX,43.89,-70.26,0,5.00K,The combination of high astronomical tides and the circulation associated with an area of low pressure produced minor coastal flooding in Portland.
2009,June,NEW JERSEY,WESTERN CAPE MAY,Z,PHI,39.86,-74.46,0,0.00K,
2009,June,NEW JERSEY,EASTERN MONMOUTH,Z,PHI,39.86,-74.46,0,0.00K,
2009,June,NEW JERSEY,EASTERN CAPE MAY,Z,PHI,39.86,-74.46,0,0.00K,
2009,June,NEW JERSEY,MIDDLESEX,Z,PHI,39.86,-74.46,0,0.00K,
2009,June,DELAWARE,INLAND SUSSEX,Z,PHI,39.86,-74.46,0,0.00K,
2009,June,DELAWARE,DELAWARE BEACHES,Z,PHI,39.86,-74.46,0,0.00K,
2009,June,NEW JERSEY,WESTERN MONMOUTH,Z,PHI,39.86,-74.46,0,0.00K,
2009,June,MASSACHUSETTS,BARNSTABLE,Z,BOX,41.96,-71.13,0,3.00K,"Minor coastal flooding occurred in Wellfleet, where a car got stuck in water moving over Lieutenant Island Road."
2009,June,MAINE,COASTAL CUMBERLAND,Z,GYX,43.89,-70.26,0,12.50K,High winds and astronomically high tides combined to produce minor coastal flooding in Portland.
2009,June,MASSACHUSETTS,EASTERN ESSEX,Z,BOX,41.96,-71.13,0,0.00K,Minor coastal flooding occurred in Salem where four to twelve inches of water splashed onto Bridge and Commercial Streets.  Water also was covering portions of Forrester Street.
2009,June,MAINE,COASTAL YORK,Z,GYX,43.89,-70.26,0,12.50K,High winds and astronomically high tides resulted in minor coast flooding in Saco.
2009,June,SOUTH CAROLINA,CHARLESTON,Z,CHS,32.9,-80.03,0,,"The high tide peaked at 8.06 feet Mean Lower Low Water (MLLW) at the National Ocean Service (NOS) site located in the Charleston, South Carolina harbor."
2009,June,SOUTH CAROLINA,CHARLESTON,Z,CHS,32.9,-80.03,0,,"A National Weather Service employee reported high water across East Bay Street near the post office in downtown Charleston, South Carolina.  The flooding was due to anomalously high tides."
2009,June,SOUTH CAROLINA,CHARLESTON,Z,CHS,32.9,-80.03,0,,"A National Weather Service employee reported high water flooding on Aiken, Hanover, and America Streets, with water surrounding several homes, in downtown Charleston, South Carolina.  The flooding was"
2009,June,SOUTH CAROLINA,CHARLESTON,Z,CHS,32.9,-80.03,0,,"A National Weather Service employee reported that the parking lot of the Ports Authority in downtown Charleston, South Carolina, was completely flooded.  The flooding was due to anomalously high tides"
2009,June,GEORGIA,COASTAL MCINTOSH,Z,CHS,32.9,-80.03,0,,"Landing Road flooded around high tide in Meridian, Georgia.  The employee at the NOAA National Estuarine Research Reserve stated that this road had never flooded at high tide before."
2009,June,GEORGIA,COASTAL CHATHAM,Z,CHS,32.9,-80.03,0,,"The high tide peaked at 10.11 feet Mean Lower Low Water (MLLW) at the National Ocean Service (NOS) site on Tybee Island, Georgia."
2009,June,GEORGIA,COASTAL CHATHAM,Z,CHS,32.9,-80.03,0,,"The Chatham county Emergency Manager reported numerous yards flooded in Wilmington Island and Burnside areas of Chatham county, Georgia."
2009,June,GEORGIA,COASTAL CHATHAM,Z,CHS,32.9,-80.03,0,,The Chatham county Emergency Manager reported that Highway 80 was severely flooded between Bull Street and Tybee Island.
2009,July,NEW YORK,NASSAU,Z,OKX,40.87,-72.86,0,,The USGS tidal gauge at Freeport measured a water level at or above 5 ft. NGVD (the threshold for moderate flooding) from 9:33-10:57 pm local time.  This is an observed surge of 1.9 ft. at Freeport.
2009,November,NEW JERSEY,MIDDLESEX,Z,PHI,39.86,-74.46,0,0.00K,
2009,November,NEW JERSEY,WESTERN MONMOUTH,Z,PHI,39.86,-74.46,0,0.00K,
2009,November,NEW JERSEY,EASTERN MONMOUTH,Z,PHI,39.86,-74.46,0,1.00M,
2009,November,NEW JERSEY,EASTERN OCEAN,Z,PHI,39.86,-74.46,0,39.00M,
2009,November,NEW JERSEY,EASTERN ATLANTIC,Z,PHI,39.86,-74.46,0,10.00M,
2009,November,NEW JERSEY,EASTERN CAPE MAY,Z,PHI,39.86,-74.46,0,121.00M,
2009,November,NEW JERSEY,WESTERN CAPE MAY,Z,PHI,39.86,-74.46,0,1.00M,
2009,June,MAINE,COASTAL CUMBERLAND,Z,GYX,43.89,-70.26,0,10.00K,High astronomical tides and easterly winds combined to produce minor coastal flooding in Portland.
2009,October,DELAWARE,DELAWARE BEACHES,Z,PHI,39.86,-74.46,0,0.00K,
2009,October,DELAWARE,INLAND SUSSEX,Z,PHI,39.86,-74.46,0,0.00K,
2009,October,NEW JERSEY,MIDDLESEX,Z,PHI,39.86,-74.46,0,0.00K,
2009,October,NEW JERSEY,WESTERN MONMOUTH,Z,PHI,39.86,-74.46,0,0.00K,
2009,October,NEW JERSEY,EASTERN MONMOUTH,Z,PHI,39.86,-74.46,0,0.00K,
2009,October,NEW JERSEY,EASTERN OCEAN,Z,PHI,39.86,-74.46,0,0.00K,
2009,October,NEW JERSEY,EASTERN ATLANTIC,Z,PHI,39.86,-74.46,0,0.00K,
2009,October,NEW JERSEY,EASTERN CAPE MAY,Z,PHI,39.86,-74.46,0,0.00K,
2009,October,NEW JERSEY,WESTERN CAPE MAY,Z,PHI,39.86,-74.46,0,0.00K,
2009,October,NEW JERSEY,CUMBERLAND,Z,PHI,39.86,-74.46,0,0.00K,
2009,November,FLORIDA,BAY,Z,TAE,30.39,-84.33,0,50.00K,
2009,November,FLORIDA,FRANKLIN,Z,TAE,30.39,-84.33,0,50.00K,
2009,November,FLORIDA,GULF,Z,TAE,30.39,-84.33,0,50.00K,
2009,November,FLORIDA,WAKULLA,Z,TAE,30.39,-84.33,0,75.00K,
2009,November,ALASKA,ERN NORTON SOUND NULATO HILLS,Z,AFG,64.51,-165.42,0,0.00K,
2009,November,ALASKA,YUKON DELTA,Z,AFG,64.51,-165.42,0,0.00K,
2009,November,FLORIDA,COASTAL WALTON,Z,TAE,30.39,-84.33,0,25.00K,
2006,January,PENNSYLVANIA,PHILADELPHIA,Z,PHI,39.86,-74.46,0,,
2006,January,DELAWARE,DELAWARE BEACHES,Z,PHI,39.86,-74.46,0,,
2006,January,NEW JERSEY,NORTHWESTERN BURLINGTON,Z,PHI,39.86,-74.46,0,,
2006,January,PENNSYLVANIA,DELAWARE,Z,PHI,39.86,-74.46,0,,
2006,January,NEW YORK,NASSAU,Z,OKX,40.87,-72.86,0,,
2006,January,CONNECTICUT,SOUTHERN FAIRFIELD,Z,OKX,40.87,-72.86,0,,
2006,January,NEW JERSEY,SALEM,Z,PHI,39.86,-74.46,0,,
2006,January,NEW JERSEY,CUMBERLAND,Z,PHI,39.86,-74.46,0,,
2006,January,NEW JERSEY,EASTERN ATLANTIC,Z,PHI,39.86,-74.46,0,,
2006,January,NEW JERSEY,EASTERN CAPE MAY,Z,PHI,39.86,-74.46,0,,
2006,January,NEW JERSEY,EASTERN MONMOUTH,Z,PHI,39.86,-74.46,0,,
2006,January,NEW JERSEY,EASTERN OCEAN,Z,PHI,39.86,-74.46,0,,
2006,January,NEW JERSEY,WESTERN CAPE MAY,Z,PHI,39.86,-74.46,0,,
2006,January,NEW JERSEY,CAMDEN,Z,PHI,39.86,-74.46,0,,
2006,January,MASSACHUSETTS,EASTERN PLYMOUTH / ALSO PART OF NORFOLK,Z,BOX,41.96,-71.13,0,60K,
2006,January,MASSACHUSETTS,EASTERN ESSEX,Z,BOX,41.96,-71.13,0,60K,
2006,January,MASSACHUSETTS,BARNSTABLE,Z,BOX,41.96,-71.13,0,20K,
2006,January,MASSACHUSETTS,SUFFOLK / ALSO PART OF NORFOLK,Z,BOX,41.96,-71.13,0,10K,
2006,January,MASSACHUSETTS,NANTUCKET,Z,BOX,41.96,-71.13,0,5K,
2006,January,ALASKA,NORTHERN ARCTIC COAST,Z,AFG,64.51,-165.42,0,,
2006,January,PUERTO RICO,NORTHWEST,Z,SJU,18.43,-66.02,0,35K,Coastal areas of the Aguadilla municipality were flooded by 12 to 15 feet swells that flooded roads and forced several schools to close. Several fishermen boats were damaged as well as boat ramps and 
2006,February,NEW JERSEY,EASTERN MONMOUTH,Z,PHI,39.86,-74.46,0,100K,
2006,February,NEW JERSEY,EASTERN OCEAN,Z,PHI,39.86,-74.46,0,250K,
2006,February,NEW JERSEY,MIDDLESEX,Z,PHI,39.86,-74.46,0,50K,
2006,February,NEW JERSEY,SOUTHEASTERN BURLINGTON,Z,PHI,39.86,-74.46,0,,
2006,February,DELAWARE,DELAWARE BEACHES,Z,PHI,39.86,-74.46,0,,
2006,February,DELAWARE,INLAND SUSSEX,Z,PHI,39.86,-74.46,0,,
2006,February,NEW JERSEY,EASTERN ATLANTIC,Z,PHI,39.86,-74.46,0,100K,
2006,February,NEW JERSEY,EASTERN CAPE MAY,Z,PHI,39.86,-74.46,0,100K,
2006,February,NEW JERSEY,WESTERN ATLANTIC,Z,PHI,39.86,-74.46,0,50K,
2006,February,NEW JERSEY,WESTERN CAPE MAY,Z,PHI,39.86,-74.46,0,100K,
2006,February,NEW JERSEY,WESTERN MONMOUTH,Z,PHI,39.86,-74.46,0,100K,
2006,February,NEW JERSEY,WESTERN OCEAN,Z,PHI,39.86,-74.46,0,50K,
2006,February,WASHINGTON,W GRAYS HARBOR,Z,SEW,47.68,-122.25,0,,
2006,February,WASHINGTON,ADMIRALTY INLET AREA,Z,SEW,47.68,-122.25,0,500K,
2006,February,WASHINGTON,WESTERN WHATCOM,Z,SEW,47.68,-122.25,0,,
2006,February,CALIFORNIA,SAN FRANCISCO,Z,MTR,37.52,-122.04,0,,
2006,February,CALIFORNIA,COASTAL NORTH BAY INCLUDING POINT REYES NATIONAL SEASHORE,Z,MTR,37.52,-122.04,0,,
2006,January,DELAWARE,KENT,Z,PHI,39.86,-74.46,0,,
2006,January,NEW JERSEY,GLOUCESTER,Z,PHI,39.86,-74.46,0,,
2006,January,PENNSYLVANIA,PHILADELPHIA,Z,PHI,39.86,-74.46,0,,
2006,January,NEW JERSEY,WESTERN CAPE MAY,Z,PHI,39.86,-74.46,0,,
2006,January,NEW JERSEY,WESTERN MONMOUTH,Z,PHI,39.86,-74.46,0,,
2006,January,NEW JERSEY,WESTERN OCEAN,Z,PHI,39.86,-74.46,0,,
2006,January,NEW JERSEY,NORTHWESTERN BURLINGTON,Z,PHI,39.86,-74.46,0,,
2006,January,NEW JERSEY,GLOUCESTER,Z,PHI,39.86,-74.46,0,,
2006,January,NEW JERSEY,CAMDEN,Z,PHI,39.86,-74.46,0,,
2006,January,NEW JERSEY,WESTERN ATLANTIC,Z,PHI,39.86,-74.46,0,,
2006,January,DELAWARE,NEW CASTLE,Z,PHI,39.86,-74.46,0,,
2006,January,PENNSYLVANIA,DELAWARE,Z,PHI,39.86,-74.46,0,,
2006,January,WASHINGTON,W PACIFIC,Z,PQR,45.56,-122.98,0,,
2006,January,DELAWARE,KENT,Z,PHI,39.86,-74.46,0,,
2006,January,DELAWARE,INLAND SUSSEX,Z,PHI,39.86,-74.46,0,,
2006,January,NEW JERSEY,SALEM,Z,PHI,39.86,-74.46,0,,
2006,January,NEW JERSEY,CUMBERLAND,Z,PHI,39.86,-74.46,0,,
2006,January,NEW JERSEY,EASTERN ATLANTIC,Z,PHI,39.86,-74.46,0,,
2006,January,NEW JERSEY,EASTERN CAPE MAY,Z,PHI,39.86,-74.46,0,,
2006,January,NEW JERSEY,EASTERN MONMOUTH,Z,PHI,39.86,-74.46,0,,
2006,January,NEW JERSEY,EASTERN OCEAN,Z,PHI,39.86,-74.46,0,,
2006,January,NEW JERSEY,MIDDLESEX,Z,PHI,39.86,-74.46,0,,
2006,January,NEW JERSEY,MIDDLESEX,Z,PHI,39.86,-74.46,0,,
2006,January,DELAWARE,NEW CASTLE,Z,PHI,39.86,-74.46,0,,
2006,January,PUERTO RICO,MAYAGUEZ AND VICINITY,Z,SJU,18.43,-66.02,0,,Coastal flooding was reported along low lying areas of Highway 102 in Mayaguez. High swells pushed debris into the road in an area were the water breaker wall was damaged.
2006,May,MAINE,COASTAL YORK,Z,GYX,43.89,-70.26,0,100K,
2006,June,MARYLAND,SOUTHERN BALTIMORE,Z,LWX,38.98,-77.47,0,20K,Baltimore County Citizen Core Program reported tidal flooding near Bowley Bar with two roads along Middle River under water and impassable. Water was up on properties near Middle River and Bowley Bar.
2006,May,MAINE,COASTAL YORK,Z,GYX,43.89,-70.26,0,100K,
2006,May,NEW HAMPSHIRE,COASTAL ROCKINGHAM,Z,GYX,43.89,-70.26,0,50K,
2006,June,MARYLAND,SOUTHERN BALTIMORE,Z,LWX,38.98,-77.47,0,,Rapid water rises and tidal flooding was reported near high tide.
2006,June,MARYLAND,ANNE ARUNDEL,Z,LWX,38.98,-77.47,0,,Moderate tidal flooding water reported in Anne Arundel County. Tide gage reached a level of 2.8 feet.
2006,May,MAINE,COASTAL YORK,Z,GYX,43.89,-70.26,0,200K,
2006,June,NEW JERSEY,CAMDEN,Z,PHI,39.86,-74.46,0,,
2006,June,PENNSYLVANIA,BUCKS,Z,PHI,39.86,-74.46,0,,
2006,June,PENNSYLVANIA,DELAWARE,Z,PHI,39.86,-74.46,0,,
2006,June,PENNSYLVANIA,PHILADELPHIA,Z,PHI,39.86,-74.46,0,,
2006,June,NEW JERSEY,SALEM,Z,PHI,39.86,-74.46,0,,
2006,June,NEW JERSEY,NORTHWESTERN BURLINGTON,Z,PHI,39.86,-74.46,0,,
2006,June,NEW JERSEY,GLOUCESTER,Z,PHI,39.86,-74.46,0,,
2006,September,ALASKA,KUSKOKWIM DELTA,Z,AFC,64.81,-147.72,0,,
2006,September,ALASKA,BRISTOL BAY,Z,AFC,64.81,-147.72,0,,
2006,September,NEW JERSEY,EASTERN OCEAN,Z,PHI,39.86,-74.46,0,,
2006,September,VIRGINIA,ESSEX,Z,AKQ,36.98,-76.49,0,1.4M,
2006,September,NEW JERSEY,EASTERN CAPE MAY,Z,PHI,39.86,-74.46,0,,
2006,September,NEW JERSEY,EASTERN MONMOUTH,Z,PHI,39.86,-74.46,0,,
2006,September,VIRGINIA,MIDDLESEX,Z,AKQ,36.98,-76.49,0,9M,
2006,September,VIRGINIA,YORK / POQUOSON,Z,AKQ,36.98,-76.49,0,1.9M,
2006,September,NEW JERSEY,CUMBERLAND,Z,PHI,39.86,-74.46,0,,
2006,September,NEW JERSEY,EASTERN ATLANTIC,Z,PHI,39.86,-74.46,0,,
2006,September,DELAWARE,INLAND SUSSEX,Z,PHI,39.86,-74.46,0,,
2006,September,DELAWARE,KENT,Z,PHI,39.86,-74.46,0,,
2006,September,NEW JERSEY,EASTERN ATLANTIC,Z,PHI,39.86,-74.46,0,,
2006,September,NEW JERSEY,EASTERN CAPE MAY,Z,PHI,39.86,-74.46,0,,
2006,September,NEW JERSEY,WESTERN CAPE MAY,Z,PHI,39.86,-74.46,0,,
2006,September,NEW JERSEY,EASTERN MONMOUTH,Z,PHI,39.86,-74.46,0,,
2006,September,VIRGINIA,RICHMOND,Z,AKQ,36.98,-76.49,0,1.7M,
2006,September,VIRGINIA,LANCASTER,Z,AKQ,36.98,-76.49,0,160K,
2006,September,VIRGINIA,ACCOMACK,Z,AKQ,36.98,-76.49,0,5.6M,
2006,September,VIRGINIA,WESTMORELAND,Z,AKQ,36.98,-76.49,0,120K,
2006,September,VIRGINIA,NORTHUMBERLAND,Z,AKQ,36.98,-76.49,0,19.7M,
2006,September,DELAWARE,DELAWARE BEACHES,Z,PHI,39.86,-74.46,0,,
2006,September,DELAWARE,INLAND SUSSEX,Z,PHI,39.86,-74.46,0,,
2006,September,DELAWARE,KENT,Z,PHI,39.86,-74.46,0,,
2006,September,NEW JERSEY,EASTERN MONMOUTH,Z,PHI,39.86,-74.46,0,,
2006,September,NEW JERSEY,EASTERN ATLANTIC,Z,PHI,39.86,-74.46,0,,
2006,September,NEW JERSEY,WESTERN MONMOUTH,Z,PHI,39.86,-74.46,0,,
2006,September,NEW JERSEY,EASTERN CAPE MAY,Z,PHI,39.86,-74.46,0,,
2006,September,NEW JERSEY,WESTERN CAPE MAY,Z,PHI,39.86,-74.46,0,,
2006,September,VIRGINIA,GLOUCESTER,Z,AKQ,36.98,-76.49,0,2M,
2006,September,VIRGINIA,MATHEWS,Z,AKQ,36.98,-76.49,0,5.6M,
2006,September,NEW JERSEY,EASTERN OCEAN,Z,PHI,39.86,-74.46,0,,
2006,September,NEW JERSEY,EASTERN OCEAN,Z,PHI,39.86,-74.46,0,,
2006,September,NEW JERSEY,MIDDLESEX,Z,PHI,39.86,-74.46,0,,
2006,September,NEW JERSEY,CUMBERLAND,Z,PHI,39.86,-74.46,0,,
2006,September,NEW JERSEY,WESTERN CAPE MAY,Z,PHI,39.86,-74.46,0,,
2006,November,NEW JERSEY,WESTERN MONMOUTH,Z,PHI,39.86,-74.46,0,0.00K,
2006,November,NEW JERSEY,EASTERN OCEAN,Z,PHI,39.86,-74.46,0,0.00K,
2006,November,NEW JERSEY,EASTERN CAPE MAY,Z,PHI,39.86,-74.46,0,0.00K,
2006,November,NEW JERSEY,EASTERN ATLANTIC,Z,PHI,39.86,-74.46,0,0.00K,
2006,November,NEW JERSEY,EASTERN MONMOUTH,Z,PHI,39.86,-74.46,0,0.00K,
2006,October,ALABAMA,LOWER MOBILE,Z,MOB,30.68,-88.24,0,50.00K,Strong southerly winds brought coastal flooding to low lying areas along the coast.  Several low lying areas had water in them and some minor beach erosion was observed along the coastline.  Dauphin I
2006,October,FLORIDA,COASTAL SANTA ROSA,Z,MOB,30.68,-88.24,0,20.00K,Strong southerly winds brought coastal flooding to low lying areas along the coast.  Above normal tides and beach erosion were observed from Fort Pickens to Destin.  The tides were high enough to floo
2006,October,FLORIDA,COASTAL OKALOOSA,Z,MOB,30.68,-88.24,0,10.00K,Strong southerly winds brought coastal flooding to low lying areas along the coast.  Above normal tides and beach erosion were observed from Fort Pickens to Destin.  The tides were high enough to floo
2006,October,MASSACHUSETTS,SOUTHERN BRISTOL,Z,BOX,41.96,-71.13,0,10.00K,Moderate coastal flooding was reported in New Bedford on French Street.
2006,October,NEW JERSEY,EASTERN MONMOUTH,Z,PHI,39.86,-74.46,0,0.00K,
2006,October,NEW JERSEY,EASTERN OCEAN,Z,PHI,39.86,-74.46,0,0.00K,
2006,October,NEW JERSEY,MIDDLESEX,Z,PHI,39.86,-74.46,0,0.00K,
2006,October,DELAWARE,KENT,Z,PHI,39.86,-74.46,0,0.00K,
2006,October,NEW JERSEY,WESTERN MONMOUTH,Z,PHI,39.86,-74.46,0,0.00K,
2006,November,MARYLAND,SOUTHERN BALTIMORE,Z,LWX,38.98,-77.47,0,15.00K,Tidal flooding occurred during the afternoon and early evening around the time of high tide.  Strong onshore winds occurred due to a coastal low pressure system.  Flooding of tidal areas and along the
2006,October,ALASKA,KUSKOKWIM DELTA,Z,AFC,64.81,-147.72,0,0.00K,
2006,October,ALASKA,BRISTOL BAY,Z,AFC,64.81,-147.72,0,0.00K,
2006,October,ALASKA,KUSKOKWIM DELTA,Z,AFC,64.81,-147.72,0,0.00K,
2006,November,NORTH CAROLINA,CRAVEN,Z,MHX,34.78,-76.88,0,0.00K,Water level increase of 4 feet was reported in the Clubfoot Creek area. There was no significant property damage.
2006,November,VIRGINIA,ACCOMACK,Z,AKQ,36.98,-76.49,0,50.00K,Strong onshore winds caused moderate coastal flooding during times of high tide. Tidal departures were about 3 feet above normal during the event.
2006,November,VIRGINIA,NORTHAMPTON,Z,AKQ,36.98,-76.49,0,50.00K,Strong onshore winds resulted in moderate coastal flooding during times of high tide. Tidal departures were about 3 feet above normal during the event.
2006,November,VIRGINIA,YORK,Z,AKQ,36.98,-76.49,0,80.00K,Strong onshore winds resulted in moderate coastal flooding during times of high tide. Tidal departures were about 3 feet above normal during the event. Many streets were closed due to high water.
2006,November,VIRGINIA,VIRGINIA BEACH,Z,AKQ,36.98,-76.49,0,15.00K,Strong onshore winds caused moderate coastal flooding during times of high tide. Tidal departures were about 3 feet above normal during the event.
2006,November,VIRGINIA,NORFOLK,Z,AKQ,36.98,-76.49,0,100.00K,"Strong onshore winds resulted in moderate coastal flooding during times of high tide. Tidal departures were 3 to 4 feet above normal during the event. Many streets were closed due to high water, inclu"
2006,November,VIRGINIA,CHESAPEAKE,Z,AKQ,36.98,-76.49,0,15.00K,Strong onshore winds resulted in moderate coastal flooding during times of high tide. Tidal departures were about 3 feet above normal during the event.
2006,November,DELAWARE,DELAWARE BEACHES,Z,PHI,39.86,-74.46,0,0.00K,
2006,November,DELAWARE,INLAND SUSSEX,Z,PHI,39.86,-74.46,0,0.00K,
2006,November,DELAWARE,KENT,Z,PHI,39.86,-74.46,0,0.00K,
2006,November,NEW JERSEY,WESTERN MONMOUTH,Z,PHI,39.86,-74.46,0,0.00K,
2006,November,NEW JERSEY,EASTERN MONMOUTH,Z,PHI,39.86,-74.46,0,0.00K,
2006,November,NEW JERSEY,EASTERN OCEAN,Z,PHI,39.86,-74.46,0,0.00K,
2006,November,NEW JERSEY,EASTERN ATLANTIC,Z,PHI,39.86,-74.46,0,0.00K,
2006,November,NEW JERSEY,EASTERN CAPE MAY,Z,PHI,39.86,-74.46,0,0.00K,
2006,November,NEW JERSEY,WESTERN CAPE MAY,Z,PHI,39.86,-74.46,0,0.00K,
2006,November,NEW JERSEY,CUMBERLAND,Z,PHI,39.86,-74.46,0,0.00K,
2006,November,VIRGINIA,SUFFOLK,Z,AKQ,36.98,-76.49,0,15.00K,"Strong onshore winds resulted in moderate coastal flooding during times of high tide. Tidal departures were about 3 feet above normal during the event. Many streets were closed due to high water, incl"
2006,November,NORTH CAROLINA,EASTERN CURRITUCK,Z,AKQ,36.98,-76.49,0,15.00K,Strong onshore winds resulted in moderate to severe coastal flooding during times of high tide. Tidal departures were 4 to 5 feet above normal during the event. Route 12 was flooded with overwash in m
2006,October,TEXAS,HARRIS,Z,HGX,29.47,-95.08,0,50.00K,Toddville Road in Seabrook was flooded.
2006,October,TEXAS,GALVESTON,Z,HGX,29.47,-95.08,0,75.00K,"Coastal flooding lead to high water near Highway 146 and FM 1764 outside of Texas City, the frontage road at Interstate 45 and FM 519, and in Galveston near Offatts Bayou and 61st Street. Flooding occ"
2006,October,TEXAS,BRAZORIA,Z,HGX,29.47,-95.08,0,830.00K,Some coastal flooding occurred in Surfside.
2006,October,TEXAS,CHAMBERS,Z,HGX,29.47,-95.08,0,0.00K,Coastal flooding was observed on Highway 124 between High Island and FM 1985.
2006,October,NEW YORK,NASSAU,Z,OKX,40.87,-72.86,0,0.00K,"Street flooding reported in Freeport at time of morning high tide, USGS gage showed at or above bench mark for moderate coastal flooding."
2006,November,NEW JERSEY,WESTERN CAPE MAY,Z,PHI,39.86,-74.46,0,0.00K,
2006,October,ALABAMA,LOWER BALDWIN,Z,MOB,30.68,-88.24,0,20.00K,Strong southerly winds brought coastal flooding to low lying areas along the coast.  Several low lying areas had water in them and some minor beach erosion was observed along the coastline.
2006,October,FLORIDA,COASTAL ESCAMBIA,Z,MOB,30.68,-88.24,0,20.00K,Strong southerly winds brought coastal flooding to low lying areas along the coast.  Above normal tides and beach erosion were observed from Fort Pickens to Destin.  The tides were high enough to floo
2006,October,VIRGINIA,YORK,Z,AKQ,36.98,-76.49,0,200.00K,Strong onshore winds resulted in major coastal flooding during times of high tide. Tidal departures were 2.5 to 3.5 above normal during the event.
2006,November,NORTH CAROLINA,PAMLICO,Z,MHX,34.78,-76.88,0,0.00K,Water level increase in Oriental flooded secondary roads with 1 to 2 feet of water.
2006,November,NORTH CAROLINA,BEAUFORT,Z,MHX,34.78,-76.88,0,0.00K,Water level increase of 4 feet in Washington. Only minor property damage reported.
2006,November,NEW JERSEY,NORTHWESTERN BURLINGTON,Z,PHI,39.86,-74.46,0,0.00K,
2006,November,NEW JERSEY,GLOUCESTER,Z,PHI,39.86,-74.46,0,0.00K,
2006,November,DELAWARE,NEW CASTLE,Z,PHI,39.86,-74.46,0,0.00K,
2006,November,PENNSYLVANIA,DELAWARE,Z,PHI,39.86,-74.46,0,0.00K,
2006,November,PENNSYLVANIA,PHILADELPHIA,Z,PHI,39.86,-74.46,0,0.00K,
2006,October,NEW YORK,NASSAU,Z,OKX,40.87,-72.86,0,0.00K,Moderate flooding was reported at the USGS Tide Gage for Hudson Bay at Freeport (5.31 ft stage level). |Minor flooding was reported at the USGS Tide Gage for Jamaica Bay at Inwood (5.69 ft stage level
2006,November,VIRGINIA,GLOUCESTER,Z,AKQ,36.98,-76.49,0,15.00K,"Strong onshore winds resulted in moderate coastal flooding during times of high tide. Tidal departures were about 3 feet above normal during the event. A few low lying roads were flooded, and some hom"
2006,November,NEW JERSEY,SALEM,Z,PHI,39.86,-74.46,0,0.00K,
2006,November,NEW JERSEY,CAMDEN,Z,PHI,39.86,-74.46,0,0.00K,
2006,November,NORTH CAROLINA,EASTERN DARE,Z,MHX,34.78,-76.88,0,2.10M,"Significant coastal flooding reported across Outer Banks Dare county, mainly for areas north of Buxton. Water levels of 4 to 6 feet above normal reported with significant beach erosion and ocean overw"
2006,November,NORTH CAROLINA,CARTERET,Z,MHX,34.78,-76.88,0,0.00K,Water level increases of 4 to 5 feet reported from Cedar Island to the Adams Creek area. No significant property damage reported.
2006,October,LOUISIANA,LOWER JEFFERSON,Z,LIX,29.75,-89.82,0,0.00K,Tidal flooding inundated numerous roadways including Louisiana Highway 1.
2006,November,NEW JERSEY,GLOUCESTER,Z,PHI,39.86,-74.46,0,0.00K,
2006,November,NEW JERSEY,CAMDEN,Z,PHI,39.86,-74.46,0,0.00K,
2006,November,DELAWARE,NEW CASTLE,Z,PHI,39.86,-74.46,0,0.00K,
2006,November,PENNSYLVANIA,DELAWARE,Z,PHI,39.86,-74.46,0,0.00K,
2006,November,NEW JERSEY,NORTHWESTERN BURLINGTON,Z,PHI,39.86,-74.46,0,0.00K,
2006,November,PENNSYLVANIA,PHILADELPHIA,Z,PHI,39.86,-74.46,0,0.00K,
2006,November,NEW JERSEY,SALEM,Z,PHI,39.86,-74.46,0,0.00K,
2006,October,RHODE ISLAND,WASHINGTON,Z,BOX,41.96,-71.13,0,2.00K,Coastal flooding was reported on Boston Neck Road in Narragansett.
2006,October,VIRGINIA,ACCOMACK,Z,AKQ,36.98,-76.49,0,65.00K,Strong onshore winds resulted in major coastal flooding during times of high tide. Tidal departures were 4 to 5 feet above normal during the event. The Chincoteague Causeway was closed due to high wat
2006,October,PENNSYLVANIA,DELAWARE,Z,PHI,39.86,-74.46,0,0.00K,
2006,October,DELAWARE,KENT,Z,PHI,39.86,-74.46,0,0.00K,
2006,October,NEW JERSEY,MIDDLESEX,Z,PHI,39.86,-74.46,0,0.00K,
2006,October,NEW JERSEY,CUMBERLAND,Z,PHI,39.86,-74.46,0,0.00K,
2006,October,NEW JERSEY,EASTERN ATLANTIC,Z,PHI,39.86,-74.46,0,0.00K,
2006,October,NEW JERSEY,SALEM,Z,PHI,39.86,-74.46,0,0.00K,
2006,October,NEW JERSEY,CUMBERLAND,Z,PHI,39.86,-74.46,0,0.00K,
2006,October,NEW JERSEY,EASTERN CAPE MAY,Z,PHI,39.86,-74.46,0,0.00K,
2006,October,NEW JERSEY,EASTERN MONMOUTH,Z,PHI,39.86,-74.46,0,0.00K,
2006,October,NEW JERSEY,EASTERN OCEAN,Z,PHI,39.86,-74.46,0,0.00K,
2006,October,NEW JERSEY,SOUTHEASTERN BURLINGTON,Z,PHI,39.86,-74.46,0,0.00K,
2006,October,NEW JERSEY,WESTERN ATLANTIC,Z,PHI,39.86,-74.46,0,0.00K,
2006,October,NEW JERSEY,WESTERN CAPE MAY,Z,PHI,39.86,-74.46,0,0.00K,
2006,October,NEW JERSEY,WESTERN MONMOUTH,Z,PHI,39.86,-74.46,0,0.00K,
2006,October,NEW JERSEY,WESTERN OCEAN,Z,PHI,39.86,-74.46,0,0.00K,
2006,October,DELAWARE,NEW CASTLE,Z,PHI,39.86,-74.46,0,0.00K,
2006,October,NEW JERSEY,NORTHWESTERN BURLINGTON,Z,PHI,39.86,-74.46,0,0.00K,
2006,October,NEW JERSEY,GLOUCESTER,Z,PHI,39.86,-74.46,0,0.00K,
2006,October,PENNSYLVANIA,PHILADELPHIA,Z,PHI,39.86,-74.46,0,0.00K,
2006,October,PENNSYLVANIA,DELAWARE,Z,PHI,39.86,-74.46,0,0.00K,
2006,October,NEW JERSEY,NORTHWESTERN BURLINGTON,Z,PHI,39.86,-74.46,0,0.00K,
2006,October,VIRGINIA,NORFOLK,Z,AKQ,36.98,-76.49,0,0.00K,Strong onshore winds caused moderate coastal flooding during times of high tide. Tidal departures were 3 to 4 feet above normal. Many streets were closed due to high water.
2006,October,NEW JERSEY,SALEM,Z,PHI,39.86,-74.46,0,0.00K,
2006,October,NEW JERSEY,CAMDEN,Z,PHI,39.86,-74.46,0,0.00K,
2006,October,NEW JERSEY,GLOUCESTER,Z,PHI,39.86,-74.46,0,0.00K,
2006,October,PENNSYLVANIA,PHILADELPHIA,Z,PHI,39.86,-74.46,0,0.00K,
2006,October,NEW JERSEY,CAMDEN,Z,PHI,39.86,-74.46,0,0.00K,
2006,October,DELAWARE,DELAWARE BEACHES,Z,PHI,39.86,-74.46,0,0.00K,
2006,October,DELAWARE,INLAND SUSSEX,Z,PHI,39.86,-74.46,0,0.00K,
2006,October,MISSISSIPPI,HANCOCK,Z,LIX,29.75,-89.82,0,0.00K,Coastal flooding of roadways and some property was reported in several areas of coastal Hancock County including Shoreline Park and Pearlington.
2006,October,MARYLAND,ANNE ARUNDEL,Z,LWX,38.98,-77.47,0,0.00K,
2006,October,RHODE ISLAND,NEWPORT,Z,BOX,41.96,-71.13,0,5.00K,"Moderate coastal flooding was reported on Conanicus Avenue in Jamestown, and on Park Avenue in Portsmouth."
2006,October,LOUISIANA,LOWER TERREBONNE,Z,LIX,29.75,-89.82,0,0.00K,Above normal tides inundated roadways and some property in southern Terrebonne Parish communities including Dulac and Cocodrie. Some resients had to be evacuated from the homes due to the coastal floo
2006,October,LOUISIANA,ST. TAMMANY,Z,LIX,29.75,-89.82,0,0.00K,High tides overtopped the floodwall in Mandevill with some flooding roadways and property. Other tidal flooding was reported in Slidell area near bayous along Lake Pontchartrain.
2006,October,LOUISIANA,LOWER LAFOURCHE,Z,LIX,29.75,-89.82,0,0.00K,High tides inundated several highway including Louisiana Highway 1.
2006,October,RHODE ISLAND,BRISTOL,Z,BOX,41.96,-71.13,0,2.00K,"Moderate coastal flooding was reported on Smith Street in Bristol, which was covered with two feet of water."
2006,October,RHODE ISLAND,EASTERN KENT,Z,BOX,41.96,-71.13,0,5.00K,"Moderate coastal flooding was reported in Pawtuxet Cove, where a boat house was surrounded by water and Peck Lane was flooded."
2010,January,MARYLAND,ANNE ARUNDEL,Z,LWX,38.98,-77.47,0,,Coastal flooding was reported across Doc Street.
2010,January,MARYLAND,SOUTHERN BALTIMORE,Z,LWX,38.98,-77.47,0,10.00K,High water rescues were reported along Bay Drive on Millers Island.
2010,January,DISTRICT OF COLUMBIA,DISTRICT OF COLUMBIA,Z,LWX,38.98,-77.47,0,,Washington Harbor had to raise the flood gates due to coastal flooding.
2010,January,CALIFORNIA,NORTH BAY INTERIOR VALLEYS,Z,MTR,37.52,-122.04,0,0.00K,"An extreme astronomical high tide of seven and one tenth feet above mean sea level caused flooding, and the closure, of State Route One at the junction of US Highway 101 for about three hours."
2010,January,MASSACHUSETTS,EASTERN ESSEX,Z,BOX,41.96,-71.13,0,0.00K,"Loring Road and Commercial, Bridge, and Forrester Streets in Salem were flooded with seawater.  In addition, the commuter rail parking lot in Salem was flooded.  Waves at Deveraux Beach in Marblehead "
2010,January,MASSACHUSETTS,SUFFOLK,Z,BOX,41.96,-71.13,0,0.00K,Shore Road in Revere and Morrisey Boulevard in Boston were closed because of coastal flooding.  Washington Avenue in Winthrop was flooded with two feet of water.  Waves overtopped the seawall on Castl
2010,January,SOUTH CAROLINA,CHARLESTON,Z,CHS,32.9,-80.03,0,,"Law Enforcement reported that Long Point Road was closed before Rice Planters Drive in Mount Pleasant, South Carolina."
2010,January,MASSACHUSETTS,EASTERN NORFOLK,Z,BOX,41.96,-71.13,0,0.00K,"Rockland and Kilby Streets in Hingham were flooded with seawater. Hull Shore Drive was closed because of eight to twelve foot waves crashing over the sea wall.  Also in Hull, Moreland and Nantasket Av"
2010,January,MASSACHUSETTS,EASTERN PLYMOUTH,Z,BOX,41.96,-71.13,0,0.00K,Several streets in the Hummarock section of Scituate were flooded.  Glades Road in the Minot section of Scituate was impassable.  First Parish Road was flooded with three feet of water and Front Stree
2010,February,MISSISSIPPI,HANCOCK,Z,LIX,29.75,-89.82,0,0.00K,Coastal flooding with water over Whites Road in Pearlington and minor coastal flooding from Lakeshore Drive to the state line.
2010,February,NORTH CAROLINA,EASTERN DARE,Z,MHX,34.78,-76.88,0,0.00K,Strong west winds caused water levels to rise 3 to 4 feet above normal over the sound side of Hatteras Island. This high water closed roads adjacent to the sound during the afternoon and evening hours
2010,February,NORTH CAROLINA,EASTERN HYDE,Z,MHX,34.78,-76.88,0,0.00K,Ocracoke ferry office estimated water levels rose 3 to 4 feet above normal during the late evening hours.
2010,March,NEW HAMPSHIRE,COASTAL ROCKINGHAM,Z,GYX,43.89,-70.26,0,1.50K,High astronomical tides combined with gale force winds to produce minor coastal flooding along the New Hampshire sea coast. Minor flooding occurred along low lying roads in Hampton.
2010,March,MAINE,COASTAL CUMBERLAND,Z,GYX,43.89,-70.26,0,1.00K,High astronomical tides combined with gale force winds to produce minor coastal flooding in coastal Cumberland County. Flooding occurred near Commercial Street in Portland.
2010,March,MAINE,COASTAL YORK,Z,GYX,43.89,-70.26,0,2.50K,High astronomical tides combined with gale force winds to produce minor coastal flooding in coastal York County. Roads required plowing of debris in Saco and York.
2010,February,NEW HAMPSHIRE,COASTAL ROCKINGHAM,Z,GYX,43.89,-70.26,0,2.00K,An intense storm was slowly weakening over southern New England on the morning of February 26th.  Long period swells were slow to subside and some minor flooding occurred in Hampton at the time of hig
2010,February,NEW HAMPSHIRE,COASTAL ROCKINGHAM,Z,GYX,43.89,-70.26,0,4.00K,A nearly stationary area of low pressure over southern New England produced a modest storm surge and long period swell.  Minor flooding occurred in Hampton on low lying roads during the morning high t
2010,March,DISTRICT OF COLUMBIA,DISTRICT OF COLUMBIA,Z,LWX,38.98,-77.47,0,,Gages indicated that water levels surpassed thresholds for moderate flooding.
2010,September,MARYLAND,HARFORD,Z,LWX,38.98,-77.47,0,0.00K,Harve de Grace:  |Parking lot inundated by 6 inches of water at Tydings Park.  The main pier of Jean Roberts Park was under water.  Water approached within 2 feet of the Seneca Point Condos.
2010,September,MARYLAND,SOUTHERN BALTIMORE,Z,LWX,38.98,-77.47,0,0.00K,"Gage measurements and reports indicated moderate coastal flooding occurred.  In Bowley's Quarters, Miller's Island, and Turners, water up to 2 feet deep inundated streets and approached houses.  At No"
2010,October,MASSACHUSETTS,EASTERN PLYMOUTH,Z,BOX,41.96,-71.13,0,0.00K,Water Street in Plymouth was flooded with six inches to a foot of seawater close to the time of high tide.
2010,September,MARYLAND,CHARLES,Z,LWX,38.98,-77.47,0,0.00K,Several roads were closed due to tidal inundation.  Shirley Blvd. was closed at Port Tobacco Lakes.  Saunders Marine Place was closed in Charleston Creek.  Cobb Island Road was closed on Cobb island.
2010,October,SOUTH CAROLINA,BEAUFORT,Z,CHS,32.9,-80.03,0,50.00K,Broadcast Media reported that coastal flooding had resulted in severe erosion and damage to several cabins in Hunting Island State Park during the time of high tide.  Portions of Cabin Road was also s
2010,September,MASSACHUSETTS,NANTUCKET,Z,BOX,41.96,-71.13,0,0.00K,"Coastal flooding submerged Madaket Beach, resulting in an inundation of seawater into Long Pond."
2010,September,RHODE ISLAND,NEWPORT,Z,BOX,41.96,-71.13,0,0.00K,A portion of Ocean Avenue from Brenton Point to Bailey Beach was flooded with seawater and ocean debris over the road.
2010,December,MASSACHUSETTS,SUFFOLK,Z,BOX,41.96,-71.13,0,50.00K,"Moderate coastal flooding impacted Suffolk County during the early morning high tide. In Winthrop, roads were flooded with as much as three feet of water in the Point Shirley section. Winthrop Parkway"
2010,December,MASSACHUSETTS,EASTERN ESSEX,Z,BOX,41.96,-71.13,0,75.00K,"Moderate coastal flooding impacted eastern Essex County during the early morning high tide. In Rockport, Washington and Front Streets were closed. Flood waters also dislodged three propane tanks resul"
2010,November,NEW YORK,NASSAU,Z,OKX,40.87,-72.86,0,0.00K,"The USGS gauge at Freeport exceeded its moderate flood stage of 5.8 feet MLLW at 7:30 am (EDT), peaking at 5.96 feet MLLW at 8:00 am (EDT)."
2010,November,MASSACHUSETTS,EASTERN PLYMOUTH,Z,BOX,41.96,-71.13,0,1.00K,"Considerable splashover on several shore roads in Hull and Scituate.  In Hull, Atlantic Avenue was flooded with ocean water and debris."
2010,November,NEW YORK,NASSAU,Z,OKX,40.87,-72.86,0,0.00K,"The USGS gauge at Freeport exceeded its moderate flood stage of 5.8 feet MLLW at 11:00 am (EST), peaking at 5.94 feet MLLW at 11:45 am (EST)."
2010,January,MARYLAND,QUEEN ANNES,Z,PHI,39.86,-74.46,0,0.00K,
2010,January,MARYLAND,KENT,Z,PHI,39.86,-74.46,0,0.00K,
2010,December,MASSACHUSETTS,EASTERN PLYMOUTH,Z,BOX,41.96,-71.13,0,2.20M,"Moderate to major coastal flooding impacted eastern Plymouth County during the early morning high tide. The most severe flooding affected Scituate, where over one hundred people were evacuated. Most c"
2010,December,INDIANA,LAKE,Z,LOT,41.6,-88.08,0,5.00K,
2010,December,INDIANA,PORTER,Z,LOT,41.6,-88.08,0,5.00K,
2010,December,CALIFORNIA,SAN FRANCISCO PENINSULA COAST,Z,MTR,37.52,-122.04,0,0.00K,"Large waves pounded the central California coast causing chunks of the cliffs in Pacifica to fall into the ocean. The two, now vacant, apartment houses which had their foundation undermined last winte"
2010,January,SOUTH CAROLINA,CHARLESTON,Z,CHS,32.9,-80.03,0,0.00K,The Charleston Harbor Tide gauge peaked at 8.00 feet mean lower low water during the morning high tide.
2010,January,SOUTH CAROLINA,CHARLESTON,Z,CHS,32.9,-80.03,0,,"Law Enforcement reported Church Street between Live Oak Drive and Mill Street was covered by water and not passable in downtown Charleston, South Carolina."
2010,January,GEORGIA,COASTAL CHATHAM,Z,CHS,32.9,-80.03,0,15.00K,"The Tybee Island, Georgia Police reported that Highway 80 between Savannah and Tybee Island was flooded for around 20 to 30 minutes near the time of high tide Saturday morning. One lane was closed in "
2010,February,MAINE,COASTAL YORK,Z,GYX,43.89,-70.26,0,5.00K,An intense storm was slowly weakening over southern New England on the morning of February 26th.  Long period swells were slow to subside and some minor flooding occurred in Saco at the time of high t
2010,February,MASSACHUSETTS,EASTERN ESSEX,Z,BOX,41.96,-71.13,0,0.00K,The Marblehead neck Causeway Road was closed as a result of coastal flooding.  Sections of Beach Road and Ferry Road in Salisbury were closed.  Several streets in Newburyport were flooded by tidewater
2010,February,MAINE,COASTAL CUMBERLAND,Z,GYX,43.89,-70.26,0,2.00K,An intense storm was slowly weakening over southern New England on the morning of February 26th.  Long period swells were slow to subside and some minor flooding occurred in Portland at the time of hi
2010,February,MASSACHUSETTS,EASTERN PLYMOUTH,Z,BOX,41.96,-71.13,0,0.00K,Oceanside Drive was closed and one house evacuated due to coastal flooding and storm surge.
2010,February,MAINE,COASTAL CUMBERLAND,Z,GYX,43.89,-70.26,0,2.00K,A nearly stationary area of low pressure over southern New England produced a modest storm surge and long period swell during high tide on the morning of the 27th.  Minor flooding occurred along city 
2010,December,MASSACHUSETTS,EASTERN NORFOLK,Z,BOX,41.96,-71.13,0,100.00K,"Moderate to major coastal flooding impacted eastern Norfolk County during the early morning high tide. The most severe flooding occurred in Quincy and Weymouth, where many shore roads were closed and "
2010,March,MAINE,COASTAL CUMBERLAND,Z,GYX,43.89,-70.26,0,5.00K,An astronomical high tide combined with a weakening Nor'easter to produce coastal flooding in coastal Cumberland County. The storm tide in Portland Harbor topped out at 12.60 ft.
2010,March,MAINE,COASTAL YORK,Z,GYX,43.89,-70.26,0,20.00K,An astronomical high tide combined with a weakening Nor'easter to produce coastal flooding in York County. Splash-over occurred with flooding on Water Street in Saco with rocks and seaweed thrown onto
2010,March,MAINE,COASTAL CUMBERLAND,Z,GYX,43.89,-70.26,0,2.00K,A developing storm retrograded into the Gulf of Maine from the Atlantic producing seas of 9 to 16 ft. and a storm surge of over a foot. Minor flooding occurred along city streets in Portland in and ar
2010,March,NEW HAMPSHIRE,COASTAL ROCKINGHAM,Z,GYX,43.89,-70.26,0,7.50K,"A developing storm retrograded into the Gulf of Maine from the Atlantic early on March 1st, producing 9 to 16 foot near-shore waves and a storm surge of over a foot.|Rocks were tossed onto roads in Ha"
2010,March,NEW HAMPSHIRE,COASTAL ROCKINGHAM,Z,GYX,43.89,-70.26,0,0.00K,Moderately large ocean waves from a weakening Nor'easter combined with the highest astronomical tides of the month to produce flooding in coastal Rockingham County. High water covered roads on the wes
2010,May,MISSISSIPPI,HANCOCK,Z,LIX,29.75,-89.82,0,0.00K,Repeat flooding of about 8 streets in Shoreline Park Subdivision had about one half foot of water over the roadway at high tide. Coastal Flood Warning was in effect at the time.
2010,May,MISSISSIPPI,HANCOCK,Z,LIX,29.75,-89.82,0,0.00K,About 8 streets in Shoreline Park Subdivision had about one half foot of water over the roadway at high tide. Coastal Flood Warning was in effect at the time.
2010,May,LOUISIANA,LOWER TERREBONNE,Z,LIX,29.75,-89.82,0,0.00K,Island Road south of Montegut had 2 inches of water across the road. The Terrebonne Levee District reported the highest water levels since Hurricane Gustav.
2010,March,NEW JERSEY,MIDDLESEX,Z,PHI,39.86,-74.46,0,1.00M,
2010,March,NEW JERSEY,WESTERN MONMOUTH,Z,PHI,39.86,-74.46,0,2.00M,
2010,March,NEW JERSEY,EASTERN MONMOUTH,Z,PHI,39.86,-74.46,0,1.00M,
2010,March,NEW JERSEY,EASTERN OCEAN,Z,PHI,39.86,-74.46,0,1.00M,
2010,March,NEW JERSEY,SALEM,Z,PHI,39.86,-74.46,0,0.00K,
2010,March,NEW JERSEY,GLOUCESTER,Z,PHI,39.86,-74.46,0,0.00K,
2010,March,NEW JERSEY,CAMDEN,Z,PHI,39.86,-74.46,0,0.00K,
2010,March,MASSACHUSETTS,EASTERN NORFOLK,Z,BOX,41.96,-71.13,0,20.00K,Atlantic Avenue in Hull and Cohasset was flooded with seawater during high tide.  A car was stranded on the causeway in Cohasset.  The occupants were rescued by boat.
2010,March,MASSACHUSETTS,EASTERN ESSEX,Z,BOX,41.96,-71.13,0,0.00K,"Several coastal streets in Salem, Marblehead, and Swampscott were flooded with seawater.  In Lynn, waves broke at the height of street lights along Lynn Shore Drive."
2010,March,MASSACHUSETTS,EASTERN PLYMOUTH,Z,BOX,41.96,-71.13,0,0.00K,"Several coastal roads in Plymouth and Hull were flooded with seawater.  In Plymouth, waves broke over the seawall, flooding a yard on Stevens Lane.  Route 3A was flooded with water across the road and"
2010,March,NEW YORK,SOUTHERN WESTCHESTER,Z,OKX,40.87,-72.86,0,0.00K,Water rose to 12.36 ft. MLLW at the NOS tidal gage at Kings Point at 10 pm EST on March 13th. This is 1.86 ft. above the moderate flooding benchmark.
2010,March,CONNECTICUT,SOUTHERN FAIRFIELD,Z,OKX,40.87,-72.86,0,0.00K,"Water rose to 10.4 ft. MLLW at 924 pm EST at the NOS tidal gage at Bridgeport CT. This is right at the moderate flooding benchmark.  In addition, numerous roads were closed near the shore in Bridgepor"
2010,March,CONNECTICUT,SOUTHERN NEW HAVEN,Z,OKX,40.87,-72.86,0,0.00K,Water rose to 10.4 ft. MLLW at 924 pm EDT at the NOS tidal gage at Bridgeport CT. This is right at the moderate flooding benchmark.
2010,March,PENNSYLVANIA,DELAWARE,Z,PHI,39.86,-74.46,0,0.00K,
2010,March,NEW JERSEY,NORTHWESTERN BURLINGTON,Z,PHI,39.86,-74.46,0,0.00K,
2010,March,NEW YORK,RICHMOND (STATEN IS.),Z,OKX,40.87,-72.86,0,0.00K,Water rose to 8.32 ft. MLLW at the NOS tidal gage at Sandy Hook at 536 pm EST on March 13th. This is .22 ft. above the moderate flooding benchmark.
2010,March,NEW YORK,KINGS (BROOKLYN),Z,OKX,40.87,-72.86,0,0.00K,Water rose to 8.32 ft. MLLW at the NOS tidal gage at Sandy Hook at 536 pm EST on March 13th. This is .22 ft. above the moderate flooding benchmark. Water rose to 8.7 ft. MLLW at the USGS tidal gage at
2010,March,PENNSYLVANIA,PHILADELPHIA,Z,PHI,39.86,-74.46,0,0.00K,
2010,March,NEW YORK,QUEENS,Z,OKX,40.87,-72.86,0,0.00K,Water rose to 12.36 ft. MLLW at the NOS tidal gage at Kings Point at 10 pm EST on March 13th. This is 1.86 ft. above the moderate flooding benchmark. Water rose to 8.7 ft. MLLW at the USGS tidal gage 
2010,March,NEW YORK,SOUTHWEST SUFFOLK,Z,OKX,40.87,-72.86,0,0.00K,Water rose to 4.05 ft. MLLW at the USGS tidal gage at the Atlantic Ocean at Lindenhurst on the evening of March 13th. This is .25 ft. above the moderate flooding benchmark.
2010,March,NEW YORK,NEW YORK (MANHATTAN),Z,OKX,40.87,-72.86,0,0.00K,Water rose to 8.50 ft. MLLW at the NOS tidal gage at The Battery at 7 pm EST on March 13th. This is .50 ft. above the moderate flooding benchmark.
2010,March,NEW YORK,BRONX,Z,OKX,40.87,-72.86,0,0.00K,Water rose to 12.36 ft. MLLW at the NOS tidal gage at Kings Point at 10 pm EST on March 13th. This is 1.86 ft. above the moderate flooding benchmark.
2010,March,NEW JERSEY,ESSEX,Z,OKX,40.87,-72.86,0,0.00K,Water rose to 8.32 ft. MLLW at the NOS tidal gage at Sandy Hook at 536 pm EST on March 13th. This is .22 ft. above the moderate flooding benchmark.
2010,March,NEW JERSEY,HUDSON,Z,OKX,40.87,-72.86,0,0.00K,Water rose to 8.32 ft. MLLW at the NOS tidal gage at Sandy Hook at 536 pm EST on March 13th. This is .22 ft. above the moderate flooding benchmark. The Path Train was closed at Hoboken and Route 7 in 
2010,March,NEW JERSEY,UNION,Z,OKX,40.87,-72.86,0,0.00K,Water rose to 8.32 ft. MLLW at the NOS tidal gage at Sandy Hook at 536 pm EST on March 13th. This is .22 ft. above the moderate flooding benchmark.
2010,March,NEW YORK,NASSAU,Z,OKX,40.87,-72.86,0,0.00K,Water rose to 12.36 ft. MLLW at the NOS tidal gage at Kings Point at 10 pm EST on March 13th. This is 1.86 ft. above the moderate flooding benchmark. Water rose to 6.21 ft. MLLW at the USGS gage at Fr
2010,March,MASSACHUSETTS,EASTERN ESSEX,Z,BOX,41.96,-71.13,0,0.00K,"Several streets in coastal Salem, Marblehead, Salisbury, Newburyport, and Swampscott were flooded with seawater during high tide.  This included the traffic circle at Lynn Shore Drive and Nahant Road "
2010,March,NEW JERSEY,HUDSON,Z,OKX,40.87,-72.86,0,0.00K,Route 7 in Kearney was closed in both directions due to tidal flooding on the morning of March 29th.
2010,March,NEW YORK,NORTHWEST SUFFOLK,Z,OKX,40.87,-72.86,0,0.00K,"Water rose to 11.92 ft. MLLW at the USGS gage at Frost Creek at Lattingtown at 936 pm EST on March 13th. That is .82 ft. above the moderate flooding benchmark.  In addition, the Asharoken Causeway was"
2010,March,MAINE,COASTAL YORK,Z,GYX,43.89,-70.26,0,7.50K,A developing storm retrograded into the Gulf of Maine from the Atlantic producing seas of 9 to 16 ft. and a storm surge of over a foot. Splash-over was significant enough on Water Street to close the 
2010,March,MASSACHUSETTS,EASTERN PLYMOUTH,Z,BOX,41.96,-71.13,0,0.00K,"Peggotty Beach Road in Scituate was flooded, blocking access to the beach.  Edward Foster, Turner, and Egypt Beach Roads, and 7th and Central Avenues were flooded with seawater as well as ocean debris"
2010,March,MASSACHUSETTS,EASTERN ESSEX,Z,BOX,41.96,-71.13,0,0.00K,Portions of Penzance Road in Rockport were washed over with rocks and other ocean debris.  Some of the rocks weighed nearly 40 pounds.
2010,March,MASSACHUSETTS,SUFFOLK,Z,BOX,41.96,-71.13,0,0.00K,Revere Beach and Winthrop Parkway were closed due to flooding.  Rocks and other ocean debris could be found on Revere Beach Boulevard.  Sand up to two inches deep was found on Leverett Avenue in Rever
2010,March,VIRGINIA,ARLINGTON,Z,LWX,38.98,-77.47,0,,Moderate coastal flooding was observed near Arlington.
2010,March,MARYLAND,SOUTHERN BALTIMORE,Z,LWX,38.98,-77.47,0,,A gage indicated that water levels surpassed thresholds for minor coastal flooding near the Chesapeake Bay in southern Baltimore County.
2010,June,LOUISIANA,VERMILION,Z,LCH,30.13,-93.22,0,0.00K,Freshwater Canal Locks NOS Tide Gauge measured a sharp water level rise from 3.41 feet MLLW at 12:12Z to 5.87 feet MLLW at 12:54Z. The water level then fell to 2.24 feet MLLW at 13:18Z.
2010,June,LOUISIANA,CAMERON,Z,LCH,30.13,-93.22,0,0.00K,Calcasieu Pass NOS Tide Gauge measured a sharp 3.12 foot water level rise in 30 minutes. The water level rose from 1.07 feet MLLW at 1400Z to 4.19 feet MLLW at 1430Z. The water level then fell to 2.78
2010,June,LOUISIANA,CAMERON,Z,LCH,30.13,-93.22,0,2.00K,Cameron Parish Sheriff Office reported Highway 82 was flooded and impassable in downtown Cameron.
2010,June,LOUISIANA,VERMILION,Z,LCH,30.13,-93.22,0,0.00K,Freshwater Canal Locks NOS Tide Gauge measured a sharp water level rise from 3.17 feet MLLW at 17:36Z to 5.54 feet MLLW at 17:48Z. The water level then fell to 2.72 feet MLLW at 18:06Z.
2010,June,MISSISSIPPI,HANCOCK,Z,LIX,29.75,-89.82,0,0.00K,"Minor coastal flooding was reported along Beach Boulevard and other roads near Waveland Marina. The tide gage at Wavelend reached 3.9 ft MLLW, about 2 feet above normal levelsl."
2010,July,LOUISIANA,CAMERON,Z,LCH,30.13,-93.22,0,0.00K,"Calcasieu Pass NOS Tide Gauge measured a peak high tide level of 3.75 feet at 730 AM CDT on July 7, and another peak high tide level of 3.67 feet at 130 AM CDT on July 8. Tide levels were above 3 feet"
2010,September,ALASKA,NORTHERN ARCTIC COAST,Z,AFG,64.51,-165.42,0,0.00K,
2010,September,PUERTO RICO,NORTHEAST,Z,SJU,18.43,-66.02,0,0.00K,The coastal road along La Pared sector of Luquillo near the Sandy Hills Condo was occasionally flooded by the breaking swells. Several body surfers had to be rescued since they could not paddle back t
2010,September,VIRGIN ISLANDS,ST. CROIX,Z,SJU,18.43,-66.02,0,0.00K,Damage to several shops at the Hibiscus and Palms resorts across northeastern sections of Saint Croix due to coastal flooding.
2010,October,WASHINGTON,SOUTH COAST,Z,PQR,45.56,-122.98,0,150.00K,A storm surge occurred at high tide at Washaway Beach (near Cape Shoalwater) and consumed a beach cabin.
2010,October,SOUTH CAROLINA,BEAUFORT,Z,CHS,32.9,-80.03,0,,A State Park employee reported that Cabin Road in Hunting Island State Park was closed due to water on the road.
2010,October,MARYLAND,CHARLES,Z,LWX,38.98,-77.47,0,0.00K,Several roads were closed due to tidal inundation.  Shirley Blvd. was closed at Port Tobacco Lakes.  Saunders Marine Place was closed in Charleston Creek.  Cobb Island Road was closed on Cobb island.
2010,September,MARYLAND,ANNE ARUNDEL,Z,LWX,38.98,-77.47,0,0.00K,Gauge at Annapolis measured positive tidal anomaly of 3.5 feet in magnitude. Flooding was observed along businesses on the Annapolis city dock.
2010,October,MARYLAND,ANNE ARUNDEL,Z,LWX,38.98,-77.47,0,0.00K,Gauge at Annapolis measured positive tidal anomaly of 3.5 feet in magnitude. Flooding was observed along businesses on the Annapolis city dock.
2013,December,MASSACHUSETTS,EASTERN PLYMOUTH,Z,BOX,41.96,-71.13,0,0.00K,Minor coastal flooding occurred resulting in some ocean debris on a road in Scituate.  Minor coastal flooding reached a depth of six inches at the intersection of G Street and Central Avenue in Hull.
2013,December,MASSACHUSETTS,EASTERN NORFOLK,Z,BOX,41.96,-71.13,0,0.00K,Jerusalem Road in Cohasset was closed due to minor coastal flooding.
2013,July,SOUTH CAROLINA,CHARLESTON,Z,CHS,32.9,-80.03,0,0.00K,The Charleston Branch Pilots Office on Concord Street in Downtown Charleston reported a small amount of salt water overflowing into their parking lot. The tide peaked at 6.95 feet at 9:18 pm.
2013,August,SOUTH CAROLINA,CHARLESTON,Z,CHS,32.9,-80.03,0,0.00K,"The public reports shallow salt water flooding in the Shem Creek parking lot. The Charleston Harbor tide gage recorded a maximum tide level of 7.18 feet, mean lower low water, at 5:30 pm EST."
2013,August,SOUTH CAROLINA,CHARLESTON,Z,CHS,32.9,-80.03,0,0.00K,"Several inches of salt water reported on East Bay Street. The Charleston Harbor tide gage recorded a maximum tide level of 7.18 feet, mean lower low water, at 5:30 pm EST."
2013,August,GEORGIA,COASTAL CHATHAM,Z,CHS,32.9,-80.03,0,0.00K,"The Houlihan boat ramp near Port Wentworth was completely covered with water from the Savannah River, some of which was flowing into the nearby parking lot. The Fort Pulaski tide gage recorded a maxim"
2013,August,SOUTH CAROLINA,CHARLESTON,Z,CHS,32.9,-80.03,0,0.00K,A post on social media reported salt water on East Bay Street and Morrison Drive between the Huger Street intersection and the on ramp to the Ravenel Bridge. The Charleston Harbor tide gage recorded a
2013,October,FLORIDA,DUVAL,Z,JAX,30.49,-81.7,0,,The NOS tidal station at Mayport measured an elevated water level of 6.69 feet MLLW which was 1.11 ft above predicted levels. Minor flooding typically begins at 6.4 ft MLLW.
2013,October,VIRGINIA,MATHEWS,Z,AKQ,36.98,-76.49,0,0.00K,Tidal anomalies of 2.5 feet produced moderate flooding along the western coast of the Chesapeake Bay. Windmill Point recorded a maximum storm tide of 3.8 feet mean lower low water.
2013,October,VIRGINIA,MIDDLESEX,Z,AKQ,36.98,-76.49,0,0.00K,Tidal anomalies of 2.5 feet produced moderate flooding along the western coast of the Chesapeake Bay. Windmill Point recorded a maximum storm tide of 3.8 feet mean lower low water.
2013,October,FLORIDA,DUVAL,Z,JAX,30.49,-81.7,0,,Minor coastal flooding was reported in the Springfield Area of Jacksonville due to tidal flooding on Hogans Creek. Portions of roads were closed on Confederate Street between Hubbard and Liberty Stree
2013,October,FLORIDA,DUVAL,Z,JAX,30.49,-81.7,0,,The NOS tidal Station at Mayport measured an elevated water level of 6.7 feet MLLW which was 1.1 Ft above normal. Minor flooding typically begins at 6.4 feet.
2013,September,TEXAS,NUECES,Z,CRP,27.78,-97.51,0,0.00K,KIII-TV in Corpus Christi reported minor coastal flooding occurred at North Beach as |several roadways were covered with water.
2013,October,MARYLAND,ST. MARY'S,Z,LWX,38.98,-77.47,0,,High water was reported on roads in St Georges Island.
2013,May,SOUTH CAROLINA,CHARLESTON,Z,CHS,32.9,-80.03,0,0.00K,The public reported a flooded parking lot at the Holiday Inn Express near the intersection of Spring Street and Lockwood Drive.
2013,May,SOUTH CAROLINA,CHARLESTON,Z,CHS,32.9,-80.03,0,0.00K,Law enforcement reported flooding at the intersection of Washington Street and Society Drive. The road was closed at that location.
2013,May,SOUTH CAROLINA,CHARLESTON,Z,CHS,32.9,-80.03,0,0.00K,The public reported flooding near the intersection of East Bay Street and Jackson Street.
2013,November,ALASKA,CHUKCHI SEA COAST,Z,AFG,64.51,-165.42,0,10.00K,
2013,November,ALASKA,SRN SEWARD PENINSULA COAST,Z,AFG,64.51,-165.42,0,0.00K,
2013,November,ALASKA,ERN NORTON SOUND NULATO HILLS,Z,AFG,64.51,-165.42,0,40.00K,
2013,November,ALASKA,YUKON DELTA,Z,AFG,64.51,-165.42,0,100.00K,
2013,November,ALASKA,BALDWIN PEN. & SELAWIK VALLEY,Z,AFG,64.51,-165.42,0,0.00K,
2013,November,ALASKA,NRN & INTR. SEWARD PENINSULA,Z,AFG,64.51,-165.42,0,0.00K,
2013,November,ALASKA,NORTHERN ARCTIC COAST,Z,AFG,64.51,-165.42,0,0.00K,
2013,November,ALASKA,ST LAWRENCE IS. BERING STRAIT,Z,AFG,64.51,-165.42,0,100.00K,
2013,November,ALASKA,SRN SEWARD PENINSULA COAST,Z,AFG,64.51,-165.42,0,0.00K,
2013,November,ALASKA,ERN NORTON SOUND NULATO HILLS,Z,AFG,64.51,-165.42,0,0.00K,
2013,November,ALASKA,YUKON DELTA,Z,AFG,64.51,-165.42,0,0.00K,
2013,November,FLORIDA,DUVAL,Z,JAX,30.49,-81.7,0,,The NOS tidal station at Mayport measured an elevated water level of 6.52 ft relative to MLLW which was 0.56 ft above the predicted level. Minor coastal flooding typically begins at 6.4 ft MLLW.
2013,November,FLORIDA,DUVAL,Z,JAX,30.49,-81.7,0,,The NOS station at Mayport measured 6.37 ft relative to MLLW which was 0.43 ft above predicted levels.
2013,November,FLORIDA,NASSAU,Z,JAX,30.49,-81.7,0,,The NOS tide gauge Fernandina Beach measured a water level of 8.04 ft relative to MLLW which was 0.28 ft above the predicted level.
2013,November,ALASKA,KUSKOKWIM DELTA,Z,AFC,64.81,-147.72,0,0.00K,
2013,May,FLORIDA,DUVAL,Z,JAX,30.49,-81.7,0,,Water was overflowing the docks at the Fort George Island Docks. The NOS Tidal Station at Mayport measured an elevated water level of 6.58 ft MLLW which was 1.75 ft above predicted levels. Minor flood
2013,November,LOUISIANA,ORLEANS,Z,LIX,29.75,-89.82,0,0.00K,Minor coastal flooding was reported on Lakeshore Drive near Canal Street and the Mardi Gras Fountain.
2013,November,LOUISIANA,ST. TAMMANY,Z,LIX,29.75,-89.82,0,0.00K,Minor tidal flooding was reported along Lakeshore Drive in Mandeville.
2013,March,MASSACHUSETTS,EASTERN NORFOLK,Z,BOX,41.96,-71.13,0,75.00K,"In Cohasset, several houses on Beach Street were flooded above the basement level.  The parking lot at Sandy Beach was flooded.  Atlantic Avenue, Jerusalem Road, Stockbridge, Bow, and Margin Streets w"
2013,March,MASSACHUSETTS,DUKES,Z,BOX,41.96,-71.13,0,0.00K,"Beach Road in Oak Bluffs was undermined near Farm Pond Road at the end of the seawall.  East Chop Drive was flooded with water, rocks, and other ocean debris."
2013,January,PUERTO RICO,NORTHEAST,Z,SJU,18.43,-66.02,0,0.00K,Road PR-187 was closed due to coastal flooding along Vacia Talega area.
2013,March,NORTH CAROLINA,EASTERN DARE,Z,MHX,34.78,-76.88,0,0.00K,Water levels reported 4 to 5 feet above normal due to sound-side flooding near Hatteras Village. Numerous roads were reported flooded and closed.
2013,May,MAINE,COASTAL CUMBERLAND,Z,GYX,43.89,-70.26,0,10.00K,High astronomical tides combined with moderate seas and developing low pressure to produce coastal flooding in Portland. Flooding occurred along the wharfs and adjacent side streets in Portland.
2013,May,MAINE,COASTAL WALDO,Z,GYX,43.89,-70.26,0,1.00K,High astronomical tides combined with moderate seas and developing low pressure to produce coastal flooding in Belfast. Flooding occurred at the City Landing in Belfast.
2013,May,NEW HAMPSHIRE,COASTAL ROCKINGHAM,Z,GYX,43.89,-70.26,0,15.00K,High astronomical tides combined with moderate seas and developing low pressure to produce coastal flooding in coastal Rockingham County. Flooding occurred on several of the lower back roads in Hampto
2013,May,MAINE,COASTAL YORK,Z,GYX,43.89,-70.26,0,7.50K,High astronomical tides combined with moderate seas and developing low pressure to produce coastal flooding in the Saco and York areas of coastal York County. Minor erosion and splash-over occurred al
2013,March,MASSACHUSETTS,EASTERN ESSEX,Z,BOX,41.96,-71.13,0,1.00M,"In Marblehead, a parking lot at Devereux Beach was under a foot of fast moving water and overwash.  Atlantic Avenue was closed near the Swampscott line due to coastal flooding and large debris in the "
2013,February,MASSACHUSETTS,SUFFOLK,Z,BOX,41.96,-71.13,0,30.00K,"In Revere, Pines Road was inundated by ocean water.  Winthrop Parkway experienced splashover with ocean debris in the road.  In Winthrop, Shirley Street, Tafts Avenue, and Winthrop Shore Drive were fl"
2013,March,MASSACHUSETTS,SUFFOLK,Z,BOX,41.96,-71.13,0,0.00K,"In Boston, Morrissey Boulevard was closed in both directions from the University of Massachusetts Boston campus to Freeport Street.  Exit 14 from Interstate 93 northbound was closed due to the floodin"
2013,February,CONNECTICUT,SOUTHERN NEW HAVEN,Z,OKX,40.87,-72.86,0,0.00K,The NOS tidal gauge in New Haven recorded a water level of 9.22 feet MLLW during the morning high tide cycle on February 27th. This is .02 foot above the threshold for moderate coastal flooding establ
2013,February,CONNECTICUT,SOUTHERN FAIRFIELD,Z,OKX,40.87,-72.86,0,0.00K,"Two to three feet of inundation was experienced in the parking lot of the Birdseye Marina in Stratford, along the Housatonic River on the morning of February 27th. In the same area, a car became stran"
2013,February,NEW YORK,NORTHERN NASSAU,Z,OKX,40.87,-72.86,0,0.00K,The NOS tidal gauge in Kings Point recorded a water level of 10.80 feet MLLW during the late morning into early afternoon high tide cycle on February 27th. This is .30 foot  above the threshold for mo
2013,February,NEW JERSEY,HUDSON,Z,OKX,40.87,-72.86,0,0.00K,Fishouse House Road in Kearney was flooded and impassable to traffic due to inundation from the Hackensack River. Emergency management reported cars stuck in the water.
2013,February,NEW YORK,NORTHERN QUEENS,Z,OKX,40.87,-72.86,0,0.00K,The NOS tidal gauge in Kings Point recorded a water level of 10.80 feet MLLW during the late morning into early afternoon high tide cycle on February 27th. This is .30 foot above the threshold for mod
2013,February,NEW YORK,SOUTHEAST SUFFOLK,Z,OKX,40.87,-72.86,0,0.00K,The USGS tidal gauge in Riverhead recorded a water level of 6.1 feet MLLW during the early afternoon high tide cycle on February 27th. This is at the threshold for moderate coastal flooding establishe
2013,February,NEW YORK,NORTHEAST SUFFOLK,Z,OKX,40.87,-72.86,0,0.00K,The USGS tidal gauge in Riverhead recorded a water level of 6.1 feet MLLW during the early afternoon high tide cycle on February 27th. This is at the threshold for moderate coastal flooding establishe
2013,March,NEW JERSEY,HUDSON,Z,OKX,40.87,-72.86,0,0.00K,Route 7 and Fishouse House Road in Kearney were flooded and impassable to traffic due to inundation from the Hackensack River. Emergency management reported cars stuck in the water with water rescues 
2013,March,NEW YORK,SOUTHWEST SUFFOLK,Z,OKX,40.87,-72.86,0,0.00K,The USGS tidal gauge in Lindenhurst recorded a water level of 3.9 ft. MLLW during the early morning high tide cycle on March 9th. This is .1 ft. above the threshold for moderate coastal flooding estab
2013,February,MASSACHUSETTS,EASTERN ESSEX,Z,BOX,41.96,-71.13,0,5.80M,"In Salisbury, coastal flooding resulted in structural damage to the ocean side of a building on North End Boulevard.  This road was flooded from #170 to #250 resulting in the mandatory evacuation of a"
2013,February,MASSACHUSETTS,NANTUCKET,Z,BOX,41.96,-71.13,0,100.00K,Easy and Washington Streets were flooded up to three feet deep.  Water up to two feet deep came up to a couple of houses on Beach Street.  Wauwinet Road near Eat Fire Springs Road flooded.  Water was 
2013,February,MASSACHUSETTS,EASTERN NORFOLK,Z,BOX,41.96,-71.13,0,500.00K,"In Cohasset, Atlantic Avenue, Oceanside Drive, and the causeway (Summit Avenue) at Jerusalem Road were flooded.  Water one to two feet deep reached up to a couple of houses on Beach Street.  In Hull, "
2013,February,MASSACHUSETTS,EASTERN PLYMOUTH,Z,BOX,41.96,-71.13,0,9.20M,"In Plymouth, Warren Avenue was flooded near the entrance to the beach.  A road near the north end of White Horse Beach was washed over with two feet of sand.  A house on Taylor Avenue was completely d"
2013,March,NEW YORK,SOUTHEAST SUFFOLK,Z,OKX,40.87,-72.86,0,0.00K,The USGS tidal gauge in Riverhead recorded a water level of 6.1 ft. MLLW during the March 7th morning high tide cycle. This is at the threshold for moderate coastal flooding established by the Nationa
2013,March,NEW YORK,SOUTHERN NASSAU,Z,OKX,40.87,-72.86,0,0.00K,The USGS tidal gauge in Hudson Bay at Freeport recorded a water level of 6.0 ft. MLLW during the early morning high tide cycle on March 7th. This is .2 ft. above the threshold for moderate coastal flo
2013,March,NEW YORK,NORTHEAST SUFFOLK,Z,OKX,40.87,-72.86,0,0.00K,The USGS tidal gauge in Riverhead recorded a water level of 6.1 ft. MLLW during the March 7th morning high tide cycle. This is at the threshold for moderate coastal flooding established by the Nationa
2013,March,NEW YORK,SOUTHWEST SUFFOLK,Z,OKX,40.87,-72.86,0,0.00K,The USGS tidal gauge in Lindenhurst recorded a water level of 3.8 ft. MLLW during the evening high tide cycle on March 9th. This is at the threshold for moderate coastal flooding established by the Na
2013,February,MASSACHUSETTS,BARNSTABLE,Z,BOX,41.96,-71.13,0,5.30M,"In Sandwich, private and public access stairs leading to the beach were washed away.  Water flowed around and under buildings, damaging at least four houses.  One of the houses foundation was undermin"
2013,March,NEW YORK,SOUTHERN QUEENS,Z,OKX,40.87,-72.86,0,0.00K,The USGS tidal gauge in Hudson Bay at Freeport recorded a water level of 6.2 ft. MLLW during the early morning high tide cycle on March 9th. This is .4 ft. above the threshold for moderate coastal flo
2013,March,NEW YORK,SOUTHERN NASSAU,Z,OKX,40.87,-72.86,0,0.00K,The USGS tidal gauge in Hudson Bay at Freeport recorded a water level of 6.0 ft. MLLW during the evening high tide cycle on March 9th. This is .2 ft. above the threshold for moderate coastal flooding 
2013,March,PUERTO RICO,NORTHWEST,Z,SJU,18.43,-66.02,0,0.00K,Barrio Bajuras at road 485 in Camuy was reported flooded.
2013,March,DELAWARE,DELAWARE BEACHES,Z,PHI,39.86,-74.46,0,0.00K,
2013,March,DELAWARE,INLAND SUSSEX,Z,PHI,39.86,-74.46,0,0.00K,
2013,March,DELAWARE,DELAWARE BEACHES,Z,PHI,39.86,-74.46,0,50.00K,
2013,March,DELAWARE,INLAND SUSSEX,Z,PHI,39.86,-74.46,0,25.00K,
2013,March,DELAWARE,KENT,Z,PHI,39.86,-74.46,0,25.00K,
2013,March,NEW JERSEY,EASTERN ATLANTIC,Z,PHI,39.86,-74.46,0,500.00K,
2013,March,NEW JERSEY,WESTERN ATLANTIC,Z,PHI,39.86,-74.46,0,10.00K,
2013,March,NEW JERSEY,EASTERN CAPE MAY,Z,PHI,39.86,-74.46,0,10.00K,
2013,March,NEW JERSEY,WESTERN CAPE MAY,Z,PHI,39.86,-74.46,0,10.00K,
2013,March,NEW JERSEY,EASTERN OCEAN,Z,PHI,39.86,-74.46,0,100.00K,
2013,March,NEW JERSEY,WESTERN OCEAN,Z,PHI,39.86,-74.46,0,10.00K,
2013,March,NEW JERSEY,WESTERN MONMOUTH,Z,PHI,39.86,-74.46,0,10.00K,
2013,March,NEW JERSEY,MIDDLESEX,Z,PHI,39.86,-74.46,0,10.00K,
2013,March,NEW JERSEY,SOUTHEASTERN BURLINGTON,Z,PHI,39.86,-74.46,0,10.00K,
2013,March,NEW JERSEY,EASTERN MONMOUTH,Z,PHI,39.86,-74.46,0,75.00K,
2013,March,NEW JERSEY,WESTERN CAPE MAY,Z,PHI,39.86,-74.46,0,0.00K,
2013,March,MASSACHUSETTS,BARNSTABLE,Z,BOX,41.96,-71.13,0,250.00K,"Sandwich experienced the majority of the coastal flooding on Cape Cod.  The Sandwich Boardwalk was flooded.  At Sandwich Marina, water was up to the harbormaster shack.  Foster Road, Spring Hill Road,"
2013,March,MASSACHUSETTS,EASTERN PLYMOUTH,Z,BOX,41.96,-71.13,0,500.00K,"In Plymouth, Route 3A was closed between Cliff Street and Clifford Road due to flooding.  A septic system was exposed on the seaward side of Taylor Avenue because of erosion.  Warren Avenue near the B"
2013,March,MASSACHUSETTS,NANTUCKET,Z,BOX,41.96,-71.13,0,25.00K,"Hulbert Avenue, Washington, Broad, Easton, and Easy Streets were flooded and impassable.  Sheep Pond Road was flooded and water eroded the foundation of a building."
2013,March,NEW JERSEY,EASTERN ATLANTIC,Z,PHI,39.86,-74.46,0,0.00K,
2013,March,NEW JERSEY,EASTERN MONMOUTH,Z,PHI,39.86,-74.46,0,0.00K,
2013,March,NEW JERSEY,EASTERN OCEAN,Z,PHI,39.86,-74.46,0,0.00K,
2013,March,VIRGINIA,ACCOMACK,Z,AKQ,36.98,-76.49,0,10.00K,Rising water levels resulted in moderate coastal flooding along the coastal side of Accomack County. The Chincoteague Causeway (Highway 175) was impassable due to two feet of water over the roadway. N
2013,March,NEW JERSEY,EASTERN CAPE MAY,Z,PHI,39.86,-74.46,0,0.00K,
2013,February,NEW YORK,SOUTHERN NASSAU,Z,OKX,40.87,-72.86,0,0.00K,The USGS tidal gauge in Hudson Bay at Freeport recorded a water level of 5.81 ft. MLLW during the early morning high tide cycle on Saturday February 9th. This is .01 ft. above the threshold for modera
2013,March,NEW JERSEY,WESTERN OCEAN,Z,PHI,39.86,-74.46,0,0.00K,
2013,February,NEW YORK,NORTHEAST SUFFOLK,Z,OKX,40.87,-72.86,0,0.00K,The USGS tidal gauge in Riverhead recorded a water level of 6.25 ft. MLLW during the Friday Night high tide cycle on February 8th. This is .15 ft. above the threshold for moderate coastal flooding est
2013,February,NEW YORK,SOUTHEAST SUFFOLK,Z,OKX,40.87,-72.86,0,0.00K,The USGS tidal gauge in Riverhead recorded a water level of 6.25 ft. MLLW during the Friday Night high tide cycle on February 8th. This is .15 ft. above the threshold for moderate coastal flooding est
2013,March,NEW JERSEY,WESTERN ATLANTIC,Z,PHI,39.86,-74.46,0,0.00K,
2013,March,NEW JERSEY,SOUTHEASTERN BURLINGTON,Z,PHI,39.86,-74.46,0,0.00K,
2013,May,SOUTH CAROLINA,CHARLESTON,Z,CHS,32.9,-80.03,0,0.00K,An off duty National Weather Service employee reported six to eight inches of saltwater flooding in a parking lot near the intersection of East Bay Street and Highway 17.
2013,December,MAINE,COASTAL YORK,Z,GYX,43.89,-70.26,0,25.00K,Storm force winds combined with 20 foot seas to cause coastal flooding at the time of high tide in coastal York County. Significant erosion and splash-over occured in Saco where water surrounded a com
2013,January,CALIFORNIA,SAN DIEGO COUNTY COASTAL AREAS,Z,SGX,32.85,-117.11,0,0.00K,"NBC 7 reported waves flooding streets over Camino del Oro and Avenida de la Playa in La Jolla around 0730 PST, during the time of high tide. High tide that morning was just under 7 and a half feet."
2013,October,VIRGINIA,LANCASTER,Z,AKQ,36.98,-76.49,0,0.00K,Tidal anomalies of 2.5 feet produced moderate flooding along the western coast of the Chesapeake Bay. Windmill Point recorded a maximum storm tide of 3.8 feet mean lower low water.
2013,September,TEXAS,KLEBERG,Z,CRP,27.78,-97.51,0,0.00K,Beaches along Padre Island National Seashore were closed to driving due to high water levels.
2013,October,TEXAS,BRAZORIA,Z,HGX,29.47,-95.08,0,0.00K,Tropical Storm Karen produced minor coastal flooding. There was wave run up on Beach Drive in Surfside Beach. Bryan Beach in Quintana was closed due to wave run up onto the dunes.
2013,November,FLORIDA,NASSAU,Z,JAX,30.49,-81.7,0,,The NOS tidal station at Fernandina Beach measured an elevated water level of 8.59 ft relative to MLLW which was 0.75 ft above the predicted level. Minor coastal flooding at this location typically be
2012,October,PUERTO RICO,NORTHWEST,Z,SJU,18.43,-66.02,0,,Large and long period swell flooded calle Marina in the municipality of Aguadilla. Local Schools were dismissed due to the traffic interrumption.
2012,October,PUERTO RICO,NORTHEAST,Z,SJU,18.43,-66.02,0,,Large and long period northwest swell flooded the road PR-187 in the Vacia Talega sector in the municipality of Loiza.
2012,November,SOUTH CAROLINA,CHARLESTON,Z,CHS,32.9,-80.03,0,0.00K,Salt water flooding has resulted in Church Street being closed near Mill Street. Flooding also reported in the parking lot of RB's restaurant.
2012,December,CALIFORNIA,COASTAL NORTH BAY INCLUDING POINT REYES NATIONAL SEASHORE,Z,MTR,37.52,-122.04,0,0.00K,Streets in Mill Valley were flooded at the time of high tide during the King Tide.
2012,February,NORTH CAROLINA,EASTERN DARE,Z,MHX,34.78,-76.88,0,0.00K,Water level increase of two to three feet on sound side of Hatteras Island. Portions of Highway 12 flooded between Salvo and Hatteras.
2012,December,CALIFORNIA,COASTAL NORTH BAY INCLUDING POINT REYES NATIONAL SEASHORE,Z,MTR,37.52,-122.04,0,0.00K,Minor coastal flooding in Marin County at the time of the King Tide caused Highway 1 to be closed at the time of high tide.
2012,October,MARYLAND,SOUTHERN BALTIMORE,Z,LWX,38.98,-77.47,0,0.00K,
2012,October,DISTRICT OF COLUMBIA,DISTRICT OF COLUMBIA,Z,LWX,38.98,-77.47,0,0.00K,Coastal flooding occurred at the Wisconsin Ave gauge.
2012,October,DISTRICT OF COLUMBIA,DISTRICT OF COLUMBIA,Z,LWX,38.98,-77.47,0,0.00K,Coastal flooding occurred at the Washington Channel gauge.
2012,December,WASHINGTON,SAN JUAN,Z,SEW,47.68,-122.25,0,0.00K,Coastal flooding.
2012,November,SOUTH CAROLINA,COASTAL HORRY,Z,ILM,34.3,-77.88,0,,High water covered neighborhood streets in North Myrtle Beach on photos from Cherry Grove taken by a WBTW photographer.
2012,November,NORTH CAROLINA,COASTAL NEW HANOVER,Z,ILM,34.3,-77.88,0,,High water closed portions of Canal Drive on the north side of Carolina Beach.
2012,November,SOUTH CAROLINA,CHARLESTON,Z,CHS,32.9,-80.03,0,0.00K,Roads reported closed due to salt water flooding at the intersection of Morrison Drive and Jackson Street.
2012,November,SOUTH CAROLINA,CHARLESTON,Z,CHS,32.9,-80.03,0,0.00K,Local law enforcement reports that the roads have been closed due to salt water flooding at the intersection of State Street and South Market Street.
2012,November,NORTH CAROLINA,COASTAL BRUNSWICK,Z,ILM,34.3,-77.88,0,,High water was observed covering the road and parking lot on the webcam at the Fishy Fishy Cafe.
2012,November,NORTH CAROLINA,COASTAL NEW HANOVER,Z,ILM,34.3,-77.88,0,,The downtown Wilmington river gauge peaked above flood stage at 6.05 feet MLLW.
2012,October,MARYLAND,ST. MARY'S,Z,LWX,38.98,-77.47,0,0.00K,Video evidence of a submerged road and a couple of surrounded homes on Oct 28th at http://lexleader.net/hurricane-sandys-1st-high-tide-st-george-island/.  Will be inferring a moderate event between ap
2012,June,FLORIDA,COASTAL COLLIER COUNTY,Z,MFL,25.61,-80.41,0,70.00K,Persistent and strong southerly winds pushed water onshore over southern Collier County in the Everglades City area. Minor flooding occurred over several consecutive high tide cycles beginning on June
2012,June,MASSACHUSETTS,EASTERN ESSEX,Z,BOX,41.96,-71.13,0,0.00K,Tenth Street in Salisbury was flooded for 100 feet with seawater.  Essex Avenue in Gloucester was flooded to the edge of the street.  Causeway Street in Gloucester was flooded with a few inches of sea
2012,June,MASSACHUSETTS,EASTERN PLYMOUTH,Z,BOX,41.96,-71.13,0,40.00K,"Lighthouse Road, Bailey's Causeway, and Cole Parkway in Scituate were closed due to moderate coastal flooding.  Seventh and Central Avenues, Edwards Foster, Oceanside, Turner, Rebecca, Glades, and Sur"
2012,June,SOUTH CAROLINA,CHARLESTON,Z,CHS,32.9,-80.03,0,0.00K,The media reported East Bay Street and Morrison Drive closed due to high water. Water depth was half way up the tires.  A maximum tide level of 7.85 feet mllw was measured at the Charleston Harbor tid
2012,June,GEORGIA,COASTAL CHATHAM,Z,CHS,32.9,-80.03,0,0.00K,An emergency manager reported Highway 80 closed due to knee deep water covering the road.  A maximum tide level of 9.76 feet mllw was measured at the Fort Pulaski tide gage.
2012,June,MASSACHUSETTS,SUFFOLK,Z,BOX,41.96,-71.13,0,0.00K,"Morrissey Boulevard in Boston was closed due to minor coastal flooding.  Also, the Long Wharf area was flooded with fourteen to sixteen inches of water and flooding the Charthouse Restaurant.  In Reve"
2012,June,MASSACHUSETTS,BARNSTABLE,Z,BOX,41.96,-71.13,0,0.00K,"The docks and the harbormaster's office at Sandwich marina were flooded.  Also in Sandwich, portions of Dexter Avenue, Wood Avenue, Spring Hill Beach, Boardwalk Road, and Foster Road were flooded.  On"
2012,June,MASSACHUSETTS,EASTERN ESSEX,Z,BOX,41.96,-71.13,0,0.00K,Commercial Street in Salem was flooded from end to end with 21 inches of water at its deepest point.  Several inches of water flooded Lee Fort Terrace.  Columbus Avenue was flooded with six to seven i
2012,May,SOUTH CAROLINA,CHARLESTON,Z,CHS,32.9,-80.03,0,0.00K,East Bay Street flooded and closed by Charleston City Police. Both north and south bound lanes flooded. The tide gage in the Charleston Harbor reached 7.98 feet mean lower low water at 1018 pm.
2012,May,PUERTO RICO,CENTRAL INTERIOR,Z,SJU,18.43,-66.02,0,0.00K,Mudslide triggered by heavy rainfall in Urb. El Poli near Road 159 in the municipality of Corozal.
2012,June,MASSACHUSETTS,SUFFOLK,Z,BOX,41.96,-71.13,0,0.00K,"In Boston, Morrissey Boulevard was closed in both directions due to minor coastal flooding.  In addition, exit 14 on Interstate 93 Northbound was closed due to minor coastal flooding.  John Avenue in "
2012,June,MASSACHUSETTS,EASTERN ESSEX,Z,BOX,41.96,-71.13,0,30.00K,Moderate coastal flooding impacted Salem.  Water spilled over the sidewalks and onto Columbus Avenue.  Several inches of seawater flowed over Bay View Avenue and Lee Fort Terrace.  Commercial Street w
2012,June,MARYLAND,ANNE ARUNDEL,Z,LWX,38.98,-77.47,0,,Water levels reached thresholds for moderate coastal flooding at Annapolis.
2012,June,MASSACHUSETTS,EASTERN NORFOLK,Z,BOX,41.96,-71.13,0,0.00K,"Moderate coastal flooding impacted Quincy and Weymouth.  The Kennedy Center parking lot at East Squantum Street and Victory Road in Quincy was flooded with several inches of water.  In Weymouth, Fort "
2012,June,MASSACHUSETTS,BARNSTABLE,Z,BOX,41.96,-71.13,0,50.00K,"Sandy Neck Road in Barnstable was flooded and impassable due to minor coastal flooding.  Several cars were stuck in the floodwaters, including one that floated several feet down the road.  In Sandwich"
2012,June,MASSACHUSETTS,EASTERN PLYMOUTH,Z,BOX,41.96,-71.13,0,0.00K,Seventh Avenue at Oceanside Drive was impassable and parts of Hatherly Road were closed due to minor coastal flooding.
2012,June,MASSACHUSETTS,EASTERN NORFOLK,Z,BOX,41.96,-71.13,0,0.00K,One foot of water flooded the end of Sea Street in Weymouth.  Bow Street and Jerusalem Road in Cohasset were closed due to minor coastal flooding.
2012,June,MASSACHUSETTS,DUKES,Z,BOX,41.96,-71.13,0,0.00K,"Half of Main Street in Edgartown was flooded.  Also, the ferry ramp to the parking lot was flooded.  This was minor coastal flooding."
2012,November,SOUTH CAROLINA,COASTAL HORRY,Z,ILM,34.3,-77.88,0,,"High water was observed covering roads, sidewalks, and parking lots on a picture taken from Dunes Realty.  The tide at the Springmaid Pier peaked above flood stage at 8.26 feet MLLW."
2012,November,NORTH CAROLINA,COASTAL NEW HANOVER,Z,ILM,34.3,-77.88,0,,The tide gauge at the Johnny Mercer Pier peaked above flood stage|at 6.63 feet MLLW.
2012,October,MARYLAND,SOMERSET,Z,AKQ,36.98,-76.49,0,5.00M,Water levels reached 3.0 feet to 4.5 feet above normal adjacent to the Chesapeake Bay resulting in moderate to severe coastal flooding. The town of Crisfield experienced severe flooding...with some ar
2012,December,MARYLAND,SOMERSET,Z,AKQ,36.98,-76.49,0,100.00K,Water levels reached 3.0 feet to 4.0 feet above normal adjacent to the Chesapeake Bay resulting in moderate to severe coastal flooding. Most roads in Crisfield were flooded and impassable to small veh
2012,December,MARYLAND,DORCHESTER,Z,AKQ,36.98,-76.49,0,200.00K,Water levels reached 3.0 feet to 4.0 feet above normal adjacent to the Chesapeake Bay resulting in moderate to severe coastal flooding. Cambridge reached a tide height of 4.7 feet MLLW at high tide an
2012,October,MARYLAND,INLAND WORCESTER,Z,AKQ,36.98,-76.49,0,2.00M,"Water levels reached 3.0 feet to 4.0 feet above normal in the coastal bays west of Ocean City and Assateague. Several roads were closed by high water, and a number of homes were flooded."
2012,October,MARYLAND,DORCHESTER,Z,AKQ,36.98,-76.49,0,750.00K,Water levels reached 3.0 feet to 4.0 feet above normal adjacent to the Chesapeake Bay resulting in moderate to severe coastal flooding. Cambridge reached a tide height of 4.55 feet MLLW. Many roads in
2012,June,MAINE,COASTAL CUMBERLAND,Z,GYX,43.89,-70.26,0,5.00K,High astronomical tides combined with storm surge to produce coastal flooding in Portland.
2012,October,MARYLAND,MARYLAND BEACHES,Z,AKQ,36.98,-76.49,0,2.50M,Water levels reached 3.0 feet to 4.5 feet above normal adjacent to the Atlantic Ocean resulting in moderate to severe coastal flooding. Ocean City Inlet reached a tide height of 6.06 feet MLLW. Numero
2012,October,VIRGINIA,ACCOMACK,Z,AKQ,36.98,-76.49,0,6.00M,Water levels reached 3.0 feet to 5.0 feet above normal adjacent to the Chesapeake Bay and Atlantic Ocean resulting in moderate to severe coastal flooding. Wachapreague reached a tide height of 8.40 fe
2012,June,MAINE,SAGADAHOC,Z,GYX,43.89,-70.26,0,10.00K,High astronomical tides interacted with high water levels on the Kennbec River to cause coastal flooding in Bath.
2012,June,NEW HAMPSHIRE,COASTAL ROCKINGHAM,Z,GYX,43.89,-70.26,0,10.00K,High astronomical tides combined with an unusually strong late spring storm to produce coastal flooding in Coastal Rockingham County.
2012,June,MAINE,COASTAL YORK,Z,GYX,43.89,-70.26,0,5.00K,High astronomical tides combined with an unusually strong late spring storm to produce coastal flooding in coastal York County.
2012,June,MAINE,COASTAL CUMBERLAND,Z,GYX,43.89,-70.26,0,2.50K,High astronomical tides combined with an unusually strong late spring storm to produce coastal flooding in coastal Cumberland County.
2012,March,LOUISIANA,WEST CAMERON,Z,LCH,30.13,-93.22,0,0.00K,Strong persistent south winds pushed water into low coastal areas. The water reached the highest points during the late afternoon at high tide and again when the line of storms passed. Highway 82 betw
2012,May,GEORGIA,COASTAL CHATHAM,Z,CHS,32.9,-80.03,0,0.00K,Highway 80 was closed due to salt water flooding. The report from law enforcement was relayed by a local television station via social media. The tide gage at Fort Pulaski peaked at 9.9 feet mean lowe
2012,October,NEW JERSEY,GLOUCESTER,Z,PHI,39.86,-74.46,0,1.00M,
2012,October,NEW JERSEY,SALEM,Z,PHI,39.86,-74.46,0,7.00M,
2012,October,NEW JERSEY,CUMBERLAND,Z,PHI,39.86,-74.46,0,10.00M,
2012,October,NEW JERSEY,WESTERN CAPE MAY,Z,PHI,39.86,-74.46,0,50.00M,
2012,October,NEW JERSEY,EASTERN CAPE MAY,Z,PHI,39.86,-74.46,0,125.00M,
2012,October,NEW JERSEY,EASTERN ATLANTIC,Z,PHI,39.86,-74.46,0,150.00M,
2012,October,NEW JERSEY,WESTERN ATLANTIC,Z,PHI,39.86,-74.46,0,100.00M,
2012,October,NEW JERSEY,SOUTHEASTERN BURLINGTON,Z,PHI,39.86,-74.46,0,1.00M,
2012,October,NEW JERSEY,EASTERN OCEAN,Z,PHI,39.86,-74.46,0,7.50B,
2012,October,NEW JERSEY,WESTERN OCEAN,Z,PHI,39.86,-74.46,2,2.50B,
2012,October,NEW JERSEY,EASTERN MONMOUTH,Z,PHI,39.86,-74.46,0,5.00B,
2012,October,NEW JERSEY,WESTERN MONMOUTH,Z,PHI,39.86,-74.46,0,5.00B,
2012,October,NEW JERSEY,MIDDLESEX,Z,PHI,39.86,-74.46,0,500.00M,
2012,May,SOUTH CAROLINA,COASTAL HORRY,Z,ILM,34.3,-77.88,0,,"Unusually high tides produced flooding in Garden City.  Street flooding was reported on Cypress and Atlantic Avenue, as well as North Dogwood Drive.  Flooding was also reported on roads along the mars"
2012,June,NEW JERSEY,SOUTHEASTERN BURLINGTON,Z,PHI,39.86,-74.46,0,0.00K,
2012,October,NEW YORK,SOUTHERN QUEENS,Z,OKX,40.87,-72.86,7,0.00K,Coastal communities along Southern Queens experienced two successive tidal cycles with at least moderate coastal flooding. The peak of this surge occurred Monday Night as Sandy made landfall in Southe
2012,June,NEW JERSEY,MIDDLESEX,Z,PHI,39.86,-74.46,0,0.00K,
2012,June,NEW JERSEY,EASTERN MONMOUTH,Z,PHI,39.86,-74.46,0,0.00K,
2012,June,NEW JERSEY,EASTERN OCEAN,Z,PHI,39.86,-74.46,0,0.00K,
2012,June,NEW JERSEY,EASTERN ATLANTIC,Z,PHI,39.86,-74.46,0,0.00K,
2012,June,NEW JERSEY,WESTERN ATLANTIC,Z,PHI,39.86,-74.46,0,0.00K,
2012,June,NEW JERSEY,EASTERN CAPE MAY,Z,PHI,39.86,-74.46,0,0.00K,
2012,June,NEW JERSEY,WESTERN CAPE MAY,Z,PHI,39.86,-74.46,0,0.00K,
2012,June,NEW JERSEY,CUMBERLAND,Z,PHI,39.86,-74.46,0,0.00K,
2012,June,NEW JERSEY,WESTERN MONMOUTH,Z,PHI,39.86,-74.46,0,0.00K,
2012,June,NEW JERSEY,WESTERN OCEAN,Z,PHI,39.86,-74.46,0,0.00K,
2012,October,NEW JERSEY,MERCER,Z,PHI,39.86,-74.46,0,1.00M,
2012,October,NEW JERSEY,NORTHWESTERN BURLINGTON,Z,PHI,39.86,-74.46,0,4.00M,
2012,October,NEW JERSEY,CAMDEN,Z,PHI,39.86,-74.46,0,1.00M,
2012,June,NEW YORK,NORTHERN QUEENS,Z,OKX,40.87,-72.86,0,0.00K,"The NOS tidal gauge at Kings Point recorded a water level of 10.81 ft. MLLW during the high tide cycle of the night of June 4, 2012. This is .31 ft. above the threshold for moderate coastal flooding a"
2012,June,NEW YORK,SOUTHERN NASSAU,Z,OKX,40.87,-72.86,0,0.00K,"The USGS tidal gauge in Hudson Bay at Freeport recorded a water level of 5.81 ft. MLLW during the evening high tide cycle of June 5, 2012. This is .01 ft. above the threshold for moderate coastal floo"
2012,June,CONNECTICUT,SOUTHERN NEW HAVEN,Z,OKX,40.87,-72.86,0,0.00K,"The NOS tidal gauge at New Haven recorded a water level of 9.5 ft. MLLW during the high tide cycle of the night of June 4, 2012.  This is .3 ft. above the threshold for moderate coastal flooding at th"
2012,June,NEW YORK,SOUTHERN QUEENS,Z,OKX,40.87,-72.86,0,0.00K,"The USGS tidal gauge in Jamaica Bay at Inwood recorded a water level of 8.7 ft. MLLW during the evening high tide cycle of June 4, 2012.  This is at the threshold for moderate coastal flooding at this"
2012,June,MAINE,KNOX,Z,GYX,43.89,-70.26,0,1.50K,High astronomical tides combined with storm surge to cause coastal flooding in Rockland.
2012,June,MAINE,LINCOLN,Z,GYX,43.89,-70.26,0,1.00K,High astronomical tides combined with storm surge to produce coastal flooding in Wiscasset.
2012,June,NEW YORK,NORTHERN NASSAU,Z,OKX,40.87,-72.86,0,0.00K,"The NOS tidal gauge at Kings Point recorded a water level of 10.81 ft. MLLW during the high tide cycle of the night of June 4, 2012. This is .31 ft. above the threshold for moderate coastal flooding a"
2012,June,MAINE,COASTAL WALDO,Z,GYX,43.89,-70.26,0,1.50K,High astronomical tides and storm surge combined to cause coastal flooding in Lincolnville.
2012,June,MAINE,SAGADAHOC,Z,GYX,43.89,-70.26,0,5.00K,High astronomical tides combined with storm surge to cause coastal flooding in the Bath/Woolwich area.
2012,June,MARYLAND,ANNE ARUNDEL,Z,LWX,38.98,-77.47,0,,Water levels reached thresholds for moderate coastal flooding.
2012,June,NEW YORK,SOUTHERN NASSAU,Z,OKX,40.87,-72.86,0,0.00K,"The USGS tidal gauge in Hudson Bay at Freeport recorded a water level of 6.15 ft. MLLW during the evening high tide cycle of June 4, 2012.  This is .35 ft. above the threshold for moderate coastal flo"
2012,June,MASSACHUSETTS,EASTERN NORFOLK,Z,BOX,41.96,-71.13,0,450.00K,Fort Point Road in Weymouth was flooded from Bacon Road to the end was flooded with at least one foot of water.  A large portion of Bacon Road was also flooded with at least a foot of water.  Wessagus
2012,June,MARYLAND,ST. MARY'S,Z,LWX,38.98,-77.47,0,,The road to St. Georges Island was closed.
2012,June,SOUTH CAROLINA,CHARLESTON,Z,CHS,32.9,-80.03,0,,Right lanes of East Bay Street and Morrison Drive flooded near Sanders Clyde Elementary School. The water depth was too deep to allow traffic to pass.  A maximum tide level of 9.38 feet MLLW was obser
2012,June,NEW YORK,SOUTHERN WESTCHESTER,Z,OKX,40.87,-72.86,0,0.00K,"In Rye NY, Milton Road was closed between Garden Drive and 688 Milton Road due to flooding, as was Kirby Lane at the Tide Mill basin."
2012,June,MAINE,COASTAL YORK,Z,GYX,43.89,-70.26,0,2.50K,High astronomical tides combined with storm surge to produce coastal flooding in Wells.
2012,June,MASSACHUSETTS,EASTERN ESSEX,Z,BOX,41.96,-71.13,0,0.00K,"Minor coastal flooding impacted locations throughout Salem and Gloucester.  In Salem, Commercial Street was flooded from end to end with one foot of water.  Bridge Street was flooded with six inches o"
2012,June,MASSACHUSETTS,EASTERN PLYMOUTH,Z,BOX,41.96,-71.13,0,35.00K,"Moderate coastal flooding occurred throughout coastal Plymouth County.  In Hull, waves crossed Hull Shore Drive almost reaching the Red Parrot Restaurant.  In the Sand Hills section of Scituate, there"
2012,June,GEORGIA,COASTAL CHATHAM,Z,CHS,32.9,-80.03,0,,The media reported a road closure due to high water from Lazaretto Bridge Bull River. A maximum tide level of 9.65 ft mllw was measured at the Fort Pulaski tide gage at 9:42 pm.
2012,June,SOUTH CAROLINA,CHARLESTON,Z,CHS,32.9,-80.03,0,,The ramp to South Carolina 61 from Highway 17 was closed due to high water. A few vehicles were stalled in the water.  A maximum tide level of 7.90 feet mllw was measured at the Charleston Harbor tide
2012,June,SOUTH CAROLINA,CHARLESTON,Z,CHS,32.9,-80.03,0,,An off duty NWS employee reported a road closure near the intersection of Easy Bay and Morrison Drive. A maximum tide level of 7.90 feet mllw was measured at the Charleston Harbor tide gage at 954 pm.
2012,June,GEORGIA,COASTAL LIBERTY,Z,CHS,32.9,-80.03,0,25.00K,The director of Saint Catherine's Island Sea Turtle program reported extensive erosion with steep escarpments. The inundation of salt water from the marshes and nearby sound along with ocean water fro
2012,October,VIRGINIA,YORK,Z,AKQ,36.98,-76.49,0,300.00K,Water levels reached 2.5 feet to around 3.5 feet above normal adjacent to the Chesapeake Bay and York River resulting in moderate to severe coastal flooding. Yorktown reached a tide height of 6.02 fee
2012,October,VIRGINIA,NORFOLK,Z,AKQ,36.98,-76.49,0,500.00K,Water levels reached 3.5 feet to around 4.5 feet above normal adjacent to the Chesapeake Bay resulting in moderate to severe coastal flooding. Money Point reached a tide height of 7.29 feet MLLW. Sewe
2012,October,VIRGINIA,JAMES CITY,Z,AKQ,36.98,-76.49,0,45.00K,Water levels reached 2.5 feet to 3.5 feet above normal adjacent to the James River and York River resulting in moderate to severe coastal flooding.
2012,October,CONNECTICUT,SOUTHERN NEW HAVEN,Z,OKX,40.87,-72.86,0,0.00K,Coastal communities along Southern New Haven County experienced two successive tidal cycles with at least moderate coastal flooding on Monday October 29th. The peak of this surge occurred Monday Night
2012,October,CONNECTICUT,SOUTHERN MIDDLESEX,Z,OKX,40.87,-72.86,0,0.00K,Coastal communities along Southern Middlesex County experienced two successive tidal cycles with at least moderate coastal flooding on Monday October 29th. The peak of this surge occurred Monday Night
2012,October,NORTH CAROLINA,EASTERN CURRITUCK,Z,AKQ,36.98,-76.49,0,200.00K,Water levels reached 3.0 feet to 4.0 feet above Atlantic Ocean resulting in moderate to severe coastal flooding. Duck reached a tide height of 6.98 feet MLLW. The combination of storm surge and extrem
2012,December,NEW HAMPSHIRE,COASTAL ROCKINGHAM,Z,GYX,43.89,-70.26,0,5.00K,Intense low pressure moved into the Gulf of Maine on the afternoon of the 18th producing a one to two foot storm surge on top of high astronmical tides. Minor flooding occurred along side streets in t
2012,December,CALIFORNIA,ORANGE COUNTY COASTAL AREAS,Z,SGX,32.85,-117.11,0,50.00K,Tide levels peaked around 0815 PST on the 13th around 8.4 feet. This was about 3 to 6 inches higher than the predicted astronomical high tide at La Jolla and likely due to the approaching low pressure
2012,December,NEW YORK,SOUTHERN QUEENS,Z,OKX,40.87,-72.86,0,0.00K,"Rockaway Boulevard was closed at Brookville Boulevard during the morning high tide on December 27th, due to several feet of inundation.  The FDNY reported multiple vehicles stuck in the water."
2012,October,CONNECTICUT,SOUTHERN NEW LONDON,Z,OKX,40.87,-72.86,0,0.00K,Coastal communities along Southern New London County experienced two successive tidal cycles with at least moderate coastal flooding on Monday October 29th. The peak of this surge occurred Monday Nigh
2012,December,PENNSYLVANIA,PHILADELPHIA,Z,PHI,39.86,-74.46,0,0.00K,
2012,December,PENNSYLVANIA,DELAWARE,Z,PHI,39.86,-74.46,0,0.00K,
2012,October,NEW JERSEY,EASTERN UNION,Z,OKX,40.87,-72.86,0,0.00K,"Widespread moderate to major coastal flooding occurred along Newark Bay and the Arthur Kill as peak storm tides in New York Harbor surpassed all previously documented high water marks, including the O"
2012,October,NEW JERSEY,HUDSON,Z,OKX,40.87,-72.86,0,0.00K,"Widespread major coastal flooding occurred along New York Harbor, the Hudson River, Newark Bay, and Hackensack River that exceeded the FEMA 100 year base flood elevations in many spots.||Peak storm ti"
2012,October,NEW YORK,NORTHWEST SUFFOLK,Z,OKX,40.87,-72.86,0,0.00K,Coastal communities along Northwest Suffolk County experienced two successive tidal cycles with at least moderate coastal flooding. The peak of this surge occurred Monday Night as Sandy made landfall 
2012,December,NEW YORK,SOUTHWEST SUFFOLK,Z,OKX,40.87,-72.86,0,0.00K,"The Town of Babylon Emergency Management reported widespread inundation of streets and adjacent properties to the south of Montauk Highway, along their system of canals and inlets."
2012,December,NEW YORK,SOUTHERN NASSAU,Z,OKX,40.87,-72.86,0,0.00K,The USGS tidal gauge in Hudson Bay at Freeport recorded a water level of 5.96 ft. MLLW during the early morning high tide cycle on December 27th. This is .16 ft. above the threshold for moderate coast
2012,October,CONNECTICUT,SOUTHERN FAIRFIELD,Z,OKX,40.87,-72.86,0,0.00K,"Widespread record coastal flooding occurred along Western Long Island Sound. Along the Southern Fairfield coast, peak storm tides surpassed water levels from the October 31, 1991 and December 11, 1992"
2012,December,NEW JERSEY,MIDDLESEX,Z,PHI,39.86,-74.46,0,0.00K,
2012,December,NEW JERSEY,WESTERN MONMOUTH,Z,PHI,39.86,-74.46,0,0.00K,
2012,December,NEW JERSEY,EASTERN MONMOUTH,Z,PHI,39.86,-74.46,0,0.00K,
2012,December,NEW JERSEY,EASTERN OCEAN,Z,PHI,39.86,-74.46,0,0.00K,
2012,December,NEW JERSEY,WESTERN OCEAN,Z,PHI,39.86,-74.46,0,0.00K,
2012,December,DELAWARE,NEW CASTLE,Z,PHI,39.86,-74.46,0,0.00K,
2012,December,NEW JERSEY,EASTERN CAPE MAY,Z,PHI,39.86,-74.46,0,0.00K,
2012,December,NEW JERSEY,CUMBERLAND,Z,PHI,39.86,-74.46,0,0.00K,
2012,December,NEW JERSEY,CAMDEN,Z,PHI,39.86,-74.46,0,0.00K,
2012,December,NEW JERSEY,SALEM,Z,PHI,39.86,-74.46,0,0.00K,
2012,December,NEW JERSEY,GLOUCESTER,Z,PHI,39.86,-74.46,0,0.00K,
2012,December,NEW JERSEY,NORTHWESTERN BURLINGTON,Z,PHI,39.86,-74.46,0,0.00K,
2012,December,NEW JERSEY,WESTERN CAPE MAY,Z,PHI,39.86,-74.46,0,0.00K,
2012,October,NEW YORK,NORTHEAST SUFFOLK,Z,OKX,40.87,-72.86,0,0.00K,Coastal communities along Northeast Suffolk County experienced 2 tidal cycles with at least moderate coastal flooding. The peak of this surge occurred Monday Night as Sandy made landfall in Southern N
2012,October,NEW YORK,ROCKLAND,Z,OKX,40.87,-72.86,0,0.00K,Low lying areas along the Hudson River experienced moderate coastal flooding as storm surge moved north along the river Monday Night as Sandy made landfall in Southern New Jersey. This coincided with 
2012,December,NEW YORK,BRONX,Z,OKX,40.87,-72.86,0,0.00K,"The NOS tidal gauge at Kings Point recorded a water level of 11.17 ft. MLLW during the nighttime high tide cycle of December 26th, 2012. This is .67 feet above the threshold for moderate coastal flood"
2012,December,NEW YORK,SOUTHERN WESTCHESTER,Z,OKX,40.87,-72.86,0,0.00K,"The NOS tidal gauge at Kings Point recorded a water level of 11.17 ft. MLLW during the nighttime high tide cycle of December 26th, 2012. This is .67 feet above the threshold for moderate coastal flood"
2012,December,NEW YORK,NORTHERN QUEENS,Z,OKX,40.87,-72.86,0,0.00K,"The NOS tidal gauge at Kings Point recorded a water level of 11.17 ft. MLLW during the nighttime high tide cycle of December 26th, 2012. This is .67 feet above the threshold for moderate coastal flood"
2012,October,NEW YORK,SOUTHERN NASSAU,Z,OKX,40.87,-72.86,0,0.00K,Coastal communities along Southern Nassau County experienced four successive tidal cycles with at least moderate coastal flooding. The peak of this surge occurred Monday Night as Sandy made landfall i
2012,October,NEW YORK,SOUTHERN WESTCHESTER,Z,OKX,40.87,-72.86,0,0.00K,"Coastal communities along Southern Westchester experienced two successive tidal cycles with at least moderate coastal flooding on Monday, October 29th. The peak of this surge occurred Monday Night as "
2012,October,NEW JERSEY,EASTERN ESSEX,Z,OKX,40.87,-72.86,1,0.00K,"Widespread major coastal flooding occurred along Newark Bay, with moderate coastal flooding along the Passaic River, as peak storm tides in New York Harbor surpassed all previously documented high wat"
2012,October,NEW YORK,NORTHERN NASSAU,Z,OKX,40.87,-72.86,0,0.00K,Coastal communities along Northern Nassau County experienced two successive tidal cycles with at least moderate coastal flooding. The peak of this surge occurred Monday Night as Sandy made landfall in
2012,December,NEW JERSEY,HUDSON,Z,OKX,40.87,-72.86,0,0.00K,Belleville Turnpike (NJ Route 7) was closed from Schuyler Avenue to the S90 railroad track due to tidal flooding of the Hackensack River during the morning high tide on December 27th.
2012,October,NEW YORK,NORTHERN QUEENS,Z,OKX,40.87,-72.86,0,0.00K,Coastal communities along Northern Queens experienced two successive tidal cycles  with at least moderate coastal flooding. The peak of this surge occurred Monday Night as Sandy made landfall in South
2012,October,NEW JERSEY,EASTERN BERGEN,Z,OKX,40.87,-72.86,1,0.00K,Communities along the Hackensack River experienced two successive tidal cycles with at least moderate coastal flooding. The peak of this surge occurred Monday Night as Sandy made landfall in Southern 
2012,December,VIRGINIA,ACCOMACK,Z,AKQ,36.98,-76.49,0,150.00K,Water levels reached 3.0 feet to 4.0 feet above normal on Tangier Island and Saxis adjacent to the Chesapeake Bay resulting in moderate to severe coastal flooding. Some roads and buildings on Tangier 
2012,October,NEW YORK,BRONX,Z,OKX,40.87,-72.86,0,0.00K,Coastal communities along the Bronx experienced two successive tidal cycles with at least moderate coastal flooding. The peak of this surge occurred Monday Night as Sandy made landfall in Southern New
2012,October,NEW YORK,NORTHERN WESTCHESTER,Z,OKX,40.87,-72.86,0,0.00K,Low lying areas along the Hudson River experienced moderate coastal flooding as storm surge moved north along the river Monday Night as Sandy made landfall in Southern New Jersey. This coincided with 
2012,December,NEW YORK,SOUTHEAST SUFFOLK,Z,OKX,40.87,-72.86,0,0.00K,The USGS tidal gauge in Riverhead on the Peconic Bay recorded a water level of  6.9 ft. during the night time high tide cycle of December 26th and 6.7 ft. MLLW during the early morning high tide cycle
2012,December,NEW YORK,NORTHEAST SUFFOLK,Z,OKX,40.87,-72.86,0,0.00K,The USGS tidal gauge in Riverhead on the Peconic Bay recorded a water level of  6.9 ft. during the night time high tide cycle of December 26th and 6.7 ft. MLLW during the early morning high tide cycle
2012,December,MASSACHUSETTS,BARNSTABLE,Z,BOX,41.96,-71.13,0,0.00K,Menahaunt Road in Falmouth was closed due to coastal flooding.
2012,December,MASSACHUSETTS,SOUTHERN PLYMOUTH,Z,BOX,41.96,-71.13,0,0.00K,Town Wharf was flooded around the time of high tide.
2012,December,MARYLAND,CAROLINE,Z,PHI,39.86,-74.46,0,0.00K,
2012,December,MARYLAND,TALBOT,Z,PHI,39.86,-74.46,0,0.00K,
2012,December,SOUTH CAROLINA,CHARLESTON,Z,CHS,32.9,-80.03,0,,"Law enforcement reported three roads blocked due to saltwater flooding at the intersection of Jackson Street and America Street, Lockwood Boulevard and Broad Street and South Market Street and Church "
2012,December,MASSACHUSETTS,EASTERN PLYMOUTH,Z,BOX,41.96,-71.13,0,0.00K,Flooding was reported around the time of high tide on Central Avenue and River Street in Scituate and on Ocean Drive and Hull Shore Drive in Hull.
2012,December,MASSACHUSETTS,EASTERN NORFOLK,Z,BOX,41.96,-71.13,0,0.00K,The Causeway in Cohasset was closed due to coastal flooding around the time of high tide.
2012,December,MASSACHUSETTS,EASTERN ESSEX,Z,BOX,41.96,-71.13,0,0.00K,"Coastal flooding around the time of high tide resulted in closures of Water Street in Newburyport, Atlantic Road in Gloucester, and Bridge Street in Salem."
2012,December,SOUTH CAROLINA,CHARLESTON,Z,CHS,32.9,-80.03,0,,An off duty NWS employee reported a road blocked due to saltwater flooding at the intersection of South Market Street and Church Street. A maximum tide level of 7.60 ft mllw was observed at the Charle
2012,December,WASHINGTON,TACOMA AREA,Z,SEW,47.68,-122.25,0,75.00K,The Red Rooster Cafe on Harborview Drive in Gig Harbor reported some flooding.  About a dozen homes were partially flooded on Day Island.||The Tacoma tide gauge recorded its all-time high tide level o
2012,October,VIRGINIA,NEWPORT NEWS,Z,AKQ,36.98,-76.49,0,200.00K,Water levels reached 2.5 feet to 3.5 feet above normal adjacent to the Chesapeake Bay and James River resulting in moderate to severe coastal flooding.
2012,December,MASSACHUSETTS,DUKES,Z,BOX,41.96,-71.13,0,0.00K,Coastal flooding was reported on Beach Road in Vineyard Haven.
2012,October,NEW YORK,NEW YORK (MANHATTAN),Z,OKX,40.87,-72.86,2,0.00K,"Southern, Eastern and Western portions of Manhattan experienced two successive tidal cycles with at least moderate coastal flooding. The peak of this surge occurred Monday Night as Sandy made landfall"
2012,October,NEW YORK,SOUTHEAST SUFFOLK,Z,OKX,40.87,-72.86,1,0.00K,"Coastal communities along Southeast Suffolk County experienced 2 to 3 successive tidal cycles with at least moderate coastal flooding, with 2 of those tidal cycles well above major flood thresholds. T"
2012,October,NEW YORK,RICHMOND (STATEN IS.),Z,OKX,40.87,-72.86,23,0.00K,"Widespread record coastal flooding occurred in Lower New York Harbor exceeding the FEMA 100 year base flood elevations.  Peak storm tides surpassed all previously documented high water marks, includin"
2012,October,VIRGINIA,MIDDLESEX,Z,AKQ,36.98,-76.49,0,200.00K,Water levels reached 2.0 feet to 3.5 feet above normal adjacent to the Chesapeake Bay and Rappahannock River resulting in moderate to severe coastal flooding.
2012,October,VIRGINIA,NORTHAMPTON,Z,AKQ,36.98,-76.49,0,530.00K,Water levels reached 3.0 feet to 4.0 feet above normal adjacent to the Chesapeake Bay and Atlantic Ocean resulting in moderate to severe coastal flooding. Kiptopeke reached a tide height of 6.82 feet 
2012,October,MARYLAND,WICOMICO,Z,AKQ,36.98,-76.49,0,250.00K,Water levels reached 3.0 feet to 4.0 feet above normal adjacent to the Chesapeake Bay resulting in moderate to severe coastal flooding. The worst flooding occurred in downtown Salisbury due to the com
2012,October,VIRGINIA,NORTHUMBERLAND,Z,AKQ,36.98,-76.49,0,200.00K,Water levels reached 2.0 feet to 3.5 feet above normal adjacent to the Chesapeake Bay and Potomac River resulting in moderate to severe coastal flooding.
2012,October,VIRGINIA,RICHMOND,Z,AKQ,36.98,-76.49,0,100.00K,Water levels reached 2.0 feet to 3.5 feet above normal adjacent to the Rappahannock River resulting in moderate to severe coastal flooding.
2012,October,VIRGINIA,SURRY,Z,AKQ,36.98,-76.49,0,100.00K,Water levels reached 2.5 feet to 3.5 feet above normal adjacent to the James River resulting in moderate to severe coastal flooding.
2012,October,VIRGINIA,WESTMORELAND,Z,AKQ,36.98,-76.49,0,100.00K,Water levels reached 2.0 feet to 3.5 feet above normal adjacent to the Potomac River resulting in moderate to severe coastal flooding.
2012,December,WASHINGTON,WESTERN WHATCOM COUNTY,Z,SEW,47.68,-122.25,0,100.00K,Birch Bay Cafe and Bistro suffered damage as waves pushed a large log through the large bay facing window.  A nearby consignment shop was also damaged.  About 15 homes and properties were also affecte
2012,December,WASHINGTON,EVERETT AND VICINITY,Z,SEW,47.68,-122.25,0,200.00K,"Near Warm Beach, and deck and boathouse were partially damaged.  A hole was ripped in a dike along the Stillaguamish River, the outflow of water surrounded a farm house."
2012,December,WASHINGTON,HOOD CANAL AREA,Z,SEW,47.68,-122.25,0,2.00K,High tide and rainfall flooded SR 300 west of Belfair.  A car got stuck in the flooded section of the roadway and was damaged by the saltwater.
2012,December,WASHINGTON,ADMIRALTY INLET AREA,Z,SEW,47.68,-122.25,0,250.00K,"A workshop on the Cape George Colony waterfront (near the shore of Discovery Bay) was minimally damaged by seawater.  On Whidbey Island, a home on West Beach Road near Swan Lake was destroyed when the"
2012,December,WASHINGTON,SEATTLE/BREMERTON AREA,Z,SEW,47.68,-122.25,0,300.00K,"In Seattle, record high tides were reported.  Dozens of properties in West Seattle had waves spilling onto them.  In Olalla a building near the sound had about 4 inches of water inside.  A street and "
2012,October,NEW YORK,KINGS (BROOKLYN),Z,OKX,40.87,-72.86,5,0.00K,Coastal communities along Southern Brooklyn experienced two successive tidal cycles with at least moderate coastal flooding. The peak of this surge occurred Monday Night as Sandy made landfall in Sout
2012,October,VIRGINIA,ESSEX,Z,AKQ,36.98,-76.49,0,100.00K,Water levels reached 2.0 feet to 3.5 feet above normal adjacent to the Rappahannock River resulting in moderate to severe coastal flooding.
2012,October,VIRGINIA,ISLE OF WIGHT,Z,AKQ,36.98,-76.49,0,100.00K,Water levels reached 2.5 feet to 3.5 feet above normal adjacent to the James River resulting in moderate to severe coastal flooding.
2012,December,MARYLAND,QUEEN ANNES,Z,PHI,39.86,-74.46,0,0.00K,
2012,October,VIRGINIA,LANCASTER,Z,AKQ,36.98,-76.49,0,200.00K,Water levels reached 2.0 feet to 3.5 feet above normal adjacent to the Chesapeake Bay and Rappahannock River resulting in moderate to severe coastal flooding. Windmill Point reached a tide height of 4
2012,October,VIRGINIA,SUFFOLK,Z,AKQ,36.98,-76.49,0,60.00K,"Water levels reached 2.5 feet to 3.5 feet above normal adjacent to the Chesapeake Bay and James River resulting in moderate to severe coastal flooding, although flooding was less than Irene in 2011."
2012,October,VIRGINIA,MATHEWS,Z,AKQ,36.98,-76.49,0,2.50K,Water levels reached 2.0 feet to 3.5 feet above normal adjacent to the Chesapeake Bay resulting in moderate to severe coastal flooding.
2012,October,VIRGINIA,CHESAPEAKE,Z,AKQ,36.98,-76.49,0,275.00K,Water levels reached 3.5 feet to around 4.5 feet above normal adjacent to the Chesapeake Bay resulting in moderate to severe coastal flooding. Flooding of streets due to the combination of rain and st
2012,October,VIRGINIA,VIRGINIA BEACH,Z,AKQ,36.98,-76.49,0,564.00K,Water levels reached 3.5 feet to 4.5 feet above normal adjacent to the Chesapeake Bay and Atlantic Ocean resulting in moderate to severe coastal flooding. Chesapeake Bay Bridge Tunnel reached a tide h
2012,October,VIRGINIA,GLOUCESTER,Z,AKQ,36.98,-76.49,0,47.80K,Water levels reached 2.0 feet to 3.5 feet above normal adjacent to the Chesapeake Bay and York River resulting in moderate to severe coastal flooding. Flooding was comparable to Irene in 2011.
2012,December,MAINE,COASTAL CUMBERLAND,Z,GYX,43.89,-70.26,0,3.50K,Intense low pressure slowly moving through the Gulf of Maine produced hurricane force gusts and a storm surge of two to three feet. Flooding occurred along the wharf in Portland.  Damage occurred to d
2012,December,WASHINGTON,WESTERN SKAGIT COUNTY,Z,SEW,47.68,-122.25,0,0.00K,Coastal flooding.
2012,December,NEW HAMPSHIRE,COASTAL ROCKINGHAM,Z,GYX,43.89,-70.26,0,10.00K,"Intense low pressure slowly moving through the Gulf of Maine produced hurricane force gusts and a storm surge of two to three feet. Splash-over occurred in Hampton, New Hampshire with moderate floodin"
2012,December,MAINE,COASTAL YORK,Z,GYX,43.89,-70.26,0,40.00K,"Intense low pressure slowly moving through the Gulf of Maine produced hurricane force gusts and a storm surge of two to three feet. In York, splash-over, erosion and flooding was the worst since the P"
2012,December,MAINE,COASTAL CUMBERLAND,Z,GYX,43.89,-70.26,0,2.00K,Intense low pressure moved into the Gulf of Maine on the afternoon of the 18th producing a one to two foot storm surge on top of high astronmical tides. Flooding occurred along the wharf in Portland a
2012,November,NEW YORK,SOUTHERN NASSAU,Z,OKX,40.87,-72.86,0,0.00K,"The USGS tidal gauge in Hudson Bay at Freeport recorded a water level of 5.84 ft. MLLW during the early morning high tide cycle of November 8, 2012. This is .04 ft. above the threshold for moderate co"
2012,November,NEW YORK,SOUTHEAST SUFFOLK,Z,OKX,40.87,-72.86,0,0.00K,"The USGS tidal gauge in Great South Bay at Lindenhurst recorded a water level of 3.92 ft. MLLW during the early morning high tide cycle of November 8, 2012. This is .12 ft. above the threshold for mod"
2012,October,NEW YORK,SOUTHWEST SUFFOLK,Z,OKX,40.87,-72.86,0,0.00K,"Coastal communities along Southwest Suffolk County experienced four successive tidal cycles with at least moderate coastal flooding, with 3 of those tidal cycles well above major flood thresholds. The"
2012,November,NEW YORK,NORTHEAST SUFFOLK,Z,OKX,40.87,-72.86,0,0.00K,"The USGS tidal gauge in Riverhead on the Peconic Bay recorded a water level of 6.35 ft. MLLW during the early morning high tide cycle of November 8, 2012. This is .25 ft. above the threshold for moder"
2012,November,NEW YORK,SOUTHWEST SUFFOLK,Z,OKX,40.87,-72.86,0,0.00K,"The USGS tidal gauge in Great South Bay at Lindenhurst recorded a water level of 3.92 ft. MLLW during the early morning high tide cycle of November 8, 2012. This is .12 ft. above the threshold for mod"
2012,December,PENNSYLVANIA,LOWER BUCKS,Z,PHI,39.86,-74.46,0,0.00K,
2012,March,LOUISIANA,ST. MARY,Z,LCH,30.13,-93.22,0,0.00K,"Persistent strong south winds pushed water to around 2 feet above normal across coastal Louisiana. This flooded low lying areas near bayous, canals, and bays. The water reached the highest points duri"
2012,March,LOUISIANA,EAST CAMERON,Z,LCH,30.13,-93.22,0,0.00K,Strong persistent south winds pushed water into low coastal areas. The water reached the highest points during the late afternoon at high tide and again when the line of storms passed. Main Street in 
2012,March,LOUISIANA,VERMILION,Z,LCH,30.13,-93.22,0,0.00K,Strong persistent south winds pushed water into low coastal areas. The water reached the highest points during the late afternoon at high tide and again when the line of storms passed. Areas near bayo
2012,March,TEXAS,JEFFERSON,Z,LCH,30.13,-93.22,0,0.00K,Strong persistent south winds pushed water into low coastal areas. The water reached the highest points during the late afternoon at high tide and again when the line of storms passed. Water pushed ac
2012,June,NEW HAMPSHIRE,COASTAL ROCKINGHAM,Z,GYX,43.89,-70.26,0,7.50K,High astronomical tides combined with storm surge to cause coastal flooding in Hampton.
2012,June,MAINE,COASTAL WALDO,Z,GYX,43.89,-70.26,0,1.50K,High astronomical tides combined with storm surge to produce coastal flooding in Lincolnville.
2012,June,MAINE,KNOX,Z,GYX,43.89,-70.26,0,1.50K,High astronomical tides combined with storm surge to produce coastal flooding in Rockland.
2012,August,PUERTO RICO,SOUTHEAST,Z,SJU,18.43,-66.02,0,0.00K,Coastal flooding was reported between Naguabo and Punta Santiago sector in Humacao. The road was closed.
2012,October,FLORIDA,DUVAL,Z,JAX,30.49,-81.7,0,,A maximum tide level of 6.59 feet was observed at the Mayport Tide Gage. Shallow coastal flooding typically begins along the northeast Florida coast near Mayport when the tidal departure is near 6.4 f
2012,October,FLORIDA,FLAGLER,Z,JAX,30.49,-81.7,0,,Very minor tidal flooding was reported from the Intracoastal Waterway south of Flagler Beach. Water covered the road at South 26th Street and South Daytona Avenue. This area is normally flood prone du
2012,June,NEW HAMPSHIRE,COASTAL ROCKINGHAM,Z,GYX,43.89,-70.26,0,7.50K,High astronomical tides and storm surge caused flooding in coastal Rockingham County.
2012,June,MAINE,COASTAL CUMBERLAND,Z,GYX,43.89,-70.26,0,5.00K,High astronomical tides combined with storm surge to cause coastal flooding in Portland.
2012,June,MAINE,COASTAL YORK,Z,GYX,43.89,-70.26,0,3.50K,High astronomical tides combined with storm surge to cause coastal flooding in Wells.
2012,June,MAINE,LINCOLN,Z,GYX,43.89,-70.26,0,1.00K,High astronomical tides combined with storm surge to cause coastal flooding in Wiscasset.
2012,June,MAINE,SAGADAHOC,Z,GYX,43.89,-70.26,0,5.00K,High astronomical tides combined with storm surge to cause coastal flooding in the Bath/Woolwich area.
2012,June,MAINE,COASTAL CUMBERLAND,Z,GYX,43.89,-70.26,0,5.00K,High astronomical tides combined with storm surge to cause coastal flooding in Portland.
2012,May,FLORIDA,DUVAL,Z,JAX,30.49,-81.7,0,,The Mayport Bar Pilot NOAA Dock Tidal Gauge reached a water level of 6.57 ft above MLLW which was 0.97 feet above predicated high tide levels. This value was 0.17 feet above minor coastal flooding thr
2012,May,FLORIDA,NASSAU,Z,JAX,30.49,-81.7,0,,The Fernandina Beach NOAA Tidal gauge reached a water level of 8.70 feet above MLLW which was 0.90 feet above the predicted high high level. The minor coastal flooding threshold for Fernandina Beach w
2012,August,FLORIDA,MONROE/LOWER KEYS,Z,KEY,24.6,-81.73,0,0.00K,Coastal Flooding reported to be approximately two feet normal than astronomical tide. Water inundated residential street to about one foot in depth.
2012,October,SOUTH CAROLINA,COASTAL HORRY,Z,ILM,34.3,-77.88,0,0.00K,Minor flooding on Dogwood Road at Holly Street.
2012,June,MAINE,COASTAL YORK,Z,GYX,43.89,-70.26,0,3.50K,High astronomical tides combined with storm surge to cause flooding in Wells.
2012,June,NEW HAMPSHIRE,COASTAL ROCKINGHAM,Z,GYX,43.89,-70.26,0,2.50K,High astronomical tides combined with storm surge to cause coastal flooding in Hampton.
2012,June,MAINE,SAGADAHOC,Z,GYX,43.89,-70.26,0,10.00K,High astronomical tides combined with storm surge to produce coastal flooding in Bath.
2012,August,ALASKA,BALDWIN PEN. & SELAWIK VALLEY,Z,AFG,64.51,-165.42,0,0.00K,
2012,October,FLORIDA,BREVARD,Z,MLB,28.11,-80.65,0,25.00M,"Moderate to major beach erosion, with approximately 17 structures in danger or threatened by additional short-term erosion. Of these 17 structures, two were multi-family buildings and two were busines"
2012,October,FLORIDA,INDIAN RIVER,Z,MLB,28.11,-80.65,0,10.50M,Moderate to major beach erosion. Several beach crossovers and a lifeguard tower were damaged. Sea water and sand washed onto one coastal road.
2012,October,FLORIDA,ST. LUCIE,Z,MLB,28.11,-80.65,0,4.20M,Moderate to major beach erosion. Sand over-washed two beach access parking areas and erosion damaged the foundation of a pump station.
2012,August,PUERTO RICO,SOUTHEAST,Z,SJU,18.43,-66.02,0,0.00K,"Waves associated to Tropical Storm Isaac flooded roads, Arizona 4, Arizona 5 and road Esperanza in San Felipe sector in the municipality of Arroyo."
2012,October,FLORIDA,MARTIN,Z,MLB,28.11,-80.65,0,6.30M,"Moderate to major beach erosion. Erosion caused damage to two homes and washed sand and debris across a coastal roadway, temporarily isolating residents. Several piers, boardwalks and retaining walls "
2012,September,MARYLAND,ANNE ARUNDEL,Z,LWX,38.98,-77.47,0,0.00K,Water levels exceeded thresholds for moderate coastal flooding at Annapolis.
2012,October,MAINE,COASTAL CUMBERLAND,Z,GYX,43.89,-70.26,0,2.00K,High astronomical tides combined with the approach of Hurricane Sandy to produce minor coastal flooding in coastal Cumberland County. Flooding occurred along the wharf in Portland and further south in
2012,October,NEW HAMPSHIRE,COASTAL ROCKINGHAM,Z,GYX,43.89,-70.26,0,5.00K,High astronomical tides combined with the approach of Hurricane Sandy to caused coastal flooding in coastal Rockingham County. Flooding occurred along the streets in the backbay area of Hampton.
2012,October,NEW HAMPSHIRE,COASTAL ROCKINGHAM,Z,GYX,43.89,-70.26,0,20.00K,High astronomical tides combined with storm surge from Hurricane Sandy to produce flooding in coastal Rockingham County. Moderate splash-over occurred in Hampton causing standing water in some areas. 
2012,October,MAINE,COASTAL YORK,Z,GYX,43.89,-70.26,0,1.50K,High astronomical high tides combined with the approach of Hurricane Sandy to produce minor flooding in coastal York County. A home was flooded in Wells.
2012,October,PENNSYLVANIA,DELAWARE,Z,PHI,39.86,-74.46,0,0.00K,
2012,October,PENNSYLVANIA,PHILADELPHIA,Z,PHI,39.86,-74.46,0,0.00K,
2012,October,PENNSYLVANIA,BUCKS,Z,PHI,39.86,-74.46,0,0.00K,
2012,October,NORTH CAROLINA,COASTAL BRUNSWICK,Z,ILM,34.3,-77.88,0,0.00K,Minor flooding occurred at the Fishy Fish Cafe.
2012,October,NORTH CAROLINA,COASTAL NEW HANOVER,Z,ILM,34.3,-77.88,0,0.00K,Flooding was observed along a long stretch of Canal Drive. Many side streets were closed.
2012,October,NORTH CAROLINA,COASTAL NEW HANOVER,Z,ILM,34.3,-77.88,0,0.00K,Minor flooding occurred along Carolina Beach Avenue North.
2012,October,MARYLAND,ANNE ARUNDEL,Z,LWX,38.98,-77.47,0,0.00K,
2012,October,DELAWARE,DELAWARE BEACHES,Z,PHI,39.86,-74.46,0,1.00M,
2012,October,DELAWARE,INLAND SUSSEX,Z,PHI,39.86,-74.46,0,0.50M,
2012,October,DELAWARE,NEW CASTLE,Z,PHI,39.86,-74.46,0,2.30M,
2012,October,DELAWARE,KENT,Z,PHI,39.86,-74.46,0,700.00K,
2012,October,MARYLAND,CECIL,Z,PHI,39.86,-74.46,0,100.00K,
2012,October,RHODE ISLAND,BLOCK ISLAND,Z,BOX,41.96,-71.13,0,3.10M,Several roads sustained major damage in New Shoreham after high surf pounded the shore during Superstorm Sandy.  These roads were impassable.  Corn Neck Road and Spring Street were the hardest hit.  O
2012,October,RHODE ISLAND,NEWPORT,Z,BOX,41.96,-71.13,0,3.00M,"While Newport County's beaches didn't experience the same devastation as Washington County's, Superstorm Sandy affected the coastline there as well.  ||The Point section of Newport flooded with six to"
2012,October,MASSACHUSETTS,BARNSTABLE,Z,BOX,41.96,-71.13,0,435.00K,"In Falmouth, water was coming over the bulkhead and into the parking lot at Falmouth Harbor.  Overwash material washed onto the shore roads at Falmouth Harbor.  Surf Drive at the Salt Pond entrance wa"
2012,October,VIRGINIA,ARLINGTON,Z,LWX,38.98,-77.47,0,0.00K,
2012,October,ALASKA,SRN SEWARD PENINSULA COAST,Z,AFG,64.51,-165.42,0,0.00K,
2012,October,ALASKA,NORTHERN ARCTIC COAST,Z,AFG,64.51,-165.42,0,0.00K,
2012,October,MASSACHUSETTS,EASTERN NORFOLK,Z,BOX,41.96,-71.13,0,0.00K,"In Quincy, Quincy Shore Drive northbound and south of Elm Street was closed due to coastal flooding."
2012,October,MASSACHUSETTS,SOUTHERN BRISTOL,Z,BOX,41.96,-71.13,0,500.00K,"In Fairhaven, Causeway Road was flooded and impassable.  The Seaview Avenue boat ramp was flooded at the bottom of Ocean Avenue.  In Westport, East Beach Road closed.  West Beach was completely floode"
2012,October,MASSACHUSETTS,DUKES,Z,BOX,41.96,-71.13,0,10.00M,"In Vineyard Haven, Beach Road closed due to six inches of water flooding the road.  In Edgartown, Dock Street was closed due to a foot of water flooding the road.  Atlantic Drive and Main Street were "
2012,October,MASSACHUSETTS,NANTUCKET,Z,BOX,41.96,-71.13,0,139.00K,"Broadway and streets east were impassable.  Stairs, ramps, piers, and docks were damaged at the harbor marina.  There was also structural damage to the bulkhead.  Straight Wharf was flooded."
2012,October,MASSACHUSETTS,SOUTHERN PLYMOUTH,Z,BOX,41.96,-71.13,0,322.00K,"In Marion, ocean water flooded the last two houses on the ocean end of Bass Point Road.  In Wareham, a person was rescued from a house on East Boulevard.  Pinehurst Beach was flooded.  Sandwich Road f"
2012,October,MASSACHUSETTS,EASTERN PLYMOUTH,Z,BOX,41.96,-71.13,0,645.00K,"In Scituate, the Edward Foster Bridge was closed.  Oceanside Drive was flooded with water coming over the seawall.  Water inundated adjacent side streets as well.  Rebecca Road was flooded with splash"
2012,October,RHODE ISLAND,BRISTOL,Z,BOX,41.96,-71.13,0,220.00K,Coastal flooding during Monday morning's high tide resulted in the collapse of a 30 foot section of seawall.  This resulted in the erosion and undermining of Poppasquash Road in Bristol.
2012,October,MARYLAND,CALVERT,Z,LWX,38.98,-77.47,0,0.00K,"Water flooded portions of 9th Street between Chesapeake Avenue and Atlantic Avenue.  Portions of 9th street between Bay Ave and Chesapeake Ave were flooded.  Also, 7th street near Bay Ave and north of"
2012,October,MARYLAND,SOUTHERN BALTIMORE,Z,LWX,38.98,-77.47,0,0.00K,Water reached the porch of a home on Wilson Point.  Shore Rd and Middle river and other nearby streets were flooded.  Water piled up the steps of a business facing the harbor.  Wolfe Street and Fells 
2012,October,RHODE ISLAND,WASHINGTON,Z,BOX,41.96,-71.13,0,4.70M,"The Rhode Island coastline in Washington County, stretching from Westerly to Narragansett was devastated by coastal flooding associated with Superstorm Sandy.  Much of the coastline is composed of bar"
2012,October,MASSACHUSETTS,SUFFOLK,Z,BOX,41.96,-71.13,0,3.00M,"In Winthrop, minor coastal flooding occurred with the morning high tide with rocks from the seawall being pushed onto Winthrop Shore Drive.  Shirley Street and other adjacent streets were flooded with"
2012,October,MARYLAND,HARFORD,Z,LWX,38.98,-77.47,0,0.00K,Flooding was reported at the parking lot of the Municipal Yacht Basin.
2012,October,MARYLAND,KENT,Z,PHI,39.86,-74.46,0,100.00K,
2012,October,MARYLAND,CAROLINE,Z,PHI,39.86,-74.46,0,0.00K,
2012,October,MARYLAND,QUEEN ANNES,Z,PHI,39.86,-74.46,0,150.00K,
2012,October,MARYLAND,TALBOT,Z,PHI,39.86,-74.46,0,0.00K,
2012,June,DELAWARE,DELAWARE BEACHES,Z,PHI,39.86,-74.46,0,0.00K,
2012,June,DELAWARE,INLAND SUSSEX,Z,PHI,39.86,-74.46,0,0.00K,
2012,June,DELAWARE,KENT,Z,PHI,39.86,-74.46,0,0.00K,
2014,May,MARYLAND,ST. MARY'S,Z,LWX,38.98,-77.47,0,0.00K,Water rose to over 3.5 feet MLLW at Lewisetta.
2014,May,DISTRICT OF COLUMBIA,DISTRICT OF COLUMBIA,Z,LWX,38.98,-77.47,0,0.00K,The river gauge at the Washington DC Southwest Waterfront and Maine Avenue reached moderate flooding.
2014,May,DISTRICT OF COLUMBIA,DISTRICT OF COLUMBIA,Z,LWX,38.98,-77.47,0,0.00K,The river gauge at the Washington DC Southwest Waterfront and Maine Avenue reached moderate flooding.
2014,October,MASSACHUSETTS,SUFFOLK,Z,BOX,41.96,-71.13,0,0.00K,Morrisey Boulevard southbound was closed due to flooding.
2014,August,RHODE ISLAND,NEWPORT,Z,BOX,41.96,-71.13,0,0.00K,Water spilled over the seawall at Portsmouth.
2014,August,MASSACHUSETTS,SUFFOLK,Z,BOX,41.96,-71.13,0,0.00K,Minor coastal flooding occurred flooding Morrissey Boulevard near Popes Hill Street.
2014,October,MASSACHUSETTS,EASTERN PLYMOUTH,Z,BOX,41.96,-71.13,0,0.00K,"Nantasket Avenue in Hull was closed due to flooding.  In Marshfield, minor splashover occurred in the normally vulnerable locations, especially on Nantasket Street.  Several inches of water was inunda"
2014,December,CALIFORNIA,NORTH BAY INTERIOR VALLEYS,Z,MTR,37.52,-122.04,0,0.00K,"An astronomically high tide, combined with strong onshore winds, elevated water levels due to an approaching storm surge, and ongoing heavy rainfall all combined to create high impacts from coastal fl"
2014,July,NEW HAMPSHIRE,COASTAL ROCKINGHAM,Z,GYX,43.89,-70.26,0,0.50K,The highest astronomical tides of the year combined with rising seas to produce minor coastal flooding in Hampton.
2014,October,MASSACHUSETTS,EASTERN NORFOLK,Z,BOX,41.96,-71.13,0,0.00K,Jerusalem Road was closed due to coastal flooding.
2014,January,MASSACHUSETTS,EASTERN NORFOLK,Z,BOX,41.96,-71.13,0,0.00K,"Quincy Shore Drive was closed from Furnace Brook Parkway to Fenno Street in Quincy due to coastal flooding.  In Cohasset, Jerusalem Road was closed due to flooding and minor flooding was reported on B"
2014,January,MASSACHUSETTS,EASTERN PLYMOUTH,Z,BOX,41.96,-71.13,0,0.00K,"Portions of several shore roads were closed due to coastal flooding around the time of high tide. This included Gunrock Avenue and Atlantic Avenue in Hull, Central Avenue in Scituate, and Warren Avenu"
2014,January,MASSACHUSETTS,BARNSTABLE,Z,BOX,41.96,-71.13,0,0.00K,Foster and Spring Hill Roads were impassable due to coastal flooding.
2014,January,MASSACHUSETTS,EASTERN PLYMOUTH,Z,BOX,41.96,-71.13,0,,"Moderate coastal flooding affected Plymouth County during the morning high tide. Many shore roads were closed and impassable due to water and debris. In Scituate, this included Seventh Avenue, Marshfi"
2014,March,FLORIDA,COASTAL BAY,Z,TAE,30.39,-84.33,0,1.00K,
2014,January,MASSACHUSETTS,SUFFOLK,Z,BOX,41.96,-71.13,0,0.00K,Morrissey Boulevard and Neponset Circle in Boston were flooded and temporarily closed.
2014,January,MASSACHUSETTS,EASTERN ESSEX,Z,BOX,41.96,-71.13,0,,"Moderate coastal flooding impacted eastern Essex County. In Swampscott, Route 129 (Atlantic Avenue) was closed in the area of Preston Beach. The Marblehead Causeway and Devereaux Beach area in Marbleh"
2014,January,MASSACHUSETTS,NANTUCKET,Z,BOX,41.96,-71.13,0,0.00K,"Portions of several roads along Nantucket Harbor including Easy Street, Broad Street, and Washington Street were flooded and impassable."
2014,January,MASSACHUSETTS,BARNSTABLE,Z,BOX,41.96,-71.13,0,,"Moderate coastal flooding impacted portions of Cape Cod. In Sandwich, portions of several roads were flooded and impassable including Foster Road, Spring Hill Road, Dewey Avenue, River Street, and par"
2014,January,WASHINGTON,WESTERN WHATCOM COUNTY,Z,SEW,47.68,-122.25,0,1.00K,"Near Birch bay, minor coastal flooding damaged some outdoor furniture."
2014,December,NEW YORK,SOUTHERN NASSAU,Z,OKX,40.87,-72.86,0,0.00K,The USGS tidal gauge in Hudson Bay at Freeport recorded a water level of 5.8 ft. MLLW during the morning high tide cycle.  This is the threshold for moderate coastal flooding established by the Nation
2014,December,NEW YORK,SOUTHWEST SUFFOLK,Z,OKX,40.87,-72.86,0,0.00K,"At the corner of Seacrest Avenue and Lido Promenade, 13 inches of water were observed.  Water was up to car doors and some garages were flooded.  The corner of East Shore Rd. and Mckinley Avenue was i"
2014,January,MASSACHUSETTS,EASTERN ESSEX,Z,BOX,41.96,-71.13,0,0.00K,Water was flowing around and under buildings along a portion of Atlantic Avenue in Salisbury.
2014,January,MASSACHUSETTS,SUFFOLK,Z,BOX,41.96,-71.13,0,0.00K,"Morrissey Boulevard in Dorchester was closed because of coastal flooding.  In Revere, Mills Avenue was flooded at the intersection with River Avenue."
2014,January,CALIFORNIA,SAN DIEGO COUNTY COASTAL AREAS,Z,SGX,32.85,-117.11,0,0.00K,Minor coastal flooding occurred due to a combination of high astronomical tides and elevated surf. This resulted in Descanso street at South Seacoast Drive being shut down. Cortez Avenue and Palm Aven
2014,January,NEW JERSEY,EASTERN OCEAN,Z,PHI,39.86,-74.46,0,0.00K,
2014,January,NEW JERSEY,SOUTHEASTERN BURLINGTON,Z,PHI,39.86,-74.46,0,0.00K,
2014,January,NEW JERSEY,WESTERN OCEAN,Z,PHI,39.86,-74.46,0,0.00K,
2014,January,NEW JERSEY,EASTERN ATLANTIC,Z,PHI,39.86,-74.46,0,0.00K,
2014,January,NEW JERSEY,WESTERN ATLANTIC,Z,PHI,39.86,-74.46,0,0.00K,
2014,January,NEW JERSEY,MIDDLESEX,Z,PHI,39.86,-74.46,0,0.00K,
2014,January,NEW JERSEY,WESTERN MONMOUTH,Z,PHI,39.86,-74.46,0,0.00K,
2014,January,NEW JERSEY,EASTERN MONMOUTH,Z,PHI,39.86,-74.46,0,0.00K,
2014,December,FLORIDA,ST. JOHNS,Z,JAX,30.49,-81.7,0,,Street flooding was reported along King and Malaga Streets in St Augustine. Minor street flooding was reported around Maria Sanchez Lake and Avenieda Menedez Road had standing salt water in parking sp
2014,December,FLORIDA,FLAGLER,Z,JAX,30.49,-81.7,0,,Minor overwash was reported at Malacompra Road in the Hammocks area.
2014,December,FLORIDA,ST. JOHNS,Z,JAX,30.49,-81.7,0,,"Rough surf and high astronomical tides caused significant beach erosion at South Ponte Vedra Beach, Vilano Beach and Summer Haven. A local state of emergency was declared due to coastal storm erosion."
2014,December,FLORIDA,ST. JOHNS,Z,JAX,30.49,-81.7,0,,Water pooled around the Porpoise Point are in South Ponte Vedra during the high tide. The beach and vehicular access ramps flooded during the high tide. Beach erosion estimates were up to 35 ft in som
2014,November,MASSACHUSETTS,EASTERN PLYMOUTH,Z,BOX,41.96,-71.13,0,0.00K,"Part of Atlantic Avenue in Hull was flooded and closed.  In Marshfield, part of Ocean Street near the Esplanade was flooded.  Also, streets in the Brant Rock section were flooded.  The intersection of"
2014,November,MASSACHUSETTS,BARNSTABLE,Z,BOX,41.96,-71.13,0,0.00K,The Sesuit Harbor boat ramp parking lot and the Corporation Beach parking lot in Dennis were flooded.  Water was coming over the sea wall at the Sandwich marina.
2014,November,MASSACHUSETTS,NANTUCKET,Z,BOX,41.96,-71.13,0,0.00K,Easy Street was closed due to localized minor coastal flooding.
2014,December,SOUTH CAROLINA,CHARLESTON,Z,CHS,32.9,-80.03,0,,A report from social media indicated one car stuck in flood waters on East Bay Street near Harris and Lee Streets. The Charleston Harbor tide gage measured a maximum height of 7.38 feet mean lower low
2014,November,MASSACHUSETTS,EASTERN NORFOLK,Z,BOX,41.96,-71.13,0,0.00K,Jerusalem Road and Bow Street in Cohasset were flooded.
2014,December,SOUTH CAROLINA,CHARLESTON,Z,CHS,32.9,-80.03,0,,"Several streets and intersections were closed in downtown Charleston, including a line from Hagood to Fishburne, Market  between Church and State, Ashley Avenue from Race to Fishburne, Bennett between"
2014,December,SOUTH CAROLINA,CHARLESTON,Z,CHS,32.9,-80.03,0,,A NWS employee reported parts of East Bay Street flooded and impassable. A maximum tide level of 7.16 feet mean lower low water was measured at the Charleston Harbor tide gage at 730 AM.
2014,December,SOUTH CAROLINA,CHARLESTON,Z,CHS,32.9,-80.03,0,0.00K,A report relayed via Twitter indicated that northbound East Bay Street is closed past the bridge.  The Charleston Harbor tide gage measured a maximum level of 7.46 feet mean lower low water at 818 AM.
2014,December,DELAWARE,DELAWARE BEACHES,Z,PHI,39.86,-74.46,0,0.00K,
2014,December,DELAWARE,INLAND SUSSEX,Z,PHI,39.86,-74.46,0,0.00K,
2014,December,NEW JERSEY,MIDDLESEX,Z,PHI,39.86,-74.46,0,0.00K,
2014,December,NEW JERSEY,EASTERN MONMOUTH,Z,PHI,39.86,-74.46,0,0.00K,
2014,December,NEW JERSEY,EASTERN OCEAN,Z,PHI,39.86,-74.46,0,0.00K,
2014,December,NEW JERSEY,EASTERN ATLANTIC,Z,PHI,39.86,-74.46,0,0.00K,
2014,December,NEW JERSEY,EASTERN CAPE MAY,Z,PHI,39.86,-74.46,0,0.00K,
2014,December,NEW JERSEY,WESTERN CAPE MAY,Z,PHI,39.86,-74.46,0,0.00K,
2014,December,NEW JERSEY,SOUTHEASTERN BURLINGTON,Z,PHI,39.86,-74.46,0,0.00K,
2014,December,CALIFORNIA,SAN FRANCISCO,Z,MTR,37.52,-122.04,0,0.00K,"Elevated water levels, strong winds, and swell produced water that flooded over the wall on the Embarcadero and resulted in the road being closed for several hours."
2014,November,PUERTO RICO,NORTH CENTRAL,Z,SJU,18.43,-66.02,0,0.00K,Road 680 at Barrio Islote in Arecibo was closed due to coastal flooding.
2014,December,CALIFORNIA,SAN DIEGO COUNTY COASTAL AREAS,Z,SGX,32.85,-117.11,0,0.00K,Minor tidal overflow was observed along the strand south from Oceanside Pier to Wisconsin Street between 0700-0800 PST on the 20th.
2014,March,GUAM,MARSHALL ISLANDS,Z,GUM,13.49,144.84,0,3.00M,"High Spring tides, also known as King Tides in Majuro, in addition to a large north to north-northwest swell caused flooding across eastern Majuro Atoll, eastern Arno Atoll, and parts of Mili and Kili"
2014,April,DELAWARE,NEW CASTLE,Z,PHI,39.86,-74.46,0,0.00K,
2014,June,CALIFORNIA,ORANGE COUNTY COASTAL AREAS,Z,SGX,32.85,-117.11,0,0.00K,Minor street flooding due to high astronomical tides reported at the intersection of Pacific Coast Highway and 19th Street/Admiralty on the north side. Also...minor flooding on the north side of Pacif
2014,August,MAINE,COASTAL YORK,Z,GYX,43.89,-70.26,0,1.00K,An early season Nor'easter combined with high astronomical tides to produce minor coastal flooding in Biddeford. Very minor flooding occurred alongside Granite Point Road.
2014,August,NEW HAMPSHIRE,COASTAL ROCKINGHAM,Z,GYX,43.89,-70.26,0,1.00K,An early season Nor'easter combined with astronomically high tides to produce minor coastal flooding in Hampton. Minor flooding occurred on vulnerable Island Path and Brown Street.
2014,August,MAINE,COASTAL CUMBERLAND,Z,GYX,43.89,-70.26,0,1.00K,An early season Nor'easter combined with high astronomical tides to produce minor flooding in Portland. Very minor coastal flooding occurred on side streets along the wharfs.
2014,August,SOUTH CAROLINA,CHARLESTON,Z,CHS,32.9,-80.03,0,0.00K,The City of Charleston reported on Twitter that Morrison Drive was closed between Stuart Street and Cooper Street due to flooding. A high tide of 7.46 feet mean lower low water was measured at 9:36 pm
2014,July,MAINE,COASTAL CUMBERLAND,Z,GYX,43.89,-70.26,0,0.50K,A modest southerly flow and rising seas combined with the highest astronomical tides of the month to produce minor coastal flooding in Portland.
2014,July,MAINE,COASTAL YORK,Z,GYX,43.89,-70.26,0,0.50K,A modest southerly flow and rising seas combined with the highest astronomical tides of the month to produce minor flooding in the Biddeford.
2014,October,VIRGINIA,NORTHUMBERLAND,Z,AKQ,36.98,-76.49,0,0.00K,Tidal anomalies between 1.5 feet to around 2.0 feet above normal produced moderate flooding along portions of the Virginia Northern Neck adjacent to the Chesapeake Bay and the Tidal Potomac River. Lew
2014,October,MARYLAND,DORCHESTER,Z,AKQ,36.98,-76.49,0,0.00K,Tidal anomalies between 1.5 feet to around 2.0 feet above normal produced moderate flooding along portions of the Lower Maryland Eastern Shore adjacent to the Chesapeake Bay. Cambridge recorded a maxi
2014,October,MASSACHUSETTS,EASTERN PLYMOUTH,Z,BOX,41.96,-71.13,0,75.00K,"In Plymouth, Warren Avenue at Plymouth Beach was closed due to coastal flooding.  Atlantic Avenue in Hull was closed due to coastal flooding.  Ocean water washed into a house on Oceanside Drive. Homeo"
2014,October,MARYLAND,QUEEN ANNES,Z,PHI,39.86,-74.46,0,0.00K,
2014,October,MARYLAND,KENT,Z,PHI,39.86,-74.46,0,0.00K,
2014,October,MARYLAND,CECIL,Z,PHI,39.86,-74.46,0,0.00K,
2014,October,CALIFORNIA,ORANGE COUNTY COASTAL AREAS,Z,SGX,32.85,-117.11,0,0.00K,Minor tidal overflow resulted in flooding along the Pacific Coast Highway at Anderson in Sunset Beach. The curb lane on the beach side was under a few inches of water.
2014,March,SOUTH CAROLINA,CHARLESTON,Z,CHS,32.9,-80.03,0,,Law enforcement reported portions of Fishburne Street and Hagwood Avenue as well as the intersection of Horizon Street and Line Street blocked off due to saltwater on the roadway. A maximum tide level
2014,March,MASSACHUSETTS,EASTERN PLYMOUTH,Z,BOX,41.96,-71.13,0,,Minor coastal flooding occurred flooding portions of Warren Avenue in Plymouth.  Overwash and debris flooded onto Central Avenue and Cole Parkway in Scituate.
2014,March,MASSACHUSETTS,NANTUCKET,Z,BOX,41.96,-71.13,0,0.00K,"Coastal flooding occurred at Straight Wharf, on Easy Street, and in the Brant Point section of Nantucket."
2014,March,MASSACHUSETTS,BARNSTABLE,Z,BOX,41.96,-71.13,0,,"Minor coastal flooding occurred in Sandwich resulting in beach erosion to within seven feet of a house on White Cap Path and overwashing Town Neck Beach.  In Chatham, the Fishing Pier parking lot was "
2014,March,PUERTO RICO,MAYAGUEZ AND VICINITY,Z,SJU,18.43,-66.02,0,,Coastal flooding in Mayaguez on Road 102. Some water made it to residential areas along the road.
2014,May,NEW JERSEY,SALEM,Z,PHI,39.86,-74.46,0,0.00K,
2014,May,NEW JERSEY,GLOUCESTER,Z,PHI,39.86,-74.46,0,0.00K,
2014,May,NEW JERSEY,CAMDEN,Z,PHI,39.86,-74.46,0,0.00K,
2014,May,NEW JERSEY,NORTHWESTERN BURLINGTON,Z,PHI,39.86,-74.46,0,0.00K,
2014,April,NEW YORK,SOUTHERN NASSAU,Z,OKX,40.87,-72.86,0,0.00K,The USGS tidal gauge in Hudson Bay at Freeport recorded a water level of 6.1 feet above MLLW during the evening high tide cycle on Tuesday April 29th.  This is 0.3 feet above the threshold for moderat
2014,May,PENNSYLVANIA,DELAWARE,Z,PHI,39.86,-74.46,0,0.00K,
2014,May,PENNSYLVANIA,PHILADELPHIA,Z,PHI,39.86,-74.46,0,0.00K,
2014,April,DISTRICT OF COLUMBIA,DISTRICT OF COLUMBIA,Z,LWX,38.98,-77.47,0,0.00K,Water approached the intersection of V Street and Half Street in Buzzard Point in Washington DC. This event continued into May and has an end time of 10:22 EST May 1 2014.
2014,April,DISTRICT OF COLUMBIA,DISTRICT OF COLUMBIA,Z,LWX,38.98,-77.47,0,0.00K,Moderate flooding occurred at Georgetown in Washington DC. Water began to cover the boardwalk at Washington Harbour. Water also is out of the banks in a few low spots between the mouth of Rock Creek a
2014,April,NEW JERSEY,CAMDEN,Z,PHI,39.86,-74.46,0,0.00K,
2014,April,NEW JERSEY,GLOUCESTER,Z,PHI,39.86,-74.46,0,0.00K,
2014,April,NEW JERSEY,SALEM,Z,PHI,39.86,-74.46,0,0.00K,
2014,April,PENNSYLVANIA,DELAWARE,Z,PHI,39.86,-74.46,0,0.00K,
2014,April,MARYLAND,ANNE ARUNDEL,Z,LWX,38.98,-77.47,0,0.00K,Water came up through storm drains and approached businesses on Dock Street in Annapolis. This event continued into May and has an end time of 7:35 EST May 1 2014.
2014,April,MARYLAND,ST. MARY'S,Z,LWX,38.98,-77.47,0,0.00K,Moderate flooding occurred at St Georges Island. This event continued into May and has an end time of 5:00 EST May 1 2014.
2014,April,PENNSYLVANIA,PHILADELPHIA,Z,PHI,39.86,-74.46,0,0.00K,
2014,May,DELAWARE,NEW CASTLE,Z,PHI,39.86,-74.46,0,0.00K,
2014,January,MASSACHUSETTS,EASTERN NORFOLK,Z,BOX,41.96,-71.13,0,,"Moderate coastal flooding impacted eastern Norfolk County. In Cohasset, Atlantic Avenue was closed as was Margin Street and Jerusalem Road at Bow Street. In Quincy, the storm surge backed into the Nep"
2014,January,MASSACHUSETTS,EASTERN PLYMOUTH,Z,BOX,41.96,-71.13,0,0.00K,"Coastal flooding occurred on Washington Street between Blue Fish Reservoir and Gurnet Road in Duxbury.  King Caesar Road was also flooded and was closed.  In Scituate, Cole Parkway was closed due to c"
2014,January,NEW HAMPSHIRE,COASTAL ROCKINGHAM,Z,GYX,43.89,-70.26,0,250.00K,A complex area of low pressure intensified as it slowly moved off the Mid Atlantic coastline on January 2nd. It continued to reorganize (975 mb) and move south of Cape Cod on the 3rd. Gale force north
2014,January,MAINE,COASTAL CUMBERLAND,Z,GYX,43.89,-70.26,0,25.00K,A complex area of low pressure intensified as it slowly moved off the Mid Atlantic coastline on January 2nd. It continued to reorganize (975 mb) and move south of Cape Cod on the 3rd. Gale force north
2014,January,MAINE,COASTAL YORK,Z,GYX,43.89,-70.26,0,15.00K,A complex area of low pressure intensified as it slowly moved off the Mid Atlantic coastline on January 2nd. It continued to reorganize (975 mb) and move south of Cape Cod on the 3rd. Gale force north
2014,October,MARYLAND,ST. MARY'S,Z,LWX,38.98,-77.47,0,,Fitzie's Marina and Pub located at Leonardtown reported water entering the building during the time of high tide. The restaurant was forced to close early due to the water entering through the doors a
2014,October,MARYLAND,ANNE ARUNDEL,Z,LWX,38.98,-77.47,0,,Water was reported to be about 8.75 inches over the entrance road at Broadwater Creek with small schools of fish swimming around.
2014,October,MARYLAND,HARFORD,Z,LWX,38.98,-77.47,0,,Moderate flooding was indicated at Havre De Grace (HDGM2).
2014,October,MARYLAND,ANNE ARUNDEL,Z,LWX,38.98,-77.47,0,,Water was reported to be about 8.75 inches over the entrance road at Broadwater Creek with small schools of fish swimming around.
2014,October,DISTRICT OF COLUMBIA,DISTRICT OF COLUMBIA,Z,LWX,38.98,-77.47,0,,Washington Harbor called to inform that water was coming up through the storm drains around the time of high tide. Tidal gauge WASD2 reported moderate tidal levels.
2014,August,CALIFORNIA,ORANGE COUNTY COASTAL AREAS,Z,SGX,32.85,-117.11,0,15.00K,"Local TV media reported significant coastal flooding of Seal Beach, specifically along East Seal Way, where many homes experienced a few inches to 1 foot of water rushing into them after 12 to 14 foot"
2017,January,MARYLAND,ST. MARY'S,Z,LWX,38.98,-77.47,0,,"Water covered roads on St. Georges Island. Water was also approaching structures. Inundation was also occurring at multiple marinas off St. Mary's River, Smith Creek, and Jutland Creek. This was based"
2017,January,FLORIDA,COASTAL PASCO,Z,TBW,27.71,-82.4,0,0.00K,"Water was reported over US 19 in Hudson, peaking at about 2 feet above the high tide."
2017,January,FLORIDA,PINELLAS,Z,TBW,27.71,-82.4,0,20.00K,Water was observed to have risen 2.1 feet above the predicted high tide at Clearwater Beach. The city of Indian Rocks Beach also reported that beach erosion caused the loss of sand and damage to publi
2017,September,NEW JERSEY,SOUTHEASTERN BURLINGTON,Z,PHI,39.86,-74.46,0,0.00K,"Moderate coastal flooding affected southeastern Burlington County with the evening high tide on Tuesday, September 19.  Widespread roadway flooding was reported in the communities along tidal waters a"
2017,January,NEW JERSEY,EASTERN MONMOUTH,Z,PHI,39.86,-74.46,0,,"The NOS gage at Sandy Hook rose above the moderate flood level of 7.7 ft MLLW at 0350EST, peaked at 7.9 ft MLLW at 0512EST, then dropped below 7.7 ft MLLW at 0554EST."
2017,January,PUERTO RICO,MAYAGUEZ AND VICINITY,Z,SJU,18.43,-66.02,0,0.00K,Portions of road 102 along Boulevard Guanajibo in Mayaguez experiences coastal flooding due to the NNW swell.
2017,January,FLORIDA,COASTAL CITRUS,Z,TBW,27.71,-82.4,0,0.00K,"Water was reported to have risen up to US 19 in Crystal River, or about 2 feet above the high tide."
2017,January,NEW JERSEY,WESTERN MONMOUTH,Z,PHI,39.86,-74.46,0,0.00K,Numerous roads flooded with the morning high tide.
2017,January,NEW JERSEY,EASTERN ATLANTIC,Z,PHI,39.86,-74.46,0,,Flooding along California Ave in Atlantic City.
2017,January,ALASKA,ERN NORTON SOUND NULATO HILLS,Z,AFG,64.51,-165.42,0,0.00K,
2017,January,ALASKA,SRN SEWARD PENINSULA COAST,Z,AFG,64.51,-165.42,0,0.00K,
2017,January,ALASKA,ST LAWRENCE IS. BERING STRAIT,Z,AFG,64.51,-165.42,0,0.00K,
2017,January,ALASKA,CHUKCHI SEA COAST,Z,AFG,64.51,-165.42,0,10.00K,
2017,January,ALASKA,YUKON DELTA,Z,AFG,64.51,-165.42,0,0.00K,
2017,January,PUERTO RICO,NORTHWEST,Z,SJU,18.43,-66.02,0,0.50K,Beach erosion and coastal flooding were reported at Montones Beach in the municipality of Isabela.
2017,January,MAINE,COASTAL HANCOCK,Z,CAR,46.87,-68.02,0,,Strong onshore winds and large breaking waves produced minor coastal flooding around the time of high tide during the early morning hours of the 4th. Rocks and debris were washed on to Seawall Road.
2017,March,MAINE,COASTAL HANCOCK,Z,CAR,46.87,-68.02,0,,Onshore winds and large breaking waves produced overwash along Seawall Road around the time of high tide. Rocks and debris were deposited on the road.
2017,March,MAINE,COASTAL HANCOCK,Z,CAR,46.87,-68.02,0,,Onshore winds and large breaking waves produced overwash along Seawall Road around the time of high tide. Rocks and debris were deposited on the road.
2017,March,PUERTO RICO,EASTERN INTERIOR,Z,SJU,18.43,-66.02,0,0.00K,Downtown Loiza reported as completely flooded. Coastal erosion and flooding due to hazardous breaking waves.
2017,January,MAINE,COASTAL HANCOCK,Z,CAR,46.87,-68.02,0,,Splashover was reported along Seawall Road around the time of high tide. Some rocks and debris were washed on to the road.
2017,January,MAINE,COASTAL WASHINGTON,Z,CAR,46.87,-68.02,0,,Minor coastal flooding was reported in Machias around the time of high tide with water covering some roads to varying depth. Sand was also washed on to the road near Rogue Bluffs.
2017,May,CALIFORNIA,ORANGE COUNTY COASTAL,Z,SGX,32.85,-117.11,0,10.00K,Minor flooding of streets with some water creeping into houses near 36th and Finley Streets on Balboa Island due to 6.5 foot high tides. A protective sea wall had been recently demolished.
2017,May,MAINE,COASTAL CUMBERLAND,Z,GYX,43.89,-70.26,0,50.00K,"One of the highest astronomical tides of the year (11.80 ft.), combined with a 1.16 storm surge to reach a 12.96 foot storm tide (Portland flood stage 12.0 MLLW), during the late evening hours. This t"
2017,May,MASSACHUSETTS,EASTERN ESSEX,Z,BOX,41.96,-71.13,0,40.00K,"At 954 PM EST, Commercial Street in Salem was reported to be flooded to a depth of one foot. At 11 PM EST, Beach Raod in Salisbury was reported flooded and impassible. At 1127 AM EST, the Main Street "
2017,March,NEW YORK,NORTHEAST SUFFOLK,Z,OKX,40.87,-72.86,0,0.00K,The USGS tidal gauge on the Peconic River at Riverhead recorded a peak water level of 6.8 ft. MLLW at 118 pm EST. The moderate coastal flood threshold of 6.1 ft. MLLW was exceeded from 1218pm to 336pm
2017,May,NEW HAMPSHIRE,COASTAL ROCKINGHAM,Z,GYX,43.89,-70.26,0,35.00K,"One of the highest astronomical tides of the year combined with a storm surge of 1.16 feet to produce coastal flooding in coastal Rockingham County. In Hampton, the tide gauge topped out at 12.51 feet"
2017,May,MAINE,COASTAL YORK,Z,GYX,43.89,-70.26,0,10.00K,"One of the highest astronomical tides of the year (11.80 ft.), combined with a 1.16 storm surge to reach a 12.96 foot storm tide (Portland flood stage 12.0 MLLW), during the late evening hours. This t"
2017,March,CONNECTICUT,SOUTHERN FAIRFIELD,Z,OKX,40.87,-72.86,0,0.00K,The USACE tidal gauge at Stamford recorded a peak water level of 10.9 ft. MLLW at 12 pm EST. This is 2 tenths of a foot under the moderate coastal flood threshold of 11.1 ft MLLW.The moderate coastal 
2017,March,NEW YORK,SOUTHERN NASSAU,Z,OKX,40.87,-72.86,0,0.00K,The USGS tidal gauge in Hudson Bay at Freeport recorded a peak water level of 6.0 ft. MLLW at 1018 am EST. The moderate coastal flood threshold of 5.8 ft. MLLW was exceeded from 942 to 1042 am EST. Th
2017,March,CONNECTICUT,SOUTHERN NEW HAVEN,Z,OKX,40.87,-72.86,0,0.00K,The NOS tidal gauge at New Haven recorded a peak water level of 9.4 ft. MLLW at 218 pm EST. The moderate coastal flood threshold of 9.2 ft. MLLW was exceeded from 106pm to 236pm EST.  These water leve
2017,May,DISTRICT OF COLUMBIA,DISTRICT OF COLUMBIA,Z,LWX,38.98,-77.47,0,,Moderate flooding was indicated. Gauge levels suggested that the unprotected area on the Southwest Waterfront at the DC seafood market flooded. Water approached parts of the Hains Point Loop Road.
2017,May,MARYLAND,ST. MARY'S,Z,LWX,38.98,-77.47,0,,"According the gauge levels, water covered roads on St. Georges Island, was in yards, and approached structures. To the east, inundation occurred at multiple marinas off St. Mary's River, Smith Creek, "
2017,March,NEW YORK,SOUTHERN WESTCHESTER,Z,OKX,40.87,-72.86,0,0.00K,The USACE tidal gauge at Stamford recorded a peak water level of 10.9 ft. MLLW at 12 pm EST. This is 2 tenths of a foot under the moderate coastal flood threshold of 11.1 ft MLLW. The NOS tidal gauge 
2017,March,NEW YORK,SOUTHEAST SUFFOLK,Z,OKX,40.87,-72.86,0,0.00K,The USGS tidal gauge on the Peconic River at Riverhead recorded a peak water level of 6.8 ft. MLLW at 118 pm EST. The moderate coastal flood threshold of 6.1 ft. MLLW was exceeded from 1218pm to 336pm
2017,March,NEW JERSEY,EASTERN CAPE MAY,Z,PHI,39.86,-74.46,0,,Widespread roadway flooding accompanied the morning high tide in the coastal communities of Cape May county which led to road closures. George Redding Bridge into Wildwood was closed. Moderate beach e
2017,March,NEW JERSEY,WESTERN CAPE MAY,Z,PHI,39.86,-74.46,0,,Widespread roadway flooding accompanied the morning high tide in the coastal communities of Cape May county which led to road closures. George Redding Bridge into Wildwood was closed. Moderate beach e
2017,March,NEW JERSEY,MIDDLESEX,Z,PHI,39.86,-74.46,0,,"The tide gauge at Perth Amboy reached 8.43 ft, moderate flooding begins at 8.2 feet."
2017,October,NEW YORK,MONROE,Z,BUF,42.93,-78.74,0,,
2017,May,TEXAS,NUECES,Z,CRP,27.78,-97.51,0,10.00K,Port Aransas C-MAN station measured a tide level of 2.63 feet above MSL. Water was driven up to the dunes. Significant impacts occurred to Memorial Day weekend campers along the beach in Port Aransas.
2017,May,TEXAS,NUECES,Z,CRP,27.78,-97.51,0,100.00K,NOS gauge at Bob Hall Pier measured tide levels at 3 feet above MSL. Water was driven well into the dunes. Recreational vehicles and campers became stranded and partially inundated with sand and water
2017,October,NEW YORK,NORTHERN CAYUGA,Z,BUF,42.93,-78.74,0,,
2017,October,NEW YORK,WAYNE,Z,BUF,42.93,-78.74,0,,
2017,October,NEW YORK,OSWEGO,Z,BUF,42.93,-78.74,0,,
2017,January,NEW YORK,NORTHEAST SUFFOLK,Z,OKX,40.87,-72.86,0,0.00K,The USGS tidal gauge on the Peconic River at Riverhead recorded a peak water level of 6.6 ft. MLLW at 748 am EST. The moderate coastal flood threshold of 6.1 ft. MLLW was exceeded from 618am to 930am 
2017,October,NEW YORK,NIAGARA,Z,BUF,42.93,-78.74,0,,
2017,January,CALIFORNIA,SAN DIEGO COUNTY COASTAL AREAS,Z,SGX,32.85,-117.11,0,,Lifeguards reported minor tidal overflow into low lying streets and parking lots in Imperial Beach and Oceanside (the Strand) with a high tide near 7 ft and 2-4 ft surf.
2017,January,NEW YORK,SOUTHERN NASSAU,Z,OKX,40.87,-72.86,0,0.00K,The USGS tidal gauge in Hudson Bay at Freeport recorded a peak water level of 5.8 ft. MLLW at 600 pm EST. The moderate coastal flood threshold of 5.8 ft. MLLW was reached from 548pm to 618pm EST. The 
2017,January,NEW YORK,SOUTHWEST SUFFOLK,Z,OKX,40.87,-72.86,0,0.00K,The USGS tidal gauge in Great South Bay at Lindenhurst recorded a peak water level of 4.3 ft. MLLW at 636 am EST. The major coastal flood threshold of 4.3 ft. MLLW was reached from 612am to 724am EST.
2017,October,NEW YORK,JEFFERSON,Z,BUF,42.93,-78.74,0,,
2017,January,NEW YORK,SOUTHEAST SUFFOLK,Z,OKX,40.87,-72.86,0,0.00K,The USGS tidal gauge on the Peconic River at Riverhead recorded a peak water level of 6.6 ft. MLLW at 748 am EST. The moderate coastal flood threshold of 6.1 ft. MLLW was exceeded from 618am to 930am 
2017,January,NEW YORK,SOUTHERN NASSAU,Z,OKX,40.87,-72.86,0,0.00K,The USGS tidal gauge in Hudson Bay at Freeport recorded a peak water level of 6.4 ft. MLLW at 518 am EST. The moderate coastal flood threshold of 5.8 ft. MLLW was exceeded from 330 to 654 am EST.  The
2017,January,DELAWARE,DELAWARE BEACHES,Z,PHI,39.86,-74.46,0,,Coastal highway closed in both directions due to tidal flooding.
2017,October,NEW YORK,ORLEANS,Z,BUF,42.93,-78.74,0,,
2017,February,OREGON,SOUTH CENTRAL OREGON COAST,Z,MFR,42.37,-122.87,0,0.00K,"Highway 101 between mileposts 241 and 242 and highway 42 between mileposts 0 and 3 were covered by up to a foot of water due to a combination of high river flows, high tide, and storm surge.  Road clo"
2017,January,FLORIDA,MONROE/UPPER KEYS,Z,KEY,24.6,-81.73,0,0.00K,"Coastal flooding was reported along the Florida Bay shore near Mile Marker 105.5 in Key Largo, on North Blackwater Lane and Stillwright Way.  Video observed via social media indicated ankle-deep water"
2017,April,LOUISIANA,ST. MARY,Z,LCH,30.13,-93.22,0,0.00K,Pictures posted to social media indicated water was several inches deep during high tide around Cypremort Point.
2017,January,NEW JERSEY,EASTERN OCEAN,Z,PHI,39.86,-74.46,0,,Flooding reported in numerous locations on Long Beach Island.
2017,January,NEW JERSEY,WESTERN OCEAN,Z,PHI,39.86,-74.46,0,,Several inches of water came up with the morning high tide into Ocean City which flooded some roads. Numerous roads flooded throughout county including route 72 between GSP and Long Beach Island.
2017,June,ALABAMA,LOWER MOBILE,Z,MOB,30.68,-88.24,0,0.00K,Dauphin Island Police reported flooding from the west end of Dauphin Island east to St. Stephens Street.
2017,April,MISSISSIPPI,HANCOCK,Z,LIX,29.75,-89.82,0,0.00K,Strong onshore flow led to tides rising approximately 2 feet above normal. This resulted in coastal flooding mainly in the Shoreline Park area with some roads becoming impassible to cars.
2017,September,MARYLAND,ST. MARY'S,Z,LWX,38.98,-77.47,0,,"Based on river gauge levels, water covered roads on St. Georges Island, was in yards, and it approached structures. To the east, inundation occurred at multiple marinas off St. Mary's River, Smith Cre"
2017,September,MARYLAND,ST. MARY'S,Z,LWX,38.98,-77.47,0,,"Based on river gauge levels, water covered roads on St. Georges Island, was in yards, and it approached structures. To the east, inundation occurred at multiple marinas off St. Mary's River, Smith Cre"
2017,September,SOUTH CAROLINA,CHARLESTON,Z,CHS,32.9,-80.03,0,,A picture received via social media showed water flowing under a beach home on Sullivan's Island.
2017,September,SOUTH CAROLINA,CHARLESTON,Z,CHS,32.9,-80.03,0,,"Charleston Police Department reported numerous roads closed across Downtown Charleston due to tidal flooding.  This included Hagood Avenue between Fishburne and Line, Lockwood and Gadsden, Barre betwe"
2017,September,NEW JERSEY,WESTERN ATLANTIC,Z,PHI,39.86,-74.46,0,0.00K,"Moderate coastal flooding affected western Atlantic County with the evening high tide on Tuesday, September 19.  Widespread roadway flooding was reported in the communities along tidal waters and many"
2017,August,ALABAMA,BALDWIN INLAND,Z,MOB,30.68,-88.24,0,0.00K,Coastal Flooding observed on the causeway.
2017,September,SOUTH CAROLINA,COASTAL GEORGETOWN,Z,ILM,34.3,-77.88,0,,A strong pressure gradient between high pressure to the north and Tropical Storm Irma to the south created strong onshore flow. Moderate coastal flooding was reported at Pawleys Island and portions of
2017,November,FLORIDA,COASTAL PALM BEACH COUNTY,Z,MFL,25.61,-80.41,0,,Photos on social media show minor flooding from higher than normal astronomical tides at George S Petty Park. Water from inter coastal waterway covering grassy areas with a few inches deep of water ov
2017,November,FLORIDA,COASTAL MIAMI-DADE COUNTY,Z,MFL,25.61,-80.41,0,0.00K,"Minor flooding of sidewalk and curb on NE 23 Street in Miami east of Biscayne Boulevard. Water was up to 6 inches deep at the curb, but most of street remained dry."
2017,November,FLORIDA,COASTAL BROWARD COUNTY,Z,MFL,25.61,-80.41,0,0.00K,Multiple photos and video show minor street flooding due to king tides with portions of entire road covered with water near Southlake Drive and S 9th Avenue in Hollywood.
2017,November,NEW YORK,ORLEANS,Z,BUF,42.93,-78.74,0,,
2017,November,NEW YORK,MONROE,Z,BUF,42.93,-78.74,0,,
2017,November,NEW YORK,WAYNE,Z,BUF,42.93,-78.74,0,,
2017,November,NEW YORK,NORTHERN CAYUGA,Z,BUF,42.93,-78.74,0,,
2017,November,NEW YORK,OSWEGO,Z,BUF,42.93,-78.74,0,,
2017,November,NEW YORK,JEFFERSON,Z,BUF,42.93,-78.74,0,,
2017,November,NEW YORK,NIAGARA,Z,BUF,42.93,-78.74,0,,
2017,November,MARYLAND,ST. MARY'S,Z,LWX,38.98,-77.47,0,,"Based on gauge data, water covered roads on St. Georges Island, was in yards, and approached structures. To the east, inundation occurred at multiple marinas off St. Mary's River, Smith Creek, and Jut"
2017,October,FLORIDA,COASTAL BROWARD COUNTY,Z,MFL,25.61,-80.41,0,,Photos received via social media show several inches of water flooding the coastal roads on Canal Drive in Pompano Beach during high tide.
2017,October,FLORIDA,COASTAL MIAMI-DADE COUNTY,Z,MFL,25.61,-80.41,0,,Six to as much as 12 inches of standing water was noted in several streets in the City of Miami along and east of Biscayne Boulevard from I-395 to NE 30th Street.
2017,October,FLORIDA,METROPOLITAN MIAMI-DADE,Z,MFL,25.61,-80.41,0,0.00K,Tidal flooding occurred in Maceo Park south of Blue Lagoon off NW 7 Street in Miami.
2017,October,FLORIDA,COASTAL BROWARD COUNTY,Z,MFL,25.61,-80.41,0,0.00K,Several inches of water covered Canal Drive in Pompano Beach.
2017,October,NEW YORK,SOUTHEAST SUFFOLK,Z,OKX,40.87,-72.86,0,3.00M,"The USGS tidal gauge in Moriches at Moriches Bay recorded a peak water level of 5.4 ft. MLLW at 530 am EST, which is the moderate coastal flood threshold.||Numerous properties experienced 1 to 2 feet "
2017,July,NEW YORK,WAYNE,Z,BUF,42.93,-78.74,0,,
2017,May,NEW YORK,NIAGARA,Z,BUF,42.93,-78.74,0,,
2017,July,NEW YORK,NORTHERN CAYUGA,Z,BUF,42.93,-78.74,0,,
2017,May,NEW YORK,ORLEANS,Z,BUF,42.93,-78.74,0,,
2017,June,NEW YORK,NIAGARA,Z,BUF,42.93,-78.74,0,,
2017,July,NEW YORK,OSWEGO,Z,BUF,42.93,-78.74,0,,
2017,August,NEW YORK,OSWEGO,Z,BUF,42.93,-78.74,0,,
2017,May,NEW YORK,JEFFERSON,Z,BUF,42.93,-78.74,0,,
2017,June,NEW YORK,ORLEANS,Z,BUF,42.93,-78.74,0,,
2017,July,NEW YORK,JEFFERSON,Z,BUF,42.93,-78.74,0,,
2017,September,NEW YORK,WAYNE,Z,BUF,42.93,-78.74,0,,
2017,August,NEW YORK,NIAGARA,Z,BUF,42.93,-78.74,0,,
2017,August,NEW YORK,NORTHERN CAYUGA,Z,BUF,42.93,-78.74,0,,
2017,June,NEW YORK,MONROE,Z,BUF,42.93,-78.74,0,,
2017,September,NEW YORK,NORTHERN CAYUGA,Z,BUF,42.93,-78.74,0,,
2017,June,NEW YORK,WAYNE,Z,BUF,42.93,-78.74,0,,
2017,September,NEW YORK,OSWEGO,Z,BUF,42.93,-78.74,0,,
2017,October,FLORIDA,ST. JOHNS,Z,JAX,30.49,-81.7,0,0.00K,"Tidal overwash was over A1A just north of Marinland. The road was still passable, but debris was washing over the road."
2017,October,FLORIDA,FLAGLER,Z,JAX,30.49,-81.7,0,0.00K,A dune washout was reported on A1A.
2017,October,FLORIDA,COASTAL DUVAL,Z,JAX,30.49,-81.7,0,0.00K,Tidal flooding along the St. Johns River was observed over barricades and onto steps at the Jacksonville Landing in downtown.
2017,October,FLORIDA,FLAGLER,Z,JAX,30.49,-81.7,0,0.00K,Tidal flooding was reported on South Flagler Avenue between South 23rd Street and South 25th Street. Water was into yards and approaching homes.
2017,October,FLORIDA,COASTAL MIAMI-DADE COUNTY,Z,MFL,25.61,-80.41,0,,Pictures via social media show several inches of flooding over the parking lot at Matheson Hammock Park associated with the morning high tide.
2017,October,MARYLAND,ANNE ARUNDEL,Z,LWX,38.98,-77.47,0,,Water was estimated to be coming up through the storm drains and approaching businesses on Dock Street in Annapolis.
2017,September,NEW YORK,JEFFERSON,Z,BUF,42.93,-78.74,0,,
2017,August,NEW YORK,JEFFERSON,Z,BUF,42.93,-78.74,0,,
2017,October,FLORIDA,MONROE/MIDDLE KEYS,Z,KEY,24.6,-81.73,0,0.00K,"Emergency Management and National Weather Service Personnel confirmed coastal flooding along West Ocean Drive in Key Colony Beach, with saltwater depth 6 inches over the road.  Coastal flooding of nea"
2017,October,FLORIDA,MONROE/UPPER KEYS,Z,KEY,24.6,-81.73,0,0.00K,"U.S. Coast Guard and National Weather Service personnel confirmed coastal flooding in the Upper Florida Keys, with saltwater depth 6 to 8 inches above streets on the oceanside of Rock Harbor, and mino"
2017,October,FLORIDA,MONROE/LOWER KEYS,Z,KEY,24.6,-81.73,0,0.00K,Coastal Flooding with saltwater depth 3 to 6 inches above street level observed at the corner of Truman Avenue and North Roosevelt Boulevard in Key West.
2017,October,ALASKA,KUSKOKWIM DELTA,Z,AFC,64.81,-147.72,0,,Refuge Manager from the Togiak Wildlife Refuge reported that the Kanektok River overflowed. The spit separating the river from the lagoon was under water. The archaeological site south of Quinhagak ha
2017,May,NEW YORK,WAYNE,Z,BUF,42.93,-78.74,0,,
2017,July,NEW YORK,ORLEANS,Z,BUF,42.93,-78.74,0,,
2017,April,ALABAMA,LOWER MOBILE,Z,MOB,30.68,-88.24,0,0.00K,"Coastal flooding reported on the southbound lane of the Dauphin Island Parkway, just north of the Dog River Bridge. The right lane is impassable. Tides were running 1.5 to 2 feet above normal during a"
2017,April,ALABAMA,LOWER BALDWIN,Z,MOB,30.68,-88.24,0,0.00K,Minor coastal flooding occurred on the Highway 90 Causeway over Mobile Bay at the I-10 entrance and exit ramps. Tides were running 1.5 to 2 feet above normal during a spring tidal cyclone and occurred
2017,August,NEW YORK,ORLEANS,Z,BUF,42.93,-78.74,0,,
2017,May,NEW YORK,NORTHERN CAYUGA,Z,BUF,42.93,-78.74,0,,
2017,October,MARYLAND,SOUTHERN BALTIMORE,Z,LWX,38.98,-77.47,0,,Water covered most piers and it proceeded into residence yards in the Bowley Bar Area. Water was about 6 inches deep.
2017,May,NEW YORK,OSWEGO,Z,BUF,42.93,-78.74,0,,
2017,July,NEW YORK,NIAGARA,Z,BUF,42.93,-78.74,0,,
2017,October,TEXAS,NUECES,Z,CRP,27.78,-97.51,0,0.00K,Tide levels rose to above 3 feet mean sea level during the evening hours of the 7th. This flooded the beach access roads on Padre and Mustang Islands. The higher tide levels caused some dune erosion.
2017,October,TEXAS,KLEBERG,Z,CRP,27.78,-97.51,0,0.00K,Tide levels rose to above 3 feet mean sea level during the evening hours of the 7th. This flooded the beach access roads on Padre Island National Seashore. The higher tide levels caused some dune eros
2017,June,NEW YORK,NORTHERN CAYUGA,Z,BUF,42.93,-78.74,0,,
2017,June,NEW YORK,JEFFERSON,Z,BUF,42.93,-78.74,0,,
2017,October,TEXAS,NUECES,Z,CRP,27.78,-97.51,0,0.00K,Most of the roads in North Beach were flooded. Water reached the edge of the frontage road along Highway 181.
2017,October,TEXAS,SAN PATRICIO,Z,CRP,27.78,-97.51,0,0.00K,Much of the low lying areas in the community of Ingleside on the Bay were under water. Several roads were impassable.
2017,October,TEXAS,ARANSAS,Z,CRP,27.78,-97.51,0,0.00K,Several roads in the Rockport area were flooded. Broadway and Water Streets along Aransas Bay were flooded and impassable. Several roads in the Key Allegro subdivision were flooded and impassable.
2017,October,FLORIDA,COASTAL PALM BEACH COUNTY,Z,MFL,25.61,-80.41,0,,Minor street flooding occurred at the time of high tide. Two to three inches of water were present on the road at SE 1st Street and Marine Way in Delray Beach. Pictures and video received via social m
2017,October,FLORIDA,COASTAL MIAMI-DADE COUNTY,Z,MFL,25.61,-80.41,0,,High tide flooding across Downtown Miami lead to 9 to 12 inches of water across the road on Biscayne Boulevard just north of the Epic Hotel. An additional 6 to 9 inches of water was covered the southb
2017,October,FLORIDA,COASTAL BROWARD COUNTY,Z,MFL,25.61,-80.41,0,,"Pictures and video were received via social media of flooding at high tide in Fort Lauderdale. Several inches of water were covering Cordova Road between Las Olas and SE 9th Street, as well as water r"
2017,October,CALIFORNIA,ORANGE COUNTY COASTAL,Z,SGX,32.85,-117.11,0,25.00K,Lifeguards reported 6-8 ft surf on the 7th and 8th in Newport Beach and Huntington Beach. Peak wave heights of 15 ft were reported at the Wedge. A local newspaper reported coastal flooding during high
2017,May,NEW YORK,MONROE,Z,BUF,42.93,-78.74,0,,
2017,June,NEW YORK,OSWEGO,Z,BUF,42.93,-78.74,0,,
2017,September,NEW YORK,MONROE,Z,BUF,42.93,-78.74,0,,
2017,August,NEW YORK,MONROE,Z,BUF,42.93,-78.74,0,,
2017,October,MARYLAND,ST. MARY'S,Z,LWX,38.98,-77.47,0,,"Water levels reached moderate thresholds at the gauge SGSM2. This suggests that water covered roads on St. Georges Island, was in yards, and approached structures. To the east, inundation occurred at "
2017,October,MARYLAND,ST. MARY'S,Z,LWX,38.98,-77.47,0,,"Water levels reached moderate thresholds at the gauge SGSM2. This suggests that water covered roads on St. Georges Island, was in yards, and approached structures. To the east, inundation occurred at "
2017,October,FLORIDA,COASTAL MIAMI-DADE COUNTY,Z,MFL,25.61,-80.41,0,,A combination of heavy rain and high tide lead to 6 inches of standing water in the street on Miami Beach near 78th Street and Byron Avenue. Reports and pictures received via social media.
2017,October,FLORIDA,COASTAL MIAMI-DADE COUNTY,Z,MFL,25.61,-80.41,0,,"A combination of high tide and heavy rainfall led to flooding across portions of Miami during the morning hours of October 5th. 8-10 inches of standing water occurred along 30th Street, with significa"
2017,October,FLORIDA,COASTAL MIAMI-DADE COUNTY,Z,MFL,25.61,-80.41,0,,Flooding during the morning high tide lead to an estimated 1 to 2 feet of standing water covering most of the parking lot at Matheson Hammock Park. Information received via social media.
2017,October,FLORIDA,COASTAL BROWARD COUNTY,Z,MFL,25.61,-80.41,0,,"Flooding during high tide lead to up to 1 foot of water covering the road in numerous locations near Dania Beach Boulevard and Ocean Drive. Reports received via social media.|Also, emergency managers "
2017,September,NEW YORK,NIAGARA,Z,BUF,42.93,-78.74,0,,
2017,October,FLORIDA,COASTAL PALM BEACH COUNTY,Z,MFL,25.61,-80.41,0,,Reports received via social media of an estimated greater than 6 inches of water covering the entire width of the road on several roads during high tide in the West Palm Beach area near the intersecti
2017,October,FLORIDA,COASTAL COLLIER COUNTY,Z,MFL,25.61,-80.41,0,,Flooding during high tide lead to 8 to 12 inches of water along the street in the Palm River Mobile Home Park in North Naples. Additional flooding occurred in East Naples along Danford Street and Fred
2017,October,FLORIDA,COASTAL MIAMI-DADE COUNTY,Z,MFL,25.61,-80.41,0,,"Flooding associated with the morning high tide lead to up to 6 to 9 inches of water covering the entire street near the intersection of NE 78th Street and 10th Avenue in Miami, as well as along the Mi"
2017,October,FLORIDA,COASTAL MIAMI-DADE COUNTY,Z,MFL,25.61,-80.41,0,,Significant street flooding due to high tide occurred along Miami Beach and Key Biscayne. Portions of Collins Avenue in Miami Beach reported an estimated 6 inches of standing water from 14th Street to
2017,September,NEW YORK,ORLEANS,Z,BUF,42.93,-78.74,0,,
2017,October,ALASKA,ST LAWRENCE IS. BERING STRAIT,Z,AFG,64.51,-165.42,0,0.00K,
2017,October,FLORIDA,FLAGLER,Z,JAX,30.49,-81.7,0,0.00K,Tidal overwash on A1A was reported near Marineland associated with high astronomical tides. The road was passable but ocean debris remained.
2017,October,FLORIDA,COASTAL MIAMI-DADE COUNTY,Z,MFL,25.61,-80.41,0,,Significant street flooding due to high tide was reported via social media along Biarritz Drive near Normandy Shores Gulf Course. An additional several inches of water was also reported along the road
2017,October,FLORIDA,COASTAL BROWARD COUNTY,Z,MFL,25.61,-80.41,0,,Flooding during high tide lead to several inches of water covering the street just west of the Fort Lauderdale Yacht Club. Pictures received via social media.
2017,October,FLORIDA,COASTAL PALM BEACH COUNTY,Z,MFL,25.61,-80.41,0,,Reports received via social media of water entering a home in Delray Beach at Marine Way near SE 1st Street during the time of high tide. Time of report estimated.
2017,October,FLORIDA,COASTAL MIAMI-DADE COUNTY,Z,MFL,25.61,-80.41,0,,"Flooding occurred during the evening high tide across portions of Downtown Miami. 8-10 inches of water were reported along 30th Street, along with 9-12 inches of standing water covering the entire wid"
2017,October,NEW YORK,SOUTHERN NASSAU,Z,OKX,40.87,-72.86,0,0.00K,The USGS tidal gauge in Hudson Bay at Freeport recorded a peak water level of 6.6 ft. MLLW at 418 am EST. The moderate coastal flood threshold of 6.2 ft. MLLW was exceeded from 342 to 448 am EST. The 
2017,October,NEW YORK,SOUTHWEST SUFFOLK,Z,OKX,40.87,-72.86,0,3.00M,The USGS tidal gauge in Great South Bay at Lindenhurst recorded a peak water level of 3.7 ft. MLLW at 454 am EST. The moderate coastal flood threshold of 3.6 ft. MLLW was exceeded from 424 to 536 am E
2017,July,NEW YORK,MONROE,Z,BUF,42.93,-78.74,0,,
2017,August,NEW YORK,WAYNE,Z,BUF,42.93,-78.74,0,,
2017,September,NEW JERSEY,EASTERN OCEAN,Z,PHI,39.86,-74.46,0,0.00K,"Moderate coastal flooding affected eastern Ocean County with the evening high tide on Tuesday, September 19.  Widespread roadway flooding was reported in the communities along tidal waters and many ro"
2017,September,NEW JERSEY,WESTERN OCEAN,Z,PHI,39.86,-74.46,0,0.00K,"Moderate coastal flooding affected western Ocean County with the evening high tide on Tuesday, September 19.  Widespread roadway flooding was reported in the communities along tidal waters and many ro"
2017,September,NEW JERSEY,EASTERN CAPE MAY,Z,PHI,39.86,-74.46,0,0.00K,"Moderate coastal flooding affected eastern Cape May County with the evening high tide on Tuesday, September 19.  Widespread roadway flooding was reported in the communities along tidal waters and many"
2017,September,NEW JERSEY,WESTERN CAPE MAY,Z,PHI,39.86,-74.46,0,0.00K,"Moderate coastal flooding affected western Cape May County with the evening high tide on Tuesday, September 19.  Widespread roadway flooding was reported in the communities along tidal waters and many"
2017,September,DELAWARE,INLAND SUSSEX,Z,PHI,39.86,-74.46,0,0.00K,"Moderate coastal flooding affected inland Sussex County with the evening high tide on Tuesday, September 19.  Widespread roadway flooding was reported in the communities along tidal waters and many ro"
2017,September,DELAWARE,DELAWARE BEACHES,Z,PHI,39.86,-74.46,0,0.00K,"Moderate coastal flooding affected Sussex County with the evening high tide on Tuesday, September 19.  Widespread roadway flooding was reported in the communities along tidal waters and many roads wer"
2017,September,NEW JERSEY,EASTERN ATLANTIC,Z,PHI,39.86,-74.46,0,0.00K,"Moderate coastal flooding affected eastern Atlantic County with the evening high tide on Tuesday, September 19.  Widespread roadway flooding was reported in the communities along tidal waters and many"
2017,May,NEW JERSEY,EASTERN MONMOUTH,Z,PHI,39.86,-74.46,0,,"Many coastal on the Atlantic side of the Sandy hook area were impacted by the evening minor tidal cycle. Sandy Hook, Sea Bright, Belmar and Manasquan all went about a tenth of a foot over the moderate"
2017,May,NEW JERSEY,EASTERN CAPE MAY,Z,PHI,39.86,-74.46,0,,Moderate flooding occurred with the evening high tide at Cape May Harbor and at the ferry terminal with departures about a quarter of a foot into the moderate range. The southern tip of Cape May and t
2017,March,NEW JERSEY,EASTERN OCEAN,Z,PHI,39.86,-74.46,0,,"Widespread road flooding accompanied the morning high tide in the coastal communities of Ocean County. This led to numerous road closures. Communities such as Point Pleasant, Seaside heights and Long "
2017,March,NEW JERSEY,SOUTHEASTERN BURLINGTON,Z,PHI,39.86,-74.46,0,,"Widespread road flooding accompanied the morning high tide in the coastal communities of Ocean County. This led to numerous road closures. Communities such as Point Pleasant, Seaside heights and Long "
2017,March,NEW JERSEY,EASTERN MONMOUTH,Z,PHI,39.86,-74.46,0,,"Widespread roadway flooding accompanied the morning high tide with numerous road closures. The communities that were most affected were Sea Bright, Little Silver, Neptune, Belmar and Manasquan. A few "
2017,May,NEW JERSEY,MIDDLESEX,Z,PHI,39.86,-74.46,0,,Moderate coastal flooding occurred with the evening high tide which impacted communities along the Raritan Bay. The Perth Amboy gauge reached 8.22 feet MLLW just above the moderate threshold.
2017,May,NEW JERSEY,WESTERN MONMOUTH,Z,PHI,39.86,-74.46,0,,Communities along the Raritan Bay were flooded with the evening high tide. The gauge at Keansburg reached 7.79 feet just above the minor threshold which is 7.7 feet.
2017,May,NEW JERSEY,EASTERN ATLANTIC,Z,PHI,39.86,-74.46,0,,Moderate coastal flooding occurred with the evening high tide at several gauge locations. These included the Atlantic city Marina and  Steel Pier along with Margate. The barrier islands saw the most i
2017,April,LOUISIANA,LOWER JEFFERSON,Z,LIX,29.75,-89.82,0,0.00K,Strong onshore flow caused tides to rise approximately 1.5 feet above normal resulting in impassible roads during high tide on Grand Isle.
2017,April,LOUISIANA,ST. TAMMANY,Z,LIX,29.75,-89.82,0,0.00K,Strong onshore flow resulted tides rising approximately 2 feet above normal. This caused flooding across the Mandeville lake front during high tide.
2018,March,NEW YORK,SOUTHERN NASSAU,Z,OKX,40.87,-72.86,0,0.00K,The USGS tidal gauge in Hudson Bay at Freeport recorded a peak water level of 6.5 ft. MLLW at 930 am EST. The moderate coastal flood threshold of 6.2 ft. MLLW was exceeded from 918 to 1018 am EST. The
2018,March,NEW YORK,SOUTHERN QUEENS,Z,OKX,40.87,-72.86,0,0.00K,The USGS tidal gauge in Jamaica Bay at Inwood recorded a peak water level of 8.6 ft. MLLW at 1000 pm EST. The moderate coastal flood threshold of 8.2 ft. MLLW was exceeded from 912 to 1048 pm EST. The
2018,March,NEW YORK,SOUTHERN QUEENS,Z,OKX,40.87,-72.86,0,0.00K,The USGS tidal gauge in Jamaica Bay at Inwood recorded a peak water level of 8.4 ft. MLLW at 806 am EST. The moderate coastal flood threshold of 8.2 ft. MLLW was touched from 736 to 836 am EST.
2018,March,NEW YORK,NORTHWEST SUFFOLK,Z,OKX,40.87,-72.86,0,0.00K,The USGS tidal gauge in Old Field recorded a peak water level of 11.1 ft. MLLW at 1136 am EST. The moderate coastal flood threshold of 10.2 ft. MLLW was exceeded from 1048am-1248pm EST. 3 to 5 ft wave
2018,March,NEW YORK,SOUTHEAST SUFFOLK,Z,OKX,40.87,-72.86,0,0.00K,The USGS tidal gauge in Riverhead recorded a peak water level of 6.8 ft. MLLW at 1218 pm EST. The moderate coastal flood threshold of 6.3 ft. MLLW was exceeded from 1054am-100pm EST.
2018,March,NEW YORK,SOUTHEAST SUFFOLK,Z,OKX,40.87,-72.86,0,0.00K,The USGS tidal gauge in Shinnecock Bay recorded a peak water level of 6.0 ft. MLLW at 912 pm EST. The moderate coastal flood threshold of 5.9 ft. MLLW was exceeded from 836pm-1006pm EST.
2018,March,NEW YORK,NORTHERN NASSAU,Z,OKX,40.87,-72.86,0,0.00K,The USGS tidal gauge in Glen Cove recorded a peak water level of 11.0 ft. MLLW at 1200 pm EST. This was 1 tenth of a foot shy of the moderate coastal flood threshold of 11.1 ft. MLLW. The NOS tidal ga
2018,March,NEW YORK,SOUTHERN NASSAU,Z,OKX,40.87,-72.86,0,0.00K,"The USGS tidal gauge in Hudson Bay at Freeport recorded a peak water level of 7.0 ft. MLLW at 954 pm EST. The moderate coastal flood threshold of 6.2 ft. MLLW was exceeded from 812 to 1106 pm EST, and"
2018,March,NEW YORK,SOUTHWEST SUFFOLK,Z,OKX,40.87,-72.86,0,0.00K,The USGS tidal gauge in Lindenhurst recorded a peak water level of 3.9 ft. MLLW at 1142 pm EST. The moderate coastal flood threshold of 3.6 ft. MLLW was exceeded from 1018pm-106am EST. The USGS tidal 
2018,March,NEW YORK,NORTHWEST SUFFOLK,Z,OKX,40.87,-72.86,0,0.00K,The USGS tidal gauge in Old Field recorded a peak water level of 10.2 ft. MLLW at 1248 am EST. The moderate coastal flood threshold of 10.2 ft. MLLW was touched at that time.
2018,March,NEW YORK,SOUTHERN NASSAU,Z,OKX,40.87,-72.86,0,0.00K,The USGS tidal gauge in Hudson Bay at Freeport recorded a peak water level of 6.7 ft. MLLW at 1006 am EST. The moderate coastal flood threshold of 6.2 ft. MLLW was exceeded from 842 to 1100 am EST. Th
2018,March,NEW YORK,SOUTHWEST SUFFOLK,Z,OKX,40.87,-72.86,0,0.00K,The USGS tidal gauge in Lindenhurst recorded a peak water level of 3.8 ft. MLLW at 1142 am EST. The moderate coastal flood threshold of 3.6 ft. MLLW was exceeded from 1042am-1242am EST. The USGS tidal
2018,March,CONNECTICUT,SOUTHERN NEW HAVEN,Z,OKX,40.87,-72.86,0,0.00K,The NOS tidal gauge at New Haven recorded a peak water level of 9.5 ft. MLLW at 1224 pm EST. This exceeded the moderate coastal flood threshold of 9.2 ft. MLLW between 1148am to 1254 pm. EST.
2018,March,CONNECTICUT,SOUTHERN NEW HAVEN,Z,OKX,40.87,-72.86,0,0.00K,The NOS tidal gauge at New Haven recorded a peak water level of 9.5 ft. MLLW at 1236 am EST. This exceeded the moderate coastal flood threshold of 9.2 ft. MLLW between 1148pm to 112 am. EST.
2018,March,NEW YORK,SOUTHERN NASSAU,Z,OKX,40.87,-72.86,0,0.00K,The USGS tidal gauge in Hudson Bay at Freeport recorded a peak water level of 6.5 ft. MLLW at 800 am EST. The moderate coastal flood threshold of 6.2 ft. MLLW was exceeded from 706 to 854 am EST.
2018,March,MARYLAND,ANNE ARUNDEL,Z,LWX,38.98,-77.47,0,,The gauge at Annapolis indicated that water was coming up through storm drains and approaching businesses on Dock Street in Annapolis.
2018,March,MARYLAND,ANNE ARUNDEL,Z,LWX,38.98,-77.47,0,,The gauge at Annapolis indicated that water was coming up through storm drains and approaching businesses on Dock Street in Annapolis.
2018,March,MARYLAND,ST. MARY'S,Z,LWX,38.98,-77.47,0,,"The water level at Straits point indicated that yards were flooded on Saint George Island, and water covered the road leading to the island."
2018,March,MARYLAND,ST. MARY'S,Z,LWX,38.98,-77.47,0,,"The water level at Straits point indicated that yards were flooded on Saint George Island, and water covered the road leading to the island."
2018,March,MARYLAND,CALVERT,Z,LWX,38.98,-77.47,0,,"The water level at Solomons Island indicated that parking lots near Charles Street in Solomons began to flood, with several inches of water covering portions of both Charles Street and Williams Street"
2018,March,DISTRICT OF COLUMBIA,DISTRICT OF COLUMBIA,Z,LWX,38.98,-77.47,0,,The water level at Maine Avenue indicated that the unprotected area on the Southwest Waterfront at the DC seafood market began to flood. Water approached parts of the Hains Point Loop Road.
2018,March,DISTRICT OF COLUMBIA,DISTRICT OF COLUMBIA,Z,LWX,38.98,-77.47,0,,The water level at Maine Avenue indicated that the unprotected area on the Southwest Waterfront at the DC seafood market began to flood. Water approached parts of the Hains Point Loop Road.
2018,April,MARYLAND,ANNE ARUNDEL,Z,LWX,38.98,-77.47,0,,The gauge level at Annapolis (APAM2) indicated that water came through storm drains and approached businesses on Dock Street in Annapolis.
2018,April,MARYLAND,ANNE ARUNDEL,Z,LWX,38.98,-77.47,0,,The gauge level at Annapolis (APAM2) indicated that water came through storm drains and approached businesses on Dock Street in Annapolis.
2018,April,MARYLAND,ST. MARY'S,Z,LWX,38.98,-77.47,0,,"The gauge level at Straits Point (SGSM2) indicated that water covered roads on St. Georges Island, was in yards, and approached structures. To the east, inundation occurred at multiple marinas off St."
2018,January,FLORIDA,ST. JOHNS,Z,JAX,30.49,-81.7,0,0.00K,An abandoned structure located on the coast at South Ponte Vedra Beach collapsed due to beach erosion. Strong onshore flow combined with high astronomical tides produce minor coastal flooding along th
2018,January,FLORIDA,FLAGLER,Z,JAX,30.49,-81.7,0,0.00K,Beach erosion and coastal flooding impacted the Flagler county coast.
2018,January,CALIFORNIA,ORANGE COUNTY COASTAL,Z,SGX,32.85,-117.11,0,,Huntington Beach Lifeguards reported mild to moderate beach erosion.
2018,January,CALIFORNIA,SAN DIEGO COUNTY COASTAL AREAS,Z,SGX,32.85,-117.11,0,,"Coastal flooding occurred in the parking lots of Aliso and Capistrano Beaches, and along the Strand in Oceanside during the morning high tide. A significant amount of sand was lost at Solana Beach, wi"
2018,January,MAINE,COASTAL HANCOCK,Z,CAR,46.87,-68.02,0,,Unusually high tides...large waves and strong winds contributed to coastal flooding around the time of high tide during the early afternoon of the 4th. Beach erosion was reported along with damage to 
2018,January,MAINE,COASTAL WASHINGTON,Z,CAR,46.87,-68.02,0,,Unusually high tides...large waves and strong winds contributed to coastal flooding around the time of high tide during the early afternoon of the 4th. Beach erosion was reported along with damage to 
2018,January,MAINE,COASTAL WALDO,Z,GYX,43.89,-70.26,0,75.00K,Intense low pressure combined with high astronomical tides to produce coastal flooding in Lincolnville. Water was 6 to 12 inches deep on Route 1 in Lincolnville.
2018,January,MAINE,SAGADAHOC,Z,GYX,43.89,-70.26,0,150.00K,Intense low pressure combined with high astronomical tides to produce coastal flooding in Arrowsic-Woolwich. Flood waters covered Route 127 in Arrowsic up to 1 foot deep and minor flooding occurred ne
2018,January,MAINE,COASTAL CUMBERLAND,Z,GYX,43.89,-70.26,0,750.00K,"Intense low pressure combined with high astronomical tides to produce coastal flooding from Scarborough to Portland. In Portland, water reached the doors to J's Oyster Bar, while minor flooding less t"
2018,January,MAINE,COASTAL YORK,Z,GYX,43.89,-70.26,0,750.00K,"Intense low pressure combined with high astronomical tides to produce coastal flooding from York to Biddeford. Water a foot deep flooded roadways in Kennebunkport, flooding businesses and cars in park"
2018,January,MAINE,LINCOLN,Z,GYX,43.89,-70.26,0,125.00K,Intense low pressure combined with high astronomical tides to produce coastal flooding in Damariscotta. Waterfronts flooded including Main Street in Damariscotta.
2018,January,MAINE,KNOX,Z,GYX,43.89,-70.26,0,50.00K,Intense low pressure combined with high astronomical tides to produce in coastal flooding in Rockland. Marine Park was flooded and the ferry service was shut down.
2018,January,NEW HAMPSHIRE,COASTAL ROCKINGHAM,Z,GYX,43.89,-70.26,0,1.00M,Intense low pressure combined with high astronomical tides to produce coastal flooding in Hampton. Major flooding occurred in Hampton where three feet of water covered some roadways. Ten automobile re
2018,January,NORTH CAROLINA,EASTERN DARE,Z,MHX,34.78,-76.88,0,0.00K,Sound side flooding produced water levels about 3 feet above normal in Hatteras Village. Water flooded Highway 12 in a few spots as well as some out buildings.
2018,March,NEW JERSEY,WESTERN OCEAN,Z,PHI,39.86,-74.46,0,0.00K,"Moderate coastal flooding with a number of road closures in the coastal communities of Ocean County.  The peak tide was 2.82 feet MLLW at Bayshore, 4.55 feet MLLW at Barnegat Light, and 5.84 feet MLLW"
2018,March,NEW HAMPSHIRE,COASTAL ROCKINGHAM,Z,GYX,43.89,-70.26,0,1.30M,"In Hampton, New Hampshire, major flooding occurred along the New Hampshire seacoast where up to 3 feet of water covered some roadways in the Back Bay area of Hampton. Route 1A was shut down at Wallis "
2018,March,NEW HAMPSHIRE,COASTAL ROCKINGHAM,Z,GYX,43.89,-70.26,0,300.00K,"In Hampton, New Hampshire, major flooding occurred along the New Hampshire seacoast where up to 3 feet of water covered some roadways in the Back Bay area of Hampton. Route 1A was shut down at Wallis "
2018,March,NEW HAMPSHIRE,COASTAL ROCKINGHAM,Z,GYX,43.89,-70.26,0,100.00K,"In Hampton, New Hampshire, major flooding occurred along the New Hampshire seacoast where up to 3 feet of water covered some roadways in the Back Bay area of Hampton. Route 1A was shut down at Wallis "
2018,March,MAINE,COASTAL CUMBERLAND,Z,GYX,43.89,-70.26,0,35.00K,"On March 2nd the highest astronomical tide of the month occurred in Portland at 11.2 feet. An additional storm surge of 1.9 feet allowed the storm tide to top out at 13.1 feet, which was the eleventh "
2018,March,NEW HAMPSHIRE,COASTAL ROCKINGHAM,Z,GYX,43.89,-70.26,0,100.00K,"In Hampton, New Hampshire, major flooding occurred along the New Hampshire seacoast where up to 3 feet of water covered some roadways in the Back Bay area of Hampton. Route 1A was shut down at Wallis "
2018,March,NEW JERSEY,EASTERN OCEAN,Z,PHI,39.86,-74.46,0,0.00K,"Moderate coastal flooding with a number of road closures in the coastal communities of Ocean County.  The peak tide was 2.82 feet MLLW at Bayshore, 4.55 feet MLLW at Barnegat Light, and 5.84 feet MLLW"
2018,March,PUERTO RICO,SAN JUAN AND VICINITY,Z,SJU,18.43,-66.02,0,,Several cars and people were trapped due to flooding caused by the swell action in Piï¿½ï¿½ones area. Road 187 was closed due to flooding and large amount of debris affecting the road. Significant ero
2018,March,PUERTO RICO,SAN JUAN AND VICINITY,Z,SJU,18.43,-66.02,0,,The walking pathway along the Bay of San Juan was destroyed. Hundreds of houses reported some kind of damage due to flooding. Swell action also impacted concrete structures in the Puntilla sector. Roa
2018,March,PUERTO RICO,NORTHEAST,Z,SJU,18.43,-66.02,0,,"Large swell caused significant erosion along the coast, mainly along the Fortuna sector, where several concrete structures had significant damage. Raods along the area were closed due to the swell act"
2018,March,PUERTO RICO,NORTHWEST,Z,SJU,18.43,-66.02,0,,"Large swells affected the Villa Pesquera area, flooding some roads and affecting some concrete structures. Houses were also flooded by the large swells. Beach erosion affected road PR 466. Large amoun"
2018,March,PUERTO RICO,NORTHWEST,Z,SJU,18.43,-66.02,0,,Structural damage along Sandy beach and Don Antonio. Significant damage was reported to the Hotel Casa Islena sea wall.
2018,March,PUERTO RICO,SAN JUAN AND VICINITY,Z,SJU,18.43,-66.02,0,,Several roads along the shore were closed due to flooding and large amount of debris. La Princesa walking path in Old San Juan was partially destroyed by the swell action. Large amounts of debris and 
2018,March,PUERTO RICO,NORTH CENTRAL,Z,SJU,18.43,-66.02,0,,Road Victor Rojas had to be closed due to flooding and large amount of debris. Road 681 was also closed for similar reasons. Road 119 was affected by flooding and large amount of debris.
2018,March,PUERTO RICO,NORTH CENTRAL,Z,SJU,18.43,-66.02,0,,"Coastal flooding reported in Urb. Mar Azul, Hatillo PR, which occurred with the combination of the large swell event and the high tide during the overnight hours."
2018,March,MAINE,COASTAL YORK,Z,GYX,43.89,-70.26,0,100.00K,"On March 2nd the highest astronomical tide of the month occurred in Portland at 11.2 feet. An additional storm surge of 1.9 feet allowed the storm tide to top out at 13.1 feet, which was the eleventh "
2018,March,MAINE,COASTAL CUMBERLAND,Z,GYX,43.89,-70.26,0,25.00K,"On March 2nd the highest astronomical tide of the month occurred in Portland at 11.2 feet. An additional storm surge of 1.9 feet allowed the storm tide to top out at 13.1 feet, which was the eleventh "
2018,March,MAINE,COASTAL YORK,Z,GYX,43.89,-70.26,0,110.00K,"On March 2nd the highest astronomical tide of the month occurred in Portland at 11.2 feet. An additional storm surge of 1.9 feet allowed the storm tide to top out at 13.1 feet, which was the eleventh "
2018,March,NEW JERSEY,WESTERN MONMOUTH,Z,PHI,39.86,-74.46,0,0.00K,"Moderate coastal flooding with a number of road closures in the coastal communities of Monmouth County.  The peak tide was 7.70 feet MLLW at Sandy Hook, 7.27 feet MLLW at Belmar, and 6.81 feet MLLW at"
2018,March,MAINE,COASTAL YORK,Z,GYX,43.89,-70.26,0,1.50M,"On March 2nd the highest astronomical tide of the month occurred in Portland at 11.2 feet. An additional storm surge of 1.9 feet allowed the storm tide to top out at 13.1 feet, which was the eleventh "
2018,March,MAINE,COASTAL CUMBERLAND,Z,GYX,43.89,-70.26,0,25.00K,"On March 2nd the highest astronomical tide of the month occurred in Portland at 11.2 feet. An additional storm surge of 1.9 feet allowed the storm tide to top out at 13.1 feet, which was the eleventh "
2018,March,MAINE,COASTAL YORK,Z,GYX,43.89,-70.26,0,380.00K,"On March 2nd the highest astronomical tide of the month occurred in Portland at 11.2 feet. An additional storm surge of 1.9 feet allowed the storm tide to top out at 13.1 feet, which was the eleventh "
2018,March,MAINE,COASTAL CUMBERLAND,Z,GYX,43.89,-70.26,0,255.00K,"On March 2nd the highest astronomical tide of the month occurred in Portland at 11.2 feet. An additional storm surge of 1.9 feet allowed the storm tide to top out at 13.1 feet, which was the eleventh "
2018,March,NEW JERSEY,EASTERN MONMOUTH,Z,PHI,39.86,-74.46,0,0.00K,"Moderate coastal flooding with a number of road closures in the coastal communities of Monmouth County.  The peak tide was 7.70 feet MLLW at Sandy Hook, 7.27 feet MLLW at Belmar, and 6.81 feet MLLW at"
2018,March,NEW JERSEY,MIDDLESEX,Z,PHI,39.86,-74.46,0,0.00K,Moderate coastal flooding with a number of road closures in the coastal communities of Middlesex County.  The peak tide was 8.41 feet MLLW at Perth Amboy.
2018,March,NEW JERSEY,WESTERN MONMOUTH,Z,PHI,39.86,-74.46,0,0.00K,"Moderate coastal flooding with a number of road closures in the coastal communities of Monmouth County.  The peak tide was 8.23 feet MLLW at Keansburg, 8.22 feet MLLW at Sandy Hook, 7.69 feet MLLW at "
2018,March,NEW JERSEY,EASTERN MONMOUTH,Z,PHI,39.86,-74.46,0,0.00K,"Moderate coastal flooding with a number of road closures in the coastal communities of Monmouth County.  The peak tide was 8.23 feet MLLW at Keansburg, 8.22 feet MLLW at Sandy Hook, 7.69 feet MLLW at "
2018,March,NEW JERSEY,EASTERN ATLANTIC,Z,PHI,39.86,-74.46,0,0.00K,"Moderate coastal flooding with a number of road closures in the coastal communities of Atlantic County.  The peak tide was 6.48 feet MLLW at Absecon, 6.93 feet MLLW at the Atlantic City Marina, 7.29 f"
2018,March,MAINE,COASTAL YORK,Z,GYX,43.89,-70.26,0,100.00K,"On March 2nd the highest astronomical tide of the month occurred in Portland at 11.2 feet. An additional storm surge of 1.9 feet allowed the storm tide to top out at 13.1 feet, which was the eleventh "
2018,March,MAINE,COASTAL CUMBERLAND,Z,GYX,43.89,-70.26,0,20.00K,"On March 2nd the highest astronomical tide of the month occurred in Portland at 11.2 feet. An additional storm surge of 1.9 feet allowed the storm tide to top out at 13.1 feet, which was the eleventh "
2018,March,MAINE,COASTAL YORK,Z,GYX,43.89,-70.26,0,115.00K,"On March 2nd the highest astronomical tide of the month occurred in Portland at 11.2 feet. An additional storm surge of 1.9 feet allowed the storm tide to top out at 13.1 feet, which was the eleventh "
2018,March,MAINE,COASTAL CUMBERLAND,Z,GYX,43.89,-70.26,0,35.00K,"On March 2nd the highest astronomical tide of the month occurred in Portland at 11.2 feet. An additional storm surge of 1.9 feet allowed the storm tide to top out at 13.1 feet, which was the eleventh "
2018,March,NEW JERSEY,WESTERN CAPE MAY,Z,PHI,39.86,-74.46,0,0.00K,"Moderate coastal flooding with a number of road closures in the coastal communities of Cape May County.  The peak tide was 6.33 feet MLLW at Ocean City, 6.86 feet MLLW at Sea Isle City, 6.92 feet MLLW"
2018,January,MASSACHUSETTS,DUKES,Z,BOX,41.96,-71.13,0,0.00K,"At 1014 AM EST, Beach Road from Five Corners to the Hospital was flooded and impassable."
2018,January,MASSACHUSETTS,BARNSTABLE,Z,BOX,41.96,-71.13,0,0.00K,"At 955 AM EST, Crows Pond Landing in Chatham was flooded and impassable.  At 1039 AM EST, Route 6A was flooded at the Brewster/Dennis town line."
2018,March,NEW JERSEY,EASTERN CAPE MAY,Z,PHI,39.86,-74.46,0,0.00K,"Moderate coastal flooding with a number of road closures in the coastal communities of Cape May County.  The peak tide was 6.33 feet MLLW at Ocean City, 6.86 feet MLLW at Sea Isle City, 6.92 feet MLLW"
2018,January,MASSACHUSETTS,NANTUCKET,Z,BOX,41.96,-71.13,0,0.00K,"At 902 AM, water was halfway up the hubcaps a car on Easy Street. Easton Street was flooded and impassable.  AT 1019 AM EST Washington Street was under as much as a foot of floodwater."
2018,January,MASSACHUSETTS,EASTERN ESSEX,Z,BOX,41.96,-71.13,0,0.00K,"At 930 AM EST, Causeway Street in Gloucester was flooded and impassable.  At 935 AM EST, the eastbound lane of Beach Road in Salisbury was flooded and impassable.  At 950 AM EST Island Park Road and A"
2018,January,MASSACHUSETTS,EASTERN NORFOLK,Z,BOX,41.96,-71.13,0,0.00K,"At 940 AM EST, Rhoda Street and Spring Street in Quincy were both flooded and impassable. At 955 AM EST Margin Street was flooded near Stockbridge Street and Howard Gleason Road; Atlantic Avenue had s"
2018,March,MAINE,COASTAL YORK,Z,GYX,43.89,-70.26,0,50.00K,"An ocean storm triggered a storm surge of over two feet at the time of high tide, yet tide levels never reached flood stage. Beach erosion and splash-over were reported in Saco as 20 foot waves coinci"
2018,March,NEW HAMPSHIRE,COASTAL ROCKINGHAM,Z,GYX,43.89,-70.26,0,25.00K,"An ocean storm triggered a storm surge of over two feet at the time of high tide, yet tide levels never reached flood stage. Beach erosion and splash-over were reported in Hampton as 20 foot waves coi"
2018,March,NEW JERSEY,SOUTHEASTERN BURLINGTON,Z,PHI,39.86,-74.46,0,0.00K,Moderate coastal flooding with some road closures along tidal waterways in southeastern Burlington County.  The peak tide was 5.84 feet MLLW at Tuckerton and 7.29 feet MLLW at Atlantic City (oceanfron
2018,March,NEW JERSEY,EASTERN MONMOUTH,Z,PHI,39.86,-74.46,0,0.00K,"Moderate coastal flooding with a number of road closures in the coastal communities of Monmouth County.  The peak tide was 7.81 feet MLLW at Keansburg, 7.84 feet MLLW at Sandy Hook, 7.37 feet MLLW at "
2018,March,NEW JERSEY,WESTERN ATLANTIC,Z,PHI,39.86,-74.46,0,0.00K,"Moderate coastal flooding with a number of road closures in the coastal communities of Atlantic County.  The peak tide was 6.48 feet MLLW at Absecon, 6.93 feet MLLW at the Atlantic City Marina, 7.29 f"
2018,March,MASSACHUSETTS,EASTERN PLYMOUTH,Z,BOX,41.96,-71.13,0,0.00K,In Hull...Atlantic Avenue was flooded and barely passable.  The A Street Pier was submerged. There was a complete loss of protective dunes along sections of North Nantasket Beach.  In Hingham...Kilby 
2018,March,MASSACHUSETTS,BARNSTABLE,Z,BOX,41.96,-71.13,0,0.00K,At 11:52 AM State Route 6A in Sandwich was reported impassable in both directions at Scorton Creek.  At the same time Scorton Creek flooded Marshview Circle.  Twenty-four homes were condemned in Sandw
2018,January,MASSACHUSETTS,SUFFOLK,Z,BOX,41.96,-71.13,0,20.00K,"At 846 AM EST, amateur radio reported that the exit ramp from I-93 northbound in Dorchester onto Morrissey Blvd was closed due to flooding on Morrissey Blvd. At 855 AM EST, Conley Street near Tenean B"
2018,March,NEW HAMPSHIRE,COASTAL ROCKINGHAM,Z,GYX,43.89,-70.26,0,100.00K,"In Hampton, New Hampshire, major flooding occurred along the New Hampshire seacoast where up to 3 feet of water covered some roadways in the Back Bay area of Hampton. Route 1A was shut down at Wallis "
2018,March,NEW HAMPSHIRE,COASTAL ROCKINGHAM,Z,GYX,43.89,-70.26,0,100.00K,"In Hampton, New Hampshire, the astronomical tide was 10.2 feet on March 2nd. The storm tide reached 12.81 feet from this multi-cycle storm due to an accompanying 2.6  storm surge. Flood stage is 11.0 "
2018,November,MASSACHUSETTS,SUFFOLK,Z,BOX,41.96,-71.13,0,0.00K,"In Boston at 1154 AM, Morrissey Boulevard and Freeport Street were flooded, as well as the ramp at Exit 14 of northbound I-93."
2018,October,NEW JERSEY,SOUTHEASTERN BURLINGTON,Z,PHI,39.86,-74.46,0,0.00K,Moderate to major coastal flooding occurred along the tidal waterways of southeastern Burlington County.  There was roadway flooding with water reaching some structures.  There were several road closu
2018,October,NEW JERSEY,WESTERN ATLANTIC,Z,PHI,39.86,-74.46,0,0.00K,Moderate to major coastal flooding occurred along the back bays and other tidal waterways in the county.  There was widespread roadway flooding with water reaching some buildings.  Many streets in Abs
2018,March,MASSACHUSETTS,DUKES,Z,BOX,41.96,-71.13,0,0.00K,"At 11 AM EST in Vineyard Haven Lagoon Pond Road, Water Street, and Beach Road were closed due to flooding. At the same time, Seaview Avenue and Beach Road in Oak Bluffs were closed due to flooding; Be"
2018,March,MASSACHUSETTS,NANTUCKET,Z,BOX,41.96,-71.13,0,0.00K,"At 12:15 PM EST, Washington Street in the main settlement of Nantucket was reported flooded and impassable."
2018,March,MASSACHUSETTS,EASTERN ESSEX,Z,BOX,41.96,-71.13,0,0.00K,"Extensive moderate to major coastal flooding was reported along the Essex County coastline for three tide cycles on March 2nd and 3rd.  Flooding occurred in Salisbury on Berry Road, First Street, Broa"
2018,March,NORTH CAROLINA,EASTERN DARE,Z,MHX,34.78,-76.88,0,4.30M,Slow moving low pressure offshore produced large northeast swells that impacted the Outer Banks March 3rd and 4th. These large swells produced significant ocean over-wash and coastal flooding on Outer
2018,March,MASSACHUSETTS,SUFFOLK,Z,BOX,41.96,-71.13,0,0.00K,"Extensive moderate to major coastal flooding was reported.  In Revere...Mills Avenue, River Avenue, Revere Beach Parkway closed.  In Winthrop the Winthrop Causeway and Winthrop Shore Drive were closed"
2018,March,MASSACHUSETTS,EASTERN NORFOLK,Z,BOX,41.96,-71.13,0,0.00K,"In Quincy...Quincy Shore Drive, Brackett Street, Sea Street, East Squantum Street, Shore Drive, Salt Point Road, and Norfolk Avenue were closed.  In Weymouth, Fore River Avenue was flooded. River Stre"
2018,March,MASSACHUSETTS,EASTERN PLYMOUTH,Z,BOX,41.96,-71.13,0,0.00K,"At 3:49 AM EST, Hull Shore Drive in Hull was flooded and impassable."
2018,October,NEW JERSEY,EASTERN CAPE MAY,Z,PHI,39.86,-74.46,0,0.00K,"Moderate coastal flooding occurred along the back bays, and other tidal waterways in the county.  There was widespread roadway flooding with water reaching some buildings.  Among the locations most im"
2018,October,NEW JERSEY,EASTERN ATLANTIC,Z,PHI,39.86,-74.46,0,0.00K,Moderate to major coastal flooding occurred along the back bays and other tidal waterways in the county.  There was widespread roadway flooding with water reaching some buildings.  Water approached so
2018,October,NEW JERSEY,WESTERN MONMOUTH,Z,PHI,39.86,-74.46,0,0.00K,Major coastal flooding occurred along Raritan Bay and other tidal waterways in the county.  There was widespread roadway flooding with water reaching some buildings.  The tide gauge at Keansburg peake
2018,March,NORTH CAROLINA,EASTERN DARE,Z,MHX,34.78,-76.88,0,,Strong west winds produced high water levels over the eastern portion of the Pamlico Sound producing significant sound-side flooding of Outer Banks Dare County. Water levels reached 2 to 3 feet above 
2018,October,DELAWARE,INLAND SUSSEX,Z,PHI,39.86,-74.46,0,0.00K,"Moderate coastal flooding occurred along the back bays, Delaware Bay and other tidal waterways in the county.  There was widespread roadway flooding with water reaching some buildings.  River Road was"
2018,October,DELAWARE,KENT,Z,PHI,39.86,-74.46,0,0.00K,Moderate coastal flooding occurred along Delaware Bay and other tidal waterways in the county.  There was widespread roadway flooding with water reaching some buildings.  Main Street in Bowers and Sou
2018,October,NEW JERSEY,WESTERN CAPE MAY,Z,PHI,39.86,-74.46,0,0.00K,"Moderate coastal flooding occurred along the back bays, Delaware Bay and other tidal waterways in the county.  There was widespread roadway flooding with water reaching some buildings.  The tide gauge"
2018,October,DELAWARE,DELAWARE BEACHES,Z,PHI,39.86,-74.46,0,0.00K,"Moderate coastal flooding occurred along the back bays, Delaware Bay and other tidal waterways in the county.  There was widespread roadway flooding with water reaching some buildings.  The tide gauge"
2018,November,NEW JERSEY,MIDDLESEX,Z,PHI,39.86,-74.46,0,0.00K,Roadway flooding occurred in the communities along the Arthur Kill and Raritan Bay. The tide gauge at Perth Amboy reached 8.40 feet MLLW.
2018,November,NEW JERSEY,WESTERN MONMOUTH,Z,PHI,39.86,-74.46,0,0.00K,Widespread roadway flooding occurred in the coastal communities of Monmouth County.  The tide gauge at Keansburg reached 8.05 feet MLLW.  The tide gauge at Sandy Hook reached 8.02 feet MLLW.  The tide
2018,November,NEW JERSEY,EASTERN MONMOUTH,Z,PHI,39.86,-74.46,0,0.00K,Widespread roadway flooding occurred in the coastal communities of Monmouth County.  The tide gauge at Keansburg reached 8.05 feet MLLW.  The tide gauge at Sandy Hook reached 8.02 feet MLLW.  The tide
2018,November,NEW JERSEY,NORTHWESTERN BURLINGTON,Z,PHI,39.86,-74.46,0,0.00K,Moderate tidal flooding occurred along the tidal Delaware River and its tidal tributaries.  Some roads were flooded.  The tide gauge at Burlington reached 10.52 feet MLLW.
2018,November,PENNSYLVANIA,LOWER BUCKS,Z,PHI,39.86,-74.46,0,0.00K,"Moderate tidal flooding occurred along the tidal Delaware River and its tidal tributaries.  Some roads were flooded.  The tide gauge at Burlington, New Jersey reached 10.52 feet MLLW."
2018,November,NEW JERSEY,NORTHWESTERN BURLINGTON,Z,PHI,39.86,-74.46,0,0.00K,"Moderate tidal flooding occurred along the tidal Delaware River and its tidal tributaries.  Some roads were flooded.  The tide gauge at Newbold Island, Pennsylvania reached 11.40 feet MLLW.  The tide "
2018,November,PENNSYLVANIA,LOWER BUCKS,Z,PHI,39.86,-74.46,0,0.00K,Moderate tidal flooding occurred along the tidal Delaware River and its tidal tributaries.  Some roads were flooded.  The tide gauge at Newbold Island reached 11.40 feet MLLW.  The tide gauge at Burli
2018,November,NEW JERSEY,CAMDEN,Z,PHI,39.86,-74.46,0,0.00K,"Moderate tidal flooding occurred along the tidal Delaware River and its tidal tributaries.  Some roads were flooded.  The tide gauge at Bridesburg, Pennsylvania reached 9.57 feet MLLW."
2018,November,PENNSYLVANIA,PHILADELPHIA,Z,PHI,39.86,-74.46,0,0.00K,Moderate tidal flooding occurred along the tidal Delaware River and its tidal tributaries.  Some roads were flooded.  The tide gauge at Bridesburg reached 9.57 feet MLLW.
2018,November,PENNSYLVANIA,PHILADELPHIA,Z,PHI,39.86,-74.46,0,0.00K,Moderate tidal flooding occurred along the tidal Delaware River and its tidal tributaries.  Some roads were flooded.  The tide gauge at Bridesburg reached 9.99 feet MLLW.  The tide gauge at the Philad
2018,November,NEW JERSEY,CAMDEN,Z,PHI,39.86,-74.46,0,0.00K,"Moderate tidal flooding occurred along the tidal Delaware River and its tidal tributaries.  Some roads were flooded.  The tide gauge at Bridesburg, Pennsylvania reached 9.99 feet MLLW.  The tide gauge"
2018,November,NEW JERSEY,GLOUCESTER,Z,PHI,39.86,-74.46,0,0.00K,"Moderate tidal flooding occurred along the tidal Delaware River and its tidal tributaries.  Some roads were flooded.  The tide gauge at Marcus Hook, Pennsylvania reached 8.77 feet MLLW."
2018,December,DISTRICT OF COLUMBIA,DISTRICT OF COLUMBIA,Z,LWX,38.98,-77.47,0,,"The gauge at Southwest Waterfront (WASD2) indicated moderate flooding. At this stage, the unprotected area on the southwest waterfront at the DC seafood market begins to flood. Water also approaches p"
2018,December,DISTRICT OF COLUMBIA,DISTRICT OF COLUMBIA,Z,LWX,38.98,-77.47,0,,"The gauge at Wisconsin Avenue (GTND2) indicated moderate flooding. At this stage, Washington Harbour begins to flood if floodgates are not in place. More than a third of Roosevelt Island is also cover"
2018,December,DISTRICT OF COLUMBIA,DISTRICT OF COLUMBIA,Z,LWX,38.98,-77.47,0,,"The gauge at Southwest Waterfront (WASD2) indicated moderate flooding. At this stage, the unprotected area on the southwest waterfront at the DC seafood market begins to flood. Water also approaches p"
2018,December,MARYLAND,ST. MARY'S,Z,LWX,38.98,-77.47,0,,"The gauge at Straits Point (SGSM2) indicated moderate flooding. At this stage, water covers roads on St. Georges Island, is in yards, and approaching structures. To the east, inundation is occurring a"
2018,November,GEORGIA,COASTAL CHATHAM,Z,CHS,32.9,-80.03,0,,Chatham County Police closed Highway 80 between Savannah and Tybee Island due to saltwater flooding making the road impassable.
2018,November,GEORGIA,COASTAL MCINTOSH,Z,CHS,32.9,-80.03,0,,Darien Police closed Highway 17 from Darien  south to Highway 99 near the Glynn County line due to saltwater flooding.
2018,November,SOUTH CAROLINA,CHARLESTON,Z,CHS,32.9,-80.03,0,,"Coastal flooding impacted numerous areas across Charleston County. In downtown Charleston, Lockwood Drive near the marina was flooded, as was the off ramp from Highway 17 to Highway 61. Other impacted"
2018,November,SOUTH CAROLINA,SOUTHERN COLLETON,Z,CHS,32.9,-80.03,0,,Pictures received via social media indicated flooding on Bay Point Drive and Yacht Club Road on the northern end of Edisto Island.
2018,November,SOUTH CAROLINA,CHARLESTON,Z,CHS,32.9,-80.03,0,,"Coastal flooding impacted numerous areas around Charleston County.  In downtown Charleston, flooded roadways included Barre, Wentworth, East Bay, President, Line, Hagood, Calhoun, Washington, Society,"
2018,November,GEORGIA,COASTAL CHATHAM,Z,CHS,32.9,-80.03,0,,Coastal flooding impacted portions of coastal Chatham County. Chatham County Police closed Highway 80 near Tybee Island due to the roadway being inundated with saltwater. This caused the National Park
2018,October,TEXAS,COASTAL CAMERON,Z,BRO,25.91,-97.42,0,,"The Co-Ops location at Brazos Santiago peaked at a level of 1.96 feet above MHHW, which was approximately 1.5 feet above predicted levels and a good proxy for conditions on the beaches from Boca Chica"
2018,January,MASSACHUSETTS,NANTUCKET,Z,BOX,41.96,-71.13,0,0.00K,"Coastal flooding to a depth of three feet on Washington Street, and to 8 inches on Easy Street."
2018,January,MASSACHUSETTS,EASTERN ESSEX,Z,BOX,41.96,-71.13,0,0.00K,"In Salisbury, access to North End Blvd. and Salisbury Beach Center were cut off due to flooding. The Plum Island Causeway was closed due to flooding, and 54th Street was evacuated. In Newburyport, Cas"
2018,January,MASSACHUSETTS,EASTERN NORFOLK,Z,BOX,41.96,-71.13,0,0.00K,"In Quincy, a car was trapped in floodwaters and floating ice at East Squantum Road and Victory Road, and flooding was reported at Gordon Road and Watson Park.  In Weymouth, Neck Street near Wessaguset"
2018,April,PENNSYLVANIA,LOWER BUCKS,Z,PHI,39.86,-74.46,0,0.00K,"Moderate coastal flooding along the tidal Delaware River and its tidal tributaries.  Flooding occurred in the Croydon section of Bristol Township with water covering Bank Street, Minot Avenue and Sixt"
2018,September,FLORIDA,COASTAL DUVAL,Z,JAX,30.49,-81.7,0,0.00K,Elevated water levels were reported at Jacksonville Beach with ocean waves pushing up tot the dune line.
2018,March,NEW JERSEY,EASTERN OCEAN,Z,PHI,39.86,-74.46,0,0.00K,Moderate coastal flooding with a number of road closures in the coastal communities of Ocean County.  The peak tide was 4.52 feet MLLW at Barnegat Light and 5.88 feet MLLW at Tuckerton.
2018,March,NEW JERSEY,WESTERN MONMOUTH,Z,PHI,39.86,-74.46,0,0.00K,"Moderate coastal flooding with a number of road closures in the coastal communities of Monmouth County.  The peak tide was 7.81 feet MLLW at Keansburg, 7.84 feet MLLW at Sandy Hook, 7.37 feet MLLW at "
2018,April,NEW JERSEY,MIDDLESEX,Z,PHI,39.86,-74.46,0,0.00K,Moderate coastal flooding with a number of road closures in the communities along Raritan Bay.  Peak tide was 8.13 feet MLLW at Perth Amboy.
2018,September,PENNSYLVANIA,LOWER BUCKS,Z,PHI,39.86,-74.46,0,0.00K,"Moderate flooding occurred along the Delaware River and its tidal tributaries in lower Bucks County.  The tide gauge at Burlington, New Jersey reached 10.62 feet MLLW."
2018,September,PENNSYLVANIA,PHILADELPHIA,Z,PHI,39.86,-74.46,0,0.00K,Moderate flooding occurred along the Delaware River and its tidal tributaries in Philadelphia County.  The tide gauge at Philadelphia reached 9.65 feet MLLW.
2018,September,PENNSYLVANIA,DELAWARE,Z,PHI,39.86,-74.46,0,0.00K,Moderate flooding occurred along the Delaware River and its tidal tributaries in Delaware County.  The tide gauge at Philadelphia reached 9.65 feet MLLW.
2018,March,DELAWARE,INLAND SUSSEX,Z,PHI,39.86,-74.46,0,0.00K,Moderate coastal flooding with a number of road closures in the coastal communities of Sussex County.  The peak tide was 7.00 feet MLLW at Lewes and 5.38 feet MLLW at Indian River Inlet.
2018,March,DELAWARE,DELAWARE BEACHES,Z,PHI,39.86,-74.46,0,0.00K,Moderate coastal flooding with a number of road closures in the coastal communities of Sussex County.  The peak tide was 7.00 feet MLLW at Lewes and 5.38 feet MLLW at Indian River Inlet.
2018,March,NEW JERSEY,SOUTHEASTERN BURLINGTON,Z,PHI,39.86,-74.46,0,0.00K,Moderate coastal flooding with some road closures along tidal waterways in southeastern Burlington County.  The peak tide was 5.88 feet MLLW at Tuckerton and 7.19 feet MLLW at Atlantic City (oceanfron
2018,April,NEW JERSEY,MERCER,Z,PHI,39.86,-74.46,0,0.00K,"Moderate coastal flooding along the tidal Delaware River.  Peak tide was 11.37 feet MLLW at Newbold Island (Bucks County, Pennsylvania)."
2018,April,NEW JERSEY,NORTHWESTERN BURLINGTON,Z,PHI,39.86,-74.46,0,0.00K,Moderate coastal flooding along the tidal Delaware River and its tidal tributaries.  Flooding occurred along the riverfront in Burlington City.  Peak tide was 10.61 feet MLLW at Burlington.
2018,April,NEW JERSEY,CAMDEN,Z,PHI,39.86,-74.46,0,0.00K,Moderate coastal flooding along the tidal Delaware River and its tidal tributaries.  Peak tide was 9.47 feet MLLW at Philadelphia.
2018,April,NEW JERSEY,GLOUCESTER,Z,PHI,39.86,-74.46,0,0.00K,Moderate coastal flooding along the tidal Delaware River and its tidal tributaries.  There were a number of road closures including New Jersey Route 47 in Westville and US Route 130 in Logan Township.
2018,April,NEW JERSEY,SALEM,Z,PHI,39.86,-74.46,0,0.00K,"Moderate coastal flooding along the tidal Delaware River and its tidal tributaries.  Peak tide was 8.94 feet MLLW at Wilmington (New Castle County, Delaware)."
2018,March,NEW JERSEY,WESTERN ATLANTIC,Z,PHI,39.86,-74.46,0,0.00K,"Moderate coastal flooding with a number of road closures in the coastal communities of Atlantic County.  The peak tide was 6.45 feet MLLW at Absecon, 6.91 feet MLLW at the Atlantic City Marina, 7.19 f"
2018,January,MASSACHUSETTS,SUFFOLK,Z,BOX,41.96,-71.13,0,500.00K,"In Winthrop, Pebble Street was under two feet of floodwaters; as many as 75 homes were reported by emergency management to be flooded to the first floor with utilities compromised.  In Chelsea, Beacha"
2018,April,DELAWARE,NEW CASTLE,Z,PHI,39.86,-74.46,0,0.00K,Moderate coastal flooding along the tidal Delaware River and its tidal tributaries.  There were a number of road closures.  Delaware Route 299 was closed at the Appoquinimink River south of Odessa.  P
2018,April,PENNSYLVANIA,PHILADELPHIA,Z,PHI,39.86,-74.46,0,0.00K,Moderate coastal flooding along the tidal Delaware River and its tidal tributaries.  Flooding occurred along Christopher Columbus Boulevard from Spring Garden Street to below the Ben Franklin Bridge. 
2018,March,NEW JERSEY,WESTERN OCEAN,Z,PHI,39.86,-74.46,0,0.00K,Moderate coastal flooding with a number of road closures in the coastal communities of Ocean County.  The peak tide was 4.52 feet MLLW at Barnegat Light and 5.88 feet MLLW at Tuckerton.
2018,January,MASSACHUSETTS,BARNSTABLE,Z,BOX,41.96,-71.13,0,200.00K,"In Chatham, water cut through Barrier Island on Starfish Lane and several cars at a condo complex were floating; flooding also occurred at Claflin Landing, Ryders Cove, Cow Yard Landing, and at the pi"
2018,April,PENNSYLVANIA,DELAWARE,Z,PHI,39.86,-74.46,0,0.00K,Moderate coastal flooding along the tidal Delaware River and its tidal tributaries.  Peak tide was 9.47 feet MLLW at Philadelphia.
2018,March,NEW JERSEY,EASTERN ATLANTIC,Z,PHI,39.86,-74.46,0,0.00K,"Moderate coastal flooding with a number of road closures in the coastal communities of Atlantic County.  The peak tide was 6.45 feet MLLW at Absecon, 6.91 feet MLLW at the Atlantic City Marina, 7.19 f"
2018,January,MASSACHUSETTS,EASTERN PLYMOUTH,Z,BOX,41.96,-71.13,0,500.00K,"In Plymouth, a portion of Warren Road was closed, Azalia Lane was flooded and there were several reports of water rescues and evacuations on the Esplanade, Bay Road, and Ocean Street. Also in Plymouth"
2018,January,MASSACHUSETTS,DUKES,Z,BOX,41.96,-71.13,0,0.00K,"In Oak Bluffs, Beach Road and Seaview Avenue were closed due to flooding, as were East View Avenue, Lake Avenue, and East Chop Drive. In Vineyard Haven the Five Corners intersection was flooded with s"
2018,January,MASSACHUSETTS,EASTERN PLYMOUTH,Z,BOX,41.96,-71.13,0,0.00K,"At 9 am EST, amateur radio reported Warren Avenue in Plymouth was closed due to coastal flooding.  At 9 AM EST, water was up to one foot deep on Warren Avenue between Pilgrim Sands Hotel and Long Beac"
2018,September,DELAWARE,INLAND SUSSEX,Z,PHI,39.86,-74.46,0,0.00K,Moderate flooding occurred along the bays and other tidal waterways in Sussex  County.  The tide gauge at Lewes reached 7.95 feet MLLW.  The tide gauge at Dewey Beach reached 4.35 feet MLLW.  The tide
2018,September,DELAWARE,DELAWARE BEACHES,Z,PHI,39.86,-74.46,0,0.00K,Moderate flooding occurred along the bays and other tidal waterways in Sussex  County.  The tide gauge at Dewey Beach reached 4.11 feet MLLW.  The tide gauge at Rosedale Beach reached 5.65 feet MLLW. 
2018,September,NEW JERSEY,WESTERN OCEAN,Z,PHI,39.86,-74.46,0,0.00K,Moderate flooding occurred along the bays and other tidal waterways in Ocean County.  The tide gauge at Tuckerton reached 5.95 feet MLLW.
2018,September,NEW JERSEY,WESTERN OCEAN,Z,PHI,39.86,-74.46,0,0.00K,Moderate flooding occurred along the bays and other tidal waterways in Ocean County.  The tide gauge at Tuckerton reached 5.74 feet MLLW.
2018,September,NEW JERSEY,EASTERN ATLANTIC,Z,PHI,39.86,-74.46,0,0.00K,Moderate flooding occurred along the bays and other tidal waterways in Atlantic County.  The tide gauge at Absecon reached 6.54 feet MLLW.  The tide gauge at Margate reached 6.66 feet MLLW.  Widesprea
2018,September,NEW JERSEY,WESTERN ATLANTIC,Z,PHI,39.86,-74.46,0,0.00K,Moderate flooding occurred along the bays and other tidal waterways in Atlantic County.  The tide gauge at Absecon reached 7.12 feet MLLW.  The tide gauge at Margate reached 7.13 feet MLLW.  Widesprea
2018,September,NEW JERSEY,EASTERN ATLANTIC,Z,PHI,39.86,-74.46,0,0.00K,Moderate flooding occurred along the bays and other tidal waterways in Atlantic County.  The tide gauge at Absecon reached 7.12 feet MLLW.  The tide gauge at Margate reached 7.13 feet MLLW.  Widesprea
2018,September,NEW JERSEY,EASTERN CAPE MAY,Z,PHI,39.86,-74.46,0,0.00K,Moderate flooding occurred along the bays and other tidal waterways in Cape May County.  The tide gauge at Ocean City reached 6.90 feet MLLW.  The tide gauge at Sea Isle City reached 7.58 feet MLLW.  
2018,September,NEW JERSEY,WESTERN MONMOUTH,Z,PHI,39.86,-74.46,0,0.00K,Moderate flooding occurred along the bays and other tidal waterways in Monmouth County.  The tide gauge at Keansburg reached 8.02 feet MLLW.
2018,September,NEW JERSEY,WESTERN MONMOUTH,Z,PHI,39.86,-74.46,0,0.00K,Moderate flooding occurred along the bays and other tidal waterways in Monmouth County.  The tide gauge at Keansburg reached 7.99 feet MLLW.
2018,September,NEW JERSEY,WESTERN MONMOUTH,Z,PHI,39.86,-74.46,0,0.00K,Moderate flooding occurred along the bays and other tidal waterways in Monmouth County.  The tide gauge at Keansburg reached 7.94 feet MLLW.
2018,September,NEW JERSEY,EASTERN MONMOUTH,Z,PHI,39.86,-74.46,0,0.00K,Moderate flooding occurred along the bays and other tidal waterways in Monmouth County.  The tide gauge at Sandy Hook reached 7.82 feet MLLW.  The tide gauge at Sea Bright reached 6.84 feet MLLW.  The
2018,September,NEW JERSEY,WESTERN OCEAN,Z,PHI,39.86,-74.46,0,0.00K,Moderate flooding occurred along the bays and other tidal waterways in Ocean County.  The tide gauge at Mantoloking reached 2.90 feet MLLW.  The tide gauge at Bayshore (Seaside Heights) reached 2.93 f
2018,September,NEW JERSEY,WESTERN ATLANTIC,Z,PHI,39.86,-74.46,0,0.00K,Moderate flooding occurred along the bays and other tidal waterways in Atlantic County.  The tide gauge at Absecon reached 6.54 feet MLLW.  The tide gauge at Margate reached 6.66 feet MLLW.
2018,September,NEW JERSEY,EASTERN OCEAN,Z,PHI,39.86,-74.46,0,0.00K,Moderate flooding occurred along the bays and other tidal waterways in Ocean County.  The tide gauge at Mantoloking reached 2.90 feet MLLW.  The tide gauge at Bayshore (Seaside Heights) reached 2.93 f
2018,September,NEW JERSEY,EASTERN OCEAN,Z,PHI,39.86,-74.46,0,0.00K,Moderate flooding occurred along the bays and other tidal waterways in Ocean County.  The tide gauge at Tuckerton reached 5.74 feet MLLW.  Widespread roadway flooding occurred.  Several sections of Lo
2018,September,NEW JERSEY,EASTERN OCEAN,Z,PHI,39.86,-74.46,0,0.00K,Moderate flooding occurred along the bays and other tidal waterways in Ocean County.  The tide gauge at Tuckerton reached 5.95 feet MLLW.
2018,September,NEW JERSEY,SOUTHEASTERN BURLINGTON,Z,PHI,39.86,-74.46,0,0.00K,Moderate flooding occurred along the tidal waterways in Southeastern Burlington County.  The tide gauge at Tuckerton reached 5.95 feet MLLW.
2018,September,NEW JERSEY,SOUTHEASTERN BURLINGTON,Z,PHI,39.86,-74.46,0,0.00K,Moderate flooding occurred along the tidal waterways in Southeastern Burlington County.  The tide gauge at Tuckerton reached 5.74 feet MLLW.
2018,September,NEW JERSEY,WESTERN CAPE MAY,Z,PHI,39.86,-74.46,0,0.00K,Moderate flooding occurred along the bays and other tidal waterways in Cape May County.  The tide gauge at Ocean City reached 6.90 feet MLLW.  The tide gauge at Sea Isle City reached 7.58 feet MLLW.  
2018,September,NEW JERSEY,WESTERN CAPE MAY,Z,PHI,39.86,-74.46,0,0.00K,Moderate flooding occurred along the bays and other tidal waterways in Cape May County.  The tide gauge at Ocean City reached 6.35 feet MLLW.  The tide gauge at Sea Isle City reached 6.87 feet MLLW.
2018,September,NEW JERSEY,MERCER,Z,PHI,39.86,-74.46,0,0.00K,Moderate flooding occurred along the Delaware River and its tidal tributaries in Mercer County.  The tide gauge at Burlington reached 10.62 feet MLLW.
2018,September,DELAWARE,KENT,Z,PHI,39.86,-74.46,0,0.00K,Moderate flooding occurred along Delaware Bay and other tidal waterways in Kent County.  The tide gauge at Bowers Beach reached 8.52 feet MLLW.  Widespread roadway flooding occurred.  Sections of DE R
2018,September,DELAWARE,KENT,Z,PHI,39.86,-74.46,0,0.00K,Moderate flooding occurred along Delaware Bay and other tidal waterways in Kent County.  The tide gauge at Bowers Beach reached 7.60 feet MLLW.  Widespread roadway flooding occurred.  Bowers Beach Roa
2018,September,NEW JERSEY,EASTERN MONMOUTH,Z,PHI,39.86,-74.46,0,0.00K,Moderate flooding occurred along the bays and other tidal waterways in Monmouth County.  The tide gauge at Sandy Hook reached 7.92 feet MLLW.  The tide gauge at Sea Bright reached 6.92 feet MLLW.  The
2018,September,NEW JERSEY,EASTERN MONMOUTH,Z,PHI,39.86,-74.46,0,0.00K,Moderate flooding occurred along the bays and other tidal waterways in Monmouth County.  The tide gauge at Sea Bright reached 7.07 feet MLLW.  The tide gauge at Belmar reached 7.30 feet MLLW.  The tid
2018,September,DELAWARE,NEW CASTLE,Z,PHI,39.86,-74.46,0,0.00K,"Moderate flooding occurred along the far upper Delaware Bay, the far lower Delaware River and its tidal tributaries in New Castle County.  The tide gauge at Newport reached 8.89 feet MLLW.  The tide g"
2018,September,DELAWARE,NEW CASTLE,Z,PHI,39.86,-74.46,0,0.00K,"Moderate flooding occurred along the far upper Delaware Bay, the far lower Delaware River and its tidal tributaries in New Castle County.  The tide gauge at Newport reached 8.21 feet MLLW.  The tide g"
2018,September,NEW JERSEY,NORTHWESTERN BURLINGTON,Z,PHI,39.86,-74.46,0,0.00K,Moderate flooding occurred along the Delaware River and its tidal tributaries in Burlington County.  The tide gauge at Burlington reached 10.62 feet MLLW.
2018,September,NEW JERSEY,GLOUCESTER,Z,PHI,39.86,-74.46,0,0.00K,Moderate flooding occurred along the Delaware River and its tidal tributaries in Gloucester County.  The tide gauge at Philadelphia reached 9.65 feet MLLW.
2018,September,NEW JERSEY,SALEM,Z,PHI,39.86,-74.46,0,0.00K,"Moderate flooding occurred along the far upper Delaware Bay, the far lower Delaware River and its tidal tributaries in Salem County.  The tide gauge at Reedy Point, Delaware reached 8.63 feet MLLW."
2018,September,NEW JERSEY,SALEM,Z,PHI,39.86,-74.46,0,0.00K,"Moderate flooding occurred along the far upper Delaware Bay, the far lower Delaware River and its tidal tributaries in Salem County.  The tide gauge at Reedy Point, Delaware reached 8.22 feet MLLW."
2018,September,NEW JERSEY,MIDDLESEX,Z,PHI,39.86,-74.46,0,0.00K,Moderate flooding occurred along Raritan Bay and other tidal waterways in Middlesex County.  The tide gauge at Perth Amboy reached 8.49 feet MLLW.
2018,September,NEW JERSEY,MIDDLESEX,Z,PHI,39.86,-74.46,0,0.00K,Moderate flooding occurred along Raritan Bay and other tidal waterways in Middlesex County.  The tide gauge at Perth Amboy reached 8.40 feet MLLW.
2018,September,NEW JERSEY,MIDDLESEX,Z,PHI,39.86,-74.46,0,0.00K,Moderate flooding occurred along Raritan Bay and other tidal waterways in Middlesex County.  The tide gauge at Perth Amboy reached 8.24 feet MLLW.
2018,September,NEW JERSEY,EASTERN CAPE MAY,Z,PHI,39.86,-74.46,0,0.00K,Moderate flooding occurred along the bays and other tidal waterways in Cape May County.  The tide gauge at Ocean City reached 6.35 feet MLLW.  The tide gauge at Sea Isle City reached 6.87 feet MLLW.  
2018,September,NEW JERSEY,CAMDEN,Z,PHI,39.86,-74.46,0,0.00K,Moderate flooding occurred along the Delaware River and its tidal tributaries in Camden County.  The tide gauge at Philadelphia reached 9.65 feet MLLW.  Flooding occurred along Admiral Wilson Boulevar
2018,November,MARYLAND,ANNE ARUNDEL,Z,LWX,38.98,-77.47,0,,"The Annapolis gauge (APAM2) indicated that moderate coastal flooding occurred. At this level, water comes up through storm drains and approaches businesses on Dock Street in Annapolis. Compromise Stre"
2018,November,MARYLAND,ST. MARY'S,Z,LWX,38.98,-77.47,0,,"The Straits Point gauge (SGSM2) indicated that moderate coastal flooding occurred. At this level, water covers roads on St. Georges Island, is in yards, and approaches structures. Inundation also occu"
2018,September,DELAWARE,DELAWARE BEACHES,Z,PHI,39.86,-74.46,0,0.00K,Moderate flooding occurred along the bays and other tidal waterways in Sussex  County.  The tide gauge at Lewes reached 7.95 feet MLLW.  The tide gauge at Dewey Beach reached 4.35 feet MLLW.  The tide
2018,September,DELAWARE,INLAND SUSSEX,Z,PHI,39.86,-74.46,0,0.00K,Moderate flooding occurred along the bays and other tidal waterways in Sussex  County.  The tide gauge at Dewey Beach reached 4.11 feet MLLW.  The tide gauge at Rosedale Beach reached 5.65 feet MLLW. 
2018,September,NEW YORK,SOUTHERN NASSAU,Z,OKX,40.87,-72.86,0,0.00K,The USGS tidal gauge in Hudson Bay at Freeport recorded a peak water level of 6.5 ft. MLLW at 754 pm EST. The moderate coastal flood threshold of 6.2 ft. MLLW was exceeded from 654 to 832 pm EST.
2018,January,OREGON,NORTHERN OREGON COAST,Z,PQR,45.56,-122.98,0,0.00K,"Clatsop County emergency manager reported severe beach erosion and damage to trails near the Peter Iredale Shipwreck, northward to south Jetty. About 5 to 6 feet of dune entirely eroded and swept out "
2018,January,WASHINGTON,SOUTH COAST,Z,PQR,45.56,-122.98,0,0.00K,Large waves pounded the surf zone and adjacent beach area near Cape Disappointment and Long Beach.  The large waves also caused coastal flooding and severely damaged 10 campsites at Cape Disappointmen
2018,July,MARYLAND,ST. MARY'S,Z,LWX,38.98,-77.47,0,,"The gauge at Straits Point (SGSM2) indicated moderate flooding. At this stage, water covers roads on St. Georges Island, is in yards, and approaching structures. To the east, inundation is occurring a"
2018,May,DISTRICT OF COLUMBIA,DISTRICT OF COLUMBIA,Z,LWX,38.98,-77.47,0,,"According to gauge levels the river crested near 7.5 feet at Wisconsin Avenue (GTND2). At 7.5 feet, Washington Harbour will begin to flood if floodgates are not in place. More than a third of Roosevel"
2018,May,DISTRICT OF COLUMBIA,DISTRICT OF COLUMBIA,Z,LWX,38.98,-77.47,0,,"According to gauge levels the river crested near 7.5 feet at Wisconsin Avenue (GTND2). At 7.5 feet, Washington Harbour will begin to flood if floodgates are not in place. More than a third of Roosevel"
2018,May,DISTRICT OF COLUMBIA,DISTRICT OF COLUMBIA,Z,LWX,38.98,-77.47,0,,Moderate flooding occurred based on the gauge level at the Southwest Waterfront (WASD2).  Gauges levels around 5.3 feet indicated that the unprotected area on the Southwest Waterfront at the DC seafoo
2018,June,DISTRICT OF COLUMBIA,DISTRICT OF COLUMBIA,Z,LWX,38.98,-77.47,0,,The gauge at the Southwest Waterfront (WASD2) indicated moderate flooding. The unprotected area on the Southwest Waterfront at the DC seafood market began to flood. Water approached parts of the Hains
2018,June,DISTRICT OF COLUMBIA,DISTRICT OF COLUMBIA,Z,LWX,38.98,-77.47,0,,The gauge at the Southwest Waterfront (WASD2) indicated moderate flooding. The unprotected area on the Southwest Waterfront at the DC seafood market began to flood. Water approached parts of the Hains
2018,June,DISTRICT OF COLUMBIA,DISTRICT OF COLUMBIA,Z,LWX,38.98,-77.47,0,,The gauge at the Southwest Waterfront (GTND2) indicated moderate flooding. Backwater flooding of Rock Creek in Georgetown took place. Washington Harbour would begin to flood if floodgates were not in 
2018,May,DISTRICT OF COLUMBIA,DISTRICT OF COLUMBIA,Z,LWX,38.98,-77.47,0,,"According to gauge levels the river crested near 7.5 feet at Wisconsin Avenue (GTND2). At 7.5 feet, Washington Harbour will begin to flood if floodgates are not in place. More than a third of Roosevel"
2018,November,DISTRICT OF COLUMBIA,DISTRICT OF COLUMBIA,Z,LWX,38.98,-77.47,0,,"The DC/Southwest Waterfront gauge (WASD2) indicated that moderate coastal flooding occurred. At this level, the unprotected area on the Southwest Waterfront at the DC seafood market begins to flood an"
2018,December,TEXAS,GALVESTON ISLAND AND BOLIVAR PENINSULA,Z,HGX,29.47,-95.08,0,0.00K,High water impacted several SH 87 locations on the east end of Bolivar.
2018,July,CALIFORNIA,ORANGE COUNTY COASTAL,Z,SGX,32.85,-117.11,0,0.00K,Minor coastal flooding occurred during high tide between 26th street and 38th street in Newport Beach during late on July 11th. No damage to homes was reported.
2018,December,FLORIDA,MONROE/UPPER KEYS,Z,KEY,24.6,-81.73,0,,"Water levels along several Florida Bay neighborhoods from near Mile Marker 100 through 106 off the Overseas Highway reported flooding of yards, docks, and streets generally from 6 to 18 inches in dept"
2018,January,OREGON,CENTRAL OREGON COAST,Z,PQR,45.56,-122.98,1,900.00K,A restaurant in Lincoln City struck by large waves tearing out a gas line and knocking out power.  A hotel in Lincoln City damaged on bottom floor from waves crashing into the hotel. Damage to condos 
2018,December,FLORIDA,COASTAL COLLIER COUNTY,Z,MFL,25.61,-80.41,0,,Photos relayed via Naples Daily News show several areas of waves breaching the dune line and flooding adjacent parking lots and roads in the Port Royal area of Naples. Time is approximated based on hi
2018,September,MARYLAND,ST. MARY'S,Z,LWX,38.98,-77.47,0,,"The gauge at Straits Point (SGSM2) indicated moderate flooding. At this stage, water covers roads on St. Georges Island, is in yards, and approaching structures. To the east, inundation is occurring a"
2018,September,MARYLAND,ST. MARY'S,Z,LWX,38.98,-77.47,0,,"The gauge at Straits Point (SGSM2) indicated moderate flooding. At this stage, water covers roads on St. Georges Island, is in yards, and approaching structures. To the east, inundation is occurring a"
2018,September,VIRGINIA,ARLINGTON,Z,LWX,38.98,-77.47,0,,"The gauge at Alexandria (AXTV2) indicated moderate flooding. At this stage, flooding occurs in several buildings in Old Town Alexandria, and in portions of East Potomac Park. Shoreline inundation up t"
2018,September,VIRGINIA,ARLINGTON,Z,LWX,38.98,-77.47,0,,"The gauge at Alexandria (AXTV2) indicated moderate flooding. At this stage, flooding occurs in several buildings in Old Town Alexandria, and in portions of East Potomac Park. Shoreline inundation up t"
2018,September,VIRGINIA,ARLINGTON,Z,LWX,38.98,-77.47,0,,"The gauge at Alexandria (AXTV2) indicated moderate flooding. At this stage, flooding occurs in several buildings in Old Town Alexandria, and in portions of East Potomac Park. Shoreline inundation up t"
2018,September,VIRGINIA,ARLINGTON,Z,LWX,38.98,-77.47,0,,"The gauge at Alexandria (AXTV2) indicated moderate flooding. At this stage, flooding occurs in several buildings in Old Town Alexandria, and in portions of East Potomac Park. Shoreline inundation up t"
2018,September,VIRGINIA,ARLINGTON,Z,LWX,38.98,-77.47,0,,"The gauge at Alexandria (AXTV2) indicated moderate flooding. At this stage, flooding occurs in several buildings in Old Town Alexandria, and in portions of East Potomac Park. Shoreline inundation up t"
2018,December,CALIFORNIA,NORTH BAY INTERIOR VALLEYS,Z,MTR,37.52,-122.04,0,0.00K,Portions of Shoreline Highway off of 101 were closed by CalTrans due to flooding brought by King Tides https://abc7news.com/weather/christmas-eve-brings-rain-to-bay-area-roadway-headaches-and-accident
2018,September,MARYLAND,ANNE ARUNDEL,Z,LWX,38.98,-77.47,0,,"The gauge at Annapolis (APAM2) indicated moderate flooding. At this stage, water comes up through storm drains, approaching businesses on Dock Street in Annapolis. Water also approaches the Maritime M"
2018,September,MARYLAND,ANNE ARUNDEL,Z,LWX,38.98,-77.47,0,,"The gauge at Annapolis (APAM2) indicated moderate flooding. At this stage, water comes up through storm drains, approaching businesses on Dock Street in Annapolis. Water also approaches the Maritime M"
2018,September,MARYLAND,ANNE ARUNDEL,Z,LWX,38.98,-77.47,0,,"The gauge at Annapolis (APAM2) indicated moderate flooding. At this stage, water comes up through storm drains, approaching businesses on Dock Street in Annapolis. Water also approaches the Maritime M"
2018,September,MARYLAND,ST. MARY'S,Z,LWX,38.98,-77.47,0,,"The gauge at Straits Point (SGSM2) indicated moderate flooding. At this stage, water covers roads on St. Georges Island, is in yards, and approaching structures. To the east, inundation is occurring a"
2018,December,CALIFORNIA,NORTH BAY INTERIOR VALLEYS,Z,MTR,37.52,-122.04,0,0.00K,The Park and Ride lot in Manzanita Park in Mill Valley was closed due to King Tides https://www.kron4.com/news/bay-area/manzanita-park-ride-in-mill-valley-closed-due-to-king-tide/1671184274; https://p
2018,December,NEW YORK,SOUTHERN NASSAU,Z,OKX,40.87,-72.86,0,0.00K,A peak water level of 6.3 ft MLLW occurred at the USGS tidal gauge at Hudson Bay at Freeport from 2018-12-21 06:12 EST to 2018-12-21 07:00 EST. The moderate coastal flood threshold of 6.2 ft MLLW was 
2018,December,NEW YORK,SOUTHERN NASSAU,Z,OKX,40.87,-72.86,0,0.00K,A peak water level of 6.3 ft MLLW occurred at the USGS tidal gauge at Hudson Bay at Freeport from 2018-12-22 07:06 EST to 2018-12-22 07:18 EST.||The moderate coastal flood threshold of 6.2 ft MLLW was
2018,September,MARYLAND,ANNE ARUNDEL,Z,LWX,38.98,-77.47,0,,"The gauge at Annapolis (APAM2) indicated moderate flooding. At this stage, water comes up through storm drains, approaching businesses on Dock Street in Annapolis. Water also approaches the Maritime M"
2018,December,FLORIDA,COASTAL LEE,Z,TBW,27.71,-82.4,0,0.00K,A meteotsunami flooded the north end of Sanibel Island with up to 4 feet of water.  A video of the event was available on YouTube.  Water did enter a few cottages and cars in the parking lot had water
2018,September,TEXAS,KLEBERG COUNTY ISLANDS,Z,CRP,27.78,-97.51,0,0.00K,Water reached the dunes on Padre Island National Seashore.
2018,September,TEXAS,NUECES COUNTY ISLANDS,Z,CRP,27.78,-97.51,0,0.00K,Water reached the dunes on Padre Balli Park. Water covered parts of Park Road 22 from Whitecap Boulevard to the Kleberg County line.
2018,September,TEXAS,COASTAL NUECES COUNTY,Z,CRP,27.78,-97.51,0,0.00K,Water covered the frontage road along both sides of the JFK Causeway.
2018,December,MAINE,COASTAL HANCOCK,Z,CAR,46.87,-68.02,0,,Onshore winds...large waves and a high astronomical tide led to coastal flooding along portions of the coast around the time of high tide during the morning of the 22nd. Overwash and coastal flooding 
2018,September,DISTRICT OF COLUMBIA,DISTRICT OF COLUMBIA,Z,LWX,38.98,-77.47,0,,"The gauge at Wisconsin Avenue (GTND2) indicated moderate flooding. At this stage, Washington Harbour begins to flood if floodgates are not in place. More than a third of Roosevelt Island is also cover"
2018,September,DISTRICT OF COLUMBIA,DISTRICT OF COLUMBIA,Z,LWX,38.98,-77.47,0,,"The gauge at Wisconsin Avenue (GTND2) indicated moderate flooding. At this stage, Washington Harbour begins to flood if floodgates are not in place. More than a third of Roosevelt Island is also cover"
2018,September,DISTRICT OF COLUMBIA,DISTRICT OF COLUMBIA,Z,LWX,38.98,-77.47,0,,"The gauge at Wisconsin Avenue (GTND2) indicated moderate flooding. At this stage, Washington Harbour begins to flood if floodgates are not in place. More than a third of Roosevelt Island is also cover"
2018,September,DISTRICT OF COLUMBIA,DISTRICT OF COLUMBIA,Z,LWX,38.98,-77.47,0,,"The gauge at Wisconsin Avenue (GTND2) indicated moderate flooding. At this stage, Washington Harbour begins to flood if floodgates are not in place. More than a third of Roosevelt Island is also cover"
2018,December,SOUTH CAROLINA,SOUTHERN COLLETON,Z,CHS,32.9,-80.03,0,,"Coastal flooding was reported on Edisto Island, SC. Homes on Jungle Shores Drive were flooded on the ground level. A Deputy Chief also reported Scott Creek overflowing as well as flooding on Palmetto "
2018,December,SOUTH CAROLINA,CHARLESTON,Z,CHS,32.9,-80.03,0,,"Coastal flooding occurred in numerous areas in Charleston County. In downtown Charleston, flooded roadways included: Hagood Avenue between Congress Street and Ashton Street, Barre Street between Beauf"
2018,December,SOUTH CAROLINA,CHARLESTON,Z,CHS,32.9,-80.03,0,0.00K,"A maximum tide level of 8.05 feet above Mean Lower Low Water (MLLW), or 2.29 feet above Mean Higher High Water (MHHW), was recorded at the Charleston Harbor tide gage. Major coastal flooding typically"
2018,September,DISTRICT OF COLUMBIA,DISTRICT OF COLUMBIA,Z,LWX,38.98,-77.47,0,,"The gauge at Southwest Waterfront (WASD2) indicated moderate flooding. At this stage, the unprotected area on the southwest waterfront at the DC seafood market begins to flood. Water also approaches p"
2018,September,DISTRICT OF COLUMBIA,DISTRICT OF COLUMBIA,Z,LWX,38.98,-77.47,0,,"The gauge at Southwest Waterfront (WASD2) indicated moderate flooding. At this stage, the unprotected area on the southwest waterfront at the DC seafood market begins to flood. Water also approaches p"
2018,September,DISTRICT OF COLUMBIA,DISTRICT OF COLUMBIA,Z,LWX,38.98,-77.47,0,,"The gauge at Southwest Waterfront (WASD2) indicated moderate flooding. At this stage, the unprotected area on the southwest waterfront at the DC seafood market begins to flood. Water also approaches p"
2018,September,DISTRICT OF COLUMBIA,DISTRICT OF COLUMBIA,Z,LWX,38.98,-77.47,0,,"The gauge at Southwest Waterfront (WASD2) indicated moderate flooding. At this stage, the unprotected area on the southwest waterfront at the DC seafood market begins to flood. Water also approaches p"
2018,September,DISTRICT OF COLUMBIA,DISTRICT OF COLUMBIA,Z,LWX,38.98,-77.47,0,,"The gauge at Southwest Waterfront (WASD2) indicated moderate flooding. At this stage, the unprotected area on the southwest waterfront at the DC seafood market begins to flood. Water also approaches p"
2018,September,DISTRICT OF COLUMBIA,DISTRICT OF COLUMBIA,Z,LWX,38.98,-77.47,0,,"The gauge at Southwest Waterfront (WASD2) indicated moderate flooding. At this stage, the unprotected area on the southwest waterfront at the DC seafood market begins to flood. Water also approaches p"
2018,September,MARYLAND,ST. MARY'S,Z,LWX,38.98,-77.47,0,,"The gauge at Straits Point (SGSM2) indicated moderate flooding. At this stage, water covers roads on St. Georges Island, is in yards, and approaching structures. To the east, inundation is occurring a"
2018,September,MARYLAND,ST. MARY'S,Z,LWX,38.98,-77.47,0,,"The gauge at Straits Point (SGSM2) indicated moderate flooding. At this stage, water covers roads on St. Georges Island, is in yards, and approaching structures. To the east, inundation is occurring a"
2018,September,MARYLAND,ST. MARY'S,Z,LWX,38.98,-77.47,0,,"The gauge at Straits Point (SGSM2) indicated moderate flooding. At this stage, water covers roads on St. Georges Island, is in yards, and approaching structures. To the east, inundation is occurring a"
2018,September,MARYLAND,ANNE ARUNDEL,Z,LWX,38.98,-77.47,0,,"The gauge at Annapolis (APAM2) indicated moderate flooding. At this stage, water comes up through storm drains, approaching businesses on Dock Street in Annapolis. Water also approaches the Maritime M"
2018,September,MARYLAND,ST. MARY'S,Z,LWX,38.98,-77.47,0,,"The gauge at Straits Point (SGSM2) indicated moderate flooding. At this stage, water covers roads on St. Georges Island, is in yards, and approaching structures. To the east, inundation is occurring a"
2018,September,DISTRICT OF COLUMBIA,DISTRICT OF COLUMBIA,Z,LWX,38.98,-77.47,0,,"The gauge at Southwest Waterfront (WASD2) indicated moderate flooding. At this stage, the unprotected area on the southwest waterfront at the DC seafood market begins to flood. Water also approaches p"
2018,September,MARYLAND,ST. MARY'S,Z,LWX,38.98,-77.47,0,,"The gauge at Straits Point (SGSM2) indicated moderate flooding. At this stage, water covers roads on St. Georges Island, is in yards, and approaching structures. To the east, inundation is occurring a"
2018,September,MARYLAND,ST. MARY'S,Z,LWX,38.98,-77.47,0,,"The gauge at Straits Point (SGSM2) indicated moderate flooding. At this stage, water covers roads on St. Georges Island, is in yards, and approaching structures. To the east, inundation is occurring a"
2018,September,DISTRICT OF COLUMBIA,DISTRICT OF COLUMBIA,Z,LWX,38.98,-77.47,0,,"The gauge at Wisconsin Avenue (GTND2) indicated moderate flooding. At this stage, Washington Harbour begins to flood if floodgates are not in place. More than a third of Roosevelt Island is also cover"
2018,September,MARYLAND,ST. MARY'S,Z,LWX,38.98,-77.47,0,,"The gauge at Straits Point (SGSM2) indicated moderate flooding. At this stage, water covers roads on St. Georges Island, is in yards, and approaching structures. To the east, inundation is occurring a"
2018,September,DISTRICT OF COLUMBIA,DISTRICT OF COLUMBIA,Z,LWX,38.98,-77.47,0,,"The gauge at Wisconsin Avenue (GTND2) indicated moderate flooding. At this stage, Washington Harbour begins to flood if floodgates are not in place. More than a third of Roosevelt Island is also cover"
2018,September,DISTRICT OF COLUMBIA,DISTRICT OF COLUMBIA,Z,LWX,38.98,-77.47,0,,"The gauge at Wisconsin Avenue (GTND2) indicated moderate flooding. At this stage, Washington Harbour begins to flood if floodgates are not in place. More than a third of Roosevelt Island is also cover"
2018,September,DISTRICT OF COLUMBIA,DISTRICT OF COLUMBIA,Z,LWX,38.98,-77.47,0,,"The gauge at Wisconsin Avenue (GTND2) indicated moderate flooding. At this stage, Washington Harbour begins to flood if floodgates are not in place. More than a third of Roosevelt Island is also cover"
2018,September,DISTRICT OF COLUMBIA,DISTRICT OF COLUMBIA,Z,LWX,38.98,-77.47,0,,"The gauge at Southwest Waterfront (WASD2) indicated moderate flooding. At this stage, the unprotected area on the southwest waterfront at the DC seafood market begins to flood. Water also approaches p"
2018,September,DISTRICT OF COLUMBIA,DISTRICT OF COLUMBIA,Z,LWX,38.98,-77.47,0,,"The gauge at Southwest Waterfront (WASD2) indicated moderate flooding. At this stage, the unprotected area on the southwest waterfront at the DC seafood market begins to flood. Water also approaches p"
2018,August,HAWAII,OAHU SOUTH SHORE,Z,HFO,21.32,-157.93,0,0.00K,"Ala Wai Canal near Waikiki overflowed its banks near Nohonani Street and Ala Wai Blvd, and near the Kamehameha Canoe Club."
2018,October,NEW JERSEY,EASTERN OCEAN,Z,PHI,39.86,-74.46,0,0.00K,Moderate to major coastal flooding occurred along the back bays and other tidal waterways in the county.  There was widespread roadway flooding with water reaching some buildings.  Among the locations
2018,October,FLORIDA,METROPOLITAN MIAMI-DADE,Z,MFL,25.61,-80.41,0,,Photos received via social media show very minor tidal inundation at Sewell Park along the Miami River near NW 17th Avenue in Miami.
2018,October,FLORIDA,COASTAL MIAMI-DADE COUNTY,Z,MFL,25.61,-80.41,0,,An off duty NWS employee reported saltwater flooding of 4 to 6 inches at the intersection of Brickell Ave and Coral Way due to high astronomical tides. Other location in Brickell had 2 to 4 inches of 
2018,October,FLORIDA,COASTAL MIAMI-DADE COUNTY,Z,MFL,25.61,-80.41,0,,Video received via social media show flooding in parking lot at Matheson Hammock Park in Coral Gables from high astronomical tides.
2018,October,FLORIDA,COASTAL COLLIER COUNTY,Z,MFL,25.61,-80.41,0,,Video received via social media shows abnormally high tide moving into and above the sand dunes at Naples Beach.
2018,October,FLORIDA,COASTAL COLLIER COUNTY,Z,MFL,25.61,-80.41,0,,Photo received via social media shows water over topping the seawall and approaching the backs of residences in the Isles of Capri neighborhood at high tide.
2018,October,FLORIDA,COASTAL COLLIER COUNTY,Z,MFL,25.61,-80.41,0,,NBC2 in Fort Myers reported water covering County Road 92A between Marco Island and Goodland.
2018,October,TEXAS,NUECES COUNTY ISLANDS,Z,CRP,27.78,-97.51,0,0.00K,Water reaching the dunes closed the beach access road at Padre Balli Park.
2018,October,TEXAS,NUECES COUNTY ISLANDS,Z,CRP,27.78,-97.51,0,0.00K,Water reaching the dunes closed the beach access road at Padre Balli Park.
2018,October,TEXAS,NUECES COUNTY ISLANDS,Z,CRP,27.78,-97.51,0,0.00K,Water reaching the dunes closed the beach access road at Padre Balli Park.
2018,October,TEXAS,NUECES COUNTY ISLANDS,Z,CRP,27.78,-97.51,0,0.00K,Water reaching the dunes closed the beach access road at Padre Balli Park.
2018,October,TEXAS,NUECES COUNTY ISLANDS,Z,CRP,27.78,-97.51,0,0.00K,Water reaching the dunes closed the beach access road at Padre Balli Park. Swells from Hurricane Michael pushed water levels to 3 feet above mean sea level.
2018,October,LOUISIANA,EAST CAMERON,Z,LCH,30.13,-93.22,0,0.00K,Tide levels at Cameron reached 3.6 feet which sent water onto Highway 82 at high tide. Water depth reached half a foot along the edges of the road way.
2018,October,TEXAS,KLEBERG COUNTY ISLANDS,Z,CRP,27.78,-97.51,0,0.00K,Beaches were closed at Padre Island National Seashore due to coastal flooding with water reaching the dunes.
2018,October,TEXAS,KLEBERG COUNTY ISLANDS,Z,CRP,27.78,-97.51,0,0.00K,Beaches were closed at Padre Island National Seashore due to coastal flooding with water reaching the dunes.
2018,October,TEXAS,KLEBERG COUNTY ISLANDS,Z,CRP,27.78,-97.51,0,0.00K,Beaches were closed at Padre Island National Seashore due to coastal flooding with water reaching the dunes.
2018,October,MASSACHUSETTS,BARNSTABLE,Z,BOX,41.96,-71.13,0,0.00K,"At 1054 AM in Falmouth, Surf Drive near Oyster Pond Road was closed due to coastal flooding.  At 134 PM EDT, in Barnstable, water was up to the level of the pier and flooding the beach area up through"
2018,October,TEXAS,KLEBERG COUNTY ISLANDS,Z,CRP,27.78,-97.51,0,0.00K,Beaches were closed at Padre Island National Seashore due to coastal flooding with water reaching the dunes.
2018,October,TEXAS,KLEBERG COUNTY ISLANDS,Z,CRP,27.78,-97.51,0,0.00K,Beaches were closed at Padre Island National Seashore due to coastal flooding with water reaching the dunes. Swells from Hurricane Michael pushed water levels to 3 feet above mean sea level.
2018,October,MASSACHUSETTS,EASTERN PLYMOUTH,Z,BOX,41.96,-71.13,0,,"Splashover was reported over the sea wall on Ocean Street in Marshfield at 1216 PM EDT.  Minor coastal flooding was reported on the Scituate Causeway at 112 PM EDT.  In Scituate, at 130 PM EDT, a sail"
2018,October,MASSACHUSETTS,SUFFOLK,Z,BOX,41.96,-71.13,0,0.00K,Morrissey Blvd. in Dorchester closed due to minor coastal flooding.
2018,October,MASSACHUSETTS,EASTERN ESSEX,Z,BOX,41.96,-71.13,0,0.00K,"In Newbury at 211 PM EDT, Newman Road in the marsh area was flooded and impassable.  In Salem at 249 PM EDT, Bridge Street was flooded."
2018,October,LOUISIANA,ST. MARY,Z,LCH,30.13,-93.22,0,0.00K,High tide produced minor flooding around Cypremort Point. The tide level reached 4.3 feet at high tide.
2018,October,NEW JERSEY,EASTERN MONMOUTH,Z,PHI,39.86,-74.46,0,0.00K,"Major coastal flooding occurred along Raritan Bay, the back bays and other tidal waterways in the county.  There was widespread roadway flooding with water reaching some buildings.  Areas that were pa"
2018,October,NEW JERSEY,MIDDLESEX,Z,PHI,39.86,-74.46,0,0.00K,"Major coastal flooding occurred along Raritan Bay, Arthur Kill and other tidal waterways in the county.  There was widespread roadway flooding with water reaching some buildings.  Among the areas impa"
2018,October,NEW JERSEY,WESTERN OCEAN,Z,PHI,39.86,-74.46,0,0.00K,Moderate to major coastal flooding occurred along the back bays and other tidal waterways in the county.  There was widespread roadway flooding with water reaching some buildings.  Among the locations
2018,November,MAINE,COASTAL YORK,Z,GYX,43.89,-70.26,0,50.00K,Intense low pressure combined with high astronomical tides to produce coastal flooding in coastal York County Maine. Minor flooding occurred along Granite Point Road in Biddeford. Route 9 was closed d
2018,November,MAINE,COASTAL CUMBERLAND,Z,GYX,43.89,-70.26,0,10.00K,Intense low pressure combined with a high astronomical tide of 11.1 feet and a storm surge of 1.35 feet to reach a 12.45 storm tide. Flood stage is 12.0 feet. The tide remained above flood stage 102 m
2018,November,SOUTH CAROLINA,CHARLESTON,Z,CHS,32.9,-80.03,0,,"A maximum tide level of 8.14 feet above Mean Lower Low Water (MLLW), or 2.38 feet above Mean Higher High Water (MHHW), was observed at the Charleston Harbor tide gage. Major coastal flooding typically"
2018,November,GEORGIA,COASTAL CHATHAM,Z,CHS,32.9,-80.03,0,,"A maximum tide level of 10.25 feet above Mean Lower Low Water (MLLW), or 2.75 feet above Mean Higher High Water (MHHW), was observed at the Fort Pulaski tide gage. Major coastal flooding typically beg"
2018,November,NEW JERSEY,MERCER,Z,PHI,39.86,-74.46,0,0.00K,Moderate tidal flooding occurred along the tidal Delaware River in Mercer County.  The tide gauge at Newbold Island reached 11.40 feet MLLW.
2018,November,PENNSYLVANIA,DELAWARE,Z,PHI,39.86,-74.46,0,0.00K,Moderate tidal flooding occurred along the tidal Delaware River and its tidal tributaries.  Some roads were flooded.  The tide gauge at Marcus Hook reached 8.77 feet MLLW.
2018,November,GEORGIA,COASTAL MCINTOSH,Z,CHS,32.9,-80.03,0,,Darien Police closed Highway 17 from Darien south to Highway 99 near the Glynn County line due to saltwater flooding.
2018,November,SOUTH CAROLINA,CHARLESTON,Z,CHS,32.9,-80.03,0,,"A maximum tide level of 8.76 feet above Mean Lower Low Water (MLLW), or 3.0 feet above Mean Higher High Water (MHHW), was observed at the Charleston Harbor tide gage. Major coastal flooding typically "
2018,November,GEORGIA,COASTAL CHATHAM,Z,CHS,32.9,-80.03,0,,"A maximum tide level of 10.04 feet above Mean Lower Low Water (MLLW), or 2.54 feet above Mean Higher High Water (MHHW), was observed at the Fort Pulaski tide gage. Major coastal flooding typically beg"
2018,November,NEW YORK,NORTHERN NASSAU,Z,OKX,40.87,-72.86,0,0.00K,Water level at Kings Point tidal gauge reached 11.4 ft MLLW at 1118z on the 16th.
2018,November,NEW JERSEY,MIDDLESEX,Z,PHI,39.86,-74.46,0,0.00K,Moderate tidal flooding occurred in the coastal communities of Middlesex County during the hours after midnight on November 16.  There was widespread roadway flooding.  The tide gauge at Perth Amboy r
2018,November,NEW JERSEY,WESTERN MONMOUTH,Z,PHI,39.86,-74.46,0,0.00K,Moderate tidal flooding occurred in the coastal communities of Monmouth County during the hours after midnight on November 16.  There was widespread roadway flooding.  The tide gauge at Keansburg reac
2018,November,NEW JERSEY,EASTERN MONMOUTH,Z,PHI,39.86,-74.46,0,0.00K,Moderate tidal flooding occurred in the coastal communities of Monmouth County during the hours after midnight on November 16.  There was widespread roadway flooding including along NJ Route 35 in Bel
2018,November,MAINE,COASTAL HANCOCK,Z,CAR,46.87,-68.02,0,,Strong onshore winds...large waves and a high astronomical tide contributed to coastal flooding along portions of coastal Hancock county. Coastal flooding was reported around the time of the early aft
2018,November,MASSACHUSETTS,EASTERN ESSEX,Z,BOX,41.96,-71.13,0,0.00K,"In Essex at 1226 PM, Conomo Point Road at Beach Circle was flooded and impassable.|In Gloucester at 1250 PM, there was minor coastal flooding on Essex Road."
2018,November,MASSACHUSETTS,EASTERN PLYMOUTH,Z,BOX,41.96,-71.13,0,0.00K,"In Duxbury at 1145 AM, King Caesar Road was flooded and impassable and at 100 PM, a car was stuck in coastal flooding on Cable Hill Road at Gurnet Road.  The Cable Hill Road bridge was closed."
2018,November,NEW HAMPSHIRE,COASTAL ROCKINGHAM,Z,GYX,43.89,-70.26,0,10.00K,Intense low pressure combined with high astronomical tides to produce coastal flooding in Hampton. Six inches of water covered roads in the Backbay area while significant splash-over occurred along Ro
2018,November,FLORIDA,COASTAL DUVAL,Z,JAX,30.49,-81.7,0,0.00K,The Mayport C-Man station reported water level at 2.07 ft above MHHW around high tide.
2018,November,FLORIDA,COASTAL NASSAU,Z,JAX,30.49,-81.7,0,0.00K,Water level peaked at 2.37 ft above MHHW at the Fernandina Beach C-man station.
2018,November,FLORIDA,COASTAL ST. JOHNS,Z,JAX,30.49,-81.7,0,0.00K,"A1A flooded along the Matanzas River in historic St. Augustine. The nearest tide gage along the Tolomoto River measured water level 3.67 ft MHHW as of 8:54 am, reaching moderate flooding thresholds. T"
2018,November,FLORIDA,COASTAL DUVAL,Z,JAX,30.49,-81.7,0,0.00K,Tidal flooding was observed along Beach Blvd and the Intracoastal Waterway. Water was over the road and across parking lots near Beach Marine. Observations were consistent with strong local Nor'easter
2018,November,FLORIDA,COASTAL FLAGLER,Z,JAX,30.49,-81.7,0,0.00K,Water over-topped older docks in Palm Coast with high tide.
2018,November,MASSACHUSETTS,SOUTHERN BRISTOL,Z,BOX,41.96,-71.13,0,0.00K,"At 1045 AM, amateur radio operators reported some coastal flooding at East Beach, with debris on the roadway."
2018,November,FLORIDA,COASTAL DUVAL,Z,JAX,30.49,-81.7,0,0.00K,Coastal flooding occurred at morning high tide on 11/23 around 11:30 am and again on 11/24 at 12:30 pm along Hopkins Creek in Neptune Beach just off of the Intracoastal Waterway. Water topped the King
2018,November,ILLINOIS,COOK,Z,LOT,41.6,-88.08,0,0.00K,
2018,November,NEW YORK,SOUTHERN NASSAU,Z,OKX,40.87,-72.86,0,0.00K,The USGS tidal gauge in Hudson Bay at Freeport recorded a peak water level of x.x ft. MLLW at xxx am EST. The moderate coastal flood threshold of 6.2 ft. MLLW was exceeded from xxx to xxx am EST.
2018,November,CONNECTICUT,SOUTHERN NEW HAVEN,Z,OKX,40.87,-72.86,0,0.00K,The water level at the New Haven NOS tidal gauge reached a peak of 9.6 ft MLLW between 05:27 AM EST and 05:51 AM EST on the 16th.||The moderate coastal flood threshold of 9.2 ft MLLW was exceeded betw
2018,November,CONNECTICUT,SOUTHERN MIDDLESEX,Z,OKX,40.87,-72.86,0,0.00K,The water level at the nearby New Haven NOS tidal gauge reached a peak of 9.6 ft MLLW between 05:27 AM EST and 05:51 AM EST on the 16th.||The moderate coastal flood threshold of 9.2 ft MLLW there was 
2015,December,FLORIDA,COASTAL DUVAL,Z,JAX,30.49,-81.7,0,,Tide water from Hopkins Creek was over the roadway at Kings Road.
2015,October,DISTRICT OF COLUMBIA,DISTRICT OF COLUMBIA,Z,LWX,38.98,-77.47,0,,The unprotected area on the Southwest Waterfront at the DC seafood market had minor flooding. Water approached parts of the Hains Point Loop Road.
2015,January,MAINE,COASTAL CUMBERLAND,Z,GYX,43.89,-70.26,0,5.00K,"An intense ocean storm produced a moderate storm surge and building waves resulting in coastal flooding in Cumberland County. In Portland, minor inundation occurred along the wharf side streets."
2015,January,MAINE,COASTAL YORK,Z,GYX,43.89,-70.26,0,100.00K,"An intense ocean storm produced a moderate storm surge and building waves resulting in coastal flooding in York County. Splash-over and erosion occurred in Kennebunk, Wells and York. In Saco, water co"
2015,July,GUAM,Guam,Z,GUM,13.49,144.84,0,1.00M,Tropical Depression 11W formed northeast of Kwajalein on the morning of July 4th. By the afternoon of the 4th the depression became Tropical Storm Nangka. Nanagka travel westward and became a typhoon 
2015,August,ALASKA,NORTHERN ARCTIC COAST,Z,AFG,64.51,-165.42,0,0.00K,
2015,June,MISSISSIPPI,HANCOCK,Z,LIX,29.75,-89.82,0,0.00K,Minor flooding was reported at high tide of several streets east of Mississippi Highways 603 and 43 in the Shoreline Park area.
2015,January,NEW HAMPSHIRE,COASTAL ROCKINGHAM,Z,GYX,43.89,-70.26,0,30.00K,"An intense ocean storm producing a moderate storm surge and rapidly building waves caused flooding, splash-over and erosion along the New Hampshire seacoast. In Hampton New Hampshire, emergency manage"
2015,February,MAINE,COASTAL YORK,Z,GYX,43.89,-70.26,0,5.00K,"An intense ocean storm produced storm force northerly winds resulting in 20 foot waves off the York County coast. While the tide never reached flood stage in Portland, Maine, large battering waves led"
2015,February,NEW HAMPSHIRE,COASTAL ROCKINGHAM,Z,GYX,43.89,-70.26,0,10.00K,An intense ocean storm producing storm force winds resulted in 20 foot waves along the Rockingham County coast. The Hampton tide gage reached its flood stage of 11 feet resulting in flooding of Brown 
2015,October,MAINE,COASTAL CUMBERLAND,Z,GYX,43.89,-70.26,0,5.00K,An astronomically high tide of 11.7 feet combined with a storm surge of 0.4 feet to produce a storm tide of 12.1 feet in Portland (flood stage 12.0 ft). The storm tide and fresh water runoff contribut
2015,October,NEW HAMPSHIRE,COASTAL ROCKINGHAM,Z,GYX,43.89,-70.26,0,3.50K,An astronomically high tide of 10.7 feet combined with a storm surge of 0.8 feet to produce a storm tide of 11.5 feet in Hampton (flood stage 11.0ft). Minor flooding occurred along Brown and Island av
2015,October,MAINE,COASTAL YORK,Z,GYX,43.89,-70.26,0,2.00K,High astronomical tides combined with a modest storm surge to produce minor coastal flooding in Biddeford. Minor flooding occurred on Granite Point Road with minor splash-over occurring along neighbor
2015,February,MASSACHUSETTS,NANTUCKET,Z,BOX,41.96,-71.13,0,0.00K,Minor coastal flooding occurred at the Children's Beach boat ramp.  The barrier beach at Folger's Marsh was breached.  Francis Street was closed at Union Street and Washington Street was closed from C
2015,January,MASSACHUSETTS,EASTERN PLYMOUTH,Z,BOX,41.96,-71.13,0,1.50M,"Moderate to major coastal flooding occurred along the east coast of Plymouth County, particularly on north and northeastern facing beaches, where north-northeasterly winds pushed water farther up on s"
2015,January,MASSACHUSETTS,EASTERN NORFOLK,Z,BOX,41.96,-71.13,0,0.00K,"Minor to moderate coastal flooding occurred along the east coast of Norfolk County, particularly on north and northeastern facing beaches, where north-northeasterly winds pushed water farther up on sh"
2015,February,MASSACHUSETTS,EASTERN PLYMOUTH,Z,BOX,41.96,-71.13,0,0.00K,"In Marshfield, two feet of street flooding occurred by the Esplanade in Brant Rock. Up to six inches of street flooding occurred on Ocean Street.  Bay Avenue was flooded by water coming over the part "
2015,January,MASSACHUSETTS,BARNSTABLE,Z,BOX,41.96,-71.13,0,750.00K,"Moderate to major coastal flooding occurred across much of coastal Cape Cod, particularly on north and northeastern facing beaches, where north-northeasterly winds pushed water farther up on shore at "
2015,January,MASSACHUSETTS,SUFFOLK,Z,BOX,41.96,-71.13,0,0.00K,"Minor coastal flooding occurred along the coast of Suffolk County, particularly on north and northeastern facing beaches, where north-northeasterly winds pushed water farther up on shore at high tide."
2015,January,MASSACHUSETTS,EASTERN ESSEX,Z,BOX,41.96,-71.13,0,50.00K,"Minor to moderate coastal flooding occurred along the east coast of Essex County, particularly on north and northeastern facing beaches, where north-northeasterly winds pushed water farther up on shor"
2015,January,MASSACHUSETTS,NANTUCKET,Z,BOX,41.96,-71.13,0,50.00K,"Moderate to major coastal flooding occurred on Nantucket, particularly on north and northeastern facing beaches, where north-northeasterly winds pushed water farther up on shore at high tide.  Francis"
2015,January,MASSACHUSETTS,DUKES,Z,BOX,41.96,-71.13,0,0.00K,"Minor coastal flooding occurred on Martha's Vineyard, particularly on north and northeastern facing beaches, where north-northeasterly winds pushed water farther up on shore at high tide.  Tisbury Bea"
2015,April,MAINE,SAGADAHOC,Z,GYX,43.89,-70.26,0,25.00K,Intense low pressure produced gale force winds which combined with high astronomical tides to produce flooding along lower Washington Street near the Kennebec Tavern in Bath.
2015,April,NEW HAMPSHIRE,COASTAL ROCKINGHAM,Z,GYX,43.89,-70.26,0,5.00K,Intense low pressure produced gale force easterly winds which combined with high astronomical tides to produce minor coastal flooding at the east end of High Street in Hampton.
2015,April,MAINE,COASTAL YORK,Z,GYX,43.89,-70.26,0,125.00K,Intense low pressure produced gale force winds which combined with high astronomical tides to produce moderate splash-over at Long Beach in York. Waves in Wells Beach over-topped utility poles causing
2015,April,MAINE,COASTAL CUMBERLAND,Z,GYX,43.89,-70.26,0,10.00K,Intense low pressure produced gale force winds which combined with high astronomical tides to produce coastal flooding along the pier in Portland.
2015,February,MASSACHUSETTS,BARNSTABLE,Z,BOX,41.96,-71.13,0,0.00K,Beaches and dunes were eroded in Sandwich.  Bulkheads and houses on White Cap Lane were undermined.  Beach dunes were washed into the Town Neck Beach parking lot.
2015,March,SOUTH CAROLINA,CHARLESTON,Z,CHS,32.9,-80.03,0,,"The City of Charleston reported several roads and intersections closed due to minor flooding from the evening high tide. These included Hagood Avenue between Fishburne and Horizon Street, America Stre"
2015,October,LOUISIANA,LOWER TERREBONNE,Z,LIX,29.75,-89.82,0,0.00K,Tides of 2 to 4 feet above normal tide levels resulted in moderate flooding of roadways across southern Terrebonne Parish and many roads were inundated.
2015,October,LOUISIANA,LOWER ST. BERNARD,Z,LIX,29.75,-89.82,0,0.00K,Tides of 2 to 3 feet above normal tide levels resulted in moderate flooding of low lying terrain and roadways outside of the hurricane protection levees.
2015,October,LOUISIANA,LOWER JEFFERSON,Z,LIX,29.75,-89.82,0,0.00K,Tides of 2 to 4 feet above normal tide levels resulted in widespread flooding of low lying terrain and roadways including in the Lafitte and Barataria communities.
2015,October,LOUISIANA,LOWER ST. BERNARD,Z,LIX,29.75,-89.82,0,0.00K,Tides of 2 to 3 feet above normal tide levels resulted in moderate flooding of low lying terrain and roadways outside of the hurricane protection levees.
2015,October,LOUISIANA,ORLEANS,Z,LIX,29.75,-89.82,0,0.00K,"Tides of 2 to 3 feet above normal tide levels resulted in moderate flooding of low lying terrain and roadways outside of the hurricane protection levees, including areas around Lake Pontchartrain. Flo"
2015,October,SOUTH CAROLINA,CHARLESTON,Z,CHS,32.9,-80.03,0,,"The morning high tide in Charleston Harbor caused street flooding in and around the downtown Charleston. Road closures occurred on Wentworth Street, Barre Street, Lockwood Boulevard, Broad Street and "
2015,October,SOUTH CAROLINA,CHARLESTON,Z,CHS,32.9,-80.03,0,,Law enforcement and Twitter reports indicated significant tidal flooding at the Shem Creek boat landing and road closures due to tidal flooding on 3rd Street and Long Point Road near Horlbeck Creek.
2015,October,SOUTH CAROLINA,CHARLESTON,Z,CHS,32.9,-80.03,0,,Security at a federal law enforcement training center reported flooding and closed roads throughout the facility grounds. Juneau Avenue was also flooded to the Cooper River Marina and was not accessib
2015,October,SOUTH CAROLINA,BEAUFORT,Z,CHS,32.9,-80.03,0,,A lifeguard reported Singleton Beach Road impassable due to flooding.
2015,October,SOUTH CAROLINA,BEAUFORT,Z,CHS,32.9,-80.03,0,,Park service personnel reported Hunting Island State Park camp grounds completely flooded. Several roads on Harbor Island were also flooded and impassable.
2015,October,SOUTH CAROLINA,CHARLESTON,Z,CHS,32.9,-80.03,0,,Law enforcement reports the intersection of Beachwalker Drive and Kiawah Island Parkway closed due to flooding.
2015,October,SOUTH CAROLINA,BEAUFORT,Z,CHS,32.9,-80.03,0,,"The public reports parts of Melrose Golf Course flooded on Daufuskie Island, including docks under water."
2015,October,SOUTH CAROLINA,BEAUFORT,Z,CHS,32.9,-80.03,0,,"Law enforcement reported several boat docks and adjacent roads flooded in Bluffton, SC including the Bluffton Oyster Company."
2015,October,SOUTH CAROLINA,CHARLESTON,Z,CHS,32.9,-80.03,0,,"Law enforcement reported widespread road closures due to coastal flooding in downtown Charleston. Roads closed due to flooding included the intersection of Wentworth Street and Barre Street, Lockwood "
2015,October,SOUTH CAROLINA,BEAUFORT,Z,CHS,32.9,-80.03,0,,Lifeguard picture on Twitter showed Singleton Beach Road flooded.
2015,October,SOUTH CAROLINA,CHARLESTON,Z,CHS,32.9,-80.03,0,,"Law enforcement reported several road closures due to coastal flooding including Central Park Road from Fleming Road to Riverland Drive, Highway 61 at Highway 17, Battery Island Drive from Folly Road "
2015,October,SOUTH CAROLINA,CHARLESTON,Z,CHS,32.9,-80.03,0,,"A maximum tide level of 8.25 feet mean lower low water was recorded at the Charleston Harbor tide gauge, making it the 8th highest level on the all-time historic crest list."
2015,October,SOUTH CAROLINA,CHARLESTON,Z,CHS,32.9,-80.03,0,,Park services reported Folly Beach County Park and Ashley Avenue at Folly Beach closed due to coastal flooding.
2015,October,SOUTH CAROLINA,CHARLESTON,Z,CHS,32.9,-80.03,0,,A picture via social media indicated Sullivan Island Beach submerged in ocean water and flooding around several homes near Breach Inlet.
2015,October,GEORGIA,COASTAL CHATHAM,Z,CHS,32.9,-80.03,0,,An emergency manager from Chatham County reported Highway 80 closed between Savannah and Tybee Island due to flooding.
2015,October,GEORGIA,COASTAL CHATHAM,Z,CHS,32.9,-80.03,0,,"The morning high tide reached 10.43 feet mean lower low water at the Fort Pulaski tide gauge, making it the 3rd highest level on the all-time historic crest list."
2015,October,GEORGIA,COASTAL MCINTOSH,Z,CHS,32.9,-80.03,0,,A ferry dock was flooded on Sapelo Island. Severe erosion was also reported at the beach.
2015,October,GEORGIA,COASTAL CHATHAM,Z,CHS,32.9,-80.03,0,,An emergency manager of Chatham County reported Shipyard Road heading to Burnside Island closed due to coastal flooding.
2015,October,GEORGIA,COASTAL CHATHAM,Z,CHS,32.9,-80.03,0,,An emergency manager of Chatham County reported road closures due to coastal flooding on La Roche Avenue near the intersections of Norwood Avenue and Raleigh Drive.
2015,October,ALABAMA,LOWER MOBILE,Z,MOB,30.68,-88.24,0,,"Minor coastal flooding was reported in several locations across Mobile County. The eastbound lanes of the Mobile Bay Causeway were closed due to the flooding. In addition, minor flooding was reported "
2015,October,LOUISIANA,ST. JOHN THE BAPTIST,Z,LIX,29.75,-89.82,0,0.00K,Tides of 2 to 3 feet above normal tide levels resulted in moderate flooding of low lying terrain and roadways around Lakes Pontchartrain. Flooding was reported on US Highway 51.
2015,October,VIRGINIA,NORFOLK,Z,AKQ,36.98,-76.49,0,1.00M,A tidal departure of 3 to 4 feet resulted in moderate flooding along the Chesapeake Bay.
2015,October,SOUTH CAROLINA,BEAUFORT,Z,CHS,32.9,-80.03,0,0.00K,A lifeguard reported Singleton Beach Road impassable due to flooding.
2015,October,SOUTH CAROLINA,BEAUFORT,Z,CHS,32.9,-80.03,0,,"Law enforcement and park services indicated road closures on Dockside Road, Yacht Club Road, Scott Creek Road, Jungle Shores Drive and Palmetto Boulevard near the entrance of Edisto Beach State Park. "
2015,October,SOUTH CAROLINA,CHARLESTON,Z,CHS,32.9,-80.03,0,,Law enforcement reported a road closure due to flooding at Windermere Boulevard and William Ackerman Lane.
2015,October,SOUTH CAROLINA,BEAUFORT,Z,CHS,32.9,-80.03,0,,A local newspaper reported several homes surrounded by water on Hilton Head along Roma Court off Ashley Cove. The roads were also closed due to flooding.
2015,October,SOUTH CAROLINA,CHARLESTON,Z,CHS,32.9,-80.03,0,,"The City of Isle of Palms reported tidal flooding on 25th Avenue, Tabby Lane, Driftwood Lane, 41st Avenue at the marina and Forest Trail."
2015,October,SOUTH CAROLINA,SOUTHERN COLLETON,Z,CHS,32.9,-80.03,0,,Law enforcement reported flooding along Dockside Road on Edisto Island.
2015,October,GEORGIA,COASTAL CHATHAM,Z,CHS,32.9,-80.03,0,,An emergency manager of Chatham County reported Barley Drive flooded near the Islands Expressway. A car was also stalled on the road.
2015,October,GEORGIA,COASTAL CHATHAM,Z,CHS,32.9,-80.03,0,,An emergency manager of Chatham County reported the road heading onto Elba Island closed due to coastal flooding.
2015,October,GEORGIA,COASTAL CHATHAM,Z,CHS,32.9,-80.03,0,,"A fire department reported road closures due to flooding on Tybee Island, including Jones Avenue, 6th Avenue and Lewis Avenue. Many homes also had various degrees of flooding."
2015,October,GEORGIA,COASTAL CHATHAM,Z,CHS,32.9,-80.03,0,,An emergency manager of Chatham County reported Mercer Road flooded.
2015,October,SOUTH CAROLINA,CHARLESTON,Z,CHS,32.9,-80.03,0,,"A maximum tide level of 8.65 feet mean lower low water was recorded at the Charleston Harbor tide gauge, making it the 4th highest level on the all-time historic crest list."
2015,October,SOUTH CAROLINA,CHARLESTON,Z,CHS,32.9,-80.03,0,,"Law enforcement and fire rescue personnel reported several road closures and tidal flooding on Isle of Palms. Flooded and road closures occurred at Palm Boulevard between 3rd and 5th Street, 41st Stre"
2015,October,SOUTH CAROLINA,BEAUFORT,Z,CHS,32.9,-80.03,0,,Law enforcement reported roads flooded throughout Fripp Island. Water was also in several homes. Traffic was also halted going onto the island since the guard area was flooded.
2015,October,SOUTH CAROLINA,CHARLESTON,Z,CHS,32.9,-80.03,0,,Law enforcement reported Central Park Road closed between Fleming Road and Riverland Drive due to flooding.  A photo on social media also showed Harbor View Road covered by water.
2015,October,SOUTH CAROLINA,BEAUFORT,Z,CHS,32.9,-80.03,0,,A local newspaper reported Hudson's Seafood House submerged by flood waters.
2015,October,SOUTH CAROLINA,BEAUFORT,Z,CHS,32.9,-80.03,0,,A local newspaper reported parts of Henry C Chambers Waterfront Park flooded.
2015,October,SOUTH CAROLINA,BEAUFORT,Z,CHS,32.9,-80.03,0,,A local newspaper reported flood waters topping the sea wall at the Henry C. Chambers Waterfront Park in Beaufort.
2015,October,SOUTH CAROLINA,BEAUFORT,Z,CHS,32.9,-80.03,0,,Park service personnel reported many areas of Hunting Island State Park flooded.
2015,October,GEORGIA,COASTAL CHATHAM,Z,CHS,32.9,-80.03,0,,An emergency manger of Chatham County reported Whippoorwill Road and Bobwhite Road flooded on Wilmington Island.
2015,October,GEORGIA,COASTAL CHATHAM,Z,CHS,32.9,-80.03,0,,An emergency manager from Chatham County reported water covering Whippoorwill Road and flooding on a property along Shad River Road. The maximum high tide level reached 9.91 feet mean lower low water 
2015,October,GEORGIA,COASTAL CHATHAM,Z,CHS,32.9,-80.03,0,,"An emergency manager of Chatham County and Law enforcement personnel reported several road closures on Tybee Island due to coastal flooding. Roads closed included 10th Street, Jones Avenue, Catalina B"
2015,October,MASSACHUSETTS,EASTERN PLYMOUTH,Z,BOX,41.96,-71.13,0,0.00K,"Several roads were deemed impassable in Scituate due to coastal flooding, including Central Avenue and Oceanside Drive."
2015,October,SOUTH CAROLINA,BEAUFORT,Z,CHS,32.9,-80.03,0,,Law enforcement reported several roads flooded on Fripp Island. Water was also reported around some homes.
2015,October,SOUTH CAROLINA,BEAUFORT,Z,CHS,32.9,-80.03,0,,The Beaufort County 911 Call Center reported Warsaw Island Road impassable.
2015,October,GEORGIA,COASTAL MCINTOSH,Z,CHS,32.9,-80.03,0,,"Many parts of the Fort King George historical site was flooded including nature trails, parking lots, docks and some exhibitions. Many shrimp docks were also flooded around Darien, GA."
2015,October,GEORGIA,COASTAL MCINTOSH,Z,CHS,32.9,-80.03,0,,The ferry dock at Sapelo Island was reported flooded.
2015,October,FLORIDA,ST. JOHNS,Z,JAX,30.49,-81.7,0,0.00K,Coastal flooding impacted the backyard of a home on the St. Johns River near Colee Cove.
2015,October,FLORIDA,FLAGLER,Z,JAX,30.49,-81.7,0,0.00K,Street flooding impacted Old Dixie Highway just north of Tomoka State Park from elevated water levels along the Intracoastal Waterway.
2015,October,FLORIDA,COASTAL DUVAL,Z,JAX,30.49,-81.7,0,0.00K,The public reported street flooding near Hogans Creek at Market Street and Confederate Street in Springfield. Flooding was due to higher than normal water levels within the St. Johns River.
2015,October,FLORIDA,COASTAL MIAMI-DADE COUNTY,Z,MFL,25.61,-80.41,0,,Miami Beach officials reported tidal flooding along Indian Creek Drive (A1A) at 29th street with the morning high tide. Additional flooding was reported at Dade Avenue and Purdy Avenue.
2015,October,FLORIDA,COASTAL MIAMI-DADE COUNTY,Z,MFL,25.61,-80.41,0,,"High tide flooding in Matheson Hammock Park resulted in ankle deep water in the parking lot, beach, and picnic areas as well as swamped a normally separated man-made lagoon. Water reached up to the lo"
2015,October,NORTH CAROLINA,INLAND NEW HANOVER,Z,ILM,34.3,-77.88,0,0.00K,Flooding with barricades up at the intersection of Water St and Market St.  This was a combination of heavy rain in conjunction with a high tide.
2015,October,VIRGINIA,SUFFOLK,Z,AKQ,36.98,-76.49,0,0.00K,A tidal departure of 3 to 4 feet resulted in moderate flooding along the Chesapeake Bay and Nansemond River.
2015,October,VIRGINIA,ACCOMACK,Z,AKQ,36.98,-76.49,0,0.00K,A tidal departure of 3 to 4 feet resulted in moderate flooding along the Atlantic Ocean.
2015,October,VIRGINIA,NORTHAMPTON,Z,AKQ,36.98,-76.49,0,0.00K,A tidal departure of 2 to 4 feet resulted in moderate flooding along the Atlantic Ocean and lower Chesapeake Bay.
2015,October,VIRGINIA,LANCASTER,Z,AKQ,36.98,-76.49,0,1.00M,"A tidal departure of 2 to 3 feet resulted in moderate flooding along the Rappahannock River and Chesapeake Bay. Several roads were closed, and a number of homes and other buildings sustained flood rel"
2015,October,VIRGINIA,GLOUCESTER,Z,AKQ,36.98,-76.49,0,30.00K,A tidal departure of 3 to 4 feet resulted in moderate flooding along the York River and Chesapeake Bay. Waves caused damage to some piers and docks.
2015,October,SOUTH CAROLINA,CHARLESTON,Z,CHS,32.9,-80.03,0,,A NOAA Port Meteorological Officer reported significant flooding in the Office of Coastal Management parking lot. The parking lot of the Cooper River Marina was also reported flooded with 2 feet of st
2015,October,SOUTH CAROLINA,CHARLESTON,Z,CHS,32.9,-80.03,0,,Law enforcement reported Long Point Road closed near Horlbeck Creek due to coastal flooding.
2015,October,ALABAMA,LOWER BALDWIN,Z,MOB,30.68,-88.24,0,0.00K,"Flooding closed the ramp from the Causeway to Interstate 10. Also, all eastbound lanes of the Causeway were closed."
2015,October,MASSACHUSETTS,SUFFOLK,Z,BOX,41.96,-71.13,0,0.00K,Two lanes of Morrissey Boulevard were closed due to minor coastal flooding.
2015,October,NORTH CAROLINA,EASTERN CURRITUCK,Z,AKQ,36.98,-76.49,0,0.00K,A tidal departure of 3 feet resulted in moderate flooding along the Atlantic Ocean.
2015,October,MARYLAND,DORCHESTER,Z,AKQ,36.98,-76.49,0,0.00K,A tidal departure of 2 to 2.5 feet resulted in moderate flooding along the Chesapeake Bay.
2015,October,FLORIDA,PUTNAM,Z,JAX,30.49,-81.7,0,0.00K,"Significant river flooding impacted residences along the St Johns River and Dunns Creek area. Some residences along Dunns Creek at water flood into their homes over 16 days, with the highest values at"
2015,October,FLORIDA,CLAY,Z,JAX,30.49,-81.7,0,0.00K,Clay County EM reported river flooding due to higher than normal water levels within the St. Johns River basin. Areas that were impacted were along Cedar Road along the SW bank of Doctor's Lake and De
2015,October,NORTH CAROLINA,ONSLOW,Z,MHX,34.78,-76.88,0,0.00K,"Coastal flooding closed many roads along the coast, especially over North Topsail Island."
2015,October,NORTH CAROLINA,CARTERET,Z,MHX,34.78,-76.88,0,0.00K,"Persistent onshore flow led to significant coastal flooding for the waterfront areas of Morehead City and Beaufort, and areas adjacent to Pamlico Sound. Water levels rose 4.5 to 5.5 feet above normal "
2015,October,NORTH CAROLINA,CRAVEN,Z,MHX,34.78,-76.88,0,0.00K,"Persistent northeast flow led to coastal flooding for areas adjacent to Pamlico Sound and Neuse River, including parts of the New Bern waterfront. Water levels rose 4.5 to 5.5 feet above normal at tim"
2015,October,NORTH CAROLINA,PAMLICO,Z,MHX,34.78,-76.88,0,0.00K,Persistent northeast flow led to coastal flooding for areas of the county adjacent to the Pamlico Sound. Water levels rose 3 to 4 feet above normal at times adjacent to the Pamlico Sound flooding many
2015,October,VIRGINIA,VIRGINIA BEACH,Z,AKQ,36.98,-76.49,0,0.00K,A tidal departure of 3 to 4 feet resulted in moderate flooding along the Atlantic coast and Chesapeake Bay.
2015,October,VIRGINIA,ISLE OF WIGHT,Z,AKQ,36.98,-76.49,0,0.00K,A tidal departure of 3 to 4 feet resulted in moderate flooding along the James River.
2015,October,VIRGINIA,PRINCE GEORGE,Z,AKQ,36.98,-76.49,0,0.00K,A tidal departure of 3 to 4 feet resulted in moderate flooding along the James River.
2015,October,VIRGINIA,SURRY,Z,AKQ,36.98,-76.49,0,0.00K,A tidal departure of 3 to 4 feet resulted in moderate flooding along the James River.
2015,October,VIRGINIA,CHESAPEAKE,Z,AKQ,36.98,-76.49,0,0.00K,A tidal departure of 3 to 4 feet resulted in moderate flooding along the Chesapeake Bay and Elizabeth River.
2015,October,VIRGINIA,CHARLES CITY,Z,AKQ,36.98,-76.49,0,0.00K,A tidal departure of 3 to 4 feet resulted in moderate flooding along the James River.
2015,October,VIRGINIA,JAMES CITY,Z,AKQ,36.98,-76.49,0,0.00K,A tidal departure of 3 to 4 feet resulted in moderate flooding along the James River.
2015,October,MARYLAND,WICOMICO,Z,AKQ,36.98,-76.49,0,0.00K,A tidal departure of 2 to 2.5 feet resulted in moderate flooding along the Chesapeake Bay.
2015,October,MARYLAND,SOMERSET,Z,AKQ,36.98,-76.49,0,0.00K,A tidal departure of 2 to 2.5 feet resulted in moderate flooding along the Chesapeake Bay.
2015,October,FLORIDA,COASTAL DUVAL,Z,JAX,30.49,-81.7,0,0.00K,Normally flood prone areas along the St. Johns River in San Marco and Southhampton experienced flooding of low lying areas during the high water period within the St. Johns River basin during early Oc
2015,October,NORTH CAROLINA,BEAUFORT,Z,MHX,34.78,-76.88,0,0.00K,Persistent onshore flow led to significant coastal flooding for the portions of the county |adjacent to Pamlico Sound and Pamlico River. Water levels rose 3 to 4 feet above normal flooding many roads 
2015,October,NORTH CAROLINA,WESTERN HYDE,Z,MHX,34.78,-76.88,0,0.00K,Persistent onshore flow led to coastal flooding for areas adjacent to Pamlico Sound. Water levels rose 3 to 4 feet above normal at times adjacent to the Pamlico Sound flooding many roads and making th
2015,October,NORTH CAROLINA,EASTERN DARE,Z,MHX,34.78,-76.88,0,590.00K,"Large breaking waves due to strong onshore winds and large swells from distant Hurricane Joaquin produced significant beach erosion, ocean over wash and coastal flooding. There was also some flooding "
2015,October,NORTH CAROLINA,TYRRELL,Z,MHX,34.78,-76.88,0,0.00K,Persistent northeast winds led to high water over southern portion of Albemarle Sound producing coastal flooding over the northern part of Tyrrell County. Water levels were 2 to 4 feet above normal fl
2015,October,VIRGINIA,NEWPORT NEWS,Z,AKQ,36.98,-76.49,0,0.00K,A tidal departure of 3 to 4 feet resulted in moderate flooding along the James River.
2015,October,VIRGINIA,HAMPTON/POQUOSON,Z,AKQ,36.98,-76.49,0,0.00K,A tidal departure of 3 to 4 feet resulted in moderate flooding along the York River and Chesapeake Bay.
2015,October,VIRGINIA,YORK,Z,AKQ,36.98,-76.49,0,0.00K,A tidal departure of 3 to 4 feet resulted in moderate flooding along the York River and Chesapeake Bay.
2015,October,VIRGINIA,NEW KENT,Z,AKQ,36.98,-76.49,0,0.00K,A tidal departure of 3 to 4 feet resulted in moderate flooding along the York River.
2015,October,DELAWARE,DELAWARE BEACHES,Z,PHI,39.86,-74.46,0,10.00K,
2015,October,DELAWARE,INLAND SUSSEX,Z,PHI,39.86,-74.46,0,1.00K,
2015,October,DELAWARE,KENT,Z,PHI,39.86,-74.46,0,1.00K,
2015,October,VIRGINIA,EASTERN KING WILLIAM,Z,AKQ,36.98,-76.49,0,0.00K,A tidal departure of 3 to 4 feet resulted in moderate flooding along the York River.
2015,October,VIRGINIA,EASTERN KING AND QUEEN,Z,AKQ,36.98,-76.49,0,0.00K,A tidal departure of 3 to 4 feet resulted in moderate flooding along the York River.
2015,October,VIRGINIA,EASTERN ESSEX,Z,AKQ,36.98,-76.49,0,0.00K,A tidal departure of 2 to 3 feet resulted in moderate flooding along the Rappahannock River.
2015,October,FLORIDA,COASTAL BROWARD COUNTY,Z,MFL,25.61,-80.41,0,,Flooding during the morning high tide resulted in water deep enough to strand vehicles on Hendricks Isle. Report received via social media.
2015,October,FLORIDA,COASTAL MIAMI-DADE COUNTY,Z,MFL,25.61,-80.41,0,,Tidal flooding led to the closure of portions of Indian Creek Drive (A1A).
2015,October,FLORIDA,COASTAL DUVAL,Z,JAX,30.49,-81.7,0,0.00K,"At 9:12 am local time, the tide gage at Mayport measured a water level of 3.91 ft above NAVD88 datum. Minor coastal flooding typically begins at 3.8 ft. At 11 am local time, the tide gage at the Main "
2015,October,FLORIDA,COASTAL MIAMI-DADE COUNTY,Z,MFL,25.61,-80.41,0,,Tidal flooding resulted in closure of Indian Creek Drive (A1A) between 27th Street and 41st Street with the morning high tide.
2015,October,FLORIDA,COASTAL MIAMI-DADE COUNTY,Z,MFL,25.61,-80.41,0,,Tidal flooding resulted in closure of Indian Creek Drive (A1A) between 27th Street and 41st Street with the evening high tide. The road was reopened at 859 PM EDT.
2015,October,FLORIDA,COASTAL MIAMI-DADE COUNTY,Z,MFL,25.61,-80.41,0,,Parking lots of the Haulover Marina inundated during the morning high tide.
2015,October,FLORIDA,COASTAL MIAMI-DADE COUNTY,Z,MFL,25.61,-80.41,0,,The southbound lane of A1A - Indian Creek Drive - was closed between 31st and 32nd street due to flooding with the morning high tide. Reports received via social media and Miami Beach Emergency Manage
2015,October,FLORIDA,COASTAL BROWARD COUNTY,Z,MFL,25.61,-80.41,0,,Several locations along Las Olas Blvd flooded with the morning high tide. Water was reported to be knee deep in several locations with traffic down to one lane in many areas along the roadway. A few c
2015,October,FLORIDA,COASTAL MIAMI-DADE COUNTY,Z,MFL,25.61,-80.41,0,,Coastal flooding resulted in at least six inches of water for at least two blocks near the intersection of NW 105th street and NE 10th Ave in Miami Shores. Time base don local high tide.
2015,October,FLORIDA,COASTAL NASSAU,Z,JAX,30.49,-81.7,0,0.00K,The tide gage at Fernandina Beach measured at water level of 5.18 ft above NAVD88 datum. Minor coastal flooding typically begins at 4.8 ft.
2015,October,GEORGIA,COASTAL GLYNN,Z,JAX,30.49,-81.7,0,0.00K,The tide gage at the St. Simons Island Village Pier measured a water level of 5.72 ft above NAVD88 datum. Minor coastal flooding typically begins at 5.5 ft above NAVD88.
2015,October,GEORGIA,COASTAL CAMDEN,Z,JAX,30.49,-81.7,0,0.00K,The tide gage at Sea Camp dock on Cumberland Island measured at water level of 5.59 ft above NAVD88 datum. Minor coastal flooding typically begins at 5.0 ft.
2015,October,FLORIDA,COASTAL PALM BEACH COUNTY,Z,MFL,25.61,-80.41,0,,Water spilled over the sea wall at high tide along Wavecrest Way along Lake Boca Raton and covered the street.
2015,October,FLORIDA,COASTAL PALM BEACH COUNTY,Z,MFL,25.61,-80.41,0,,Tidal flooding along Marine Way in Delray Beach.
2015,October,NORTH CAROLINA,COASTAL BRUNSWICK,Z,ILM,34.3,-77.88,0,20.00K,Several homes were inundated along Ocean Isle Beach due to coastal flooding around high tide in conjunction with very heavy rain.
2015,October,CALIFORNIA,SAN DIEGO COUNTY COASTAL AREAS,Z,SGX,32.85,-117.11,0,0.00K,Minor street flooding was reported along Strand Way in Coronado.
2015,October,NEW JERSEY,EASTERN CAPE MAY,Z,PHI,39.86,-74.46,0,2.00M,
2015,October,NEW JERSEY,WESTERN CAPE MAY,Z,PHI,39.86,-74.46,0,0.00K,
2015,October,NEW JERSEY,CUMBERLAND,Z,PHI,39.86,-74.46,0,0.00K,
2015,October,FLORIDA,COASTAL ESCAMBIA,Z,MOB,30.68,-88.24,0,,High surf and strong winds resulted in significant coastal flooding in the Ft. Pickens area. Sands drifts as high as 5 feet were left in the wake of the flood waters on portions of Ft. Pickens Rd.
2015,October,NEW YORK,SOUTHERN NASSAU,Z,OKX,40.87,-72.86,0,0.00K,The USGS tidal gauge in Hudson Bay at Freeport recorded a peak water level of 5.88 ft. MLLW at 1112 am EST.  The moderate coastal flood threshold of 5.8 ft. MLLW was exceeded from 1042 to 1148 am EST.
2015,October,CALIFORNIA,SAN DIEGO COUNTY COASTAL AREAS,Z,SGX,32.85,-117.11,0,0.00K,Several low lying roads in south Mission Beach were inundated by minor tidal overflow. Minor sandbagging was required to keep water out of some structures.
2015,October,CALIFORNIA,SAN DIEGO COUNTY COASTAL AREAS,Z,SGX,32.85,-117.11,0,0.00K,Minor coastal flooding occurred at the end of Avenida de la Playa Street at the boat launch ramp in La Jolla Shores. Small waves were breaking against the windows of the Marine Room Restaurant.
2015,October,CALIFORNIA,ORANGE COUNTY COASTAL,Z,SGX,32.85,-117.11,0,0.00K,"Minor coastal flooding at the end of Agate Avenue, with several inches of water that flooded a deck at the end of the road."
2015,October,CALIFORNIA,SAN DIEGO COUNTY COASTAL AREAS,Z,SGX,32.85,-117.11,0,0.00K,"Minor coastal flooding, with several inches of water in an alley off of Park Avenue in Sunset Beach."
2015,October,NORTH CAROLINA,COASTAL BRUNSWICK,Z,ILM,34.3,-77.88,0,0.00K,A report of a flooded roadway in Holden Beach due to a combination of high surf and heavy rainfall.
2015,October,MISSISSIPPI,HANCOCK,Z,LIX,29.75,-89.82,0,0.00K,Tides of 2 to 4 feet above normal tidal levels produced moderate flooding of low lying terrain and roadways in coastal Hancock County.
2015,October,MISSISSIPPI,HARRISON,Z,LIX,29.75,-89.82,0,0.00K,Tides of 1 to 3 feet above normal tidal levels produced minor to moderate flooding of low lying terrain and roadways in coastal areas.
2015,October,MISSISSIPPI,JACKSON,Z,LIX,29.75,-89.82,0,0.00K,Tides of 1 to 3 feet above normal tidal levels produced minor to moderate flooding of low lying terrain and roadways in coastal areas.
2015,October,VIRGINIA,MATHEWS,Z,AKQ,36.98,-76.49,0,40.00K,"A tidal departure of 3 to 4 feet resulted in moderate flooding along the York River and Chesapeake Bay. Waves caused damage to some piers and docks, with a few buildings sustaining minor flood damage."
2015,October,VIRGINIA,MIDDLESEX,Z,AKQ,36.98,-76.49,0,50.00K,A tidal departure of 2 to 3 feet resulted in moderate flooding along the Rappahannock River and Chesapeake Bay. Waves caused damage to some piers and docks.
2015,October,VIRGINIA,NORTHUMBERLAND,Z,AKQ,36.98,-76.49,0,30.00K,A tidal departure of 2 to 3 feet resulted in moderate flooding along the Potomac River and Chesapeake Bay. Waves caused damage to some piers and docks.
2015,October,LOUISIANA,WEST CAMERON,Z,LCH,30.13,-93.22,0,0.00K,A persistent onshore flow drove water levels to a foot or two above normal levels. At high tide and while a line of thunderstorms passed through the area water covered Highway 82 near Holly Beach in a
2015,October,LOUISIANA,EAST CAMERON,Z,LCH,30.13,-93.22,0,0.00K,A persistent onshore wind drove waters levels along the coast to a foot or two above normal. As a line of thunderstorms moved through the area at high tide water covered portions of Marshal Street in 
2015,October,LOUISIANA,VERMILION,Z,LCH,30.13,-93.22,0,0.00K,"A persistent onshore flow drove water levels a foot or two above normal levels,  however a line of thunderstorms pushed through during the afternoon of the 25th lifting them higher. The tide gauge at "
2015,October,LOUISIANA,ST. MARY,Z,LCH,30.13,-93.22,0,0.00K,Pictures posted to social media showed streets around Cypremort and Burns Points flooded around the time of high tide. Tides were driven up even more when a line of thunderstorms pass through the area
2015,October,VIRGINIA,RICHMOND,Z,AKQ,36.98,-76.49,0,0.00K,A tidal departure of 2 to 3 feet resulted in moderate flooding along the Rappahannock River.
2015,October,VIRGINIA,WESTMORELAND,Z,AKQ,36.98,-76.49,0,0.00K,A tidal departure of 2 to 3 feet resulted in moderate flooding along the Potomac River.
2015,October,TEXAS,JEFFERSON,Z,LCH,30.13,-93.22,0,0.00K,A resident of Sabine Pass reported water going over the roads around Sabine Pass at the time of high tide including Highway 87 from the Intracoastal Waterway to the town. The surrounding coastal marsh
2015,October,LOUISIANA,ST. TAMMANY,Z,LIX,29.75,-89.82,0,0.00K,"One foot inundation was reported in several areas on Bayou Liberty Road. Also, the entrance to Palm Lakes Subdivision was blocked by the Slidell Police Department due to minor flooding of roadways. Mi"
2015,October,SOUTH CAROLINA,CHARLESTON,Z,CHS,32.9,-80.03,0,,The morning high tide at the Charleston Harbor tide gauge peaked at 7.61 feet mean lower low water and caused street flooding in the downtown area. This included road closures at the intersections of 
2015,October,SOUTH CAROLINA,CHARLESTON,Z,CHS,32.9,-80.03,0,,The late morning/early afternoon high tide at the Charleston Harbor tide gauge peaked at 7.71 feet mean lower low water and caused street flooding in the downtown area. This included road closures at 
2015,October,SOUTH CAROLINA,CHARLESTON,Z,CHS,32.9,-80.03,0,,"A maximum tide level of 8.14 feet mean lower low water was recorded at the Charleston Harbor tide gauge, making it the 10th highest level on the all-time historic crest list."
2015,October,SOUTH CAROLINA,BEAUFORT,Z,CHS,32.9,-80.03,0,,A CoCoRaHS spotter reported that water breached the bulkheads on Hilton Head Island and flooded streets near Collier Beach Road.
2015,October,SOUTH CAROLINA,CHARLESTON,Z,CHS,32.9,-80.03,0,0.00K,"A maximum tide level of 8.16 feet mean lower low water was recorded at the Charleston Harbor tide gauge, making it the 9th highest level on the all-time historic crest list."
2015,October,SOUTH CAROLINA,CHARLESTON,Z,CHS,32.9,-80.03,0,0.00K,The afternoon high tide at the Charleston Harbor tide gauge peaked at 7.52 feet mean lower low water. Law enforcement reported South Market Street being closed due to high water between Church Street 
2015,October,SOUTH CAROLINA,CHARLESTON,Z,CHS,32.9,-80.03,0,,A NWS employee reported Highway 61 entering West Ashley from downtown Charleston closed due to tidal flooding.
2015,October,SOUTH CAROLINA,CHARLESTON,Z,CHS,32.9,-80.03,0,,Law enforcement reported the intersection of Main Road and Highway 17 closed due to tidal flooding.
2015,October,SOUTH CAROLINA,CHARLESTON,Z,CHS,32.9,-80.03,0,,The afternoon high tide at the Charleston Harbor tide gauge peaked at 7.55 feet mean lower low water. Law enforcement reported road closures due to tidal flooding at the intersection of Broad Street a
2015,September,SOUTH CAROLINA,Charleston,Z,CHS,32.9,-80.03,0,,The evening high tide at the Charleston Harbor tide gauge peaked at 7.44 feet mean lower low water and caused some street flooding in the downtown area. This included Morrison Drive being closed betwe
2015,September,SOUTH CAROLINA,Charleston,Z,CHS,32.9,-80.03,0,,"The evening high tide at the Charleston Harbor tide gauge peaked at 7.73 feet mean lower low water and caused some street flooding in the downtown area. Impacted roadways included Lockwood Boulevard, "
2015,September,FLORIDA,Miami-Dade,Z,MFL,25.61,-80.41,0,,Water inundating parking lots along 71st Street in Normandy Isles due to tidal flooding. Report received from broadcast media via social media.
2015,September,FLORIDA,Coastal Broward,Z,MFL,25.61,-80.41,0,,High tide resulted in the flooding of portions of backyards on Palm Island.
2015,September,FLORIDA,Coastal Broward,Z,MFL,25.61,-80.41,0,0.00K,Flooding at intersection of Cordova Road and SE 12 Street in Fort Lauderdale.
2015,September,FLORIDA,Palm Beach,Z,MFL,25.61,-80.41,0,0.00K,Flooding along Corrine Street in Ocean Ridge.
2015,September,FLORIDA,Miami-Dade,Z,MFL,25.61,-80.41,0,,"Photos received via social media show flooding along 5th Avenue, Alton Road, Lenox Aveune, Washington Avenue, and Espanola Way in Miami Beach with the morning high tide."
2015,September,FLORIDA,Coastal Collier,Z,MFL,25.61,-80.41,0,,"Emergency management photos show ponding of tidal waters at several spots in Naples, including 16th and 24th avenues south."
2015,September,FLORIDA,Miami-Dade,Z,MFL,25.61,-80.41,0,,Tidal flooding with the evening high tide resulted in the closure of Indian Creek Drive (Southbound A1A) between 26th Street and 41st Street in Miami Beach. Road was opened around 1020pm after water r
2015,September,FLORIDA,Palm Beach,Z,MFL,25.61,-80.41,0,,Water entered office at Marina Delray as a result of tidal flooding. Dock at private house also reported underwater at high tide along with portions of Marine Way along the west side of the Intracoast
2015,September,FLORIDA,Miami-Dade,Z,MFL,25.61,-80.41,0,,Tidal flooding lead to inundation of parking lots along the North Bay Causeway.
2015,September,FLORIDA,Coastal Broward,Z,MFL,25.61,-80.41,0,0.00K,Tidal flooding along Himmarshee Canal in downtown Fort Lauderdale.
2015,September,FLORIDA,Miami-Dade,Z,MFL,25.61,-80.41,0,0.00K,Water inundated portions of 500 block of NE 30 Street in Miami.
2015,September,FLORIDA,Palm Beach,Z,MFL,25.61,-80.41,0,0.00K,Flooding in parking lot along Ocean Avenue in Lantana as well as along North Lake Drive.
2015,September,FLORIDA,Flagler,Z,JAX,30.49,-81.7,0,0.00K,Minor tidal flooding caused water to intrude Beverly Beach Surfside Estates mobile home park and washed over part of the road.
2015,September,GEORGIA,Coastal Glynn,Z,JAX,30.49,-81.7,0,0.00K,"At 8:15 pm on 9/26 the the USGS tide gage at the St. Simons Island Village Pier measured 5.25 ft above NAVD88 datum. This was 0.24 ft above the highest astronomical tide of 3.35 ft NAVD88. At 8:30 pm,"
2015,September,FLORIDA,St. Johns,Z,JAX,30.49,-81.7,0,0.00K,Minor flooding into the parking lot at the Castillo de San Marcos Fort due to high waters levels at high tide.
2015,September,FLORIDA,Flagler,Z,JAX,30.49,-81.7,0,0.00K,Water was on top of a boat ramp and one dock was underwater at Dead Lake in the west part of Flagler County.
2015,September,GEORGIA,Coastal Camden,Z,JAX,30.49,-81.7,0,0.00K,The USGS water level gage at Sea Camp Dock on Cumberland Island reached 5.3 ft above NAVD88. Highest astronomical tide is 4.7 ft above NAVD88.
2015,September,FLORIDA,Coastal Duval,Z,JAX,30.49,-81.7,0,0.00K,"High astronomical tides were recorded at the NOS station at Mayport. At 8 pm local time on 9/26, the gage measured 3.77 ft NAVD88 datum. This was about 0.42 above the highest astronomical tide of 3.35"
2015,September,FLORIDA,Coastal Nassau,Z,JAX,30.49,-81.7,0,0.00K,"On 9/26 at 8:45 pm the NOS tide gage in Fernandina Beach reported 4.96 ft above NAVD88 which was 0.58 ft above the highest astronomical tide of 4.38 ft NAVD88. At 8:54 am on 9/27, the NOS gage at Fern"
2015,September,FLORIDA,Miami-Dade,Z,MFL,25.61,-80.41,0,,Miami Beach PD reported the right lane of Collins Avenue in Miami Beach was flooded and impassable between 15th and 24th streets in Miami Beach. Additional reports via social media also reported flood
2015,September,FLORIDA,Miami-Dade,Z,MFL,25.61,-80.41,0,,Tidal flooding resulted in closure of Indian Creek Drive (A1A) at 21st Street around the time of morning high tide. Up to ankle deep water was reported in spots.
2015,September,FLORIDA,Coastal Broward,Z,MFL,25.61,-80.41,0,,Flooding reported at Franklin Street and SR A1A during the morning high tide.
2015,September,FLORIDA,Palm Beach,Z,MFL,25.61,-80.41,0,,Boynton Beach officials reported that tidal flooding lead to 3 inches of water at Lake Drive and Potter Street along the intracoastal waterway at high tide.
2015,September,NEW HAMPSHIRE,Coastal Rockingham,Z,GYX,43.89,-70.26,0,7.50K,Onshore gale force winds combined with high astronomical tides to produce coastal flooding in Rockingham County. Brown and Island Avenues in Hampton were flooded with up to a half foot of water.
2015,September,MAINE,Coastal Cumberland,Z,GYX,43.89,-70.26,0,2.50K,Heavy rain combined with gale force winds from an ocean storm and high astronomical tides to produce coastal flooding along Commercial Street in Portland.
2015,September,MAINE,Coastal York,Z,GYX,43.89,-70.26,0,75.00K,Heavy rain combined with gale force winds from an ocean storm and high astronomical tides to produce coastal flooding in York County. Granite Point Road in Biddeford was flooded at high tide with seve
2015,September,FLORIDA,Coastal Broward,Z,MFL,25.61,-80.41,0,,Tidal inundation on Hendricks Isle resulted in water deep enough to enter parked vehicles. Report via social media. Flooding also reported on Cordova Road in Fort Lauderdale between SE 7th and 15th st
2015,September,FLORIDA,Miami-Dade,Z,MFL,25.61,-80.41,0,,Indian Creek Drive (A1A) between 26th Street and 41st Street closed due to tidal flooding with the evening high tide.
2015,September,FLORIDA,Miami-Dade,Z,MFL,25.61,-80.41,0,,Indian Creek Drive (A1A) between 27th Street and 41st Street closed due to tidal flooding with the morning high tide.
2015,September,NORTH CAROLINA,Craven,Z,MHX,34.78,-76.88,0,0.00K,Strong northeast winds produced water levels four feet above normal on Clubfoot Creek on the border of Carteret and Craven counties. Some roads near the coast were flooded.
2015,September,NORTH CAROLINA,Carteret,Z,MHX,34.78,-76.88,0,0.00K,Persistent onshore winds led to high water along the Beaufort Waterfront. Water levels reached some businesses along Front Street between Queen Street and Craven Street.
2015,September,ALASKA,Cape Fairweather to Cape Suckling Coastal Area,Z,AJK,58.68,-156.65,0,20.00K,A long fetch of building sea impacted the Eastern Gulf Coast near Yakutat on the afternoon of the 29th. This coincided with one of the highest astronomical tides of the year. Damage to the fish camps 
2015,September,FLORIDA,Monroe/Upper Keys,Z,KEY,24.6,-81.73,0,0.00K,"Continuous coastal flooding of streets began approximately 17:00 EST on September  21st in the area of Adams and Shaw Drive in North Key Largo's bayside, gradually expanding to adjacent streets throug"
2015,September,MASSACHUSETTS,Southern Bristol,Z,BOX,41.96,-71.13,0,0.00K,"In Dartmouth, a portion of Smith Neck Road was flooded.  In Fairhaven, there was minor splashover on the West Island Causeway.  In addition, several backyards of houses on Almond Street were flooded."
2015,September,SOUTH CAROLINA,Charleston,Z,CHS,32.9,-80.03,0,,Charleston Police Department reported street flooding and some road closures due to the evening high tide. This included stalled vehicles along East Bay Street and Morrison Drive. Closed roads include
2015,September,GEORGIA,Coastal Chatham,Z,CHS,32.9,-80.03,0,,The morning high tide reached 9.71 feet mean lower low water at the Fort Pulaski tide gauge and resulted in flooding on Highway 80. The road was closed with approximately 10 inches of water on the roa
2015,September,GEORGIA,Coastal Chatham,Z,CHS,32.9,-80.03,0,,The morning high tide peaked at 9.81 feet mean lower low water at the Fort Pulaski tide gauge. This produced flooding on Highway 80 causing the road to close near the Bull River bridge.
2015,September,GEORGIA,Coastal Chatham,Z,CHS,32.9,-80.03,0,,The morning high tide peaked at 9.52 feet mean lower low water at the Fort Pulaski tide gauge. This produced flooding on Highway 80 causing the road to close near the Lazaretto Creek bridge.
2015,September,SOUTH CAROLINA,Charleston,Z,CHS,32.9,-80.03,0,,The evening high tide at the Charleston Harbor tide gauge reached 7.80 feet mean lower low water and caused street flooding in downtown Charleston. The Charleston Police Department reported that Centr
2015,September,SOUTH CAROLINA,Charleston,Z,CHS,32.9,-80.03,0,,The evening high tide reached 7.93 feet mean lower low water at the Charleston Harbor tide gauge and multiple reports of street flooding were received through social media. Highway 61 was flooded near
2015,September,SOUTH CAROLINA,Charleston,Z,CHS,32.9,-80.03,0,,The Charleston Harbor tide gauge reached 8.00 feet mean lower low water with the morning high tide.
2015,September,FLORIDA,Miami-Dade,Z,MFL,25.61,-80.41,0,,Tidal flooding led to the closure of Indian Creek Drive (A1A) between 26th Street and 41st Streets. Water receded after high tide passed around 1130am.
2015,September,FLORIDA,Palm Beach,Z,MFL,25.61,-80.41,0,,Portions of Bicentennial Park inundated by tidal flooding. Reports received via social media.
2015,September,SOUTH CAROLINA,Charleston,Z,CHS,32.9,-80.03,0,,"The morning high tide in Charleston Harbor caused street flooding in and around the downtown area. This included closing the intersection of Church Street and Mill Street, closing South Market Street,"
2015,September,SOUTH CAROLINA,Charleston,Z,CHS,32.9,-80.03,0,,The evening high tide peaked at 7.75 feet mean lower low water at the Charleston Harbor tide gauge and several reports of street flooding were received through social media. This included Washington S
2015,September,SOUTH CAROLINA,Charleston,Z,CHS,32.9,-80.03,0,,The Charleston Harbor tide gauge reached 8.06 feet mean lower low water with the morning high tide.
2015,September,SOUTH CAROLINA,Charleston,Z,CHS,32.9,-80.03,0,,"The morning high tide in Charleston Harbor caused street flooding in and around the downtown area. This included flooding on South Market Street, Calhoun Street, Lockwood Boulevard, Broad Street, Barr"
2015,November,GEORGIA,COASTAL CHATHAM,Z,CHS,32.9,-80.03,0,,The Tybee Island Police Department reported that the eastbound lane of Highway 80 was closed from the Bull River to Tybee Island due to flooding. The morning high tide peaked at 9.49 feet Mean Lower L
2015,December,TEXAS,GALVESTON,Z,HGX,29.47,-95.08,0,0.00K,Coastal flooding inundated portions of Highway 87 near the Highway 24 intersection on the eastern beaches of the Bolivar Peninsula.
2015,November,SOUTH CAROLINA,CHARLESTON,Z,CHS,32.9,-80.03,0,,"The Charleston Police Department reported numerous streets in downtown closed due to flooding from the morning high tide. Affected streets included Cherry Street from Bee Street to Cannon Street, Ashl"
2015,November,GEORGIA,COASTAL GLYNN,Z,JAX,30.49,-81.7,0,0.00K,The tide gage at the St. Simons Island Village Pier measured 5.22 ft above NAVD88 datum levels. Minor coastal flooding typically begins at 5.0 above NAVD88.
2015,November,GEORGIA,COASTAL CAMDEN,Z,JAX,30.49,-81.7,0,0.00K,The tide gage at Sea Camp Dock on Cumberland Island measured 5.09 ft above NAVD88 datum. Minor coastal flooding typically begins at 5.0 ft above NAVD88.
2015,November,FLORIDA,COASTAL PALM BEACH COUNTY,Z,MFL,25.61,-80.41,0,,Flooding during high tide resulted in standing water up to a foot deep along Marine Way in Delray Beach. Time based on reports and local high tide.
2015,November,FLORIDA,COASTAL MIAMI-DADE COUNTY,Z,MFL,25.61,-80.41,0,,High tide resulted in minor flooding of streets in Normandy Isles. Time based on reports and local high tide.
2015,November,FLORIDA,COASTAL BROWARD COUNTY,Z,MFL,25.61,-80.41,0,,High tide resulted in flooding of portions of A1A in Pompano Beach. Several inches of water flooded a parking lot adjacent to the water along the road near Hillsbororo Inlet.
2015,November,GEORGIA,COASTAL CHATHAM,Z,CHS,32.9,-80.03,0,,The Tybee Island Police Department reported that Highway 80 was closed from Bull Island to Tybee Island due to flooding. The morning high tide peaked at 9.49 feet Mean Lower Low Water at Fort Pulaski.
2015,November,CALIFORNIA,ORANGE COUNTY COASTAL,Z,SGX,32.85,-117.11,0,0.00K,"Power company reported flooding of patios on Park Avenue, just south of Seal Beach, as well as minor flooding on Pacific Coast Highway and 4 inches of water on Bayview Drive on Sunset Island in Huntin"
2015,November,CALIFORNIA,SAN DIEGO COUNTY COASTAL AREAS,Z,SGX,32.85,-117.11,0,0.00K,"Minor tidal flooding occurred in the Midway District in the area of Barnett Ave and Midway Dr., as well as Harbor Drive in Point Loma due to tides overwhelming the storm drains. An NWS employee report"
2015,November,ALASKA,YUKON DELTA,Z,AFG,64.51,-165.42,0,40.00K,
2015,December,CALIFORNIA,SAN DIEGO COUNTY COASTAL AREAS,Z,SGX,32.85,-117.11,0,0.00K,"Minor coastal flooding near the intersections of Ocean Front Rd. and 24th, 23rd, 19th, 18th, and 17th in Del Mar. Flooding was due to surf greater than 7 ft and astronomical high tide near 6.5 ft."
2015,December,CALIFORNIA,SAN DIEGO COUNTY COASTAL AREAS,Z,SGX,32.85,-117.11,0,0.00K,"Minor coastal flooding of the south end of Seacoast Dr. in Imperial Beach, due to surf greater than 7 ft and an astronomical high tide near 6.5 ft."
2015,December,CALIFORNIA,SAN DIEGO COUNTY COASTAL AREAS,Z,SGX,32.85,-117.11,0,0.00K,Minor coastal flooding of the La Jolla Shores boardwalk. The surf was greater than 7 ft with a high tide near 6.5 feet.
2015,December,CALIFORNIA,SAN DIEGO COUNTY COASTAL AREAS,Z,SGX,32.85,-117.11,0,0.00K,Minor coastal flooding of the strand in Oceanside Beach. Surf in excess of 7 ft and a high tide near 6.5 ft were the primary causes.
2015,December,CALIFORNIA,SAN DIEGO COUNTY COASTAL AREAS,Z,SGX,32.85,-117.11,0,0.00K,"Minor coastal flooding occurred along the boardwalk in Pacific Beach, from Pacific Beach Dr. to Santa Clara Place. Surf greater than 7 ft and a high tide near 6.5 ft were occurring at the time."
2015,December,CALIFORNIA,MENDOCINO COAST,Z,EKA,40.8,-124.55,0,,"A combination of high astronomical tides, high surf, and elevated water levels in the Navarro River led to the flooding and closure of a portion of Hwy 128 in Mendocino County."
2015,December,CALIFORNIA,REDWOOD COAST,Z,EKA,40.8,-124.55,0,,"Due to a combination of high astronomical tides and high surf, water and debris washed onto some of the area roads. Known roads impacted were Pebble Beach Drive in Crescent City, Highway 101 south of "
2015,December,WASHINGTON,CENTRAL COAST,Z,SEW,47.68,-122.25,0,5.00K,"Minor coastal flooding occurred in Grays Harbor around the time of high tide at noon.  Some roads and yards were flooded, and some buildings in Aberdeen had a few inches of water inside.  This was due"
2015,December,OREGON,CENTRAL OREGON COAST,Z,PQR,45.56,-122.98,0,919.00K,"Anomalous high tides and large surf prevented flooded rivers to recede between rain events, and contributed to coastal flooding across the Central Oregon coast. A person was briefly trapped in their r"
2015,December,WASHINGTON,SOUTH COAST,Z,PQR,45.56,-122.98,0,115.00K,"High tides combined with swollen rivers resulted in flooding of many roads in Bay Center, South Bend, and Raymond including parts of Highway 101."
2015,December,OREGON,NORTHERN OREGON COAST,Z,PQR,45.56,-122.98,0,3460.00K,"Anomalous high tides and large surf prevented flooded rivers to recede between rain events, and contributed to coastal flooding across the North Oregon coast. Water from high surf entered several room"
2015,December,OREGON,NORTHERN OREGON COAST,Z,PQR,45.56,-122.98,0,1302.00K,"Anomalous high tides and large surf prevented flooded rivers to recede between rain events on December 7th and 8th, and contributed to coastal flooding across Tillamook County. The Nehalem River near "
2015,October,TEXAS,SAN PATRICIO,Z,CRP,27.78,-97.51,0,0.00K,Indian Point Pier and Park south of Portland was closed due to coastal flooding.
2015,October,TEXAS,KLEBERG,Z,CRP,27.78,-97.51,0,0.00K,Water was into the dunes during high tide and for much of the day. Some erosion of the dunes occurred at the Padre Island National Seashore. Tide levels reached a surge height of slightly above 2 feet
2015,October,TEXAS,NUECES,Z,CRP,27.78,-97.51,0,0.00K,Laguna Shores Road was under water in numerous places. Businesses between Flour Bluff and Padre Island were forced to close due to roadways being flooded. Many roads were closed at North Beach includi
2015,October,TEXAS,ARANSAS,Z,CRP,27.78,-97.51,0,0.00K,Portions of Broadway Street along Little Bay in Rockport were flooded.
2015,October,TEXAS,CALHOUN,Z,CRP,27.78,-97.51,0,0.00K,"Water was over the road at the Crabbing Bridge, RV Park at 22nd Street, and the Cabanas at Magnolia Beach. The Indianola Fishing Center and the Indianola RV Park were under water. Portions of Comal Ro"
2015,September,MARYLAND,ST. MARY'S,Z,LWX,38.98,-77.47,0,,Moderate levels were reached briefly at Straits Point (SGSM2).
2015,October,TEXAS,GALVESTON,Z,HGX,29.47,-95.08,0,0.00K,Gulf water inundated Highway 87 approximately two miles from the Highway 124 intersection on High Island.
2015,October,TEXAS,BRAZORIA,Z,HGX,29.47,-95.08,0,0.00K,Sections of the Blue Water Highway from San Luis Pass to Freeport were closed due to high gulf water inundation.
2015,September,MARYLAND,ST. MARY'S,Z,LWX,38.98,-77.47,0,,Moderate levels were reached briefly at Straits Point (SGSM2).
2015,October,MARYLAND,CALVERT,Z,LWX,38.98,-77.47,0,,"Flooding in the Hallowing Water trailer park in Prince Frederick required water rescues of 14 residents by county officials, the Prince Frederick Volunteer Fire Department and Maryland State Police ar"
2015,October,MARYLAND,CHARLES,Z,LWX,38.98,-77.47,0,,MD route 257/254 at Dyer Rd was closed during consecutive high tide cycles on the 4th.
2015,October,MARYLAND,ST. MARY'S,Z,LWX,38.98,-77.47,0,,"Water covered roads on St. Georges Island, was in yards, and was approaching structures. To the east, inundation occurred at multiple marinas off St. Mary's River, Smith Creek, and Jutland Creek."
2015,October,MARYLAND,ST. MARY'S,Z,LWX,38.98,-77.47,0,,"Water covered roads on St. Georges Island, was in yards, and was approaching structures. To the east, inundation occurred at multiple marinas off St. Mary's River, Smith Creek, and Jutland Creek."
2015,October,MARYLAND,ST. MARY'S,Z,LWX,38.98,-77.47,0,,"Water covered roads on St. Georges Island, was in yards, and was approaching structures. To the east, inundation occurred at multiple marinas off St. Mary's River, Smith Creek, and Jutland Creek."
2015,October,MARYLAND,ST. MARY'S,Z,LWX,38.98,-77.47,0,,"Water covered roads on St. Georges Island, was in yards, and was approaching structures. To the east, inundation occurred at multiple marinas off St. Mary's River, Smith Creek, and Jutland Creek."
2015,October,MARYLAND,ST. MARY'S,Z,LWX,38.98,-77.47,0,,"Water covered roads on St. Georges Island, was in yards, and was approaching structures. To the east, inundation occurred at multiple marinas off St. Mary's River, Smith Creek, and Jutland Creek."
2015,October,MARYLAND,ST. MARY'S,Z,LWX,38.98,-77.47,0,,"Water covered roads on St. Georges Island, was in yards, and was approaching structures. To the east, inundation occurred at multiple marinas off St. Mary's River, Smith Creek, and Jutland Creek."
2015,October,MARYLAND,ANNE ARUNDEL,Z,LWX,38.98,-77.47,0,,Water came up through storm drains and approached businesses on Dock Street in Annapolis. The tidal levels were close to reaching the floor of the Maritime Museum in Annapolis and began to cover Bowye
2015,October,MARYLAND,ANNE ARUNDEL,Z,LWX,38.98,-77.47,0,,Water came up through storm drains and approached businesses on Dock Street in Annapolis. The tidal levels were close to reaching the floor of the Maritime Museum in Annapolis and began to cover Bowye
2015,October,MARYLAND,ST. MARY'S,Z,LWX,38.98,-77.47,0,,"Water covered roads on St. Georges Island, was in yards, and was approaching structures. To the east, inundation occurred at multiple marinas off St. Mary's River, Smith Creek, and Jutland Creek."
2016,February,DISTRICT OF COLUMBIA,DISTRICT OF COLUMBIA,Z,LWX,38.98,-77.47,0,,WASD2 reported moderate levels of 5.3 ft being reached.
2016,February,VIRGINIA,ARLINGTON,Z,LWX,38.98,-77.47,0,,AXTV2 reported moderate flood levels of 4.5 ft being reached.
2016,January,NEW JERSEY,EASTERN MONMOUTH,Z,PHI,39.86,-74.46,0,,"A low pressure system moving through the eastern Great Lakes Saturday and Sunday, January 9th and 10th, produced a persistent southerly flow which in turn created tidal surges of 1 to 2 feet, enough t"
2016,January,PUERTO RICO,SAN JUAN AND VICINITY,Z,SJU,18.43,-66.02,0,0.00K,Emergency manager reported flooding along road 187. The road from Pinones to Parcelas Suarez was closed due to coastal flooding associated to the large breaking waves. The road was closed late Monday 
2016,January,PUERTO RICO,NORTH CENTRAL,Z,SJU,18.43,-66.02,0,0.00K,Reports of debris over coastal costal roads were received across sector Costa Norte in Camuy. The event took place during the overnight and early morning hours.
2016,February,MARYLAND,ANNE ARUNDEL,Z,LWX,38.98,-77.47,0,,Water came up through storm drains and approached businesses on Dock Street in Annapolis.
2016,February,MARYLAND,ST. MARY'S,Z,LWX,38.98,-77.47,0,,"SGSM2 reported levels of 3.5 being reached, resulting in moderate flooding."
2016,November,FLORIDA,COASTAL DUVAL,Z,JAX,30.49,-81.7,0,0.00K,"At 0718 am on Nov. 13th, the water level station at the Mayport NOS tide gauge measured 3.95 ft NAVD88 datum or 2.01 ft MHHW datum. This was about 1 ft above predicated astronomical tide and was was t"
2016,November,FLORIDA,ST. JOHNS,Z,JAX,30.49,-81.7,0,0.00K,The NOS water level gauge station at Racy Point on the St. Johns River measured 2.19 ft NAVD88 datum or 1.55 ft MHHW datum which was about 1.0 ft above predicted astronomical tide. This was a minor fl
2016,November,GEORGIA,COASTAL GLYNN,Z,JAX,30.49,-81.7,0,0.00K,The water level gauge at St. Simons Island Village Pier measured 5.45 ft NAVD88 datum. This was the peak tide during this perigee event and was minor coastal flooding at this location.
2016,November,GEORGIA,COASTAL CAMDEN,Z,JAX,30.49,-81.7,0,0.00K,"At 0736 am on Nov. 13th, the water level gauge at the Sea Camp Dock on Cumberland Island measured 5.48 ft NAVD88 datum or 1.7 ft MHHW datum. This was also about 1.0 ft above predicted astronomical tid"
2016,January,PUERTO RICO,NORTH CENTRAL,Z,SJU,18.43,-66.02,0,0.00K,Rio Grande de Arecibo was giving flooding problems at the roads Barrio Santa Cruz and sector Giraud as the river mouth was blocked by the sand due to large breaking wave action.
2016,January,PUERTO RICO,NORTH CENTRAL,Z,SJU,18.43,-66.02,0,0.00K,Reports of debris over coastal roads were received across road 681 in Barceloneta. This event took place during the morning hours.
2016,January,MARYLAND,ANNE ARUNDEL,Z,LWX,38.98,-77.47,0,,APAM2 reported tidal levels reaching moderate thresholds between 2028 and 2247.
2016,January,MASSACHUSETTS,NANTUCKET,Z,BOX,41.96,-71.13,0,0.00K,Boat ramps in the Madaket section of Nantucket were flooded.  Easy Street was flooded with four to twelve inches of water.
2016,January,MASSACHUSETTS,EASTERN PLYMOUTH,Z,BOX,41.96,-71.13,0,0.00K,"In Plymouth, Warren Avenue was closed at the entrance to Plymouth Beach due to coastal flooding."
2016,January,MASSACHUSETTS,SUFFOLK,Z,BOX,41.96,-71.13,0,0.00K,Winthrop Parkway was closed due to flooding.
2016,January,MASSACHUSETTS,EASTERN ESSEX,Z,BOX,41.96,-71.13,0,0.00K,"Beach Road, Broadway Avenue, and Cable Avenue were flooded near Salisbury Beach."
2016,September,VIRGINIA,WESTMORELAND,Z,AKQ,36.98,-76.49,0,0.00K,Tides of 2 feet above normal caused moderate flooding near the Potomac River. Water levels reached nearly 3.5 feet MLLW at Lewisetta VA. No damage was reported.
2016,September,VIRGINIA,NORTHUMBERLAND,Z,AKQ,36.98,-76.49,0,0.00K,Tides of 2 feet above normal caused moderate flooding near the Potomac River and areas adjacent to the Chesapeake Bay. Water levels reached nearly 3.7 feet MLLW at Lewisetta VA. No damage was reported
2016,September,VIRGINIA,NORTHUMBERLAND,Z,AKQ,36.98,-76.49,0,0.00K,Tides of 2 feet above normal caused moderate flooding near the Potomac River and areas adjacent to the Chesapeake Bay. Water levels reached nearly 3.5 feet MLLW at Lewisetta VA. No damage was reported
2016,September,VIRGINIA,WESTMORELAND,Z,AKQ,36.98,-76.49,0,0.00K,Tides of 2 feet above normal caused moderate flooding near the Potomac River. Water levels reached nearly 3.7 feet MLLW at Lewisetta VA. No damage was reported.
2016,February,VIRGINIA,NORTHUMBERLAND,Z,AKQ,36.98,-76.49,0,0.00K,Minor to low end moderate coastal flooding occurred near the mouth of the Potomac River and adjacent portions of the Chesapeake Bay. Water levels reached 3.8 feet MLLW at Lewisetta VA around 2 pm on F
2016,February,VIRGINIA,ACCOMACK,Z,AKQ,36.98,-76.49,0,0.00K,"Minor to moderate coastal flooding occurred in bay side sections of Accomack county. The tide gauge at Bayford VA reached 4.1 feet MLLW around 10:45 am on February 9th, and the tide gauge at Saxis VA "
2016,February,VIRGINIA,NORTHAMPTON,Z,AKQ,36.98,-76.49,0,0.00K,"Minor to low end moderate flooding occurred in bay side sections of Northampton county. The tide gauge at Kiptopeke reached 5.2 feet MLLW around 9 am on February 9th, and the tide gauge at Bayford VA "
2016,October,MARYLAND,ANNE ARUNDEL,Z,LWX,38.98,-77.47,0,,The tidal gauge at Annapolis indicated moderate flooding. Water levels through the storm drains approached businesses on Dock Street in Annapolis.
2016,October,VIRGIN ISLANDS,ST. CROIX,Z,SJU,18.43,-66.02,0,0.00K,Coastal flooding was reported at Strad Street in Frederiksted in Saint Croix.
2016,January,VIRGINIA,ACCOMACK,Z,AKQ,36.98,-76.49,0,0.00K,A tidal departure of 3 to 5 feet resulted in moderate to major coastal flooding along the Atlantic Ocean. The peak water level at Wachapreague was 8.89 feet at 754 am on January 23. The peak water lev
2016,January,NEW JERSEY,EASTERN ATLANTIC,Z,PHI,39.86,-74.46,0,,"A low pressure system moving through the eastern Great Lakes Saturday and Sunday, January 9th and 10th, produced a persistent southerly flow which in turn created tidal surges of 1 to 2 feet, enough t"
2016,January,MASSACHUSETTS,EASTERN PLYMOUTH,Z,BOX,41.96,-71.13,0,3.00K,"In Scituate, Glades Road and several sections of Central Avenue were flooded.  Rocks washed onto Oceanside Drive and Central Avenue.  In Marshfield, the north side of Boundary Road was closed due to f"
2016,February,MASSACHUSETTS,DUKES,Z,BOX,41.96,-71.13,0,0.00K,Dock Street by Cappy Ferry in Edgartown was flooded.  Beach Road was closed from Five Corners Road to Martha's Vineyard Hospital in Vineyard Haven.
2016,February,MASSACHUSETTS,EASTERN PLYMOUTH,Z,BOX,41.96,-71.13,0,0.00K,Sections of Oceanside Drive in Scituate were flooded and impassable.  Minor coastal flooding occurred on the esplanade in Marshfield.  The parking in the low areas of the harbor in Marshfield were flo
2016,February,MASSACHUSETTS,SUFFOLK,Z,BOX,41.96,-71.13,0,0.00K,Winthrop Parkway from Revere to Winthrop was closed due to coastal flooding and debris on the roadway.  Morrissey Boulevard was closed due to flooding.
2016,February,MASSACHUSETTS,EASTERN NORFOLK,Z,BOX,41.96,-71.13,0,0.00K,Margin Street at Stockbridge and Jerusalem Road at Bow Street in Cohasset were closed due to flooding.  Border Street by the boathouse was flooded.
2016,February,MASSACHUSETTS,NANTUCKET,Z,BOX,41.96,-71.13,0,0.00K,"The front yards on Washington Street were flooded.  Easy Street, lower Broad Street, and Commercial Street were flooded.  Several roads in the Brant Rock section were closed due to flooding.  The traf"
2016,February,MASSACHUSETTS,EASTERN ESSEX,Z,BOX,41.96,-71.13,0,0.00K,"Jeffreys Neck Road, Island Park Road, Water Street, Argilla Road, and Town Farm Road in Ipswich were all flooded, limiting travel to one lane on each of the streets.  A section of Route 133 in Essex w"
2016,February,RHODE ISLAND,EASTERN KENT,Z,BOX,41.96,-71.13,0,0.00K,Arnold's Neck Drive in Warwick was closed due to coastal flooding.
2016,February,DELAWARE,DELAWARE BEACHES,Z,PHI,39.86,-74.46,0,,"The NOS tide gage at Lewes rose above it's 7.0 foot  MLLW flood stage (moderate flooding) at 0800EST, reached a crest of 7.25 feet MLLW at 0900EST, then fell below 7.0 feet MLLW at 1000EST."
2016,February,DELAWARE,INLAND SUSSEX,Z,PHI,39.86,-74.46,0,,"The NOS tide gage at Lewes rose above it's 7.0 foot  MLLW flood stage (moderate flooding) at 0800EST, reached a crest of 7.25 feet MLLW at 0900EST, then fell below 7.0 feet MLLW at 1000EST."
2016,February,DELAWARE,KENT,Z,PHI,39.86,-74.46,0,,"The NOS tide gage at Lewes rose above it's 7.0 foot  MLLW flood stage (moderate flooding) at 0800EST, reached a crest of 7.25 feet MLLW at 0900EST, then fell below 7.0 feet MLLW at 1000EST."
2016,February,DELAWARE,DELAWARE BEACHES,Z,PHI,39.86,-74.46,0,,"The NOS tide gage at Lewes rose above it's 7.0 foot  MLLW flood stage (moderate flooding) at 0810EST, reached a crest of 7.08 feet MLLW at 0832EST, then fell below 7.0 feet MLLW at 0912EST."
2016,February,DELAWARE,INLAND SUSSEX,Z,PHI,39.86,-74.46,0,,"The NOS tide gage at Lewes rose above it's 7.0 foot  MLLW flood stage (moderate flooding) at 0810EST, reached a crest of 7.08 feet MLLW at 0832EST, then fell below 7.0 feet MLLW at 0912EST."
2016,February,RHODE ISLAND,WASHINGTON,Z,BOX,41.96,-71.13,0,0.00K,"Earle Drive in Wickford was flooded, nearly cutting off access to the peninsula."
2016,February,DELAWARE,KENT,Z,PHI,39.86,-74.46,0,,"The NOS tide gage at Lewes rose above it's 7.0 foot  MLLW flood stage (moderate flooding) at 0810EST, reached a crest of 7.08 feet MLLW at 0832EST, then fell below 7.0 feet MLLW at 0912EST."
2016,February,NEW JERSEY,WESTERN ATLANTIC,Z,PHI,39.86,-74.46,0,,"The NOS tide gage at Atlantic City rose above it's 7.0 foot  MLLW flood stage (moderate flooding) at 0630EST, reached a crest of 7.28 feet MLLW at 0736EST, then fell below 7.0 feet MLLW at 0810EST."
2016,February,NEW JERSEY,WESTERN OCEAN,Z,PHI,39.86,-74.46,0,,"The NOS tide gage at Atlantic City rose above it's 7.0 foot  MLLW flood stage (moderate flooding) at 0630EST, reached a crest of 7.28 feet MLLW at 0736EST, then fell below 7.0 feet MLLW at 0810EST."
2016,February,NEW JERSEY,SOUTHEASTERN BURLINGTON,Z,PHI,39.86,-74.46,0,,"The NOS tide gage at Atlantic City rose above it's 7.0 foot  MLLW flood stage (moderate flooding) at 0630EST, reached a crest of 7.28 feet MLLW at 0736EST, then fell below 7.0 feet MLLW at 0810EST."
2016,February,NEW JERSEY,WESTERN MONMOUTH,Z,PHI,39.86,-74.46,0,,"The NOS tide gage at Sandy Hook rose above it's 7.7 foot  MLLW flood stage (moderate flooding) at 0635EST, reached a crest of 8.21 feet MLLW at 0724EST, then fell below 7.7 feet MLLW at 0830EST."
2016,February,NEW JERSEY,EASTERN ATLANTIC,Z,PHI,39.86,-74.46,0,,"The NOS tide gauge at Atlantic City rose above it's 7.0 foot  MLLW flood stage (moderate flooding) at 0630EST, reached a crest of 7.28 feet MLLW at 0736EST, then fell below 7.0 feet MLLW at 0810EST. S"
2016,January,DELAWARE,DELAWARE BEACHES,Z,PHI,39.86,-74.46,0,0.00K,A prolonged onshore flow from a strong nor'easter produced record flooding during the morning high tide cycle on January 23rd. The NOAA NOS gage near the Atlantic Coast at Lewes rose above 7.0 ft MLLW
2016,January,NEW JERSEY,EASTERN OCEAN,Z,PHI,39.86,-74.46,0,0.00K,A prolonged onshore flow from a strong nor'easter produced moderate flooding during the morning high tide cycle on January 23rd. The NOAA NOS gage on the Atlantic Coast at Atlantic City rose above 7.0
2016,January,NEW JERSEY,EASTERN ATLANTIC,Z,PHI,39.86,-74.46,0,0.00K,A prolonged onshore flow from a strong nor'easter produced moderate flooding during the morning high tide cycle on January 23rd. The NOAA NOS gage on the Atlantic Coast at Atlantic City rose above 7.0
2016,January,NEW JERSEY,EASTERN CAPE MAY,Z,PHI,39.86,-74.46,0,0.00K,A prolonged onshore flow from a strong nor'easter produced record flooding during the morning high tide cycle on January 23rd. The NOAA NOS gage on the Atlantic Coast at Cape May rose above 7.7 ft MLL
2016,January,VIRGINIA,VIRGINIA BEACH,Z,AKQ,36.98,-76.49,0,0.00K,A tidal departure of 2.5 to 3.5 feet resulted in moderate coastal flooding along the Atlantic Ocean and Chesapeake Bay. The peak water level at the Chesapeake Bay Bridge Tunnel was 5.72 feet at 606 am
2016,January,VIRGINIA,NORTHAMPTON,Z,AKQ,36.98,-76.49,0,0.00K,A tidal departure of 2 to 3 feet resulted in moderate to major coastal flooding along the Atlantic Ocean and Chesapeake Bay. The peak water level at Kiptopeke was 5.55 feet at 824 am on January 23. Th
2016,January,MARYLAND,DORCHESTER,Z,AKQ,36.98,-76.49,0,0.00K,A tidal departure of 1.5 to 2.5 feet resulted in moderate coastal flooding along the Chesapeake Bay in Maryland. The peak water level at Cambridge was 4.19 feet at 412 pm on January 10. The peak water
2016,January,MAINE,COASTAL HANCOCK,Z,CAR,46.87,-68.02,0,,Large waves and strong onshore winds produced overwash and coastal flooding along Seawall Road near the time of high tide. The road was nearly impassable for a time due to water and debris washed on t
2016,January,FLORIDA,COASTAL COLLIER COUNTY,Z,MFL,25.61,-80.41,0,1.00K,Naples Fire Rescue and Police Departments reported approximately 1 foot of standing water and floating debris at the southern end of Gordon Drive. Up to 1.5 feet of standing water was also reported al
2016,January,NEW JERSEY,MIDDLESEX,Z,PHI,39.86,-74.46,0,0.00K,"During the morning high tide on January 23rd, the USGS gage on the Raritan River at South Amboy rose above 8.2 ft MLLW at 0706EST, peaked at 8.62 ft MLLW at 0742EST, and dropped below 8.2 ft MLLW at 0"
2016,January,NEW JERSEY,EASTERN MONMOUTH,Z,PHI,39.86,-74.46,0,0.00K,A prolonged onshore flow from a strong nor'easter produced flooding during two high tide cycles on January 23rd.  The water level along the Atlantic coast at the Sandy Hook NOS gage rose above 7.7 ft 
2016,February,NEW JERSEY,EASTERN OCEAN,Z,PHI,39.86,-74.46,0,,"The NOS tide gage at Atlantic City rose above it's 7.0 foot  MLLW flood stage (moderate flooding) at 0630EST, reached a crest of 7.28 feet MLLW at 0736EST, then fell below 7.0 feet MLLW at 0810EST. Se"
2016,February,NEW JERSEY,EASTERN MONMOUTH,Z,PHI,39.86,-74.46,0,,"The NOS tide gage at Sandy Hook rose above it's 7.7 foot  MLLW flood stage (moderate flooding) at 0635EST, reached a crest of 8.21 feet MLLW at 0724EST, then fell below 7.7 feet MLLW at 0830EST. Flood"
2016,February,NEW JERSEY,MIDDLESEX,Z,PHI,39.86,-74.46,0,,"The NOS tide gage at Sandy Hook rose above it's 7.7 foot  MLLW flood stage (moderate flooding) at 0635EST, reached a crest of 8.21 feet MLLW at 0724EST, then fell below 7.7 feet MLLW at 0830EST. Flood"
2016,September,MARYLAND,DORCHESTER,Z,AKQ,36.98,-76.49,0,0.00K,Tides of 2 feet above normal caused moderate flooding on the middle portions of the Chesapeake Bay. Water levels reached nearly 3.8 feet MLLW at Bishops Head MD. No damage was reported.
2016,September,MARYLAND,DORCHESTER,Z,AKQ,36.98,-76.49,0,0.00K,Tides of 2 feet above normal caused moderate flooding on the middle portions of the Chesapeake Bay. Water levels reached nearly 3.9 feet MLLW at Bishops Head MD. No damage was reported.
2016,February,NEW JERSEY,EASTERN MONMOUTH,Z,PHI,39.86,-74.46,0,,"The NOS tide gage at Sandy Hook rose above it's 7.7 foot  MLLW flood stage (moderate flooding) at 0730EST, reached a crest of 8.19 feet MLLW at 0830EST, then fell below 7.7 feet MLLW at 0920EST."
2016,February,NEW JERSEY,WESTERN MONMOUTH,Z,PHI,39.86,-74.46,0,,"The NOS tide gage at Sandy Hook rose above it's 7.7 foot  MLLW flood stage (moderate flooding) at 0730EST, reached a crest of 8.19 feet MLLW at 0830EST, then fell below 7.7 feet MLLW at 0920EST."
2016,February,NEW JERSEY,MIDDLESEX,Z,PHI,39.86,-74.46,0,,"The NOS tide gage at Sandy Hook rose above it's 7.7 foot  MLLW flood stage (moderate flooding) at 0730EST, reached a crest of 8.19 feet MLLW at 0830EST, then fell below 7.7 feet MLLW at 0920EST."
2016,February,NEW JERSEY,EASTERN OCEAN,Z,PHI,39.86,-74.46,0,,"The NOS tide gage at Atlantic City rose above it's 7.0 foot  MLLW flood stage (moderate flooding) at 0655EST, reached a crest of 7.21 feet MLLW at 0836EST, then fell below 7.0 feet MLLW at 0850EST."
2016,February,MARYLAND,WICOMICO,Z,AKQ,36.98,-76.49,0,0.00K,"Moderate coastal flooding occurred across southern portions of Wicomico county. Water levels reached 4.3 feet MLLW at Bishops Head MD. No property damage was reported, but minor flooding of roads, and"
2016,February,MARYLAND,SOMERSET,Z,AKQ,36.98,-76.49,0,0.00K,"Minor to Moderate coastal flooding occurred across western portions of Somerset county. Water levels reached 4.3 feet MLLW at Bishops Head MD. No property damage was reported, but some minor inundatio"
2016,February,NEW JERSEY,WESTERN OCEAN,Z,PHI,39.86,-74.46,0,,"The NOS tide gage at Atlantic City rose above it's 7.0 foot  MLLW flood stage (moderate flooding) at 0655EST, reached a crest of 7.21 feet MLLW at 0836EST, then fell below 7.0 feet MLLW at 0850EST."
2016,March,GUAM,MARSHALL ISLANDS,Z,GUM,13.49,144.84,0,,Long period north swells produced by strong to near-gale winds north of Wake Island moved through the Marshall Islands. These swells combined with a King Tide and large east to northeast wind-waves pr
2016,February,NEW JERSEY,EASTERN ATLANTIC,Z,PHI,39.86,-74.46,0,,"The NOS tide gage at Atlantic City rose above it's 7.0 foot  MLLW flood stage (moderate flooding) at 0655EST, reached a crest of 7.21 feet MLLW at 0836EST, then fell below 7.0 feet MLLW at 0850EST."
2016,February,NEW JERSEY,WESTERN ATLANTIC,Z,PHI,39.86,-74.46,0,,"The NOS tide gage at Atlantic City rose above it's 7.0 foot  MLLW flood stage (moderate flooding) at 0655EST, reached a crest of 7.21 feet MLLW at 0836EST, then fell below 7.0 feet MLLW at 0850EST."
2016,March,TEXAS,JEFFERSON,Z,LCH,30.13,-93.22,0,0.00K,The strong onshore flow pushed the tide level above 3 feet for a few hours during the night of the 30th. The tide peaked at 3.25 MLLW before midnight.
2016,February,NEW JERSEY,SOUTHEASTERN BURLINGTON,Z,PHI,39.86,-74.46,0,,"The NOS tide gage at Atlantic City rose above it's 7.0 foot  MLLW flood stage (moderate flooding) at 0655EST, reached a crest of 7.21 feet MLLW at 0836EST, then fell below 7.0 feet MLLW at 0850EST."
2016,February,VIRGINIA,LANCASTER,Z,AKQ,36.98,-76.49,0,0.00K,Minor to low end moderate coastal flooding occurred near the mouth of the Rappahannock River and adjacent portions of the Chesapeake Bay. Water levels reached 3.6 feet MLLW at Windmill Point VA around
2016,February,MARYLAND,DORCHESTER,Z,AKQ,36.98,-76.49,0,0.00K,"Moderate coastal flooding occurred across much of Dorchester county. Water levels reached 4.3 feet MLLW at both Bishops Head and Cambridge. No property damage was reported, but a number of roads were "
2016,February,MARYLAND,DORCHESTER,Z,AKQ,36.98,-76.49,0,0.00K,"Minor to Moderate coastal flooding occurred across much of Dorchester county. Water levels reached 3.8 feet MLLW at Bishops Head MD. No property damage was reported, but a few roads in southern Dorche"
2016,April,MAINE,COASTAL HANCOCK,Z,CAR,46.87,-68.02,0,,Coastal flooding occurred along portions of Seawall Road around the time of high tide. The flooding left debris on the road. The flooding and debris caused a temporary closure of the road. The floodin
2016,January,NEW YORK,SOUTHWEST SUFFOLK,Z,OKX,40.87,-72.86,0,0.00K,"The USGS tidal gauge in Lindenhurst recorded a peak water level of 4.1 ft. MLLW between 1006 and 1042 am EST. The moderate coastal flood threshold of 3.8 ft. MLLW, was exceeded from 854 to 1130 am EST"
2016,January,NEW YORK,SOUTHWEST SUFFOLK,Z,OKX,40.87,-72.86,0,0.00K,"The USGS tidal gauge in Lindenhurst recorded a peak water level of 3.9 ft. MLLW, which is the moderate coastal flood threshold, from 930 to 942 am EST. This moderate coastal flooding threshold was est"
2016,April,MAINE,COASTAL WASHINGTON,Z,CAR,46.87,-68.02,0,,Coastal flooding occurred at Roque Bluffs around the time of high tide. The flooding caused dune erosion and damaged a parking area. The flooding subsided with the falling tide.
2016,April,MAINE,CENTRAL WASHINGTON,Z,CAR,46.87,-68.02,0,,Coastal flooding occurred at St. Croix Island around the time of high tide. The flooding caused significant dune erosion on portions of the island. The flooding subsided with the falling tide.
2016,January,NEW YORK,SOUTHERN NASSAU,Z,OKX,40.87,-72.86,0,0.00K,The USGS tidal gauge in Hudson Bay at Freeport recorded a peak water level of 6.4 ft. MLLW at 812 am EST. The moderate coastal flood threshold of 5.8 ft. MLLW was exceeded from 718 to 924 am EST.  The
2016,January,NEW YORK,SOUTHERN QUEENS,Z,OKX,40.87,-72.86,0,0.00K,"In Southern Queens, Hamilton Beach, Broad Channel and Old Howard Beach experienced minor to moderate flooding during the high tide on January 10th due to a 2 foot surge above high tide. ||One to two f"
2016,January,NEW YORK,BRONX,Z,OKX,40.87,-72.86,0,0.00K,The NOS tidal gauge at Kings Point New York recorded a peak water level of 11.4 ft. MLLW at 1106 am EST.  The moderate coastal flood threshold of 10.5 ft MLLW was exceeded from 936 am to 1242 pm EST. 
2016,January,NEW YORK,SOUTHERN WESTCHESTER,Z,OKX,40.87,-72.86,0,0.00K,The NOS tidal gauge at Kings Point New York recorded a peak water level of 11.4 ft. MLLW at 1106 am EST.  The moderate coastal flood threshold of 10.5 ft MLLW was exceeded from 936 am to 1242 pm EST. 
2016,March,LOUISIANA,WEST CAMERON,Z,LCH,30.13,-93.22,0,0.00K,A strong onshore flow kept tides at the coast above normal for multiple cycles. The tide peaked at 3.6 MLLW at the high tides during the morning and evening of the 10th at Cameron.
2016,March,LOUISIANA,EAST CAMERON,Z,LCH,30.13,-93.22,0,0.00K,A strong onshore flow kept tides at the coast above normal for multiple cycles. The tide peaked at 3.6 MLLW at the high tides during the morning and evening of the 10th at Cameron.
2016,March,LOUISIANA,VERMILION,Z,LCH,30.13,-93.22,0,0.00K,The water level at Freshwater Lock pushed above 4 feet MLLW during the early morning of the 9th and went above 4 feet for multiple tide cycles through the 11th. The tide peaked at 4.76 MLLW during the
2016,March,LOUISIANA,ST. MARY,Z,LCH,30.13,-93.22,0,0.00K,The tide at Amerada Pass pushed above 3 feet MLLW from a persistent onshore flow early on the 10th and remained high through multiple tide cycles. The tide peaked at 3.75 MLLW during the morning of th
2016,March,TEXAS,JEFFERSON,Z,LCH,30.13,-93.22,0,0.00K,A strong onshore flow kept tides above normal for multiple cycles. The tide level peaked at 3.4 MLLW during the morning of the 10th at Sabine Pass.
2016,March,LOUISIANA,WEST CAMERON,Z,LCH,30.13,-93.22,0,0.00K,A strong onshore flow pushed the tide above 3 feet MLLW for one tide cycle before a cold front pushed through the region. The tide peaked out at 3.54 MLLW late in the evening of the 30th.
2016,March,LOUISIANA,EAST CAMERON,Z,LCH,30.13,-93.22,0,0.00K,A strong onshore flow pushed the tide above 3 feet MLLW for one tide cycle before a cold front pushed through the region. The tide peaked out at 3.54 MLLW late in the evening of the 30th.
2016,March,LOUISIANA,ACADIA,Z,LCH,30.13,-93.22,0,0.00K,The tide level at Freshwater Lock pushed above 3 feet MLLW during the evening of the 30th and fell during the morning of the 31st behind a cold front. The tide peaked at 4.81 MLLW shortly before midni
2016,January,CONNECTICUT,SOUTHERN FAIRFIELD,Z,OKX,40.87,-72.86,0,0.00K,"Minor to moderate flooding was reported in coastal Westport, Connecticut on Saturday morning January 23rd. The Saugatuck River peaked at 6.39' NAVD88, which was about 3 feet of surge above the tide."
2016,January,NEW YORK,SOUTHERN NASSAU,Z,OKX,40.87,-72.86,0,0.00K,The USGS tidal gauge in Hudson Bay at Freeport recorded a peak water level of 6.0 ft. MLLW at 812 pm EST.  The moderate coastal flood threshold of 5.8 ft. MLLW was exceeded from 718 pm to 848 pm EST. 
2016,January,NEW YORK,SOUTHERN NASSAU,Z,OKX,40.87,-72.86,0,0.00K,"The USGS tidal gauge in Hudson Bay at Freeport recorded a peak water level of 5.8 ft. MLLW, the moderate coastal flood threshold, from 718 to 806 am EST. The moderate coastal flooding threshold was es"
2016,January,NEW YORK,NORTHERN NASSAU,Z,OKX,40.87,-72.86,0,0.00K,The NOS tidal gauge at Kings Point New York recorded a peak water level of 11.4 ft. MLLW at 1106 am EST.  The moderate coastal flood threshold of 10.5 ft MLLW was exceeded from 936 am to 1242 pm EST. 
2016,January,NEW YORK,NORTHERN QUEENS,Z,OKX,40.87,-72.86,0,0.00K,The NOS tidal gauge at Kings Point New York recorded a peak water level of 11.4 ft. MLLW at 1106 am EST. The moderate coastal flood threshold of 11.0 ft MLLW was exceeded from 1006 am to 1218 pm EST. 
2016,January,NEW YORK,SOUTHERN NASSAU,Z,OKX,40.87,-72.86,0,0.00K,The USGS tidal gauge in Hudson Bay at Freeport recorded a peak water level of 6.3 ft. MLLW at 830 am EST. The moderate coastal flood threshold of 5.8 ft. MLLW was exceeded from 706 to 930 am EST. ||Th
2016,September,MARYLAND,WICOMICO,Z,AKQ,36.98,-76.49,0,0.00K,Tides of 2 feet above normal caused moderate flooding on the middle portions of the Chesapeake Bay. Water levels reached nearly 3.9 feet MLLW at Bishops Head MD. No damage was reported.
2016,May,TEXAS,GALVESTON,Z,HGX,29.47,-95.08,0,0.00K,The was minor water over wash at the intersection of Highway 87 and Highway 124 due to the combination of above normal tides and wave run up.
2016,January,CALIFORNIA,NORTH BAY INTERIOR VALLEYS,Z,MTR,37.52,-122.04,0,0.00K,Southbound 101 between SR 1 and Marin City closed due to coastal flooding.
2016,February,NEW YORK,SOUTHERN NASSAU,Z,OKX,40.87,-72.86,0,0.00K,The USGS tidal gauge in Hudson Bay at Freeport recorded a peak water level of 6.6 ft. MLLW at 836 am EST. The moderate coastal flood threshold of 5.8 ft. MLLW was exceeded from 712 to 948 am EST. The 
2016,February,NEW YORK,SOUTHERN QUEENS,Z,OKX,40.87,-72.86,0,0.00K,The USGS tidal gauge in Jamaica Bay at Inwood recorded a peak water level of 9.1 ft. MLLW at 751 am EST. The moderate coastal flood threshold of 8.7 ft. MLLW was exceeded from 712 to 842 am EST. The U
2016,February,NEW YORK,SOUTHERN NASSAU,Z,OKX,40.87,-72.86,0,0.00K,The USGS tidal gauge in Hudson Bay at Freeport recorded a peak water level of 6.3 ft. MLLW at 742 am EST. The moderate coastal flood threshold of 5.8 ft. MLLW was exceeded from 636 to 848 am EST. The 
2016,April,NEW HAMPSHIRE,COASTAL ROCKINGHAM,Z,GYX,43.89,-70.26,0,95.00K,Gale force winds combined with a high astronomical tide and storm surge of around 1 foot to produce coastal flooding in Hampton New Hampshire. Flooding occurred in the Backbay area of Hampton with man
2016,April,MAINE,SAGADAHOC,Z,GYX,43.89,-70.26,0,25.00K,"Gale force winds and a storm surge of around 2 feet combined with high astronomical tides to produce flooding in coastal Sagadahoc County. In Bath, the Kennebec Tavern heeded the warnings and sandbagg"
2016,April,MAINE,COASTAL CUMBERLAND,Z,GYX,43.89,-70.26,0,15.00K,"Gale force winds and a storm surge of around 1.42 feet combined with a high astronomical tide to produce flooding in coastal Cumberland County. In Portland (flood stage 12.0 ft), high tide reached 12."
2016,April,MAINE,COASTAL WALDO,Z,GYX,43.89,-70.26,0,10.00K,"Gale force winds and a storm surge of around 2 feet combined with a high astronomical tide to produce flooding in coastal Waldo County. Water submerged a pier in Searsport and in Lincolnville, water c"
2016,April,MAINE,COASTAL YORK,Z,GYX,43.89,-70.26,0,100.00K,Gale force winds and a storm surge of around 1.4 feet combined with a high astronomical tide to produce coastal flooding in York County. Flooding occurred along the streets of Kennebunkport and Granit
2016,February,NEW YORK,SOUTHERN QUEENS,Z,OKX,40.87,-72.86,0,0.00K,The USGS tidal gauge in Jamaica Bay at Inwood recorded a peak water level of 8.8 ft. MLLW at 900 am EST. The moderate coastal flood threshold of 8.7 ft. MLLW was exceeded from 830 to 942 am EST. The U
2016,May,NEW JERSEY,EASTERN OCEAN,Z,PHI,39.86,-74.46,0,,Minor tidal flooding was reported with the Atlantic City Tidal Gauge on the evening of the 5th. Values got close to moderate with the peak of the tide.
2016,May,NEW JERSEY,EASTERN ATLANTIC,Z,PHI,39.86,-74.46,0,,Minor tidal flooding was reported with the Atlantic City Tidal Gauge on the evening of the 5th. Values got close to moderate with the peak of the tide.
2016,May,NEW JERSEY,EASTERN MONMOUTH,Z,PHI,39.86,-74.46,0,,Minor tidal flooding occurred between 2206Z on the 5th and 1z on the 6th at the Sandy Hook tidal gauge.
2016,February,NEW YORK,SOUTHWEST SUFFOLK,Z,OKX,40.87,-72.86,0,0.00K,The USGS tidal gauge in Great South Bay at Lindenhurst recorded a peak water level of 4.0 ft. MLLW at 1030am EST. The moderate coastal flood threshold of 3.8 ft. MLLW was exceeded from 924 to 1136 am 
2016,May,NEW JERSEY,MIDDLESEX,Z,PHI,39.86,-74.46,0,0.00K,Minor tidal flooding occurred at the Sandy Hook tidal site during the evening hours on the 5th.
2016,May,NEW JERSEY,EASTERN CAPE MAY,Z,PHI,39.86,-74.46,0,,Minor to  briefly moderate tidal flooding was recorded at the Cape May Ferry Terminal tidal gauge during the evening hours of the 5th.
2016,May,NEW JERSEY,EASTERN MONMOUTH,Z,PHI,39.86,-74.46,0,,Minor Tidal flooding on the night of the 6th at the Sandy Hook Tidal Gauge. Values came close but did not reach moderate levels with the evening high tidal cycle.
2016,May,NEW JERSEY,MIDDLESEX,Z,PHI,39.86,-74.46,0,0.00K,Minor Tidal flooding on the night of the 6th at the Sandy Hook Tidal Gauge. Values came close but did not reach moderate levels with the evening high tidal cycle.
2016,May,NEW JERSEY,EASTERN CAPE MAY,Z,PHI,39.86,-74.46,0,,A brief interval of minor tidal flooding occurred on the evening of the 7th in association with the high tide.
2016,May,NEW JERSEY,EASTERN MONMOUTH,Z,PHI,39.86,-74.46,0,,A brief interval of minor tidal flooding occurred at the Sandy Hook gauge the night on the 7th.
2016,May,NEW JERSEY,MIDDLESEX,Z,PHI,39.86,-74.46,0,,A brief interval of minor tidal flooding occurred at the Sandy Hook gauge the night on the 7th.
2016,May,NEW JERSEY,EASTERN CAPE MAY,Z,PHI,39.86,-74.46,0,,A brief interval of minor tidal flooding occurred the evening of the 9th corresponding with the high tide and a departing low pressure system. Tidal flooding was spotty along the entire New Jersey coa
2016,June,SOUTH CAROLINA,CHARLESTON,Z,CHS,32.9,-80.03,0,,"A NWS employee reported Drake Street, East Bay Street just south of the Ravenel Bridge and the intersection of America Street and Grace Bridge Street closed due to flooding.  At 824pm a maximum tide l"
2016,February,MAINE,COASTAL YORK,Z,GYX,43.89,-70.26,0,125.00K,A high astronomical tide combined with a storm surge of 1.56 feet which contributed to coastal flooding in York County. In Biddeford minor flooding occurred on Granite Point Road. Significant splash-o
2016,February,NEW HAMPSHIRE,COASTAL ROCKINGHAM,Z,GYX,43.89,-70.26,0,75.00K,"Flooding occurred along the coast of New Hampshire on February 9th as an intense storm passed east of the Canadian Maritimes during a period of high astronomical tides. Large, long period swells combi"
2016,June,SOUTH CAROLINA,CHARLESTON,Z,CHS,32.9,-80.03,0,,"The Charleston Police Department reported the intersections of Morrison Drive at Cooper Street, Barre Street at Wentworth Street and Hagood Avenue at Fishburne Street closed due to tidal flooding. At "
2016,June,SOUTH CAROLINA,CHARLESTON,Z,CHS,32.9,-80.03,0,,Law enforcement reported South Market Street closed between Church Street and Cooper Street as well as Morrison Drive closed between Harris Street and Cooper Street due to tidal flooding. At 8:36 PM a
2016,February,MAINE,COASTAL CUMBERLAND,Z,GYX,43.89,-70.26,0,15.00K,A high astronomical tide of 11.0 feet combined with a storm surge of 1.56 feet at high tide to reach a 12.47 foot storm tide during the late morning of April 9th. The high storm tide combined with fre
2016,May,NEW YORK,SOUTHERN NASSAU,Z,OKX,40.87,-72.86,0,0.00K,The USGS tidal gauge in Hudson Bay at Freeport recorded a peak water level of 6.0 ft. MLLW at 654 pm EST. The moderate coastal flood threshold of 5.8 ft. MLLW was exceeded from 612 to 736 pm EST. ||Th
2016,May,NEW YORK,SOUTHERN NASSAU,Z,OKX,40.87,-72.86,0,0.00K,The USGS tidal gauge in Hudson Bay at Freeport recorded a peak water level of 6.1 ft. MLLW at 748 pm EST. The moderate coastal flood threshold of 5.8 ft. MLLW was exceeded from 700 to 836 pm EST. ||Th
2016,May,DELAWARE,DELAWARE BEACHES,Z,PHI,39.86,-74.46,0,,A brief interval of minor tidal flooding occurred the evening of the 7th corresponding with the high tide and a new moon at the Lewes Guage.
2016,May,DELAWARE,DELAWARE BEACHES,Z,PHI,39.86,-74.46,0,,A brief interval of minor tidal flooding occurred the evening of the 5th corresponding with the high tide and a new moon at the Lewes Gauge.
2016,May,MARYLAND,ST. MARY'S,Z,LWX,38.98,-77.47,0,,"SGSM2 reported minor coastal flooding over multiple high tide cycles, with moderate flood levels being reach twice, briefly around high tide 1 am and then again briefing around high tide 1 pm."
2016,May,NEW JERSEY,EASTERN OCEAN,Z,PHI,39.86,-74.46,0,,A brief interval of minor tidal flooding occurred the evening of the 6th corresponding with the high tide and a new moon.
2016,May,NEW JERSEY,EASTERN ATLANTIC,Z,PHI,39.86,-74.46,0,,A brief interval of minor tidal flooding occurred the evening of the 6th corresponding with the high tide and a new moon.
2016,September,PUERTO RICO,SOUTHEAST,Z,SJU,18.43,-66.02,0,0.00K,Waves affected parking lot at Villa Pesquera in the municipality of Patillas.
2016,September,NEW JERSEY,EASTERN OCEAN,Z,PHI,39.86,-74.46,0,0.00K,Water was reported to be knee high at both high tides Thursday night and Friday in Tuckerton.
2016,October,FLORIDA,MONROE/UPPER KEYS,Z,KEY,24.6,-81.73,0,0.00K,"Minor coastal flooding due to onshore westerly winds as Hurricane Matthew moved north of the Bahamas produced flooding of Shaw Drive, Crane Street, and Adams Drive along the bayside of Key Largo.  Wat"
2016,October,FLORIDA,MONROE/LOWER KEYS,Z,KEY,24.6,-81.73,0,0.00K,"Minor street flooding was reported in multiple areas of Key West, including Flagler Avenue between 12th Street and Venetian Drive, Grinnell and James Streets, along Front Street between Duval and Simo"
2016,October,FLORIDA,MONROE/UPPER KEYS,Z,KEY,24.6,-81.73,0,0.00K,Minor flooding occurred at Harry Harris Park in Tavernier due to abnormally high spring tides.  The report was relayed by social media.
2016,August,FLORIDA,INLAND COLLIER COUNTY,Z,MFL,25.61,-80.41,0,,Reports of water covering low lying roadways and docks in the areas around Goodland and Everglades City with the morning high tide. This included State Road 92/San Marco Road near the bridge over Good
2016,October,FLORIDA,COASTAL MIAMI-DADE COUNTY,Z,MFL,25.61,-80.41,0,,Tidal flooding led to water halfway up wheel well of parked cars in lowest level of parking garage at 1441 Lincoln Road in Miami Beach.
2016,October,FLORIDA,COASTAL MIAMI-DADE COUNTY,Z,MFL,25.61,-80.41,0,,Saltwater coming from sewer drains at high tide led to flooding along Miami Beach near 40th street and Royal Palm Avenue.
2016,October,FLORIDA,COASTAL MIAMI-DADE COUNTY,Z,MFL,25.61,-80.41,0,,Water coming over sea wall during high tide along Bonita Drive south of 71st Street in Miami Beach.
2016,October,FLORIDA,COASTAL MIAMI-DADE COUNTY,Z,MFL,25.61,-80.41,0,,Saltwater coming through sewer drains at high tide lead to minor flooding along Biscayne Blvd near the Arsht Center.
2016,October,FLORIDA,COASTAL PALM BEACH COUNTY,Z,MFL,25.61,-80.41,0,,High astronomical tides led to minor flooding at the public boat launch near East Ocean Avenue near Lantana.
2016,October,FLORIDA,COASTAL BROWARD COUNTY,Z,MFL,25.61,-80.41,0,,Minor flooding along roadway at high tide along Sunset Drive south of Las Olas Blvd in Fort Lauderdale.
2016,October,FLORIDA,COASTAL MIAMI-DADE COUNTY,Z,MFL,25.61,-80.41,0,,Photo shows several inches of salt water flooding at high tide in parking lot at Matheson Hammock State Park.
2016,October,GUAM,MARSHALL ISLANDS,Z,GUM,13.49,144.84,0,20.00K,"Lunar perigee occurred around 00Z on the 17th. This causes Spring tides across Majuro, which can increase the chance of coastal inundation at the atoll. The forecast for Majuro from the 13th to the 19"
2016,October,FLORIDA,COASTAL MIAMI-DADE COUNTY,Z,MFL,25.61,-80.41,0,,A combination of heavy rainfall and high tide lead to street flooding in the Edgewater area of Miami as reported by a off duty NWS employee.
2016,October,FLORIDA,COASTAL MIAMI-DADE COUNTY,Z,MFL,25.61,-80.41,0,,"A combination of heavy rainfall and high tides led to numerous flooded roadways across Miami Beach during the evening hours. Reports were received via Social Media, Miami Beach Emergency Management, a"
2016,October,FLORIDA,COASTAL BROWARD COUNTY,Z,MFL,25.61,-80.41,0,,Video received via social media shows several inches of water over piers and streets in Pompano Beach near the 1600 block of Ocean Boulevard at high tide. The water reaches the front lawns of homes in
2016,October,FLORIDA,METROPOLITAN MIAMI-DADE,Z,MFL,25.61,-80.41,0,,Flooding at high tide from the Miami River lead to standing water in street along NW North River Drive near the NW 12th Avenue Bridge in Miami.
2016,October,FLORIDA,COASTAL BROWARD COUNTY,Z,MFL,25.61,-80.41,0,,Minor flooding of roadway at the intersection of Las Olas Blvd and Coral Way at high tide. Water is across all lanes.
2016,October,FLORIDA,COASTAL BROWARD COUNTY,Z,MFL,25.61,-80.41,0,,"Flooding due to high tide has reached the steps of the Stranahan House, located near the intersection of US1 and Las Olas Blvd."
2016,October,FLORIDA,COASTAL BROWARD COUNTY,Z,MFL,25.61,-80.41,0,,Flooding at high tide led to several inches of water over most of Riviera Drive off Las Olas Blvd.
2016,October,FLORIDA,COASTAL BROWARD COUNTY,Z,MFL,25.61,-80.41,0,,"Video received via social media shows streets near Downtown Fort Lauderdale covered in several inches of water, with nearby sidewalks seeing water around 3 inches deep. Water is very close to entering"
2016,October,FLORIDA,COASTAL MIAMI-DADE COUNTY,Z,MFL,25.61,-80.41,0,,Saltwater flooding led to several inches of water covering the entire intersection of Brickell Bay Drive and SE 12th Street in the Brickell area of Miami.
2016,October,FLORIDA,COASTAL MIAMI-DADE COUNTY,Z,MFL,25.61,-80.41,0,,Salt water flooding at high tide at Matheson Hammock Park led to several inches of water in normally dry areas such as the parking lot.
2016,October,OREGON,NORTHERN OREGON COAST,Z,PQR,45.56,-122.98,0,0.00K,KGW News shared a video of nuisance flooding in Nehalem during high tide around 12:47 pm PDT.
2016,October,FLORIDA,COASTAL MIAMI-DADE COUNTY,Z,MFL,25.61,-80.41,0,,Salt water flooding at high tide at Matheson Hammock Park led to 8 inches of water in normally dry areas.
2016,October,FLORIDA,COASTAL MIAMI-DADE COUNTY,Z,MFL,25.61,-80.41,0,,Photo received via social media shows minor saltwater flooding at high tide near 30th Street and Collins Avenue in Miami Beach. Water is only covering the low spots in the roadway.
2016,October,FLORIDA,COASTAL MIAMI-DADE COUNTY,Z,MFL,25.61,-80.41,0,,Several boat docks were flooded at high tide in Sunny Isles.
2016,October,PUERTO RICO,SOUTHWEST,Z,SJU,18.43,-66.02,0,0.00K,Coastal flooding was reported at Playa Combate in the municipality of Cabo Rojo.
2016,October,NEW HAMPSHIRE,COASTAL ROCKINGHAM,Z,GYX,43.89,-70.26,0,5.00K,A strong southeasterly flow combined with the highest astronomical tide of the month to produce coastal flooding in Hampton. Many side streets were under water and water was ankle deep on several back
2016,March,TEXAS,NUECES,Z,CRP,27.78,-97.51,0,50.00K,A two foot storm tide pushed water up to and past the dune line in Port Aransas. Many recreational vehicles were stranded on the beach. Trash cans were overturned.
2016,October,VIRGINIA,JAMES CITY,Z,AKQ,36.98,-76.49,0,10.00K,"Coastal storm tides of 2 to 3.5 feet above astronomical tide levels were common, with only minor beach erosion reported. The maximum storm tide reached 4.99 feet MLLW at Scotland/Jamestown, which resu"
2016,October,VIRGINIA,NEWPORT NEWS,Z,AKQ,36.98,-76.49,0,10.00K,"Coastal storm tides of 2 to 3.5 feet above astronomical tide levels were common, with only minor beach erosion reported. The maximum storm tide reached 4.99 feet MLLW at Scotland/Jamestown, which resu"
2016,October,VIRGINIA,SURRY,Z,AKQ,36.98,-76.49,0,10.00K,"Coastal storm tides of 2 to 3.5 feet above astronomical tide levels were common, with only minor beach erosion reported. The maximum storm tide reached 4.99 feet MLLW at Scotland/Jamestown, which resu"
2016,October,VIRGINIA,SUFFOLK,Z,AKQ,36.98,-76.49,1,10.00K,"Coastal storm tides of 2 to 3.5 feet above astronomical tide levels were common, with only minor beach erosion reported. The maximum storm tide reached 5.86 feet MLLW at Sewells Point, which resulted "
2016,October,VIRGINIA,NORTHAMPTON,Z,AKQ,36.98,-76.49,0,10.00K,"Coastal storm tides of 2 to 3.5 feet above astronomical tide levels were common, with only minor beach erosion reported. The maximum storm tide reached 5.15 feet MLLW at Kiptopeke, which resulted in m"
2016,October,VIRGINIA,CHESAPEAKE,Z,AKQ,36.98,-76.49,0,10.00K,"Coastal storm tides of 2 to 3.5 feet above astronomical tide levels were common, with only minor beach erosion reported. The maximum storm tide reached 6.64 feet MLLW at Money Point, which resulted in"
2016,October,VIRGINIA,VIRGINIA BEACH,Z,AKQ,36.98,-76.49,0,10.00K,"Coastal storm tides of 2 to 3.5 feet above astronomical tide levels were common, with only minor beach erosion reported. The maximum storm tide reached 5.69 feet MLLW at the Chesapeake Bay Bridge Tunn"
2016,October,VIRGINIA,NORFOLK,Z,AKQ,36.98,-76.49,0,10.00K,"Coastal storm tides of 2 to 3.5 feet above astronomical tide levels were common, with only minor beach erosion reported. The maximum storm tide reached 5.86 feet MLLW at Sewells Point, which resulted "
2016,December,TEXAS,GALVESTON,Z,HGX,29.47,-95.08,0,20.00K,"A prolonged period of easterly winds south of a near coastal warm front produced elevated water levels that inundated sections of Galveston Island, including downtown. Impassable roads due to high wat"
2016,December,ALASKA,ERN NORTON SOUND NULATO HILLS,Z,AFG,64.51,-165.42,0,0.00K,
2016,December,ALASKA,SRN SEWARD PENINSULA COAST,Z,AFG,64.51,-165.42,0,0.00K,
2016,December,ALASKA,CHUKCHI SEA COAST,Z,AFG,64.51,-165.42,0,10.00K,
2016,December,ALASKA,ST LAWRENCE IS. BERING STRAIT,Z,AFG,64.51,-165.42,0,0.00K,
2016,December,ALASKA,YUKON DELTA,Z,AFG,64.51,-165.42,0,0.00K,
2016,December,CALIFORNIA,NORTHERN HUMBOLDT COAST,Z,EKA,40.8,-124.55,0,0.00K,"Many roads flooded in the King Salmon area including Cod, Perch and Halibut. Water 6 to 12 inches deep in place with water up to doorsteps. No damage reported. Tide peaked at 9.56ft MLLW at the North "
2016,October,VIRGINIA,HAMPTON/POQUOSON,Z,AKQ,36.98,-76.49,0,10.00K,"Coastal storm tides of 2 to 3.5 feet above astronomical tide levels were common, with only minor beach erosion reported. The maximum storm tide reached 5.62 feet MLLW at Fort Monroe, which resulted in"
2016,October,VIRGINIA,ISLE OF WIGHT,Z,AKQ,36.98,-76.49,0,10.00K,"Coastal storm tides of 2 to 3.5 feet above astronomical tide levels were common, with only minor beach erosion reported. The maximum storm tide reached 4.99 feet MLLW at Scotland/Jamestown, which resu"
2016,November,FLORIDA,COASTAL NASSAU,Z,JAX,30.49,-81.7,0,0.00K,"On Nov. 13th at 0736 am, the Fernandina NOS tide gauge measured 5.22 ft NAVD88 datum or 2.48 ft MHHW datum. This was about 1.2 ft above predicted astronomical tide and was the peak during the perigee "
2016,November,FLORIDA,COASTAL BROWARD COUNTY,Z,MFL,25.61,-80.41,0,,Photos received via twitter shows a parking lot flooding near the intersection of A1A and Hollywood Blvd.
2016,November,GEORGIA,COASTAL CHATHAM,Z,CHS,32.9,-80.03,0,,The National Ocean Service tide gauge located at Fort Pulaski measured a peak high tide value of 10.05 feet above Mean Lower Low Water.  Major coastal flooding typically begins along much of the south
2016,November,GEORGIA,COASTAL CHATHAM,Z,CHS,32.9,-80.03,0,,The Tybee Island Police Department reported that Highway 80 between Tybee Island and Savannah is closed due to tidal flooding.
2016,November,FLORIDA,COASTAL MIAMI-DADE COUNTY,Z,MFL,25.61,-80.41,0,,Photos recieved via twitter show Matheson Hammock Park parking lot and beach flooded with evening high tide.
2016,November,FLORIDA,COASTAL BROWARD COUNTY,Z,MFL,25.61,-80.41,0,,Photos received via twitter show several inches of water along Las Olas Blvd in Fort Lauderdale with evening high tide.
2016,November,FLORIDA,COASTAL BROWARD COUNTY,Z,MFL,25.61,-80.41,0,,Several inches of water along Las Olas Blvd in Fort Lauderdale due to morning high tide.
2016,November,FLORIDA,COASTAL MIAMI-DADE COUNTY,Z,MFL,25.61,-80.41,0,,Photos received via social media showed Matheson Hammock Park beach and parking lot flooded at morning high tide.
2016,November,FLORIDA,COASTAL PALM BEACH COUNTY,Z,MFL,25.61,-80.41,0,,Photos received via social media showed flooding along North Flagler Drive in West Palm Beach at morning high tide.
2016,November,FLORIDA,COASTAL PALM BEACH COUNTY,Z,MFL,25.61,-80.41,0,,The intersection of Greenwood Drive and South Flagler Road had several inches of salt water on road due to morning high tide.
2016,November,FLORIDA,COASTAL PALM BEACH COUNTY,Z,MFL,25.61,-80.41,0,,Parking lot at ocean inlet was inundated with up to one foot of water due to morning high tide.
2016,November,FLORIDA,COASTAL PALM BEACH COUNTY,Z,MFL,25.61,-80.41,0,,Docks were flooded in the marina district of Delray Beach.
2016,November,FLORIDA,COASTAL BROWARD COUNTY,Z,MFL,25.61,-80.41,0,,Video posted on Twitter shows several inches of tidal flooding along Buchanan Street in Hollywood Beach leading to some difficulty with cars passing through. Flood waters reached west to State Road A1
2016,November,NEW HAMPSHIRE,COASTAL ROCKINGHAM,Z,GYX,43.89,-70.26,0,15.00K,A coastal storm combined with the highest astronomical tides of the year to produce flooding and splash-over in coastal Rockingham County. Flooding occurred in Hampton with JoAnne and Susan Lanes unde
2016,November,MAINE,COASTAL CUMBERLAND,Z,GYX,43.89,-70.26,0,10.00K,"The astronomical tide of 11.91 feet combined with a modest 0.52 foot storm surge to reach a 12.43 foot storm tide during the early afternoon hours, (flood stage 12.00 ft). |In Portland, Marginal Way f"
2016,November,MAINE,COASTAL YORK,Z,GYX,43.89,-70.26,0,10.00K,"The astronomical tide in Portland of 11.91 feet combined with a modest 0.52 foot storm surge to reach a 12.43 foot storm tide, (flood stage 12.00 ft). Flooding occurred along Granite Point Road in Bid"
2016,September,MARYLAND,ST. MARY'S,Z,LWX,38.98,-77.47,0,,"According to gauge levels, water covered roads on St. Georges Island, was in yards, and approached structures. To the east, inundation occurred at multiple marinas off St. Mary's River, Smith Creek, a"
2016,September,MARYLAND,ST. MARY'S,Z,LWX,38.98,-77.47,0,,"According to gauge levels, water covered roads on St. Georges Island, was in yards, and approached structures. To the east, inundation occurred at multiple marinas off St. Mary's River, Smith Creek, a"
2016,September,MARYLAND,ST. MARY'S,Z,LWX,38.98,-77.47,0,,"According to gauge levels, water covered roads on St. Georges Island, was in yards, and approached structures. To the east, inundation occurred at multiple marinas off St. Mary's River, Smith Creek, a"
2016,February,DISTRICT OF COLUMBIA,DISTRICT OF COLUMBIA,Z,LWX,38.98,-77.47,0,,"WASD2 reported a flood level of 5.3 ft, resulting in moderate coastal flooding at the DC Waterfront."
2016,February,MARYLAND,ST. MARY'S,Z,LWX,38.98,-77.47,0,,"SGSM2 briefly touched moderate flood levels, reaching 3.5 ft."
2016,February,MARYLAND,ANNE ARUNDEL,Z,LWX,38.98,-77.47,0,,"APAM2 briefly touched moderate flood levels, reaching 3.3 ft from 20:15-20:25 and then again from 03:00-07:13."
2016,February,MARYLAND,ANNE ARUNDEL,Z,LWX,38.98,-77.47,0,,"APAM2 reported levels of 3.3 being reached, resulting in moderate flooding. Moderate flooding also briefly occurred on the same day from 4:42 am-4:54 am."
2016,February,MARYLAND,ST. MARY'S,Z,LWX,38.98,-77.47,0,,"SGSM2 reported levels of 3.5 being reached, resulting in moderate flooding."
2016,October,GEORGIA,COASTAL CHATHAM,Z,CHS,32.9,-80.03,0,,The Tybee Island Police Department reported Highway 80 closed due to saltwater flooding at Lazaretto Creek. A maximum tide level of 9.60 ft MLLW was recorded at the Fort Pulaski tide gauge.
2016,October,SOUTH CAROLINA,SOUTHERN COLLETON,Z,CHS,32.9,-80.03,0,,Law enforcement reported saltwater up to and beginning to flow under damaged homes on Palmetto Boulevard. Water did not reach the road. At 630 PM EST a maximum tide level of 7.26 ft MLLW was recorded 
2016,September,MARYLAND,ST. MARY'S,Z,LWX,38.98,-77.47,0,,"According to gauge levels, water covered roads on St. Georges Island, was in yards, and approached structures. To the east, inundation occurred at multiple marinas off St. Mary's River, Smith Creek, a"
2016,October,MAINE,COASTAL CUMBERLAND,Z,GYX,43.89,-70.26,0,15.00K,Strong southeasterly winds combined with the highest astronomical tide of the month to produce minor coastal flooding. Minor flooding occurred on local wharf streets in Portland.
2016,October,MAINE,KNOX,Z,GYX,43.89,-70.26,0,3.00K,A southeasterly flow combined with the highest astronomical tide of the month to produce minor coastal flooding. A local parking garage in Camden had minor flooding.
2016,October,MAINE,COASTAL YORK,Z,GYX,43.89,-70.26,0,1.50K,Strong southeasterly winds combined with the highest astronomical tides of the month to produce coastal flooding in Biddeford. Minor flooding occurred along Granite Point Road.
2016,October,SOUTH CAROLINA,CHARLESTON,Z,CHS,32.9,-80.03,0,0.00K,"The Charleston County 911 Call Center reported several roads closed due to high saltwater in downtown Charleston including: Both lanes of Morrison Drive near Cooper Street, Hagood Avenue between Line "
2016,October,SOUTH CAROLINA,CHARLESTON,Z,CHS,32.9,-80.03,0,,The Mount Pleasant Police Department reported Longpoint Road near Needlerush Parkway closed due to saltwater flooding. At 748 AM EST a maximum tide level of 7.71 ft MLLW was recorded at the Charleston
2016,October,SOUTH CAROLINA,CHARLESTON,Z,CHS,32.9,-80.03,0,,"Law enforcement indicated roads closed due to saltwater flooding including: Morrison Drive between Stuart Street and Cooper Street, Hagood Avenue between Fishburne Street and Line Street. Social media"
2016,October,SOUTH CAROLINA,CHARLESTON,Z,CHS,32.9,-80.03,0,,A NWS employee reported Drake Street flooded and not passable behind the post office. At 448 EST a maximum tide level of 7.34 feet MLLW was recorded at the Charleston Harbor tide gauge.
2016,October,SOUTH CAROLINA,CHARLESTON,Z,CHS,32.9,-80.03,0,,Local media relayed a report on Twitter that Main Road was closed at Savannah Highway due to the combination of high tide and residual fresh water in local marshes. At 248 PM EST a maximum tide level 
2019,August,FLORIDA,COASTAL ST. JOHNS,Z,JAX,30.49,-81.7,0,0.00K,"The USGS tide gage along the Tolomato River reached 1.99 ft MHHW. Minor flooding begins at 1.6 ft MHHW. On 8/30 at 9:30 pm, the tide gage measured 2.04 ft MHHW."
2019,August,FLORIDA,COASTAL DUVAL,Z,JAX,30.49,-81.7,0,0.00K,"The NOS Tide Gage reached 1.80 ft MHHW. This is the level at which minor flooding begins. On 8/30 at 9:54 pm, the water levels reached 1.89 ft MHHW."
2019,August,FLORIDA,COASTAL NASSAU,Z,JAX,30.49,-81.7,0,0.00K,"The NOS tide gage reached 2.12 ft MHHW. Minor coastal flooding begins at 2 ft MHHW. On 8/30 at 9:48 pm, the gage reached 2.16 ft MHHW."
2019,January,CALIFORNIA,ORANGE COUNTY COASTAL,Z,SGX,32.85,-117.11,0,0.00K,Spotter reported coastal flooding on 37th street in Newport Beach.
2019,January,CALIFORNIA,SAN DIEGO COUNTY COASTAL AREAS,Z,SGX,32.85,-117.11,0,0.00K,Spotter reported coastal flooding in La Jolla Shores the morning of January 18th.
2019,March,FLORIDA,COASTAL ST. JOHNS,Z,JAX,30.49,-81.7,0,0.00K,St. Johns County declared a local state of emergency for Porpoise Point area due to washed out roads from coastal flooding.
2019,March,FLORIDA,COASTAL ST. JOHNS,Z,JAX,30.49,-81.7,0,0.00K,The northbound lane of Avenida Menendez near the Bridge of Lions was flooded with about 1 foot of water due to coastal flooding.
2019,October,MASSACHUSETTS,EASTERN NORFOLK,Z,BOX,41.96,-71.13,0,0.00K,"In Quincy, a portion of Commander Shea Blvd. was flooded and impassable due to coastal flooding."
2019,October,MASSACHUSETTS,EASTERN ESSEX,Z,BOX,41.96,-71.13,0,0.00K,"In Salisbury, the entrance to Salisbury Beach Reservation was flooded and impassable due to coastal flooding."
2019,January,CALIFORNIA,SAN FRANCISCO,Z,MTR,37.52,-122.04,0,0.00K,The storm system produced high waves that coincided with Thursday morning high tides causing flooding on the Embarcadero where one lane was shut down https://sanfrancisco.cbslocal.com/2019/01/17/atmos
2019,January,MARYLAND,DORCHESTER,Z,AKQ,36.98,-76.49,0,0.00K,Tidal flooding occurred on the roadways in Cambridge. The Cambridge tidal gauge reached 3.95 feet MLLW. Bishops Head tidal gauge reached 3.8 feet MLLW.
2019,January,MARYLAND,SOMERSET,Z,AKQ,36.98,-76.49,0,0.00K,Tidal flooding occurred on roadways around the town of Crisfield.
2019,January,MASSACHUSETTS,SUFFOLK,Z,BOX,41.96,-71.13,0,0.00K,At 8:35 AM EST Morrissey Boulevard near U Mass Boston was closed due to coastal flooding.  Freeport Street at Morrissey Boulevard was also closed due to coastal flooding.  At 942 PM EST there was mino
2019,January,MASSACHUSETTS,EASTERN PLYMOUTH,Z,BOX,41.96,-71.13,0,0.00K,"At 10:30 AM EST an amateur radio operator reported minor coastal flooding on Stockbridge Street in Cohasset.  Also at 10:30 AM, an amateur radio operator reported minor coastal flooding on Washington "
2019,January,CONNECTICUT,SOUTHERN NEW HAVEN,Z,OKX,40.87,-72.86,0,0.00K,The moderate coastal flood threshold of 9.2 ft MLLW was touched at the NOS tidal gauge at New Haven from 2019-01-20 09:54 to 2019-01-20 10:12.
2019,January,NEW JERSEY,MIDDLESEX,Z,PHI,39.86,-74.46,0,0.00K,Widespread roadway flooding occurred in communities along Raritan Bay and the Arthur Kill.  The tide gauge at Perth Amboy reached 8.24 feet MLLW.
2019,January,NEW JERSEY,WESTERN MONMOUTH,Z,PHI,39.86,-74.46,0,0.00K,Widespread roadway flooding occurred in the coastal communities of Monmouth County.  The tide gauge at Keansburg reached 7.80 feet MLLW.  The tide gauge at Sandy Hook reached 7.73 feet MLLW.  The tide
2019,January,NEW JERSEY,EASTERN MONMOUTH,Z,PHI,39.86,-74.46,0,0.00K,Widespread roadway flooding occurred in the coastal communities of Monmouth County.  The tide gauge at Keansburg reached 7.80 feet MLLW.  The tide gauge at Sandy Hook reached 7.73 feet MLLW.  The tide
2019,January,PUERTO RICO,NORTHWEST,Z,SJU,18.43,-66.02,0,0.00K,Minor coastal flooding reported around Playa Villa Pesquera in Isabela.
2019,January,CALIFORNIA,NORTH BAY INTERIOR VALLEYS,Z,MTR,37.52,-122.04,0,0.00K,King Tides flood parking lots and roads in Sausalito and Mill Valley https://www.kron4.com/news/bay-area/flooded-roads-parking-lots-in-marin-county-amid-king-tides/1714695889.
2019,January,CALIFORNIA,SAN FRANCISCO,Z,MTR,37.52,-122.04,0,0.00K,King tides flood San Francisco's Embarcadero prompting the closure of Pier 14 and one lane of traffic http://www.ktvu.com/news/king-tides-flood-portion-of-sf-embarcadero-close-lane-of-traffic.
2019,January,NEW YORK,SOUTHERN NASSAU,Z,OKX,40.87,-72.86,0,0.00K,A peak water level of 6.5 ft MLLW occurred at the USGS tidal gauge at Hudson Bay at Freeport from 2019-01-20 06:48 EST to 2019-01-20 07:18 EST. The moderate coastal flood threshold of 6.2 ft MLLW was 
2019,January,MAINE,COASTAL HANCOCK,Z,CAR,46.87,-68.02,0,,A high astronomical tide...along with large waves with the major coastal storm...contributed to coastal flooding for several hours around the time of high tide during the morning of the 20th. Minor co
2019,January,MAINE,COASTAL WASHINGTON,Z,CAR,46.87,-68.02,0,,A high astronomical tide...along with large waves with the major coastal storm...contributed to coastal flooding for several hours around the time of high tide during the morning of the 20th. Minor co
2019,January,NEW YORK,SOUTHERN QUEENS,Z,OKX,40.87,-72.86,0,0.00K,The moderate coastal flood threshold of 8.2 ft MLLW was touched at the USGS tidal gauge at Jamaica Bay from 2019-01-20 07:12 EST to 2019-01-20 07:36 EST.
2019,January,NEW YORK,NORTHERN NASSAU,Z,OKX,40.87,-72.86,0,0.00K,A peak water level of 10.6 ft MLLW occurred at the NOS tidal gauge at Kings Point from 2019-01-20 10:12 to 2019-01-20 10:36. The moderate coastal flood threshold of 10.5 ft MLLW was exceeded from 2019
2019,January,NEW YORK,SOUTHERN WESTCHESTER,Z,OKX,40.87,-72.86,0,0.00K,A peak water level of 10.6 ft MLLW occurred at the NOS tidal gauge at Kings Point from 2019-01-20 10:12 to 2019-01-20 10:36. The moderate coastal flood threshold of 10.5 ft MLLW was exceeded from 2019
2019,January,CALIFORNIA,SAN FRANCISCO,Z,MTR,37.52,-122.04,0,0.00K,High tides and strong winds cause flooding on the Embarcadero in San Francisco causing officials to close it for a time.
2019,October,MARYLAND,ANNE ARUNDEL,Z,LWX,38.98,-77.47,0,,Moderate flooding occurred at Annapolis. Water came up through storm drains approached businesses on Dock Street in Annapolis.
2019,October,VIRGINIA,ARLINGTON,Z,LWX,38.98,-77.47,0,,Flooding was ongoing at several businesses near the intersection of King Street and Union Street.
2019,October,CONNECTICUT,SOUTHERN FAIRFIELD,Z,OKX,40.87,-72.86,0,0.00K,A peak water level of 10.6 ft MLLW occurred at the USGS tidal gauge at Stamford from 2019-10-27 11:00 EDT to 2019-10-27 11:30 EDT. The moderate coastal flood threshold of 10.0 ft MLLW was exceeded fro
2019,October,CONNECTICUT,SOUTHERN FAIRFIELD,Z,OKX,40.87,-72.86,0,0.00K,A peak water level of 10.1 ft MLLW occurred at the USGS tidal gauge at Stamford at 2019-10-29 12:30 EDT. The moderate coastal flood threshold of 10.0 ft MLLW was exceeded from 2019-10-29 12:00 EDT to 
2019,April,TEXAS,JEFFERSON,Z,LCH,30.13,-93.22,0,0.00K,The tide station at Sabine Pass reported a peak water level of 1.91 feet MHHW. This flooded a portion of Highway 87 between Sabine Pass and Port Arthur with up to a foot of water along the sides of th
2019,October,MASSACHUSETTS,EASTERN NORFOLK,Z,BOX,41.96,-71.13,0,0.00K,"In Weymouth, Neck Street at Great Hill Drive was flooded from coastal flooding."
2019,October,DISTRICT OF COLUMBIA,DISTRICT OF COLUMBIA,Z,LWX,38.98,-77.47,0,,The unprotected area on the Southwest Waterfront at the DC seafood market began to flood. Water approached parts of the Hains Point Loop Road.
2019,April,OHIO,ASHTABULA LAKESHORE,Z,CLE,41.41,-81.86,0,85.00K,Geneva-on-the-Lake State Park marina sustained considerable damage to their docks inside of the well protected marina.  Water levels rose 4 feet causing damage to the docks.  The water level settled b
2019,March,NEW JERSEY,MIDDLESEX,Z,PHI,39.86,-74.46,0,0.00K,There was moderate coastal flooding on the evening of March 21.  Widespread roadway flooding occurred in the tidal communities of Middlesex County.  The tide gauge at Perth Amboy reached 8.12 feet MLL
2019,April,LOUISIANA,EAST CAMERON,Z,LCH,30.13,-93.22,0,0.00K,The tide at Cameron reached a peak water level of 1.91 feet MHHW. This flooded some roads around Cameron including Marshal Street in front of the courthouse. The water depth in front of the courthouse
2019,April,LOUISIANA,ST. MARY,Z,LCH,30.13,-93.22,0,0.00K,Pictures posted to social media showed coastal flooding from persistent south winds at Cypremort Point. Some roads were flooded with around 1 foot of water.
2019,April,LOUISIANA,CALCASIEU,Z,LCH,30.13,-93.22,0,0.00K,Media posted a video to social media of flooding around the Lake Charles Yacht Club. The strong south winds drove the lake levels up to 2.15 feet MHHW.
2019,August,MARYLAND,ANNE ARUNDEL,Z,LWX,38.98,-77.47,0,,"The gauge at Annapolis (APAM2) indicated moderate flooding. At this stage, water begins to approach businesses on Dock Street in Annapolis. Compromise Street and the City Dock parking lot are also flo"
2019,May,LOUISIANA,EAST CAMERON,Z,LCH,30.13,-93.22,0,0.00K,The tide gauge at Cameron rose to 2.04 MHHW at 6:54 CST. This put around 1 foot of water over Highway 82 near the courthouse.
2019,May,LOUISIANA,VERMILION,Z,LCH,30.13,-93.22,0,0.00K,The water level at Freshwater Lock hit 2.52 MHHW.
2019,May,LOUISIANA,ST. MARY,Z,LCH,30.13,-93.22,0,0.00K,Pictures posted to social media showed water around 1 foot deep across many roads around Cypremort Point. The water level at AMRL1 reached up to 2.24 MHHW.
2019,April,OHIO,LAKE,Z,CLE,41.41,-81.86,0,75.00K,"Damage that occurred at the Madison Township park beach at the end of Hubbard Road (Route 528) included large trees washed on the beach, debris from the shore west of the park pushed onshore, 4000 pou"
2019,February,SOUTH CAROLINA,CHARLESTON,Z,CHS,32.9,-80.03,0,,"A maximum tide level of 8.03 feet above Mean Lower Low Water (MLLW), or 2.27 feet above Mean Higher High Water (MHHW), was recorded at the Charleston Harbor tide gage. Major coastal flooding typically"
2019,February,SOUTH CAROLINA,CHARLESTON,Z,CHS,32.9,-80.03,0,,"The media and public reported the following roads/intersections closed due to coastal flooding in downtown Charleston: Market Street between Church Street and State Street, the Broad Street and Lockwo"
2019,August,MARYLAND,ST. MARY'S,Z,LWX,38.98,-77.47,0,,"The gauge at Straits Point (SGSM2) indicated moderate flooding. At this stage, water covers roads on Saint George Island, floods yards, and approaches structures. To the east, inundation occurs at mul"
2019,June,LOUISIANA,ST. MARY,Z,LCH,30.13,-93.22,0,0.00K,Pictures posted to social media indicated minor flooding around Burns Point Park during high tide.
2019,June,LOUISIANA,EAST CAMERON,Z,LCH,30.13,-93.22,0,0.00K,Strong south winds pushed water levels at Cameron above normal. This flooded Highway 82 for a few hours in front of the courthouse.
2019,April,OHIO,OTTAWA,Z,CLE,41.41,-81.86,0,35.00K,"Port Clinton was one of the hardest hit during the coastal flood event of April 11. Areas that were impacted by the flooding include businesses on Madison, Perry, and Jefferson Streets.  The NOS water"
2019,April,OHIO,LUCAS,Z,CLE,41.41,-81.86,0,85.00K,The high water from Lake Erie affected the Maumee River into downtown Toledo on April 11. The Toledo-Lucas County Port Authority posted video of river water washing over the wharf in front of its offi
2019,April,OHIO,OTTAWA,Z,CLE,41.41,-81.86,0,0.00K,"High water and flooding led to road closures in Ottawa and Sandusky counties on the 20th. Near downtown Port Clinton, high water caused closures at the end of Madison and Jefferson streets, north of P"
2019,June,ILLINOIS,COOK,Z,LOT,41.6,-88.08,0,0.00K,
2019,March,ALASKA,YUKON DELTA,Z,AFG,64.51,-165.42,0,,Water and ice pushed inland along the Yukon river near Kotlik. The village of Kotlik experienced the most significant impacts. Reports of water rising and minor flooding in the village of Kotlik.
2019,October,FLORIDA,COASTAL BROWARD COUNTY,Z,MFL,25.61,-80.41,0,0.00K,Received photos of coastal flooding from FIU Sea Level Solutions Center via a WTVJ meteorologist on social media. Photos showed street flooding at the intersection             of S 7th Avenue and Sout
2019,October,CONNECTICUT,SOUTHERN NEW HAVEN,Z,OKX,40.87,-72.86,0,0.00K,A peak water level of 10.1 ft MLLW occurred at the nearby NOS tidal gauge at New Haven at 2019-10-17 00:18. The moderate coastal flood threshold of 9.2 ft MLLW was exceeded from 2019-10-16 23:54 to 20
2019,October,CONNECTICUT,SOUTHERN FAIRFIELD,Z,OKX,40.87,-72.86,0,0.00K,A peak water level of 10.4 ft MLLW occurred at the USGS tidal gauge at Stamford at 2019-10-17 02:30 EDT. The moderate coastal flood threshold of 10.0 ft MLLW was exceeded from 2019-10-17 02:00 EDT to 
2019,October,NEW JERSEY,EASTERN ATLANTIC,Z,PHI,39.86,-74.46,0,0.00K,"Moderate coastal flooding occurred on the evening of the 10th with numerous road closures.  The tide gauge at Absecon reached 6.78 feet MLLW, the tide gauge at the Atlantic City Marina reached 7.21 fe"
2019,October,NEW JERSEY,WESTERN ATLANTIC,Z,PHI,39.86,-74.46,0,0.00K,"Moderate coastal flooding occurred on the evening of the 11th with numerous road closures.  The tide gauge at Absecon reached 6.81 feet MLLW, the tide gauge at the Atlantic City Marina reached 7.20 fe"
2019,October,NEW JERSEY,EASTERN ATLANTIC,Z,PHI,39.86,-74.46,0,0.00K,"Moderate coastal flooding occurred on the evening of the 11th with numerous road closures.  The tide gauge at Absecon reached 6.81 feet MLLW, the tide gauge at the Atlantic City Marina reached 7.20 fe"
2019,October,NEW YORK,SOUTHERN NASSAU,Z,OKX,40.87,-72.86,0,0.00K,A peak water level of 6.5 ft MLLW occurred at the USGS tidal gauge at Hudson Bay at Freeport at 2019-10-16 21:12 EST. The moderate coastal flood threshold of 6.2 ft MLLW was exceeded from 2019-10-16 2
2019,October,NEW YORK,SOUTHWEST SUFFOLK,Z,OKX,40.87,-72.86,0,0.00K,The moderate coastal flood threshold of 3.6 ft MLLW was touched at the USGS tidal gauge at Watch Hill on Fire Island between 2019-10-16 23:48 EST and 2019-10-17 00:36 EST.
2019,October,NEW YORK,SOUTHEAST SUFFOLK,Z,OKX,40.87,-72.86,0,0.00K,The moderate coastal flood threshold of 5.3 ft MLLW was touched at the NOS tidal gauge at Montauk at 2019-10-16 23:18.
2019,October,NEW YORK,NORTHEAST SUFFOLK,Z,OKX,40.87,-72.86,0,0.00K,The moderate coastal flood threshold of 5.7 ft MLLW was touched at the USGS tidal gauge at Orient from 2019-10-16 23:18 EST to 2019-10-16 23:30 EST.
2019,October,NEW JERSEY,WESTERN CAPE MAY,Z,PHI,39.86,-74.46,0,0.00K,"Moderate coastal flooding occurred on the evening of the 10th with numerous road closures.  The tide gauge at Ocean City reached 6.53 feet MLLW, the tide gauge at Sea Isle City reached 7.12 feet MLLW,"
2019,October,NEW JERSEY,EASTERN CAPE MAY,Z,PHI,39.86,-74.46,0,0.00K,"Moderate coastal flooding occurred on the evening of the 10th with numerous road closures.  The tide gauge at Ocean City reached 6.53 feet MLLW, the tide gauge at Sea Isle City reached 7.12 feet MLLW,"
2019,October,NEW JERSEY,WESTERN CAPE MAY,Z,PHI,39.86,-74.46,0,0.00K,"Moderate coastal flooding occurred on the evening of the 11th with numerous road closures.  The tide gauge at Ocean City reached 6.64 feet MLLW, the tide gauge at Sea Isle City reached 7.15 feet MLLW,"
2019,October,NEW JERSEY,EASTERN CAPE MAY,Z,PHI,39.86,-74.46,0,0.00K,"Moderate coastal flooding occurred on the evening of the 11th with numerous road closures.  The tide gauge at Ocean City reached 6.64 feet MLLW, the tide gauge at Sea Isle City reached 7.15 feet MLLW,"
2019,October,FLORIDA,COASTAL PALM BEACH COUNTY,Z,MFL,25.61,-80.41,0,0.00K,Flooding near high tide led to the closing of Marine Way on the western shore of the Intracoastal Waterway in Delray Beach.
2019,October,FLORIDA,COASTAL BROWARD COUNTY,Z,MFL,25.61,-80.41,0,0.00K,"Reports from social media showed several streets flooded around high tide in the Fort Lauderdale neighborhoods around east Las Olas Boulevard and Cordova road. Water covering streets and sidewalks, an"
2019,October,FLORIDA,COASTAL BROWARD COUNTY,Z,MFL,25.61,-80.41,0,0.00K,"Several reports via social media showed flooding of streets and waterfront parking lots during high tide in Hollywood Beach, mainly along Ocean Drive along the Intracoastal Waterway."
2019,October,FLORIDA,COASTAL MIAMI-DADE COUNTY,Z,MFL,25.61,-80.41,0,0.00K,"An off-duty NWS Employee reported flooding of streets during high tide in Miami Beach, mainly in streets near Biscayne Bay by Bayview Towers. Photos from Broadcast media also show standing water less "
2019,October,FLORIDA,COASTAL MIAMI-DADE COUNTY,Z,MFL,25.61,-80.41,0,0.00K,"Reports from social media shower street flooding during high tide in the Shorecrest neighborhood of NE Miami, mainly in the area of NE 10th avenue between NE 79th and 81st street. Additional street fl"
2019,October,FLORIDA,COASTAL MIAMI-DADE COUNTY,Z,MFL,25.61,-80.41,0,0.00K,Photos from Social Media showed flooding of Collins Avenue at 50th street from water overtopping the seawall of Indian Creek.
2019,October,FLORIDA,COASTAL MIAMI-DADE COUNTY,Z,MFL,25.61,-80.41,0,0.00K,Photos via social media showed water covering intersection of Brickell Key Drive and SE 12th street around high tide. Water spread over curbs and across the sidewalks.
2019,October,FLORIDA,COASTAL MIAMI-DADE COUNTY,Z,MFL,25.61,-80.41,0,0.00K,"Multiple reports via social media and broadcast media of tidal flooding during high tide along coastal areas of Miami-Dade County and along the Miami River. Areas included are Miami Beach, Downtown Mi"
2019,October,NEW YORK,SOUTHWEST SUFFOLK,Z,OKX,40.87,-72.86,0,0.00K,A peak water level of 3.9 ft MLLW occurred at the USGS tidal gauge at Lindenhurst from 2019-10-10 19:42 EST to 2019-10-10 20:06 EST. The moderate coastal flood threshold of 3.6 ft MLLW was exceeded fr
2019,October,NEW YORK,SOUTHERN QUEENS,Z,OKX,40.87,-72.86,0,0.00K,The moderate coastal flood threshold of 8.2 ft MLLW was touched at the USGS tidal gauge at Jamaica Bay at 2019-10-16 21:42 EST.
2019,October,NEW YORK,KINGS (BROOKLYN),Z,OKX,40.87,-72.86,0,0.00K,The moderate coastal flood threshold of 8.2 ft MLLW was touched at the nearby USGS tidal gauge at Jamaica Bay at 2019-10-16 21:42 EST.
2019,October,NEW YORK,SOUTHERN WESTCHESTER,Z,OKX,40.87,-72.86,0,0.00K,A peak water level of 10.4 ft MLLW occurred at the nearby USGS tidal gauge at Stamford CT at 2019-10-17 02:30 EDT. The moderate coastal flood threshold of 10.0 ft MLLW was exceeded from 2019-10-17 02:
2019,October,NEW YORK,SOUTHERN NASSAU,Z,OKX,40.87,-72.86,0,0.00K,A peak water level of 6.3 ft MLLW occurred at the USGS tidal gauge at Hudson Bay at Freeport at 2019-10-27 07:00 EST. The moderate coastal flood threshold of 6.2 ft MLLW was exceeded from 2019-10-27 0
2019,October,NEW YORK,SOUTHERN QUEENS,Z,OKX,40.87,-72.86,0,0.00K,The moderate coastal flood threshold of 8.2 ft MLLW was touched at the USGS tidal gauge at Jamaica Bay at 2019-10-27 07:12 EST.
2019,October,NEW YORK,KINGS (BROOKLYN),Z,OKX,40.87,-72.86,0,0.00K,The moderate coastal flood threshold of 8.2 ft MLLW was touched at the nearby USGS tidal gauge at Jamaica Bay at 2019-10-27 07:12 EST.
2019,October,TEXAS,GALVESTON ISLAND AND BOLIVAR PENINSULA,Z,HGX,29.47,-95.08,0,0.00K,Frenchtown Road on extreme western Bolivar peninsula near the the ferry dock became impassible due to bay water run up during high tide.
2019,October,NEW JERSEY,WESTERN ATLANTIC,Z,PHI,39.86,-74.46,0,0.00K,"Moderate coastal flooding occurred on the morning of the 11th with numerous road closures.  The tide gauge at Absecon reached 6.46 feet MLLW, the tide gauge at the Atlantic City Marina reached 6.77 fe"
2019,October,NEW JERSEY,EASTERN ATLANTIC,Z,PHI,39.86,-74.46,0,0.00K,"Moderate coastal flooding occurred on the morning of the 11th with numerous road closures.  The tide gauge at Absecon reached 6.46 feet MLLW, the tide gauge at the Atlantic City Marina reached 6.77 fe"
2019,September,MASSACHUSETTS,NANTUCKET,Z,BOX,41.96,-71.13,0,0.00K,Oak Street at Easy Street was flooded with one foot of water at the time of high tide.
2019,October,NEW YORK,SOUTHWEST SUFFOLK,Z,OKX,40.87,-72.86,0,0.00K,A peak water level of 3.7 ft MLLW occurred at the USGS tidal gauge at Lindenhurst from 2019-10-11 07:48 EST to 2019-10-11 09:00 EST. The moderate coastal flood threshold of 3.6 ft MLLW was exceeded fr
2019,October,NEW YORK,SOUTHWEST SUFFOLK,Z,OKX,40.87,-72.86,0,0.00K,A peak water level of 3.9 ft MLLW occurred at the USGS tidal gauge at Lindenhurst from 2019-10-11 19:48 EST to 2019-10-11 21:18 EST. The moderate coastal flood threshold of 3.6 ft MLLW was exceeded fr
2019,October,NEW YORK,SOUTHWEST SUFFOLK,Z,OKX,40.87,-72.86,0,0.00K,A peak water level of 3.6 ft MLLW occurred at the USGS tidal gauge at West Sayville from 2019-10-12 08:36 EST to 2019-10-12 09:30 EST. The moderate coastal flood threshold of 3.5 ft MLLW was exceeded 
2019,October,NEW JERSEY,WESTERN MONMOUTH,Z,PHI,39.86,-74.46,0,0.00K,"Moderate coastal flooding occurred on the evening of the 10th with numerous road closures.  The tide gauge at Sea Bright reached 7.35 feet MLLW, the tide gauge at Belmar reached 7.34 feet MLLW, and th"
2019,October,NEW JERSEY,EASTERN MONMOUTH,Z,PHI,39.86,-74.46,0,0.00K,"Moderate coastal flooding occurred on the evening of the 10th with numerous road closures.  The tide gauge at Sea Bright reached 7.35 feet MLLW, the tide gauge at Belmar reached 7.34 feet MLLW, and th"
2019,October,NEW JERSEY,WESTERN MONMOUTH,Z,PHI,39.86,-74.46,0,0.00K,"Moderate coastal flooding occurred on the evening of the 11th with numerous road closures.  The tide gauge at Sea Bright reached 7.36 feet MLLW, the tide gauge at Belmar reached 7.30 feet MLLW, and th"
2019,October,DELAWARE,INLAND SUSSEX,Z,PHI,39.86,-74.46,0,0.00K,"Moderate coastal flooding occurred on the evening of the 10th with numerous road closures.  The tide gauge at Lewes reached 7.17 feet MLLW, the tide gauge at Dewey Beach reached 4.81 feet MLLW, the ti"
2019,October,DELAWARE,DELAWARE BEACHES,Z,PHI,39.86,-74.46,0,0.00K,"Moderate coastal flooding occurred on the evening of the 10th with numerous road closures.  The tide gauge at Lewes reached 7.17 feet MLLW, the tide gauge at Dewey Beach reached 4.81 feet MLLW, the ti"
2019,October,DELAWARE,INLAND SUSSEX,Z,PHI,39.86,-74.46,0,0.00K,"Moderate coastal flooding occurred on the morning of the 11th with numerous road closures.  The tide gauge at Dewey Beach reached 4.98 feet MLLW, the tide gauge at Indian River Inlet reached 5.73 feet"
2019,October,DELAWARE,DELAWARE BEACHES,Z,PHI,39.86,-74.46,0,0.00K,"Moderate coastal flooding occurred on the morning of the 11th with numerous road closures.  The tide gauge at Dewey Beach reached 4.98 feet MLLW, the tide gauge at Indian River Inlet reached 5.73 feet"
2019,September,MARYLAND,ST. MARY'S,Z,LWX,38.98,-77.47,0,,"The gauge at Straits Point (SGSM2) indicated moderate flooding. At this stage, water covers roads on Saint George Island, floods yards, and approaches structures. To the east, inundation occurs at mul"
2019,September,MARYLAND,ANNE ARUNDEL,Z,LWX,38.98,-77.47,0,,"The gauge at Annapolis (APAM2) indicated moderate flooding. At this stage, water begins to approach businesses on Dock Street in Annapolis. Compromise Street and the City Dock parking lot are also flo"
2019,September,MARYLAND,ANNE ARUNDEL,Z,LWX,38.98,-77.47,0,,"The gauge at Annapolis (APAM2) indicated moderate flooding. At this stage, water begins to approach businesses on Dock Street in Annapolis. Compromise Street and the City Dock parking lot are also flo"
2019,October,NEW YORK,SOUTHERN NASSAU,Z,OKX,40.87,-72.86,0,0.00K,A peak water level of 6.8 ft MLLW occurred at the USGS tidal gauge at Hudson Bay at Freeport at 2019-10-10 17:54 EST. The moderate coastal flood threshold of 6.2 ft MLLW was exceeded from 2019-10-10 1
2019,October,NEW YORK,SOUTHERN QUEENS,Z,OKX,40.87,-72.86,0,0.00K,The moderate coastal flood threshold of 8.2 ft MLLW was touched at the USGS tidal gauge at Jamaica Bay from 2019-10-29 08:30 EST to 2019-10-29 08:42 EST.
2019,October,NEW JERSEY,EASTERN MONMOUTH,Z,PHI,39.86,-74.46,0,0.00K,"Moderate coastal flooding occurred on the evening of the 11th with numerous road closures.  The tide gauge at Sea Bright reached 7.36 feet MLLW, the tide gauge at Belmar reached 7.30 feet MLLW, and th"
2019,October,NEW JERSEY,WESTERN OCEAN,Z,PHI,39.86,-74.46,0,0.00K,"Moderate coastal flooding occurred on the evening of the 10th with numerous road closures.  The tide gauge at Barnegat Light reached 4.71 feet MLLW, the tide gauge at Ship Bottom reached 4.21 feet MLL"
2019,October,NEW JERSEY,EASTERN OCEAN,Z,PHI,39.86,-74.46,0,0.00K,"Moderate coastal flooding occurred on the evening of the 10th with numerous road closures.  The tide gauge at Barnegat Light reached 4.71 feet MLLW, the tide gauge at Ship Bottom reached 4.21 feet MLL"
2019,October,NEW JERSEY,WESTERN OCEAN,Z,PHI,39.86,-74.46,0,0.00K,"Moderate coastal flooding occurred on the morning of the 11th with numerous road closures.  The tide gauge at Bayshore (Seaside Heights) reached 2.79 feet MLLW, the tide gauge at Barnegat Light reache"
2019,October,DELAWARE,INLAND SUSSEX,Z,PHI,39.86,-74.46,0,0.00K,"Moderate coastal flooding occurred on the evening of the 11th with numerous road closures.  The tide gauge at Lewes reached 7.26 feet MLLW, the tide gauge at Dewey Beach reached 5.04 feet MLLW, the ti"
2019,October,DELAWARE,DELAWARE BEACHES,Z,PHI,39.86,-74.46,0,0.00K,"Moderate coastal flooding occurred on the evening of the 11th with numerous road closures.  The tide gauge at Lewes reached 7.26 feet MLLW, the tide gauge at Dewey Beach reached 5.04 feet MLLW, the ti"
2019,October,NEW YORK,KINGS (BROOKLYN),Z,OKX,40.87,-72.86,0,0.00K,The moderate coastal flood threshold of 8.2 ft MLLW was touched at the nearby USGS tidal gauge at Jamaica Bay from 2019-10-29 08:30 EST to 2019-10-29 08:42 EST.
2019,October,NEW YORK,SOUTHERN WESTCHESTER,Z,OKX,40.87,-72.86,0,0.00K,A peak water level of 10.6 ft MLLW occurred at the nearby USGS tidal gauge at Stamford CT from 2019-10-27 11:00 EDT to 2019-10-27 11:30 EDT. The moderate coastal flood threshold of 10.0 ft MLLW was ex
2019,October,NEW YORK,SOUTHERN NASSAU,Z,OKX,40.87,-72.86,0,0.00K,A peak water level of 6.3 ft MLLW occurred at the USGS tidal gauge at Hudson Bay at Freeport from 2019-10-29 08:12 EST to 2019-10-29 08:54 EST. The moderate coastal flood threshold of 6.2 ft MLLW was 
2019,October,ALABAMA,MOBILE COASTAL,Z,MOB,30.68,-88.24,0,,"Up to one foot of salt water covering portions of Bienville Blvd, starting around Surf Ct. Sand also covered the side streets along Bienville Blvd."
2019,October,NEW JERSEY,EASTERN OCEAN,Z,PHI,39.86,-74.46,0,0.00K,"Moderate coastal flooding occurred on the morning of the 11th with numerous road closures.  The tide gauge at Bayshore (Seaside Heights) reached 2.79 feet MLLW, the tide gauge at Barnegat Light reache"
2019,October,NEW JERSEY,WESTERN OCEAN,Z,PHI,39.86,-74.46,0,0.00K,"Moderate coastal flooding occurred on the evening of the 11th with numerous road closures.  The tide gauge at Mantoloking reached 2.84 feet MLLW, the tide gauge at Bayshore (Seaside Heights) reached 3"
2019,October,NEW JERSEY,EASTERN OCEAN,Z,PHI,39.86,-74.46,0,0.00K,"Moderate coastal flooding occurred on the evening of the 11th with numerous road closures.  The tide gauge at Mantoloking reached 2.84 feet MLLW, the tide gauge at Bayshore (Seaside Heights) reached 3"
2019,October,MAINE,COASTAL CUMBERLAND,Z,GYX,43.89,-70.26,0,0.00K,A King Tide combined with a weak coastal low which brought a foot of storm surge and near shore waves of 6 to 8 feet during the noon high tide.  Storm tide water levels peaked at 12.45 feet at the Por
2019,October,NEW YORK,SOUTHERN NASSAU,Z,OKX,40.87,-72.86,0,0.00K,A peak water level of 6.4 ft MLLW occurred at the USGS tidal gauge at Hudson Bay at Freeport from 2019-10-11 06:18 EST to 2019-10-11 07:00 EST. The moderate coastal flood threshold of 6.2 ft MLLW was 
2019,October,NEW YORK,SOUTHERN NASSAU,Z,OKX,40.87,-72.86,0,0.00K,A peak water level of 6.8 ft MLLW occurred at the USGS tidal gauge at Hudson Bay at Freeport at 2019-10-11 19:06 EST. The moderate coastal flood threshold of 6.2 ft MLLW was exceeded from 2019-10-11 1
2019,October,CONNECTICUT,SOUTHERN FAIRFIELD,Z,OKX,40.87,-72.86,0,0.00K,A peak water level of 10.1 ft MLLW occurred at the USGS tidal gauge at Stamford at 2019-10-11 10:30 EDT. The moderate coastal flood threshold of 10.0 ft MLLW was exceeded from 2019-10-11 10:00 EDT to 
2019,October,CONNECTICUT,SOUTHERN NEW LONDON,Z,OKX,40.87,-72.86,0,0.00K,A peak water level of 6.3 ft MLLW occurred at the NOS tidal gauge at New London at 2019-10-16 23:24. The moderate coastal flood threshold of 6.0 ft MLLW was exceeded from 2019-10-16 23:18 to 2019-10-1
2019,October,CONNECTICUT,SOUTHERN MIDDLESEX,Z,OKX,40.87,-72.86,0,0.00K,A peak water level of 6.3 ft MLLW occurred at the nearby NOS tidal gauge at New London at 2019-10-16 23:24. The moderate coastal flood threshold of 6.0 ft MLLW was exceeded from 2019-10-16 23:18 to 20
2019,October,NEW JERSEY,WESTERN ATLANTIC,Z,PHI,39.86,-74.46,0,0.00K,"Moderate coastal flooding occurred on the evening of the 10th with numerous road closures.  The tide gauge at Absecon reached 6.78 feet MLLW, the tide gauge at the Atlantic City Marina reached 7.21 fe"
2019,July,ALABAMA,BALDWIN COASTAL,Z,MOB,30.68,-88.24,0,,"Coastal flooding leading to water over the Causeway, Eastbound lane closures and exit/entrance ramp closures."
2019,July,ALABAMA,MOBILE COASTAL,Z,MOB,30.68,-88.24,0,,Water over Dauphin Island Parkway north of the Dog River Bridge.
2019,September,PUERTO RICO,NORTHWEST,Z,SJU,18.43,-66.02,0,0.00K,Structural damage due to significant beach erosion was reported along Barrio Espinar Sector Playa.
2019,July,ALABAMA,MOBILE COASTAL,Z,MOB,30.68,-88.24,0,,Water over the Cochrane Causeway north of the Bankhead Tunnel.
2019,July,ALABAMA,MOBILE COASTAL,Z,MOB,30.68,-88.24,0,,Water over Bienville Blvd on the west end of Dauphin Island. Dauphin Island station reporting 2 feet MHHW.
2019,July,ALABAMA,MOBILE COASTAL,Z,MOB,30.68,-88.24,0,,Water covering Bienville Blvd (1-2 feet deep in spots) on the west end of Dauphin Island.
2019,July,ALABAMA,BALDWIN COASTAL,Z,MOB,30.68,-88.24,0,,Water over Pelican Point at the mouth of Weeks Bay.
2019,July,ALABAMA,MOBILE COASTAL,Z,MOB,30.68,-88.24,0,,Shell Belt Road and Coden Belt Road are impassable due to flooding.
2019,July,ALABAMA,MOBILE COASTAL,Z,MOB,30.68,-88.24,0,,Water over Isle of Pines Dr near Weeks Bay.
2019,July,ALABAMA,MOBILE COASTAL,Z,MOB,30.68,-88.24,0,,Coastal flooding ongoing with several roads under water.
2019,July,ALABAMA,MOBILE COASTAL,Z,MOB,30.68,-88.24,0,,Water and minor coastal flooding reported on Dauphin Island parkway north of the Dog river.
2019,October,NEW HAMPSHIRE,COASTAL ROCKINGHAM,Z,GYX,43.89,-70.26,0,0.00K,"A King Tide event coincided with a weak area of low pressure which brought a foot of storm surge to coastal New Hampshire on October 28th.   The Hampton Tide Gauge recorded a storm tide of 11.91 feet,"
2019,August,FLORIDA,COASTAL MIAMI-DADE COUNTY,Z,MFL,25.61,-80.41,0,,Minor flooding of streets and sidewalks in Miami beach reported by several local news outlets. main streets were Indian Creek Drive and Collins avenue in the area of 31st street.
2019,August,FLORIDA,COASTAL MIAMI-DADE COUNTY,Z,MFL,25.61,-80.41,0,0.00K,An Emergency Manage reported flooding of boat ramps at Matheson Hammock Park Marina during high tide.
2019,August,FLORIDA,COASTAL MIAMI-DADE COUNTY,Z,MFL,25.61,-80.41,0,0.00K,An Emergency Manager reported flooding of boat ramps at the Haulover Park Marina during high tide.
2019,August,GEORGIA,COASTAL GLYNN,Z,JAX,30.49,-81.7,0,0.00K,"The USGS tide gage at the St. Simons Island Pier reached 2.1 ft MHHW datum. Minor flooding begins at 2 ft MHHW. At 9:30 pm local time on 9/30, the gage measured 2.13 ft MHHW."
2019,August,GEORGIA,COASTAL GLYNN,Z,JAX,30.49,-81.7,0,0.00K,The public reported minor tidal flooding in the parking lot off of Glynne Avenue in Brunswick.
2019,August,FLORIDA,COASTAL MIAMI-DADE COUNTY,Z,MFL,25.61,-80.41,0,0.00K,WPLG's social media reported coastal flooding from King tides at the Haulover Marina Parking lot.
2019,August,GEORGIA,COASTAL CHATHAM,Z,CHS,32.9,-80.03,0,,"A maximum tide level of 10.02 feet above Mean Lower Low Water (MLLW), or 2.52 feet above Mean Higher High Water (MHHW), was recorded at the Fort Pulaski tide gage near the Savannah River entrance. Maj"
2019,August,GEORGIA,COASTAL CHATHAM,Z,CHS,32.9,-80.03,0,,Savannah media reported flooding on Barley Drive at the entrance of Oatland Island.
2019,August,GEORGIA,COASTAL CHATHAM,Z,CHS,32.9,-80.03,0,,The media reported flooding on Barley Drive.
2019,August,SOUTH CAROLINA,SOUTHERN COLLETON,Z,CHS,32.9,-80.03,0,,The public reported Dockside Restaurant on Dockside road flooded by waters from Big Bay Creek. Water was several inches deep inside the building.
2019,August,SOUTH CAROLINA,CHARLESTON,Z,CHS,32.9,-80.03,0,,"Law enforcement, the public and social media indicated the following locations flooded and/or closed due to coastal flooding in downtown Charleston: Cherry Street, Lockwood Drive from Wentworth Street"
2019,August,SOUTH CAROLINA,CHARLESTON,Z,CHS,32.9,-80.03,0,,"The public reported areas along Shem Creek flooded, including parking lots of local establishments with water approaching buildings."
2019,August,SOUTH CAROLINA,BEAUFORT,Z,CHS,32.9,-80.03,0,,The Beaufort County 911 Call Center reported a boat ramp on Bay Street and a boat ramp near Pigeon Park flooded.
2019,August,SOUTH CAROLINA,CHARLESTON,Z,CHS,32.9,-80.03,0,,Reports via social media indicated water overtopping Sol Legare Boat Landing and portions of Battery Island Drive on James Island.
2019,August,SOUTH CAROLINA,CHARLESTON,Z,CHS,32.9,-80.03,0,,"The Charleston Police Department, public and social media reports indicated the following roads closed due to coastal flooding: Lockwood Drive from Wentworth Street to Broad Street,  Broad Street from"
2019,August,SOUTH CAROLINA,CHARLESTON,Z,CHS,32.9,-80.03,0,,The public indicated the ramp to South Carolina 61 off of U.S. 17 and the parking lot of a nearby hotel flooded.
2019,August,SOUTH CAROLINA,SOUTHERN COLLETON,Z,CHS,32.9,-80.03,0,,The Public reported Dockside Restaurant along with nearby structures and roadways flooded.
2019,August,SOUTH CAROLINA,CHARLESTON,Z,CHS,32.9,-80.03,0,,The Mount Pleasant Police Department reported that Long Point Road is impassable near Boone Hall Creek.
2019,August,SOUTH CAROLINA,CHARLESTON,Z,CHS,32.9,-80.03,0,,The public reported water from Sandy Bay flooding a yard on Lantana Drive.
2019,August,SOUTH CAROLINA,CHARLESTON,Z,CHS,32.9,-80.03,0,0.00K,"A maximum tide level of 8.02 feet above Mean Lower Low Water (MLLW), or 2.26 feet above Mean Higher High Water (MHHW), was recorded at the Charleston Harbor tide gage. Major coastal flooding typically"
2019,August,SOUTH CAROLINA,CHARLESTON,Z,CHS,32.9,-80.03,0,,"A maximum tide level of 8.08 feet above Mean Lower Low Water (MLLW), or 2.32 feet above Mean Higher High Water (MHHW), was recorded at the Charleston Harbor tide gage. Major coastal flooding typically"
2019,August,GEORGIA,COASTAL CHATHAM,Z,CHS,32.9,-80.03,0,,"A maximum tide level of 10.05 feet above Mean Lower Low Water (MLLW), or 2.55 feet above Mean Higher High Water (MHHW), was recorded at the Fort Pulaski tide gage near the Savannah River entrance. Maj"
2019,August,GEORGIA,COASTAL CHATHAM,Z,CHS,32.9,-80.03,0,,"A maximum tide level of 10.06 feet above Mean Lower Low Water (MLLW), or 2.56 feet above Mean Higher High Water (MHHW), was recorded at the Fort Pulaski tide gage near the Savannah River entrance. Maj"
2019,December,MARYLAND,ANNE ARUNDEL,Z,LWX,38.98,-77.47,0,0.00K,"The water crested at 3.35 feet, which is above moderate flood stage. At 3.2 feet, water comes up through the storm drains and approaches businesses on Dock Street."
2019,May,LOUISIANA,CALCASIEU,Z,LCH,30.13,-93.22,0,0.00K,Strong south winds drove water levels up along the Calcasieu River. The water level at Lake Charles reached 2.52 MHHW.
2019,May,TEXAS,JEFFERSON,Z,LCH,30.13,-93.22,0,0.00K,Higher than normal tide conditions from a strong onshore flow resulted in water over Highway 87 near Sabine Pass and over the road south of the Rainbow Bridge. The water level at Sabine Pass reached 2
2019,May,OHIO,OTTAWA,Z,CLE,41.41,-81.86,0,10.00K,State of Emergency declared for Port Clinton as coastal erosion and high water into local  businesses severely impacts the small lakeshore community. Marinas and docks were submerged. Water levels aro
2019,May,OHIO,OTTAWA,Z,CLE,41.41,-81.86,0,20.00K,Northeast winds of 20 to 30 mph on the 12th resulted in water rises near the Islands and Marblehead area of Ottawa County. Water levels rose to around 70 inches above normal. Around noon water was ent
2019,May,OHIO,ERIE,Z,CLE,41.41,-81.86,0,5.00K,Northeast winds of 20 to 30 mph on the 12th resulted in water rises near the Islands and Marblehead area of Ottawa County. Water levels rose to around 70 inches above normal. Around noon water was ent
2019,December,MINNESOTA,SOUTHERN COOK,Z,DLH,46.84,-92.21,0,0.00K,Persistent northeast winds and large waves led to water flooding the streets of downtown Grand Marais.
2019,October,MASSACHUSETTS,SUFFOLK,Z,BOX,41.96,-71.13,0,0.00K,Morrissey Boulevard at Freeport Street and the UMass-Boston entrance was flooded and impassable due to coastal flooding.
2019,October,MASSACHUSETTS,NANTUCKET,Z,BOX,41.96,-71.13,0,0.00K,"On Nantucket, in the Polpis section, some splashover was reported on Polpis Road."
2019,December,SOUTH CAROLINA,CHARLESTON,Z,CHS,32.9,-80.03,0,,"A maximum tide level of 8.06 feet above Mean Lower Low Water (MLLW), or 2.3 feet above Mean Higher High Water (MHHW), was recorded at the Charleston Harbor tide gage. Major coastal flooding typically "
2019,December,SOUTH CAROLINA,CHARLESTON,Z,CHS,32.9,-80.03,0,,"Law enforcement and media reported roads in downtown Charleston closed due to coastal flooding, including U.S. Highway 17 from President Street to Rutledge Avenue."
2019,December,SOUTH CAROLINA,CHARLESTON,Z,CHS,32.9,-80.03,0,,Law enforcement reported Long Point Road closed due to coastal flooding from Needlerush Parkway to Parkway Drive.
2019,November,FLORIDA,COASTAL FLAGLER,Z,JAX,30.49,-81.7,0,0.00K,Water was over the top of canal walls in Palm Coast and spread over grassy areas with morning high tide. Structures were not threatened by flood water. The tide gage at Mantanzas River near Bings Land
2019,November,FLORIDA,COASTAL ST. JOHNS,Z,JAX,30.49,-81.7,0,0.00K,The public reported minor inundation at the intersection of State Road 16 and Lewis Speedway along the San Sebastian River during high tide.
2019,November,FLORIDA,COASTAL FLAGLER,Z,JAX,30.49,-81.7,0,0.00K,A spotter sent pictures of water levels within the Intracoastal Waterway overtopping docks and approaching the tops of sea walls about 1 mile ESE of Palm Coast. The tide gauge along the Matanzas River
2019,November,FLORIDA,COASTAL ST. JOHNS,Z,JAX,30.49,-81.7,0,0.00K,Minor tidal flooding was reported along portions of King Street in downtown St. Augustine near the San Sebastian Inlet.
2019,November,FLORIDA,COASTAL DUVAL,Z,JAX,30.49,-81.7,0,0.00K,Tidal flooding within the St. Johns River flooded the steps of a pavilion along the River Walk near the FL Times Union Performing Arts Center. The tide gauge at the Acosta Bridge reported the river wa
2019,November,VIRGINIA,VIRGINIA BEACH,Z,AKQ,36.98,-76.49,0,0.00K,Very strong northeast to north winds produced tidal anomalies between 2.0 and 3.0 feet over the southern Chesapeake Bay. This caused minor to moderate coastal flooding over portions of Virginia Beach.
2019,November,VIRGINIA,NORTHAMPTON,Z,AKQ,36.98,-76.49,0,0.00K,Very strong northeast to north winds produced tidal anomalies between 2.0 and 3.0 feet over the southern Chesapeake Bay. This caused minor to moderate coastal flooding over portions of southern Northa
2019,November,VIRGINIA,NORFOLK,Z,AKQ,36.98,-76.49,0,0.00K,Very strong northeast to north winds produced tidal anomalies between 2.0 and 3.0 feet over the southern Chesapeake Bay. This caused minor to moderate coastal flooding over portions of Norfolk. Sewell
2019,November,NORTH CAROLINA,EASTERN CURRITUCK,Z,AKQ,36.98,-76.49,0,0.00K,Very strong northeast to north winds produced tidal anomalies between 2.0 and 3.0 feet over the northeast North Carolina Coastal Waters. This caused minor to moderate coastal flooding over portions of
2019,November,NEW YORK,SOUTHWEST SUFFOLK,Z,OKX,40.87,-72.86,0,0.00K,The moderate coastal flood threshold of 3.6 ft MLLW was touched at the USGS tidal gauge at Watch Hill on Fire Island from 2019-11-01 02:00 EST to 2019-11-01 02:12 EST.
2019,November,NEW YORK,SOUTHERN NASSAU,Z,OKX,40.87,-72.86,0,0.00K,A peak water level of 6.3 ft MLLW occurred at the USGS tidal gauge at Hudson Bay at Freeport from 2019-11-18 11:48 EST to 2019-11-18 12:30 EST. The moderate coastal flood threshold of 6.2 ft MLLW was 
2019,November,FLORIDA,COASTAL MIAMI-DADE COUNTY,Z,MFL,25.61,-80.41,0,0.00K,An off duty NWS employee reported minor coastal flooding associated with higher than normal tides today at Miami beach. Ocean water breached the sea wall.
2019,November,FLORIDA,COASTAL MIAMI-DADE COUNTY,Z,MFL,25.61,-80.41,0,0.00K,Picture on twitter of standing water on roadways and parking lots in hollywood beach. water level up to the curb in some areas.
2019,November,FLORIDA,COASTAL MIAMI-DADE COUNTY,Z,MFL,25.61,-80.41,0,0.00K,An off duty NWS employee reported minor coastal flooding associated with higher than normal tides today at Miami beach.
2019,November,PUERTO RICO,NORTHWEST,Z,SJU,18.43,-66.02,0,0.00K,"Emergency managers from Isabela reported that Francisco Camacho Street in Villa Pesquera, Isabela, has been closed due to flooding from salt water intrusion."
2019,November,FLORIDA,COASTAL BROWARD COUNTY,Z,MFL,25.61,-80.41,0,0.00K,"Standing water on roadways, drives, and parking lots along the intracoastal waterway in Hollywood and Hallandale beaches. Multiple lanes of A1A with standing water of less than 1 foot deep in both dir"
2019,November,FLORIDA,COASTAL MIAMI-DADE COUNTY,Z,MFL,25.61,-80.41,0,0.00K,Picture on twitter of standing water on roadways near 71st street and Indian creek drive in Miami beach. Water was up to the curb but less than 1 foot deep.
2019,November,MARYLAND,ANNE ARUNDEL,Z,LWX,38.98,-77.47,0,,Moderate flooding occurred at Annapolis. Water came up through storm drains approached businesses on Dock Street in Annapolis.
2019,November,MARYLAND,ST. MARY'S,Z,LWX,38.98,-77.47,0,,"Yards were flooded on Saint George Island, and water covered the road leading to the island."
2019,December,MAINE,COASTAL YORK,Z,GYX,43.89,-70.26,0,130.00K,The astronomical tide in Portland of 10.6 feet combined with a storm surge of 1.9 feet at high tide to reach a 12.5 foot storm tide during the midday hours.  Flood stage in Portland is 12.0 feet (MLLW
2019,May,TEXAS,GALVESTON ISLAND AND BOLIVAR PENINSULA,Z,HGX,29.47,-95.08,0,0.00K,"Some low lying beach front roads had some water on them, and water was up to the seawall at some locations. Water was also over parts of the Highway 87 and Highway 124 intersection on the Bolivar Peni"
2019,May,TEXAS,COASTAL HARRIS,Z,HGX,29.47,-95.08,0,0.00K,Lynchburg Ferry was closed for a while due to coastal flooding on the roads leading to the dock.
2019,May,TEXAS,COASTAL HARRIS,Z,HGX,29.47,-95.08,0,0.00K,There was some minor street flooding and overwash of roads close to Galveston Bay.
2019,September,FLORIDA,COASTAL MIAMI-DADE COUNTY,Z,MFL,25.61,-80.41,0,0.00K,Tidal flooding observed near the high tide in the following locations: NE Miami at the intersection of NE 10 Avenue and NE 81 Street with water as much as 8-10 inches deep in parts of the intersection
2019,October,VIRGINIA,NORTHAMPTON,Z,AKQ,36.98,-76.49,0,0.00K,"Persistent north or northeast winds, along with high waves, produced tidal anomalies between 2.0 and 3.0 feet over the southern Chesapeake Bay. This caused moderate coastal flooding over portions of N"
2019,September,FLORIDA,COASTAL MIAMI-DADE COUNTY,Z,MFL,25.61,-80.41,0,0.00K,"Standing water less than 1 foot deep on several streets in Miami Beach, primarily the mid and north sections. Roads impacted include: Alton Road, Indian Creek Drive, and Collins Avenue. ||Also, street"
2019,October,MARYLAND,ST. MARY'S,Z,LWX,38.98,-77.47,0,,"The gauge at St George Island reached 3.0 feet. At 3.0 feet, yards are flooded on Saint George Island, and water begins covering the road leading to the island, especially if there is wave action."
2019,October,MARYLAND,ST. MARY'S,Z,LWX,38.98,-77.47,0,,"The gauge at St George Island indicated moderate flooding. Water covered roads on St. Georges Island, was in yards, and approached structures. To the east, inundation is occurring at multiple marinas "
2019,October,MARYLAND,ST. MARY'S,Z,LWX,38.98,-77.47,0,,"The gauge at St George Island indicated moderate flooding. Water covered roads on St. Georges Island, was in yards, and approached structures. To the east, inundation is occurring at multiple marinas "
2019,October,MARYLAND,ST. MARY'S,Z,LWX,38.98,-77.47,0,,"The gauge at St George Island indicated moderate flooding. Water covered roads on St. Georges Island, was in yards, and approached structures. To the east, inundation is occurring at multiple marinas "
2019,August,ALASKA,ERN NORTON SOUND NULATO HILLS,Z,AFG,64.51,-165.42,0,0.00K,Storm surge ranged from 6 to 10 feet above the normal high tide line in eastern Norton Sound. The high surge combined with southwest winds 30 to 45 mph resulted in high surf and significant wave runup
2019,October,MARYLAND,MARYLAND BEACHES,Z,AKQ,36.98,-76.49,0,0.00K,"Persistent north or northeast winds, along with high seas, produced tidal anomalies between 2.0 and 3.0 feet over the Maryland Coastal Waters. This caused minor coastal flooding over portions of the M"
2019,October,MARYLAND,DORCHESTER,Z,AKQ,36.98,-76.49,0,0.00K,"Persistent north or northeast winds, along with high waves, produced tidal anomalies between 2.0 and 3.0 feet over the upper Chesapeake Bay. This caused moderate to major coastal flooding over portion"
2019,October,MARYLAND,ST. MARY'S,Z,LWX,38.98,-77.47,0,,"The gauge at St George Island indicated moderate flooding. Yards were flooded on Saint George Island, and water began covering the road leading to the island, especially if there is wave action."
2019,October,MARYLAND,SOMERSET,Z,AKQ,36.98,-76.49,0,0.00K,"Persistent north or northeast winds, along with high waves, produced tidal anomalies between 2.0 and 3.0 feet over the upper Chesapeake Bay. This caused moderate coastal flooding over portions of Some"
2019,October,MARYLAND,CALVERT,Z,LWX,38.98,-77.47,0,0.00K,Moderate flooding occurred at Solomons Island. Parking lots near Charles Street in Solomons were flooded with water covering portions of both Charles Street and Williams Street.
2019,October,MARYLAND,CALVERT,Z,LWX,38.98,-77.47,0,0.00K,Moderate flooding occurred at Solomons Island. Parking lots near Charles Street in Solomons were flooded with water covering portions of both Charles Street and Williams Street.
2019,October,MARYLAND,ANNE ARUNDEL,Z,LWX,38.98,-77.47,0,,Moderate flooding occurred at Annapolis. Water reached the floor of the Maritime Museum in Annapolis and began to cover Bowyer Road on the Naval Academy campus.
2019,October,MARYLAND,ANNE ARUNDEL,Z,LWX,38.98,-77.47,0,,Moderate flooding occurred at Annapolis. Water reached the floor of the Maritime Museum in Annapolis and began to cover Bowyer Road on the Naval Academy campus.
2019,October,MARYLAND,ANNE ARUNDEL,Z,LWX,38.98,-77.47,0,,Moderate flooding occurred at Annapolis. Water reached the floor of the Maritime Museum in Annapolis and began to cover Bowyer Road on the Naval Academy campus.
2019,October,MARYLAND,ANNE ARUNDEL,Z,LWX,38.98,-77.47,0,,Moderate flooding occurred at Annapolis. Water reached the floor of the Maritime Museum in Annapolis and began to cover Bowyer Road on the Naval Academy campus.
2019,October,DISTRICT OF COLUMBIA,DISTRICT OF COLUMBIA,Z,LWX,38.98,-77.47,0,0.00K,The unprotected area on the Southwest Waterfront at the DC seafood market began to flood. Water approached parts of the Hains Point Loop Road.
2019,October,DISTRICT OF COLUMBIA,DISTRICT OF COLUMBIA,Z,LWX,38.98,-77.47,0,0.00K,The unprotected area on the Southwest Waterfront at the DC seafood market began to flood. Water approached parts of the Hains Point Loop Road.
2019,October,VIRGINIA,NORTHUMBERLAND,Z,AKQ,36.98,-76.49,0,0.00K,"Persistent north or northeast winds, along with high waves, produced tidal anomalies between 2.0 and 3.0 feet over the upper Chesapeake Bay. This caused moderate to major coastal flooding over portion"
2019,October,VIRGINIA,YORK,Z,AKQ,36.98,-76.49,0,0.00K,"Persistent north or northeast winds, along with high waves, produced tidal anomalies between 2.0 and 3.0 feet over the York River. This caused moderate coastal flooding over portions of York county. Y"
2019,September,NORTH CAROLINA,WESTERN CURRITUCK,Z,AKQ,36.98,-76.49,0,0.00K,Very strong northeast to north winds associated with Hurricane Dorian produced tidal anomalies between 2.5 and 3.5 feet over the northeast North Carolina Coastal Waters. This caused moderate to major 
2019,September,NORTH CAROLINA,EASTERN CURRITUCK,Z,AKQ,36.98,-76.49,0,0.00K,Very strong northeast to north winds associated with Hurricane Dorian produced tidal anomalies between 2.5 and 3.5 feet over the northeast North Carolina Coastal Waters. This caused moderate to major 
2019,September,NORTH CAROLINA,CAMDEN,Z,AKQ,36.98,-76.49,0,0.00K,Very strong east northeast winds associated with Hurricane Dorian pushed water into the Albemarle Sound. This caused some moderate flooding over southern portions of Camden county.
2019,September,NORTH CAROLINA,PASQUOTANK,Z,AKQ,36.98,-76.49,0,0.00K,Very strong east northeast winds associated with Hurricane Dorian pushed water into the Albemarle Sound. This caused some moderate flooding over southern portions of Pasquotank county.
2019,September,FLORIDA,COASTAL BROWARD COUNTY,Z,MFL,25.61,-80.41,0,,A member of the public reported minor coastal flooding around the time of high tide on low-lying coastal roads near State Road A1A in Broward County this morning.
2019,September,NORTH CAROLINA,PERQUIMANS,Z,AKQ,36.98,-76.49,0,0.00K,Very strong east northeast winds associated with Hurricane Dorian pushed water into the Albemarle Sound. This caused some moderate flooding over southern portions of Perquimans county.
2019,September,NORTH CAROLINA,CHOWAN,Z,AKQ,36.98,-76.49,0,0.00K,Very strong east northeast winds associated with Hurricane Dorian pushed water into the Albemarle Sound. This caused some moderate flooding over southern portions of Chowan county. The gage at the Cho
2019,August,ALASKA,YUKON DELTA,Z,AFG,64.51,-165.42,0,0.00K,Storm surge ranged from 4 to 8 feet above the normal high tide line in southern Norton Sound and the Yukon River Delta. The high surge combined with southwest winds 30 to 40 mph resulted in high surf 
2019,October,MARYLAND,ANNE ARUNDEL,Z,LWX,38.98,-77.47,0,,Water was coming up through storm drains and approaching businesses on Dock Street in Annapolis.
2019,October,VIRGINIA,ARLINGTON,Z,LWX,38.98,-77.47,0,,Flooding was ongoing at several businesses near the intersection of King Street and Union Street.
2019,September,FLORIDA,COASTAL MIAMI-DADE COUNTY,Z,MFL,25.61,-80.41,0,,"Multiple reports of coastal flooding during high tide across coastal Miami-Dade County. These include intersections at different neighborhoods, Brickell, Matheson Hammock, and Miami Beach. A few inche"
2019,October,VIRGINIA,LANCASTER,Z,AKQ,36.98,-76.49,0,0.00K,"Persistent north or northeast winds, along with high waves, produced tidal anomalies between 2.0 and 3.0 feet over the middle Chesapeake Bay. This caused moderate to major coastal flooding over portio"
2019,October,VIRGINIA,JAMES CITY,Z,AKQ,36.98,-76.49,0,0.00K,"Persistent north or northeast winds, along with high waves, produced tidal anomalies between 2.0 and 3.0 feet over the James River. This caused moderate coastal flooding over portions of James City co"
2019,October,VIRGINIA,SURRY,Z,AKQ,36.98,-76.49,0,0.00K,"Persistent north or northeast winds, along with high waves, produced tidal anomalies between 2.0 and 3.0 feet over the James River. This caused moderate coastal flooding over portions of James City co"
2019,August,ALASKA,SRN SEWARD PENINSULA COAST,Z,AFG,64.51,-165.42,0,0.00K,Storm surge ranged from 6 to 8 feet above the normal high tide line along the southern Seward Peninsula coast. The high surge combined with southwest winds 30 to 45 mph resulted in high surf and signi
2019,August,ALASKA,BALDWIN PEN. & SELAWIK VALLEY,Z,AFG,64.51,-165.42,0,0.00K,Storm surge ranged from 3 to 5 feet above the normal high tide line in Kotzebue Sound. The high surge combined with west winds 30 to 45 mph resulted in high surf and significant wave runup. Minor floo
2019,September,SOUTH CAROLINA,COASTAL HORRY,Z,ILM,34.3,-77.88,0,0.00K,Water was almost two feet deep on 49th Ave in Cherry Grove.
2019,September,SOUTH CAROLINA,COASTAL GEORGETOWN,Z,ILM,34.3,-77.88,0,0.00K,There were reports of rushing water on the streets of Debordieu around high tide.
2019,September,VIRGINIA,NORFOLK,Z,AKQ,36.98,-76.49,0,0.00K,Very strong northeast to north winds associated with Hurricane Dorian produced tidal anomalies between 2.5 and 3.5 feet over the southern Chesapeake Bay. This caused moderate coastal flooding over por
2019,September,VIRGINIA,VIRGINIA BEACH,Z,AKQ,36.98,-76.49,0,0.00K,Very strong northeast to north winds associated with Hurricane Dorian produced tidal anomalies between 2.5 and 3.5 feet over the southern Chesapeake Bay. This caused moderate to major coastal flooding
2019,September,VIRGINIA,NORFOLK,Z,AKQ,36.98,-76.49,0,0.00K,Very strong northeast to north winds associated with Hurricane Dorian produced tidal anomalies between 2.5 and 3.5 feet over the southern Chesapeake Bay. This caused moderate coastal flooding over por
2019,September,VIRGINIA,NORTHAMPTON,Z,AKQ,36.98,-76.49,0,0.00K,Very strong northeast to north winds associated with Hurricane Dorian produced tidal anomalies between 2.5 and 3.0 feet over the southern Chesapeake Bay. This caused moderate to major coastal flooding
2019,September,VIRGINIA,NORTHAMPTON,Z,AKQ,36.98,-76.49,0,0.00K,Very strong northeast to north winds associated with Hurricane Dorian produced tidal anomalies between 2.5 and 3.0 feet over the southern Chesapeake Bay. This caused moderate coastal flooding over por
2019,September,VIRGINIA,SURRY,Z,AKQ,36.98,-76.49,0,0.00K,Very strong northeast to north winds associated with Hurricane Dorian produced tidal anomalies between 2.5 and 3.5 feet over the James River. This caused moderate coastal flooding over portions of Sur
2019,September,VIRGINIA,YORK,Z,AKQ,36.98,-76.49,0,0.00K,Very strong northeast to north winds associated with Hurricane Dorian produced tidal anomalies between 2.0 and 3.0 feet over the southern Chesapeake Bay. This caused moderate coastal flooding over por
2020,January,PUERTO RICO,NORTH CENTRAL,Z,SJU,18.43,-66.02,0,0.00K,Coastal flooding occurred in Balneario Cerdo Gordo in Vega Alta. No incidents associated with this event were reported.
2020,October,PUERTO RICO,NORTH CENTRAL,Z,SJU,18.43,-66.02,0,0.00K,Isolated coastal flooding reported along road PR-681 in Barceloneta.
2020,September,PUERTO RICO,NORTHEAST,Z,SJU,18.43,-66.02,0,0.00K,Minor coastal flooding reported on Road PR-187 near Chatarra Beach in Loiza.
2020,April,MARYLAND,ST. MARY'S,Z,LWX,38.98,-77.47,0,,"The gauge level at St Georges Creek reached moderate flood stage and crested at 3.75 feet. Water covered roads on St. Georges Island, was in yards, and approached structures. To the east, inundation o"
2020,April,MARYLAND,ANNE ARUNDEL,Z,LWX,38.98,-77.47,0,,The gauge level at Annapolis rose above moderate flood stage and peaked at 3.56. This means water reached the floor of the Maritime Museum in Annapolis and began to cover Bowyer Road on the Naval Acad
2020,April,MARYLAND,ANNE ARUNDEL,Z,LWX,38.98,-77.47,0,,The gauge level at Annapolis rose above moderate flood stage and peaked around 3.7 feet. This means water reached the floor of the Maritime Museum in Annapolis and began to cover Bowyer Road on the Na
2020,April,MARYLAND,SOUTHEAST HARFORD,Z,LWX,38.98,-77.47,0,0.00K,"The gauge at Havre De Grace reached 5.65 feet, which is above moderate flood stage. Water reached the bottom of the marina office at the Yacht Basin in Havre de Grace."
2020,April,MARYLAND,SOUTHERN BALTIMORE,Z,LWX,38.98,-77.47,0,,Moderate flooding occurred due to the water level around Fort McHenry.
2020,April,MARYLAND,SOUTHERN BALTIMORE,Z,LWX,38.98,-77.47,0,,Moderate flooding occurred due to the water level around Fort McHenry.
2020,May,NEW YORK,SOUTHERN NASSAU,Z,OKX,40.87,-72.86,0,0.00K,The moderate coastal flood threshold of 6.2 ft MLLW was touched at the USGS tidal gauge at Hudson Bay at Freeport from 2020-05-08 20:54 EST to 2020-05-08 21:12 EST.
2020,August,PENNSYLVANIA,LOWER BUCKS,Z,PHI,39.86,-74.46,0,0.00K,Moderate coastal flooding occurred.  There was roadway flooding in some of the tidal areas of lower Bucks County along the Delaware River and its tidal tributaries.
2020,October,NEW YORK,SOUTHERN NASSAU,Z,OKX,40.87,-72.86,0,0.00K,A peak water level of 6.4 ft MLLW occurred at the USGS tidal gauge at Hudson Bay at Freeport at 2020-10-30 07:30 EST. The moderate coastal flood threshold of 6.2 ft MLLW at Freeport was exceeded from 
2020,May,NEW YORK,SOUTHERN NASSAU,Z,OKX,40.87,-72.86,0,0.00K,The moderate coastal flood threshold of 6.2 ft MLLW was touched at the USGS tidal gauge at Hudson Bay at Freeport from 2020-05-07 20:00 EST to 2020-05-07 20:12 EST.
2020,May,NEW HAMPSHIRE,COASTAL ROCKINGHAM,Z,GYX,43.89,-70.26,0,0.00K,On the night of May 7th the highest astronomical tide of the month of 10.65 ft MLLW combined with a storm surge of .8 ft to cause minor flooding in the Hampton Beach Area.   A report along with photos
2020,April,MASSACHUSETTS,SUFFOLK,Z,BOX,41.96,-71.13,0,0.00K,"At 1153 PM EST (1253 PM EDT) in Boston, high astronomical tides caused two southbound lanes of Morrissey Blvd., between UMass-Boston and Freeport Street to be closed due to minor coastal flooding."
2020,April,MASSACHUSETTS,EASTERN ESSEX,Z,BOX,41.96,-71.13,0,0.00K,"In Salisbury at 1235 PM EST (135 PM EDT), high astronomical tides caused the temporary closure of Beach Road at the Salisbury Beach State Reservation due to minor coastal flooding."
2020,April,MAINE,COASTAL HANCOCK,Z,CAR,46.87,-68.02,0,,Explosively developing low pressure crossing the Gulf of Maine produced strong onshore winds and large waves along the Downeast coast. The storm occurred during a time of high astronomical tides. The 
2020,April,MAINE,COASTAL WASHINGTON,Z,CAR,46.87,-68.02,0,,Explosively developing low pressure crossing the Gulf of Maine produced strong onshore winds and large waves along the Downeast coast. The storm occurred during a time of high astronomical tides. The 
2020,April,MASSACHUSETTS,DUKES,Z,BOX,41.96,-71.13,0,0.00K,"At 607 AM EST (707 AM EDT), portions of Beach Road were closed to Five Corners in Vineyard Haven."
2020,April,VIRGINIA,NORTHUMBERLAND,Z,AKQ,36.98,-76.49,0,0.00K,Minor to moderate tidal flooding occurred over portions of Northumberland county along the Potomac River. Lewisetta reached 3.52 feet MLLW.
2020,April,MASSACHUSETTS,EASTERN PLYMOUTH,Z,BOX,41.96,-71.13,0,2.00K,"In Scituate, coastal flooding was reported on Central Avenue at 628 AM EST and the parking lot on Front Street was flooded at 741 AM EST.  In Plymouth, Lighthouse Road in the Sand Hill section of town"
2020,April,MASSACHUSETTS,NANTUCKET,Z,BOX,41.96,-71.13,0,0.00K,"At 707 AM EST (807 AM EDT), there was water covering the road at the corner of Easton Street and Hulbert Avenue.  At 710 AM EST, there was minor flooding on Commercial Street.  At 744 AM EST, Easy Str"
2020,April,MASSACHUSETTS,SUFFOLK,Z,BOX,41.96,-71.13,0,0.00K,"In Revere at 707 AM EST (807 EDT), there was minor flooding on Winthrop Parkway in the Beachmont section of town and at 715 AM EST, Short Beach was closed.  In Winthrop at 708 AM EST, Winthrop Shore D"
2020,April,NORTH CAROLINA,CHOWAN,Z,AKQ,36.98,-76.49,0,0.00K,Minor tidal flooding occurred along the Chowan River near Waterfront Park at Edenton. The water level reached 2.4 feet MLLW.
2020,April,NORTH CAROLINA,PERQUIMANS,Z,AKQ,36.98,-76.49,0,0.00K,Minor tidal flooding occurred over southern portions of Perquimans county adjacent to the Albemarle Sound.
2020,April,NORTH CAROLINA,PASQUOTANK,Z,AKQ,36.98,-76.49,0,0.00K,Minor to moderate tidal flooding occurred along the Pasquotank River near Mariners Wharf Park at Elizabeth City. The water level reached 3.08 feet MLLW.
2020,April,MARYLAND,DORCHESTER,Z,AKQ,36.98,-76.49,0,0.00K,Minor to moderate tidal flooding occurred over portions of Dorchester county along the Chesapeake Bay. Bishops Head reached 3.87 feet MLLW.
2020,April,NEW HAMPSHIRE,COASTAL ROCKINGHAM,Z,GYX,43.89,-70.26,0,25.00K,The astronomical tide in Hampton was 8.44 feet with the storm tide topping out at 11.38 feet. The resulting 2.94 foot storm surge kept the Hampton tide gauge above flood stage for over an hour. In Ham
2020,April,MARYLAND,SOUTHERN BALTIMORE,Z,LWX,38.98,-77.47,0,,Moderate flooding occurred due to the water level around Fort McHenry.
2020,April,MARYLAND,ANNE ARUNDEL,Z,LWX,38.98,-77.47,0,,"The gauge level at Annapolis rose above moderate flood state, which means that water came up through storm drains and approached businesses on Dock Street in Annapolis."
2020,April,MARYLAND,ST. MARY'S,Z,LWX,38.98,-77.47,0,,"The gauge level at St Georges Creek reached moderate flood stage and crested at 3.57 feet. Water covered roads on St. Georges Island, was in yards, and approached structures. To the east, inundation o"
2020,April,MARYLAND,ST. MARY'S,Z,LWX,38.98,-77.47,0,,"The gauge level at St Georges Creek reached moderate flood stage and crested at 3.65 feet. Water covered roads on St. Georges Island, was in yards, and approached structures. To the east, inundation o"
2020,May,VIRGINIA,JAMES CITY,Z,AKQ,36.98,-76.49,0,0.00K,Minor to moderate tidal flooding occurred over portions of James City county along the James River. Jamestown reached 4.72 feet MLLW.
2020,February,FLORIDA,COASTAL ST. JOHNS,Z,JAX,30.49,-81.7,0,0.00K,The public reported sea water approaching the level of A1A about 1 mile SSE of Crescent Beach. Water levels at tide gages along the coast where generally 1.5-2 ft above MHHW with this event reaching t
2020,July,TEXAS,MATAGORDA ISLANDS,Z,HGX,29.47,-95.08,0,,Minor coastal flooding along Matagorda Bay and Gulf coast. Significant beach erosion along the Gulf coast. Impacted areas included Sargent and Matagorda. Tidal departures 2 to 3 feet above MHHW.
2020,July,TEXAS,COASTAL MATAGORDA,Z,HGX,29.47,-95.08,0,,Minor coastal flooding along Matagorda Bay and Gulf coast. Significant beach erosion along the Gulf coast. Impacted areas included Sargent and Matagorda. Tidal departures 2 to 3 feet above MHHW.
2020,July,TEXAS,BRAZORIA ISLANDS,Z,HGX,29.47,-95.08,0,,Minor coastal flooding and significant beach erosion along Gulf coast.  Impacted areas included Sargent and Surfside. Tidal departures 2 to 3 feet above MHHW.
2020,July,TEXAS,COASTAL BRAZORIA,Z,HGX,29.47,-95.08,0,,Minor coastal flooding and significant beach erosion along Gulf coast.  Impacted areas included Sargent and Surfside. Tidal departures 2 to 3 feet above MHHW.
2020,July,CALIFORNIA,ORANGE COUNTY COASTAL,Z,SGX,32.85,-117.11,0,40.00K,Minor coastal flooding occurred in Newport Beach because of high tide near 6.8 feet with high surf also reported at the time. Flooding of parking lots and streets happened up to three blocks inland an
2020,November,SOUTH CAROLINA,CHARLESTON,Z,CHS,32.9,-80.03,0,,The Palmetto Storm Chasers group reported significant coastal flooding in western Charleston County. The parking lot at the Dawhoo River Landing was flooded by salt water. Docks and piers were submerg
2020,November,MARYLAND,ANNE ARUNDEL,Z,LWX,38.98,-77.47,0,0.00K,"Annapolis stream gage reached moderate flood stage of 3.3 feet between the specified times, reaching a maximum value of 3.35 feet at 5:42 pm EST Nov 30th."
2020,November,SOUTH CAROLINA,CHARLESTON,Z,CHS,32.9,-80.03,0,,"The National Ocean Service tide gauge located in Charleston Harbor measured a peak tide value of 8.13 feet above Mean Lower Low Water (MLLW), or 2.37 feet above Mean Higher High Water (MHHW). Major fl"
2020,November,SOUTH CAROLINA,CHARLESTON,Z,CHS,32.9,-80.03,0,,"Numerous roads were closed by Charleston Police Department due to coastal flooding. Impacted roads included Lockwood Drive at Broad Street, Washington Street between Laurens and Hasell streets, Fishbu"
2020,November,SOUTH CAROLINA,SOUTHERN COLLETON,Z,CHS,32.9,-80.03,0,,The Palmetto State Chasers group reported significant coastal flooding around Edisto Island. Salt water was surrounding several businesses on the back side of Edisto Beach and several roads were flood
2020,November,ALASKA,SRN SEWARD PENINSULA COAST,Z,AFG,64.51,-165.42,0,0.00K,
2020,November,MARYLAND,SOUTHERN BALTIMORE,Z,LWX,38.98,-77.47,0,0.00K,"Fort McHenry Tidal Gage (BLTM2) reached moderate flood stage for Bowley's Quarters between the specified timeframe, reaching a peak of 3.88 feet at 7:06 pm EST."
2020,November,MARYLAND,ANNE ARUNDEL,Z,LWX,38.98,-77.47,0,0.00K,"Annapolis stream gage reached moderate flood stage of 3.3 feet during the specified timeframe, reaching a peak of 3.56 feet at 4:06 pm EST."
2020,September,GEORGIA,COASTAL GLYNN,Z,JAX,30.49,-81.7,0,0.00K,The NOS tide gauge at the St. Simons Island Village Pier measured a peak water rise of 2.30 ft MHHW datum. This value was within the minor flood category for this site.
2020,September,GEORGIA,COASTAL CAMDEN,Z,JAX,30.49,-81.7,0,0.00K,The tide gauge at Sea Camp Dock on Cumberland Island measured a total water level rise of 2.40 ft MHHW datum. This value was within the Moderate Flood category for this site.
2020,September,FLORIDA,COASTAL FLAGLER,Z,JAX,30.49,-81.7,0,0.00K,"At 0730, Emergency Management reported water inundation up to 2 ft in some areas of Flagler Beach, particularly along South Flagler Avenue from 15th Street, and locations southward."
2020,September,FLORIDA,COASTAL DUVAL,Z,JAX,30.49,-81.7,0,0.00K,"At 1708, Emergency Management reported water over-flowing the banks of Pottsburg Creek near Beach Blvd. Flood water had reach the door of a sporting goods store. The USGS tide gauge at Pottsburg Creek"
2020,September,SOUTH CAROLINA,CHARLESTON,Z,CHS,32.9,-80.03,0,,Members of the public reported coastal flooding around Mount Pleasant. Impacted areas included Shem Creek where water entered the dock level of several restaurants and parking lots. Patrons had to be 
2020,September,SOUTH CAROLINA,CHARLESTON,Z,CHS,32.9,-80.03,0,,"Coastal flooding was reported around James Island including Central Park Road at Flemming Road. Also, a parking lot at the James Island Yacht Club was flooded and water was surrounding the building bu"
2020,September,SOUTH CAROLINA,BEAUFORT,Z,CHS,32.9,-80.03,0,,Portions of a restaurant on Fripp Island were flooded with water entering into one part of the building. The parking lot was flooded and cars have been relocated. Flood waters are coming from Old Hous
2020,September,SOUTH CAROLINA,CHARLESTON,Z,CHS,32.9,-80.03,0,,"Charleston Police Department reported several road closures in Downtown Charleston including Washington Street from Laurens Street to Hasell Street, Lockwood Drive and Broad Street, and Hagood Avenue "
2020,September,SOUTH CAROLINA,CHARLESTON,Z,CHS,32.9,-80.03,0,,Charleston Police Department reported that the Highway 61 on ramp from Highway 17 was closed due to saltwater flooding.
2020,September,SOUTH CAROLINA,CHARLESTON,Z,CHS,32.9,-80.03,0,,"The National Ocean Service tide gauge located in Charleston Harbor measured a peak tide value of 7.91 feet above Mean Lower Low Water (MLLW), or 2.15 feet above Mean Higher High Water (MHHW). Moderate"
2020,September,SOUTH CAROLINA,CHARLESTON,Z,CHS,32.9,-80.03,0,,"Widespread street flooding was reported across Downtown Charleston and nearby areas by the Charleston Police Department. Impacted locations include Highway 61 exit ramp from Highway 17, Lockwood Boule"
2020,September,SOUTH CAROLINA,SOUTHERN COLLETON,Z,CHS,32.9,-80.03,0,,Saltwater flooding reported at Edisto Seafood on Docksite Road.
2020,September,SOUTH CAROLINA,CHARLESTON,Z,CHS,32.9,-80.03,0,,"The National Ocean Service tide gauge located in Charleston Harbor measured a peak tide value of 8.07 feet above Mean Lower Low Water (MLLW), or 2.31 feet above Mean Higher High Water (MHHW). Major fl"
2020,September,SOUTH CAROLINA,CHARLESTON,Z,CHS,32.9,-80.03,0,,"Saltwater flooding reported around Mount Pleasant including Long Point Road between Needlerush Parkway and Rice Planters Drive, and buildings and parking lots at the Shem Creek Marina."
2020,September,SOUTH CAROLINA,CHARLESTON,Z,CHS,32.9,-80.03,0,,Saltwater flooding reported on Central Park Road from Riverland Drive to Flemming Road.
2020,September,SOUTH CAROLINA,CHARLESTON,Z,CHS,32.9,-80.03,0,,Saltwater flooding reported on Hoff Avenue near the intersection with Lantana Drive.
2020,September,SOUTH CAROLINA,CHARLESTON,Z,CHS,32.9,-80.03,0,,"The National Ocean Service tide gauge located in Charleston Harbor measured a peak tide value of 8.12 feet above Mean Lower Low Water (MLLW), or 2.36 feet above Mean Higher High Water (MHHW). Major fl"
2020,September,NEW HAMPSHIRE,COASTAL ROCKINGHAM,Z,GYX,43.89,-70.26,0,5.00K,The astronomical tide in Hampton of 9.4 feet combined with minimal storm surge of 0.3 feet at high tide to reach a 9.5 foot storm tide (MLLW) which is short of flood stage inundation impacts. Flood st
2020,September,SOUTH CAROLINA,CHARLESTON,Z,CHS,32.9,-80.03,0,,Long Point Road between Needlerush Parkway and Rice Planters Drive was closed due to tidal flooding.
2020,September,SOUTH CAROLINA,CHARLESTON,Z,CHS,32.9,-80.03,0,,Central Park Road at Flemming Road was closed due to saltwater flooding.
2020,September,SOUTH CAROLINA,CHARLESTON,Z,CHS,32.9,-80.03,0,,Palmetto Boulevard near the Pavilion Pier was closed due to 4-5 inches of water and 2 inches of sand on the roadway.
2020,September,SOUTH CAROLINA,CHARLESTON,Z,CHS,32.9,-80.03,0,,"The National Ocean Service tide gauge located in Charleston Harbor measured a peak tide value of 8.03 feet above Mean Lower Low Water (MLLW), or 2.27 feet above Mean Higher High Water (MHHW). Major fl"
2020,September,SOUTH CAROLINA,CHARLESTON,Z,CHS,32.9,-80.03,0,,"Several reports of saltwater flooding on Folly Beach received via social media. Impacted location include Sandbar Lane at Michigan Avenue, W Indian Avenue and Sandbar Lane, 9th Street W, and Tabby Dri"
2020,September,NORTH CAROLINA,COASTAL NEW HANOVER,Z,ILM,34.3,-77.88,0,0.00K,The tide gauge at Johnny Mercer peaked at 6.51 feet. Flood stage is 6 feet.
2020,September,SOUTH CAROLINA,COASTAL HORRY,Z,ILM,34.3,-77.88,0,0.00K,The tide gauge at Springmaid Pier peaked at 7.71 feet. Flood stage is 7.5 feet.
2020,September,SOUTH CAROLINA,CHARLESTON,Z,CHS,32.9,-80.03,0,,"Widespread street flooding reported in Downtown Charleston by the Charleston Police Department. Impacted locations included East Battery Street at South Battery Street, Lockwood Drive and Broad Street"
2020,September,SOUTH CAROLINA,CHARLESTON,Z,CHS,32.9,-80.03,0,,Long Point Road closed between Needlerush Parkway and Rice Planters Drive due to saltwater flooding.
2020,August,NORTH CAROLINA,CAMDEN,Z,AKQ,36.98,-76.49,0,0.00K,Strong south to southeast winds associated with Tropical Storm Isaias resulted in moderate (perhaps some locally major) tidal flooding over portions of Camden county.
2020,August,NORTH CAROLINA,CHOWAN,Z,AKQ,36.98,-76.49,0,0.00K,Strong south to southeast winds associated with Tropical Storm Isaias resulted in moderate (perhaps some locally major) tidal flooding over portions of Chowan county. The gage at the Chowan River near
2020,August,NORTH CAROLINA,EASTERN CURRITUCK,Z,AKQ,36.98,-76.49,0,0.00K,Strong south to southeast winds associated with Tropical Storm Isaias resulted in moderate (perhaps some locally major) tidal flooding over portions of eastern Currituck county.
2020,August,NORTH CAROLINA,PASQUOTANK,Z,AKQ,36.98,-76.49,0,0.00K,Strong south to southeast winds associated with Tropical Storm Isaias resulted in moderate (perhaps some locally major) tidal flooding over portions of Pasquotank county.
2020,August,NORTH CAROLINA,PERQUIMANS,Z,AKQ,36.98,-76.49,0,0.00K,Strong south to southeast winds associated with Tropical Storm Isaias resulted in moderate (perhaps some locally major) tidal flooding over portions of Perquimans county.
2020,August,VIRGINIA,VIRGINIA BEACH,Z,AKQ,36.98,-76.49,0,0.00K,Strong south to southeast winds associated with Tropical Storm Isaias resulted in moderate (perhaps some locally major) tidal flooding over portions of Virginia Beach adjacent to Back Bay.
2020,September,FLORIDA,COASTAL MIAMI-DADE COUNTY,Z,MFL,25.61,-80.41,0,0.00K,"An NWS employee reported water on portions of roadways, drives, and walks around times of high tide. Locations include Alton Road between North Bay Road and Pine Tree Drive and Collins Avenue between "
2020,September,SOUTH CAROLINA,CHARLESTON,Z,CHS,32.9,-80.03,0,,"Coastal flooding was reported around Folly Beach including E Cooper Street and 9th Street, E Erie Avenue and 8th Street, and 13th Street."
2020,September,SOUTH CAROLINA,CHARLESTON,Z,CHS,32.9,-80.03,0,,"Charleston Police Department reported several road closures around Downtown Charleston including Lockwood Drive between Broad Street and Wentworth Street, Hagood Avenue between Allway Street and Fishb"
2020,September,SOUTH CAROLINA,CHARLESTON,Z,CHS,32.9,-80.03,0,,"Coastal flooding reported at the Isle of Palms including 41st Avenue and Waterway Boulevard, and Forrest Trail and Waterway Boulevard."
2020,September,SOUTH CAROLINA,SOUTHERN COLLETON,Z,CHS,32.9,-80.03,0,,Several buildings along Docksite Road are flooded with several inches of water in the buildings. Flood waters are coming from Big Bay Creek due to coastal flooding.
2020,September,MASSACHUSETTS,BARNSTABLE,Z,BOX,41.96,-71.13,0,,"In Yarmouth at 324 PM EDT, minor flooding was reported in the parking lot at Grey's Beach and at 615 PM EDT, there was two feet of coastal flooding on Shore Road.  In Chatham at 430 PM EDT, there was "
2020,September,FLORIDA,COASTAL FLAGLER,Z,JAX,30.49,-81.7,0,0.00K,"Most sea walls in Flagler County, including in Palm Coast, were over-topped by elevated tidal levels. Around 1500, Bings Landing near Matanzas Inlet measured a high tide of 1.86 ft MHHW datum which wa"
2020,September,FLORIDA,COASTAL ST. JOHNS,Z,JAX,30.49,-81.7,0,0.00K,King Street was closed due to tidal flooding in Historic St. Augustine near the Bridge of Lions to Malaga Street near the San Sebastian River.
2020,August,NORTH CAROLINA,WESTERN CURRITUCK,Z,AKQ,36.98,-76.49,0,0.00K,Strong south to southeast winds associated with Tropical Storm Isaias resulted in moderate (perhaps some locally major) tidal flooding over portions of western Currituck county.
2020,September,MASSACHUSETTS,SUFFOLK,Z,BOX,41.96,-71.13,0,0.00K,"In Boston at 308 PM EDT, two southbound lanes on Morrissey Blvd. between Freeport Street and UMass-Boston were closed due to coastal flooding."
2020,September,MASSACHUSETTS,EASTERN ESSEX,Z,BOX,41.96,-71.13,0,0.00K,"In Lynn, minor coastal flooding was reported on Summer Street at 417 PM EDT and splashover was reported along Lynn Beach at 500 PM EDT.  In Marblehead at 436 PM EDT, splashover was reported on Front S"
2020,September,MASSACHUSETTS,EASTERN PLYMOUTH,Z,BOX,41.96,-71.13,0,0.00K,"In Scituate at 532 PM EDT, minor coastal flooding was reported on Central Avenue, between Newport Avenue and Newell Street."
2020,September,FLORIDA,COASTAL ST. JOHNS,Z,JAX,30.49,-81.7,0,0.00K,"At 1158, a NWS employee reported a foot of water at the intersection of State Road 16 and Lewis Speedway across the street from the San Sebastian River. At 1226,  the Emergency Manager reported signif"
2020,September,FLORIDA,COASTAL DUVAL,Z,JAX,30.49,-81.7,0,0.00K,"At 1212, the tide gauge at Mayport measured a peak high tide of 2.44 ft MHHW datum. This was within the moderate flood level for this location. At 1324, the tide gauge at the Main Street bridge along "
2020,August,VIRGINIA,ACCOMACK,Z,AKQ,36.98,-76.49,0,0.00K,"Strong south to southeast winds associated with Tropical Storm Isaias allowed some water to pile up in the mid to upper Chesapeake Bay early Tuesday morning. Then, when winds shifted to more of a west"
2020,August,MARYLAND,DORCHESTER,Z,AKQ,36.98,-76.49,0,0.00K,"Strong south to southeast winds associated with Tropical Storm Isaias allowed some water to pile up in the mid to upper Chesapeake Bay early Tuesday morning. Then, when winds shifted to more of a west"
2020,August,MARYLAND,SOMERSET,Z,AKQ,36.98,-76.49,0,0.00K,"Strong south to southeast winds associated with Tropical Storm Isaias allowed some water to pile up in the mid to upper Chesapeake Bay early Tuesday morning. Then, when winds shifted to more of a west"
2020,November,WASHINGTON,CENTRAL COAST,Z,SEW,47.68,-122.25,0,2.00M,"Large waves in tandem with King Tides led to coastal flooding along the Central Coast of Washington on Nov 15. Numerous reports and pictures/videos were posted on Twitter, with flooding noticeable in "
2020,September,FLORIDA,CLAY,Z,JAX,30.49,-81.7,0,0.00K,"The tide gauge on the Buckman Bridge measured high tide of 1.90 ft MHHW datum within the St. Johns River. This value was within the minor flood stage for this location, and it was only 0.10 ft under t"
2020,September,GEORGIA,COASTAL CAMDEN,Z,JAX,30.49,-81.7,0,0.00K,The tide gauge at Sea Camp Dock on Cumberland Island measured a peak high tide of 2.44 ft MHHW. This values fell within the moderate flood stage category for this site.
2020,September,FLORIDA,COASTAL NASSAU,Z,JAX,30.49,-81.7,0,0.00K,The NOS tide gauge at Fernandina Beach measured a peak high tide of 2.75 ft MHHW datum. This value was within the moderate flood category for the site.
2020,September,MAINE,COASTAL YORK,Z,GYX,43.89,-70.26,0,50.00K,The astronomical tide in Portland of 10.8 feet combined with a storm surge of 1.3 feet at high tide to reach a 12.1 foot storm tide during the mid afternoon hours. Flood stage in Portland is 12.0 feet
2020,September,FLORIDA,VOLUSIA,Z,MLB,28.11,-80.65,0,0.00K,"Minor to locally moderate coastal flooding occurred near the times of high tide. The greatest impacts were reported along portions of Daytona Beach, New Smyrna Beach and Bethune Beach. Dunes, jetties "
2020,September,FLORIDA,BREVARD,Z,MLB,28.11,-80.65,0,0.00K,"Local, minor coastal flooding occurred near the times of high tide. The greatest impacts were reported along Melbourne Beach, where several county crossovers were damaged. Minor to moderate beach eros"
2020,September,FLORIDA,INDIAN RIVER,Z,MLB,28.11,-80.65,0,0.00K,"Minor to locally moderate beach erosion impacted the Indian River County beaches. The most significant erosion occurred at Jaycee/Conn Beach near Vero Beach, where several feet of berm lowering was ob"
2020,September,NEW HAMPSHIRE,COASTAL ROCKINGHAM,Z,GYX,43.89,-70.26,0,5.00K,"In Hampton, the astronomical tide was 10.1 feet with a storm surge of 1.5 feet at high tide to reach an 11.6 foot storm tide. Flood stage in Hampton is 11.0 feet (MLLW).  Although winds were offshore,"
2020,August,NEW JERSEY,NORTHWESTERN BURLINGTON,Z,PHI,39.86,-74.46,0,0.00K,Moderate tidal flooding occurred.  There was roadway flooding in some of the tidal areas of northwestern Burlington County along the Delaware River and its tidal tributaries.
2020,September,FLORIDA,MARTIN,Z,MLB,28.11,-80.65,0,0.00K,Minor to moderate coastal flooding occurred near the times of high tide. The greatest impacts occurred as excess sea water entered St. Lucie Inlet and raised water levels within the St. Lucie River. W
2020,September,FLORIDA,ST. LUCIE,Z,MLB,28.11,-80.65,0,0.00K,"Minor to locally moderate coastal flooding occurred near the times of high tide. The greatest impacts were reported near Ft. Pierce Inlet, where the boat launch was closed due to missing planks on a d"
2020,September,SOUTH CAROLINA,CHARLESTON,Z,CHS,32.9,-80.03,0,,Saltwater was entering the dock level of a restaurant along Shem Creek.
2020,September,SOUTH CAROLINA,CHARLESTON,Z,CHS,32.9,-80.03,0,,"The National Ocean Service tide gauge located in Charleston Harbor measured a peak tide value of 8.09 feet above Mean Lower Low Water (MLLW), or 2.33 feet above Mean Higher High Water (MHHW). Major fl"
2020,September,SOUTH CAROLINA,CHARLESTON,Z,CHS,32.9,-80.03,0,,Saltwater flooding reported on the Isle of Palms including 41st Avenue at Waterway Boulevard.
2020,September,SOUTH CAROLINA,CHARLESTON,Z,CHS,32.9,-80.03,0,,"Widespread street flooding was reported in Downtown Charleston by the Charleston Police Department. Impacted locations included Lockwood Drive between Wentworth Street and Broad Street, the Highway 61"
2020,September,FLORIDA,COASTAL FLAGLER,Z,JAX,30.49,-81.7,0,0.00K,"At 1800, Emergency Management reported tidal flooding between 19th and 25th streets in South Flagler Beach. Flood water threatened structures. Water was also reported over the road in North Flagler Be"
2020,September,FLORIDA,COASTAL FLAGLER,Z,JAX,30.49,-81.7,0,0.00K,"At 1340, Emergency Management reported canals in Palm Coast were above the bulkheads. At 1515, Emergency Management reported tidal flood water covered Flagler Avenue at 23rd Street in Flagler Beach. A"
2020,September,FLORIDA,COASTAL BROWARD COUNTY,Z,MFL,25.61,-80.41,0,0.00K,Multiple reports from broadcast media of street flooding due to higher than normal tides. Areas include Hendricks Isle in Fort Lauderdale and portions of Las Olas Riverfront. Water was seen half way u
2020,September,FLORIDA,COASTAL MIAMI-DADE COUNTY,Z,MFL,25.61,-80.41,0,0.00K,"An NWS employee reported street flooding up to around curb level due to astronomical high tides near 30th Street, between Biscayne Blvd and Biscayne Bay."
2020,September,FLORIDA,COASTAL PALM BEACH COUNTY,Z,MFL,25.61,-80.41,0,0.00K,"Multiple reports from broadcast media of coastal flooding along coastal portions of Palm Beach County, including water breaching sea walls and water flooding boat ramps and parking lots. Locations inc"
2020,September,FLORIDA,COASTAL PALM BEACH COUNTY,Z,MFL,25.61,-80.41,0,0.00K,Report from broadcast media of coastal flooding along portions of Flagler Drive in downtown West Palm Beach due to higher than normal high tides.
2020,September,FLORIDA,COASTAL PALM BEACH COUNTY,Z,MFL,25.61,-80.41,0,0.00K,"Multiple reports from broadcast media of coastal flooding along coastal portions of Palm Beach County, including storm drains bubbling up intracoastal water and water rushing over seawalls causing str"
2020,December,CALIFORNIA,SAN FRANCISCO PENINSULA COAST,Z,MTR,37.52,-122.04,0,0.00K,Photographs show Pacifica Pier just south of San Francisco surrounded by large waves during high tide https://www.sfgate.com/weather/article/king-tide-highest-of-year-San-Francisco-15800425.php. Addit
2020,December,CALIFORNIA,SAN FRANCISCO,Z,MTR,37.52,-122.04,0,0.00K,Photographs show minor flooding along the Embarcadero in San Francisco.
2020,December,CALIFORNIA,COASTAL NORTH BAY INCLUDING POINT REYES NATIONAL SEASHORE,Z,MTR,37.52,-122.04,0,0.00K,Photographs show bike path between Sausalito and Mill Valley flooded with sea-water.
2020,December,CALIFORNIA,SOUTHERN MONTEREY BAY AND BIG SUR COAST,Z,MTR,37.52,-122.04,0,0.00K,Photograph showing sea-water flooding walking patch at Salinas River State Beach near Moss Landing.
2020,December,CALIFORNIA,SAN FRANCISCO BAY SHORELINE,Z,MTR,37.52,-122.04,0,0.00K,Photograph showing sea water intrusion of the San Francisco Bay Trail north of the Oyster Point Marina.
2020,November,WASHINGTON,SOUTH COAST,Z,PQR,45.56,-122.98,0,,Water across Highway 101 in Raymond around the time of high tide. The high tide at Toke Point was 12.2 feet.
2020,November,OREGON,NORTHERN OREGON COAST,Z,PQR,45.56,-122.98,0,,Water over Frasier Road in Tillamook county.  Clatsop Spit buoy (46243) reported waves ranging from 19 feet at 17 seconds to 20 feet at 15 seconds from 1126PST to 1256PST. The high tide at Astoria was
2020,November,WASHINGTON,SOUTH COAST,Z,PQR,45.56,-122.98,0,,A road was flooded in Deep River.  A large field was flooded near where the Naselle River meets Willapa Bay.  The high tide at Toke Point was 12.79 feet.
2020,December,NEW JERSEY,WESTERN MONMOUTH,Z,PHI,39.86,-74.46,0,0.00K,Widespread roadway flooding occurred in the tidal areas of Monmouth County during the late morning of December 17.  The tide gauge at Keansburg reached a level of 8.19 feet MLLW.  The tide gauge at Sa
2020,December,NEW JERSEY,EASTERN MONMOUTH,Z,PHI,39.86,-74.46,0,0.00K,Widespread roadway flooding occurred in the tidal areas of Monmouth County during the late morning of December 17.  The tide gauge at Keansburg reached a level of 8.19 feet MLLW.  The tide gauge at Sa
2020,November,SOUTH CAROLINA,CHARLESTON,Z,CHS,32.9,-80.03,0,,"The Isle of Palms Fire Department reported 41st Avenue was completely flooded. Salt water was reported close to, but not inside of, structures in this area."
2020,November,FLORIDA,COASTAL FLAGLER,Z,JAX,30.49,-81.7,0,0.00K,Minor tidal flooding was reported in Flagler Beach along portions of South Flagler Avenue.
2020,December,WASHINGTON,SOUTH COAST,Z,PQR,45.56,-122.98,0,,"The tide gage at Toke Point, WA reported water levels exceeding 11 feet during the higher high tides from the 13th through the 15th. The water levels were 11.1 feet at 1106PST on the 13th, 11.2 feet a"
2020,December,OREGON,NORTHERN OREGON COAST,Z,PQR,45.56,-122.98,0,,"The tide gage at Astoria, OR reported water levels exceeding 10.5 feet during the higher high tides from the 13th to the 16th. The water levels during higher high tides were 10.5 feet at 1130PST on th"
2020,December,MASSACHUSETTS,EASTERN PLYMOUTH,Z,BOX,41.96,-71.13,0,0.00K,"Minor coastal flooding occurred around the time of high tide.  In Hull at 1205 PM EST, there was minor flooding on Nantasket Avenue at the wastewater treatment plant.  In Scituate at 1226 PM EST, the "
2020,December,MASSACHUSETTS,SUFFOLK,Z,BOX,41.96,-71.13,0,0.00K,"Minor coastal flooding occurred around the time of high tide.  In Boston at 1205 PM EST, Two lanes both northbound and southbound of Morrissey Blvd. were closed between UMass and Freeport Street.  In "
2020,December,CALIFORNIA,SAN DIEGO COUNTY COASTAL AREAS,Z,SGX,32.85,-117.11,0,0.00K,Reports of moderate parking lot flooding at Imperial Beach and Cardiff due to high King Tides. High tide was near 7.5 feet that morning.
2020,November,WASHINGTON,SOUTH COAST,Z,PQR,45.56,-122.98,0,,Flooding of parking lots and at least one business in North Cove/Washaway Beach. The high tide at Toke Point was 12.79 feet.
2020,November,OREGON,NORTHERN OREGON COAST,Z,PQR,45.56,-122.98,0,,Minor flooding along Youngs Bay closing one lane of highway 202.  The high tide at Astoria was 11.58 feet.
2020,November,SOUTH CAROLINA,CHARLESTON,Z,CHS,32.9,-80.03,0,,Several reports of significant coastal flooding were received via social media across eastern Charleston County. Significant salt water flooding was reported in the backyards of homes along Foster Cre
2020,November,CALIFORNIA,COASTAL NORTH BAY INCLUDING POINT REYES NATIONAL SEASHORE,Z,MTR,37.52,-122.04,0,0.00K,Minor roadway flooding on Gate 5 Road in Sausalito https://www.kron4.com/news/bay-area/king-tides-hit-the-bay-area/. Timing estimated based on peak tides.
2020,November,CALIFORNIA,NORTH BAY INTERIOR VALLEYS,Z,MTR,37.52,-122.04,0,0.00K,Photograph of a parking lot on Shoreline Highway in Mill Valley shows minor flooding just after peak high tide https://storymaps.arcgis.com/stories/7bb45fa9eb834204bdb0c48170ab14e2.
2020,December,SOUTH CAROLINA,CHARLESTON,Z,CHS,32.9,-80.03,0,,"A maximum tide level of 8.02 feet above Mean Lower Low Water (MLLW), or 2.26 feet above Mean Higher High Water (MHHW), was recorded at the Charleston Harbor tide gage. Major coastal flooding typically"
2020,December,SOUTH CAROLINA,CHARLESTON,Z,CHS,32.9,-80.03,0,,"Law enforcement reported several roads closed due to saltwater flooding in and around downtown Charleston including: Hagood Avenue between Fishburne Street and Line Street, Lockwood Drive at Broad Str"
2020,October,TEXAS,COASTAL SAN PATRICO COUNTY,Z,CRP,27.78,-97.51,0,0.00K,Tide levels rose to 2 to 3 feet MSL during times of high tide. Tide flooded low lying areas and roads near the bays.
2020,October,TEXAS,COASTAL REFUGIO COUNTY,Z,CRP,27.78,-97.51,0,0.00K,Tide levels rose to 2 to 3 feet MSL during times of high tide. Tide flooded low lying areas and roads near the bays.
2020,October,TEXAS,COASTAL CALHOUN COUNTY,Z,CRP,27.78,-97.51,0,0.00K,Tide levels rose to 2 to 3 feet MSL during times of high tide. Tide flooded low lying areas and roads near the bays.
2020,December,MARYLAND,ANNE ARUNDEL,Z,LWX,38.98,-77.47,0,0.00K,"Annapolis stream gage reached moderate flood stage of 3.3 feet during the specified timeframe, reaching a peak of 3.36 feet at 2:26 AM EST."
2020,October,FLORIDA,COASTAL BROWARD COUNTY,Z,MFL,25.61,-80.41,0,0.00K,Photos via Social Media showed minor coastal flooding occurred during high tide at a residential boat dock in Pompano Beach along the Intracoastal Waterway.
2020,October,FLORIDA,COASTAL PALM BEACH COUNTY,Z,MFL,25.61,-80.41,0,0.00K,A channel 25 WPB news reporter observed tidal flooding along Flagler Drive in West Palm Beach near high tide.
2020,October,FLORIDA,COASTAL BROWARD COUNTY,Z,MFL,25.61,-80.41,0,0.00K,"A member of the public observed tidal flooding just south of Dania Beach Blvd along A1A in Broward County, FL."
2020,October,FLORIDA,COASTAL BROWARD COUNTY,Z,MFL,25.61,-80.41,0,0.00K,Report received via Twitter of A1A closed in Hillsboro Beach from 1021 to 900 Hillsboro Mile from coastal flooding.
2020,October,FLORIDA,COASTAL MIAMI-DADE COUNTY,Z,MFL,25.61,-80.41,0,0.00K,Pictures and video received via Twitter from the Miami Herald show street flooding at 82nd Street and Crespi Boulevard in Miami Beach. Flooding mainly from high tide in addition to recent rainfall.
2020,October,FLORIDA,COASTAL BROWARD COUNTY,Z,MFL,25.61,-80.41,0,0.00K,Broadcast media reported coastal flooding from high astronomical tide on Franklin Street between A1A and North Surf Drive. Video shows ponding of water on roadway.
2020,October,FLORIDA,COASTAL BROWARD COUNTY,Z,MFL,25.61,-80.41,0,0.00K,Video via Twitter shows street flooding adjacent to Hollywood Marina from water overtopping the seawall at the marina and flowing into the street during high tide.
2020,December,MARYLAND,SOUTHERN BALTIMORE,Z,LWX,38.98,-77.47,0,0.00K,"Fort McHenry Tidal Gage (BLTM2) reached moderate flood stage for Bowley's Quarters between the specified timeframe, reaching a peak of 3.85 feet at 3:30 AM EST."
2020,October,SOUTH CAROLINA,CHARLESTON,Z,CHS,32.9,-80.03,0,,Law enforcement reported Long Point Road closed at Needlebrush Parkway in Mount Pleasant due to saltwater flooding. A report via social media also indicated saltwater flooding in the back yard of a re
2020,October,FLORIDA,COASTAL DUVAL,Z,JAX,30.49,-81.7,0,0.00K,The peak high tide was 1.65 MHHW datum at the Pottsburg Creek tide gauge at Beach Blvd. Minor tidal flooding begins at 1.5 ft MHHW at this location.
2020,October,SOUTH CAROLINA,CHARLESTON,Z,CHS,32.9,-80.03,0,,"A maximum tide level of 8.19 feet above Mean Lower Low Water (MLLW), or 2.42 feet above Mean Higher High Water (MHHW), was recorded at the Charleston Harbor tide gage. Major coastal flooding typically"
2020,October,SOUTH CAROLINA,CHARLESTON,Z,CHS,32.9,-80.03,0,,Law enforcement reported Central Park Road closed due to saltwater flooding between Riverland Drive and Fleming Road on James Island.
2020,October,SOUTH CAROLINA,CHARLESTON,Z,CHS,32.9,-80.03,0,,"Law enforcement reported several roads closed due to saltwater flooding in and around downtown Charleston including: Hagood Avenue between Fishburne Street and Ashton Street, Lockwood Drive and Broad "
2020,October,FLORIDA,COASTAL DUVAL,Z,JAX,30.49,-81.7,0,0.00K,"The peak high tide was 1.76 MHHW datum at the Mayport tide gauge. This was just below minor tidal flooding stage for the site at 1.8 ft MHHW. On 10/18 at 1036 am, the peak high tide was 1.99 ft. On 10"
2020,October,FLORIDA,COASTAL NASSAU,Z,JAX,30.49,-81.7,0,0.00K,"The peak high tide was 2.05 MHHW datum at the Fernandina Beach NOS tide gauge. This was within the minor tidal flooding stage for the site which begins at 2 ft MHHW. On 10/18, the peak tide was 2.3 ft"
2020,October,FLORIDA,COASTAL FLAGLER,Z,JAX,30.49,-81.7,0,0.00K,The peak high tide was 1.4 MHHW datum at Bings Landing tide gauge in the Intracoastal Waterway. Minor tidal flooding begins at 1.3 ft MHHW at this location.
2020,October,FLORIDA,COASTAL DUVAL,Z,JAX,30.49,-81.7,0,0.00K,High tide reach 1.58 ft MHHW at the downtown Jacksonville tide gauge on the St. Johns River. Minor flooding begins at 1.5 ft MHHW at this location.
2020,October,FLORIDA,COASTAL DUVAL,Z,JAX,30.49,-81.7,0,0.00K,"The peak high tide was 1.84 ft MHHW datum at the Dames Point Bridge on the St. Johns River. Minor tidal flooding begins at 1.60 ft MHHW at this location. On 10/19 at 1224 pm, the high tide was 1.85 ft"
2020,October,FLORIDA,COASTAL DUVAL,Z,JAX,30.49,-81.7,0,0.00K,"The peak high tide was 2.0 MHHW datum at the Clapboard Creek tide gauge. Minor tidal flooding begins at 1.5 ft MHHW at this location. On 10/18 at 1145 am, the high tide was 2.23 ft MHHW. Moderate floo"
2020,October,GEORGIA,COASTAL GLYNN,Z,JAX,30.49,-81.7,0,0.00K,"A high tide of 1.92 ft MHHW was observed at the St. Simons Island tide gauge. Minor coastal flooding begins at 2.0 ft MHHW at this location. On 10/18 at 1000 am, the high tide was 2.07 ft MHHW was obs"
2020,October,GEORGIA,COASTAL CAMDEN,Z,JAX,30.49,-81.7,0,0.00K,"A high tide of 1.77 ft MHHW was observed at the Sea Camp Dock tide gauge on Cumberland Island. Minor coastal flooding begins at 1.7 ft MHHW at this location. On 10/18 at 1115 am, the high tide was 1.9"
2020,October,DELAWARE,DELAWARE BEACHES,Z,PHI,39.86,-74.46,0,0.00K,Widespread roadway flooding occurred with the high tide on the morning of October 30.  Many roads were closed due to the flood waters.  The tide gauge at Lewes reached 7.25 feet MLLW.  The tide gauge 
2020,October,FLORIDA,COASTAL PALM BEACH COUNTY,Z,MFL,25.61,-80.41,0,0.00K,"Ponding of water on Washington Road, just north of Southern Blvd and on South Flagler Drive. This is a combination of the high astronomical tide, which occurred around 10:40 am EDT and exasperated by "
2020,October,NEW JERSEY,EASTERN ATLANTIC,Z,PHI,39.86,-74.46,0,0.00K,Widespread roadway flooding occurred with the high tide on the morning of October 30.  Many roads were closed due to the flood waters.  The tide gauge at Absecon reached 6.59 feet MLLW.  The tide gaug
2020,October,NEW JERSEY,WESTERN ATLANTIC,Z,PHI,39.86,-74.46,0,0.00K,Widespread roadway flooding occurred with the high tide on the morning of October 30.  Many roads were closed due to the flood waters.  The tide gauge at Absecon reached 6.59 feet MLLW.  The tide gaug
2020,October,NEW JERSEY,EASTERN CAPE MAY,Z,PHI,39.86,-74.46,0,0.00K,Widespread roadway flooding occurred with the high tide on the morning of October 30.  Many roads were closed due to the flood waters.  The tide gauge at Ocean City reached 6.30 feet MLLW.  The tide g
2020,October,TEXAS,ARANSAS COUNTY ISLANDS,Z,CRP,27.78,-97.51,0,0.00K,Tide levels ranged from 2 to 4 feet MSL around times of high tide.
2020,October,TEXAS,NUECES COUNTY ISLANDS,Z,CRP,27.78,-97.51,0,0.00K,Tide levels ranged from 2 to 4 feet MSL around times of high tide.
2020,October,TEXAS,GALVESTON ISLAND AND BOLIVAR PENINSULA,Z,HGX,29.47,-95.08,0,,"Prolonged period of high tides, coastal flooding and beach erosion from fringe effects of Hurricane Delta."
2020,October,NEW JERSEY,WESTERN CAPE MAY,Z,PHI,39.86,-74.46,0,0.00K,Widespread roadway flooding occurred with the high tide on the morning of October 30.  Many roads were closed due to the flood waters.  The tide gauge at Ocean City reached 6.30 feet MLLW.  The tide g
2020,October,DELAWARE,INLAND SUSSEX,Z,PHI,39.86,-74.46,0,0.00K,Widespread roadway flooding occurred with the high tide on the morning of October 30.  Many roads were closed due to the flood waters.  The tide gauge at Lewes reached 7.25 feet MLLW.  The tide gauge 
2020,October,TEXAS,KLEBERG COUNTY ISLANDS,Z,CRP,27.78,-97.51,0,0.00K,Tide levels ranged from 2 to 4 feet MSL around times of high tide.
2020,October,TEXAS,CALHOUN COUNTY ISLANDS,Z,CRP,27.78,-97.51,0,0.00K,Tide levels ranged from 2 to 4 feet MSL around times of high tide.
2020,October,TEXAS,COASTAL ARANSAS COUNTY,Z,CRP,27.78,-97.51,0,0.00K,Tide levels rose to 2 to 3 feet MSL during times of high tide. Tide flooded low lying areas and roads near the bays.
2020,October,TEXAS,COASTAL NUECES COUNTY,Z,CRP,27.78,-97.51,0,0.00K,Tide levels rose to 2 to 3 feet MSL during times of high tide. Tide flooded low lying areas and roads near the bays.
2020,June,TEXAS,NUECES COUNTY ISLANDS,Z,CRP,27.78,-97.51,0,100.00K,"Tide levels reached 2.5 feet above mean sea level at Bob Hall Pier. Long period swells ran  up to the dunes. Multiple vehicles were stranded on the beach, including a couple of recreational vehicles."
2020,June,TEXAS,KLEBERG COUNTY ISLANDS,Z,CRP,27.78,-97.51,0,100.00K,Tide levels reached 2.5 feet above mean sea level at Bob Hall Pier. Long period swells ran  up to the dunes. Multiple vehicles were stranded on the beach.
2020,September,PUERTO RICO,NORTHEAST,Z,SJU,18.43,-66.02,0,0.00K,Coastal flooding reported along Road PR-187 near Piï¿½ï¿½ones around Playa Vaciatalega in Loiza.
2020,September,PUERTO RICO,NORTHWEST,Z,SJU,18.43,-66.02,0,0.00K,"Three houses near the beach were affected by coastal flooding. These houses were located in Bajura sector, Barrio Membrillo of Camuy. Debris was also found inside the houses."
2020,November,NEW YORK,SOUTHERN NASSAU,Z,OKX,40.87,-72.86,0,0.00K,A peak water level of 6.3 ft MLLW occurred at the USGS tidal gauge at Hudson Bay at Freeport from 2020-11-15 20:06 EST to 2020-11-15 20:36 EST. The moderate coastal flood threshold of 6.2 ft MLLW was 
2020,December,NEW JERSEY,MIDDLESEX,Z,PHI,39.86,-74.46,0,0.00K,Widespread roadway flooding occurred in the tidal areas of Middlesex County during the late morning of December 17.  The tide gauge at Perth Amboy reached a level of 8.42 feet MLLW.
2023,April,PUERTO RICO,SAN JUAN AND VICINITY,Z,SJU,18.43,-66.02,1,0.00K,"Emergency managers, as well as local newspaper, reported the drowning of a 50-year-old male in La Concha Beach in Condado."
2023,June,DELAWARE,DELAWARE BEACHES,Z,PHI,39.86,-74.46,0,0.00K,"Widespread roadway flooding and some property flooding occurred in the tidal areas of Sussex County.  The tide gauge at Lewes reached 7.24 feet MLLW, the tide gauge at Rosedale Beach reached 5.74 feet"
2023,June,DELAWARE,INLAND SUSSEX,Z,PHI,39.86,-74.46,0,0.00K,"Widespread roadway flooding and some property flooding occurred in the tidal areas of Sussex County.  The tide gauge at Lewes reached 7.24 feet MLLW, the tide gauge at Rosedale Beach reached 5.74 feet"
2023,September,VIRGINIA,VIRGINIA BEACH,Z,AKQ,36.98,-76.49,0,0.00K,"Tropical Storm Ophelia tracked northward across east central North Carolina and up through central Virginia from early Saturday morning, September 23rd into early Sunday morning, September 24th. The c"
2023,October,FLORIDA,COASTAL DUVAL,Z,JAX,30.49,-81.7,0,0.00K,The tide gage at Mayport reached 2.05 ft MHHW. Minor tidal flooding impacts begin at 1.8 ft MHHW.
2023,October,FLORIDA,COASTAL NASSAU,Z,JAX,30.49,-81.7,0,0.00K,The tide gage at Fernandina Beach reached 2.9 ft MHHW. Minor tidal flooding begins at 2 ft MHHW.
2023,September,GEORGIA,COASTAL GLYNN,Z,JAX,30.49,-81.7,0,0.00K,"At 8:15 pm on 9/27, the USGS gage BRNG1 at the Village Pier on St. Simons Island measured a peak water level of 2.49 ft MHHW datum. Moderate flooding begins at this gage at 2.5 ft MHHW. On 9/28 at 8:4"
2023,October,FLORIDA,COASTAL DUVAL,Z,JAX,30.49,-81.7,0,0.00K,The tide gage at the Dames Point Bridge reached 2.03 ft MHHW. Minor tidal flooding begins at 1.6 ft MHHW.
2023,October,GEORGIA,COASTAL CAMDEN,Z,JAX,30.49,-81.7,0,0.00K,The tide gage at the Kings Bay pier measured 2.27 ft MHHW. Minor tidal flooding begins at 2 ft MHHW for this location.
2023,September,VIRGINIA,JAMES CITY,Z,AKQ,36.98,-76.49,0,0.00K,"Tropical Storm Ophelia tracked northward across east central North Carolina and up through central Virginia from early Saturday morning, September 23rd into early Sunday morning, September 24th. The c"
2023,January,MASSACHUSETTS,SUFFOLK,Z,BOX,41.96,-71.13,0,0.00K,"In Revere, at Noon EST, Mills Avenue and Archer Avenue were closed due to coastal flooding.  In the Dorchester section of Boston, from 1212 PM to 1218 PM, both lanes of Morrissey Blvd were closed from"
2023,January,MASSACHUSETTS,EASTERN PLYMOUTH,Z,BOX,41.96,-71.13,0,0.00K,"In Scituate at 1117 AM EST, Cole Parkway was closed due to coastal flooding.  In Duxbury at 1142 AM EST, Cable Hill Road off Gurnet Road was flooded and impassable.  In Hingham at 1215 PM EST, Kilby S"
2023,January,MASSACHUSETTS,EASTERN NORFOLK,Z,BOX,41.96,-71.13,0,3.00K,"In Quincy at 1218 PM EST, a car was stuck in coastal flooding on East Squantum Street at Victory Road.  Victory Road was flooded and impassable."
2023,January,MASSACHUSETTS,EASTERN ESSEX,Z,BOX,41.96,-71.13,0,0.00K,"In Salem at 1215 PM EST, several streets were reportedly closed due to coastal flooding.  In Ipswich at 120 PM EST, Jeffrey's Neck Road was flooded and impassable."
2023,January,CALIFORNIA,COASTAL DEL NORTE,Z,EKA,40.8,-124.55,0,0.00K,Coastal flooding across HWY 101 southeast of Crescent City.
2023,January,CALIFORNIA,COASTAL DEL NORTE,Z,EKA,40.8,-124.55,0,0.00K,Coastal flooding across jetty and adjacent roadway in southeast portion of Crescent City.
2023,January,CALIFORNIA,SOUTHWESTERN HUMBOLDT,Z,EKA,40.8,-124.55,0,0.00K,Four homes in Shelter Cove damaged by large surf and tides.
2023,January,CALIFORNIA,MENDOCINO COAST,Z,EKA,40.8,-124.55,0,0.00K,Parking lot was flooded 1 mile south of Fort Bragg due to coastal storm surge at high tide.
2023,January,CALIFORNIA,SAN DIEGO COUNTY COASTAL AREAS,Z,SGX,32.85,-117.11,0,0.00K,King Tides impacted the Southern California coastline January 21 and 22. Official observed water levels at 9410230 at La Jolla reported a peak water level of 6.90 feet at 1554z on January 21 and 7.04 
2023,January,LOUISIANA,EAST CAMERON,Z,LCH,30.13,-93.22,0,0.00K,The tide at Cameron reached a max height of 4.17 feet above MLLW which briefly flooded highway 82 in downtown Cameron near the courthouse.
2023,January,TEXAS,JEFFERSON,Z,LCH,30.13,-93.22,0,0.00K,Strong south winds ahead of an area of low pressure forced water levels at Sabine Pass up to 4.17 feet above MLLW flooding low areas of Highway 87.
2023,January,GUAM,MARSHALL ISLANDS,Z,GUM,13.49,144.84,0,3.00K,"Coastal flooding in low lying areas of Majuro (capital city located on Majuro atoll) flooded roads and deposited debris, making commute difficult during high tide which occurred at 1530ChST or 1730LST"
2023,February,GUAM,MARSHALL ISLANDS,Z,GUM,13.49,144.84,0,,A north swell generated by passing systems well north of the Marshall Islands created high surf which led to coastal flooding during high tide on the lagoon side of Majuro. Coastal flooding left debri
2023,April,TEXAS,COASTAL CAMERON,Z,BRO,25.91,-97.42,0,0.00K,"High northeasterly winds, associated with a wake low developing behind a thunderstorm complex, contributed to enhanced northeasterly swell which led to coastal flooding across portions of Coastal Came"
2023,April,TEXAS,COASTAL WILLACY,Z,BRO,25.91,-97.42,0,10.00K,"High northeasterly winds, associated with a wake low developing behind a thunderstorm complex, contributed to enhanced northeasterly swell which led to coastal flooding across portions of Coastal Will"
2023,April,FLORIDA,COASTAL DUVAL,Z,JAX,30.49,-81.7,0,0.00K,The NOS Tide Gage at Naval Station Mayport measured a peak tide of 2.03 ft MHHW datum. This was in the Minor Flooding category for this station (Minor flooding begins at 1.8 ft MHHW and Moderate flood
2023,April,FLORIDA,COASTAL ST. JOHNS,Z,JAX,30.49,-81.7,0,0.00K,Over-wash occurred at the Blue House along A1A just south of Carcaba Road.
2023,April,MARYLAND,ANNE ARUNDEL,Z,LWX,38.98,-77.47,0,0.00K,Strong onshore flow up to 30 knots resulted in moderate coastal flooding at Straits Point with water anomalies of 1.5 to 2 ft above astronomical levels. A Coastal Flood Warning was issued early on the
2023,April,MARYLAND,ST. MARY'S,Z,LWX,38.98,-77.47,0,0.00K,The tidal gage at Straits Point reached 3.5 feet late on April 30th for only an hour.
2023,April,FLORIDA,COASTAL NASSAU,Z,JAX,30.49,-81.7,0,0.00K,The NOS tide gage at Fernandina Beach measured a peak surge of 2.5 ft MHHW datum. This is right at the beginning of Moderate Tidal Flooding for this gage.
2023,April,FLORIDA,COASTAL FLAGLER,Z,JAX,30.49,-81.7,0,0.00K,Nuisance tidal flooding was reported via Social Media to Flagler EM near South 23rd Street and Flagler Avenue in Flagler Beach.
2023,April,GEORGIA,COASTAL GLYNN,Z,JAX,30.49,-81.7,0,0.00K,The USGS tide gage at the St Simons Island Village Pier measured a maximum storm surge inundation of 2.38 ft MHHW datum. This was within the Minor Flood category (Minor Flooding begins at 2 ft MHHW an
2023,April,GEORGIA,COASTAL CAMDEN,Z,JAX,30.49,-81.7,0,0.00K,A maximum storm tide of 2.13 ft MHHW datum occurred at the USGS Tide gage at Sea Camp Dock on Cumberland Island. With was in the Minor Flood category.  Minor tidal flooding begins at 1.7 ft MHHW and M
2023,April,GEORGIA,COASTAL CAMDEN,Z,JAX,30.49,-81.7,0,0.00K,A maximum storm tide of 2.45 ft MHHW datum was observed by the NOS tide gage at Kings Bay Pier. Minor flooding begins at 2 ft MHHW and Moderate flooding begins at 2.5 ft MHHW at this location.
2023,May,SOUTH CAROLINA,CHARLESTON,Z,CHS,32.9,-80.03,0,,A maximum tide level of 8.08 feet Mean Lower Low Water (MLLW) or 2.32 feet Mean Higher High Water (MHHW) was observed at the Charleston Harbor National Ocean Service (NOS) tide gauge. Major coastal fl
2023,May,SOUTH CAROLINA,CHARLESTON,Z,CHS,32.9,-80.03,0,,"Charleston Police Department reported numerous roads closed in downtown Charleston including Fishburne, Hagood, and Lockwood."
2023,May,SOUTH CAROLINA,CHARLESTON,Z,CHS,32.9,-80.03,0,,A video received via social media showed water covering the intersection of West Indian Avenue and Sandbar Lane.
2023,May,SOUTH CAROLINA,CHARLESTON,Z,CHS,32.9,-80.03,0,,A video received via social media showed water from James Island Creek covering Central Park Road.
2023,May,SOUTH CAROLINA,COASTAL GEORGETOWN,Z,ILM,34.3,-77.88,0,0.00K,Water covered Myrtle Ave in Pawleys Island due to high tide flooding.
2023,March,MARYLAND,DORCHESTER,Z,AKQ,36.98,-76.49,0,0.00K,"The combination of light east and southeast winds in the mid to upper Chesapeake Bay and continued long period swell was allowing water to become trapped in the bay. In addition, tidal anomalies were "
2023,March,MARYLAND,DORCHESTER,Z,AKQ,36.98,-76.49,0,0.00K,"The combination of light east and southeast winds in the mid to upper Chesapeake Bay and continued long period swell was allowing water to become trapped in the bay. In addition, tidal anomalies were "
2023,March,VIRGINIA,NORTHUMBERLAND,Z,AKQ,36.98,-76.49,0,0.00K,"The combination of light east and southeast winds in the mid to upper Chesapeake Bay and continued long period swell was allowing water to become trapped in the bay. In addition, tidal anomalies were "
2023,May,CALIFORNIA,ORANGE COUNTY COASTAL,Z,SGX,32.85,-117.11,0,0.00K,Local broadcast media observed and reported coastal flooding near Seal Beach Pier up to 18 inches deep from high tide and high surf. At least one car was swamped. No confirmed damage to homes or busin
2023,March,MARYLAND,ANNE ARUNDEL,Z,LWX,38.98,-77.47,0,0.00K,Moderate coastal flooding occurred on March 13 with the gage reaching moderate stage at 4 AM EST and dropping below moderate stage at 9 AM EST.
2023,March,MARYLAND,ST. MARY'S,Z,LWX,38.98,-77.47,0,0.00K,The stream gauge at Straits Point entered moderate flood stage at 4AM EST on Mar 12 and dropped below flood stage at 8 AM EST on that same day.
2023,March,MASSACHUSETTS,DUKES,Z,BOX,41.96,-71.13,0,0.00K,"At 830 AM EST, a NWS employee noticed flooding on webcam video at the Chappaquiddick Ferry in Edgartown and at Five Corners in Vineyard Haven."
2023,June,MARYLAND,ANNE ARUNDEL,Z,LWX,38.98,-77.47,0,0.00K,The Annapolis tide gauge reached a crest of 3.42 ft MLLW at 412 AM EST. Lead time for the event was 8.6 hours.
2023,June,MARYLAND,ST. MARY'S,Z,LWX,38.98,-77.47,0,0.00K,The Straits Point gauge reached 3.77 ft MLLW at 1 AM EST on June 5th. Lead time for this event was 16.7 hours.
2023,June,MARYLAND,ST. MARY'S,Z,LWX,38.98,-77.47,0,0.00K,The Straits Point tide gauge reached 3.56 ft MLLW just above the moderate coastal flood threshold on June 21st. Lead time for this event was 11.1 hours.
2023,June,DELAWARE,KENT,Z,PHI,39.86,-74.46,0,0.00K,Widespread roadway flooding and some property flooding occurred in the tidal areas of Kent County.  The tide gauge at Bowers Beach reached 7.81 feet MLLW.
2023,June,NEW JERSEY,WESTERN ATLANTIC,Z,PHI,39.86,-74.46,0,0.00K,"Widespread roadway flooding and some property flooding occurred in the tidal areas of Atlantic County.  The tide gauge at Absecon reached 6.73 feet MLLW, the tide gauge at the Atlantic City Marina rea"
2023,June,NEW JERSEY,EASTERN CAPE MAY,Z,PHI,39.86,-74.46,0,0.00K,"Widespread roadway flooding and some property flooding occurred in the tidal areas of Cape May County.  The tide gauge at Ocean City reached 6.42 feet MLLW, the tide gauge at Sea Isle City reached 6.9"
2023,June,NEW JERSEY,EASTERN ATLANTIC,Z,PHI,39.86,-74.46,0,0.00K,"Widespread roadway flooding and some property flooding occurred in the tidal areas of Atlantic County.  The tide gauge at Absecon reached 6.73 feet MLLW, the tide gauge at the Atlantic City Marina rea"
2023,June,NEW JERSEY,WESTERN CAPE MAY,Z,PHI,39.86,-74.46,0,0.00K,"Widespread roadway flooding and some property flooding occurred in the tidal areas of Cape May County.  The tide gauge at Ocean City reached 6.42 feet MLLW, the tide gauge at Sea Isle City reached 6.9"
2023,June,FLORIDA,COASTAL NASSAU,Z,JAX,30.49,-81.7,0,0.00K,The NOS tide gauge at Fernandina Beach measured a peak water level of 2.68 ft above normally dry ground (MHHW datum). Moderate flooding begins at 2.5 ft at this station.
2023,June,FLORIDA,COASTAL ST. JOHNS,Z,JAX,30.49,-81.7,0,0.00K,Coastal flooding impacted the St. Augustine area near Lincolnville. About 6 inches to 1 ft of water inundation was observed in the streets. Pictures of flooding showed water depth up to the base of so
2023,June,FLORIDA,COASTAL ST. JOHNS,Z,JAX,30.49,-81.7,0,0.00K,About 1 ft of coastal flood water was across portions of the Lewis Speedway near State Road 16.
2023,June,FLORIDA,COASTAL ST. JOHNS,Z,JAX,30.49,-81.7,0,0.00K,About 1 ft of coastal flood water was across portions of the Lewis Speedway near State Road 16.
2023,June,GEORGIA,COASTAL GLYNN,Z,JAX,30.49,-81.7,0,0.00K,The tide gauge at Saint Simons Island reached a peak tide of 2.58 ft MHHW datum. Moderate flooding begins at 2.5 ft MHHW at this location.
2023,June,GEORGIA,COASTAL CAMDEN,Z,JAX,30.49,-81.7,0,0.00K,The tide gage at Cumberland Island Sea Camp Dock measured a peak water level of 2.33 ft MHHW. Moderate tidal flooding begins at 2.2 ft MHHW at this location.
2023,December,RHODE ISLAND,WASHINGTON,Z,BOX,41.96,-71.13,0,0.00K,"In Westerly at 10:14 AM EST there was coastal flooding on Atlantic Ave at Winnapaug Rd which lasted until 11:30 AM EST. In Narragansett at 10:45 AM EST Narragansett Ave at Boston Neck Rd, Beach Rd by "
2023,December,RHODE ISLAND,NEWPORT,Z,BOX,41.96,-71.13,0,0.00K,In Newport at 11:10 AM EST Ocean Ave in the Brenton Point area and Memorial Blvd from Eustis Ave to the Middletown line were closed.
2023,November,FLORIDA,MONROE/UPPER KEYS,Z,KEY,24.6,-81.73,0,0.00K,"Coastal Flooding observed by Monroe County law enforcement, fire rescue, and Florida DOT over Card Sound Road west of the 3-way stop to just east of Card Sound Bridge, as well as for about a half mile"
2023,December,MASSACHUSETTS,SOUTHERN PLYMOUTH,Z,BOX,41.96,-71.13,0,0.00K,In Marion at 11:35 AM EST Front St at Cottage St was closed. In Mattapoisett at 11:39 AM EST a section of Water St was impassable.
2023,December,MASSACHUSETTS,SOUTHERN BRISTOL,Z,BOX,41.96,-71.13,0,0.00K,In Westport at 11:50 AM EST East Beach Rd was flooded with debris in the road near Horseneck Beach. In New Bedford at 11:56 AM EST East Rodney French Blvd at Butler St was flooded. In Dartmouth at 12:
2023,December,RHODE ISLAND,SOUTHEAST PROVIDENCE,Z,BOX,41.96,-71.13,0,0.00K,In Providence at 12:35 PM EST a car was stuck in coastal flooding in a park area on River Rd next to Narragansett Bay.
2023,August,SOUTH CAROLINA,CHARLESTON,Z,CHS,32.9,-80.03,0,,A maximum tide level of 8.11 ft MLLW (2.35 ft MHHW) was observed at the Charleston|Harbor tide gage (CHTS1). Major coastal flooding typically begins along the coasts of Charleston and Colleton countie
2023,August,SOUTH CAROLINA,CHARLESTON,Z,CHS,32.9,-80.03,0,,Law enforcement reported the Saint Andrews Boulevard ramp on Highway 17 closed due to major salt water flooding.
2023,August,SOUTH CAROLINA,CHARLESTON,Z,CHS,32.9,-80.03,0,,Law enforcement reported Hagood Avenue closed between slightly north of Fishburne Street to Spring Street due to major saltwater flooding.
2023,August,SOUTH CAROLINA,CHARLESTON,Z,CHS,32.9,-80.03,0,,Law enforcement reported Broad Street closed between the beginning of Broad Street to Rutledge Avenue due to major coastal flooding.
2023,August,SOUTH CAROLINA,CHARLESTON,Z,CHS,32.9,-80.03,0,,Law enforcement reported the Lockwood Drive ramp closed between Highway 17 and Lockwood Drive due to major saltwater flooding.
2023,August,SOUTH CAROLINA,CHARLESTON,Z,CHS,32.9,-80.03,0,,Law enforcement reported the intersection of Fishburne Street and Hagood Avenue closed due to major coastal flooding.
2023,August,SOUTH CAROLINA,CHARLESTON,Z,CHS,32.9,-80.03,0,,Law enforcement reported Lockwood Drive closed between Wentworth Street and Broad Street due to major coastal flooding.
2023,August,SOUTH CAROLINA,CHARLESTON,Z,CHS,32.9,-80.03,0,,The media relayed a video of major saltwater flooding occurring in parking lots along Shem Creek.
2023,November,NEW JERSEY,WESTERN OCEAN,Z,PHI,39.86,-74.46,0,,"Widespread roadway flooding occurred in the tidal communities of Ocean County, with the flood waters affecting some vulnerable buildings. The tide gauge at Mantoloking reached 2.81 feet MLLW."
2023,November,NEW JERSEY,EASTERN OCEAN,Z,PHI,39.86,-74.46,0,,"Widespread roadway flooding occurred in the tidal communities of Ocean County, with the flood waters affecting some vulnerable buildings.  The tide gauge at Mantoloking reached 2.81 feet MLLW."
2023,November,MARYLAND,ANNE ARUNDEL,Z,LWX,38.98,-77.47,0,0.00K,Gusty southerly gale force winds raised water levels at the Severn River - Annapolis National Ocean Service (NOS) station late on the 21st. The gauge reached moderate coastal flooding at 926 PM EST on
2023,November,MARYLAND,ST. MARY'S,Z,LWX,38.98,-77.47,0,0.00K,"Gusty southerly gale force winds raised water levels causing moderate coastal flooding at Straits Point. Flooding began at 9 AM on the 22nd, cresting at 3.7' at 10 AM and ending at 12PM. Lead time for"
2023,November,FLORIDA,COASTAL FLAGLER,Z,JAX,30.49,-81.7,0,0.00K,Tidal flooding occurred in Flagler Beach near high tide. South Flagler Avenue at South 23rd Street was under water but still passable via reports from trained storm spotters.
2023,September,NORTH CAROLINA,EASTERN CURRITUCK,Z,AKQ,36.98,-76.49,0,0.00K,The combination of high pressure over southeast Canada and low pressure just off the Mid Atlantic coast resulted in strong northeast winds which caused moderate to major (tidal) coastal flooding over 
2023,November,ALASKA,BRISTOL BAY,Z,AFC,64.81,-147.72,0,0.00K,"Dillingham police reported a surge well above normal high tide occurred on 11/15. They specifically mentioned that High winds brought flood waters at the Boat Harbor. Water pushed up into the coast, w"
2023,September,MARYLAND,DORCHESTER,Z,AKQ,36.98,-76.49,0,0.00K,"Tropical Storm Ophelia tracked northward across east central North Carolina and up through central Virginia from early Saturday morning, September 23rd into early Sunday morning, September 24th. The c"
2023,September,MARYLAND,SOMERSET,Z,AKQ,36.98,-76.49,0,0.00K,"Tropical Storm Ophelia tracked northward across east central North Carolina and up through central Virginia from early Saturday morning, September 23rd into early Sunday morning, September 24th. The c"
2023,September,VIRGINIA,JAMES CITY,Z,AKQ,36.98,-76.49,0,0.00K,The combination of high pressure over southeast Canada and low pressure just off the Mid Atlantic coast resulted in strong northeast winds which caused minor to moderate (tidal) coastal flooding over 
2023,September,VIRGINIA,NORTHUMBERLAND,Z,AKQ,36.98,-76.49,0,0.00K,"Tropical Storm Ophelia tracked northward across east central North Carolina and up through central Virginia from early Saturday morning, September 23rd into early Sunday morning, September 24th. The c"
2023,September,VIRGINIA,CHESAPEAKE,Z,AKQ,36.98,-76.49,0,0.00K,"Tropical Storm Ophelia tracked northward across east central North Carolina and up through central Virginia from early Saturday morning, September 23rd into early Sunday morning, September 24th. The c"
2023,September,VIRGINIA,LANCASTER,Z,AKQ,36.98,-76.49,0,0.00K,"Tropical Storm Ophelia tracked northward across east central North Carolina and up through central Virginia from early Saturday morning, September 23rd into early Sunday morning, September 24th. The c"
2023,September,VIRGINIA,NORFOLK,Z,AKQ,36.98,-76.49,0,0.00K,"Tropical Storm Ophelia tracked northward across east central North Carolina and up through central Virginia from early Saturday morning, September 23rd into early Sunday morning, September 24th. The c"
2023,September,VIRGINIA,LANCASTER,Z,AKQ,36.98,-76.49,0,0.00K,The combination of high pressure over southeast Canada and low pressure just off the Mid Atlantic coast resulted in strong northeast winds which caused minor to moderate (tidal) coastal flooding over 
2023,September,VIRGINIA,NORTHAMPTON,Z,AKQ,36.98,-76.49,0,0.00K,The combination of high pressure over southeast Canada and low pressure just off the Mid Atlantic coast resulted in strong northeast winds which caused minor to moderate (tidal) coastal flooding over 
2023,October,PUERTO RICO,NORTHEAST,Z,SJU,18.43,-66.02,0,1.10K,"Emergency manager called to report saltwater intrusion caused by large breaking waves along Barrio Villa Cristiana, sector Los Lucas in Loiza, PR."
2023,November,FLORIDA,COASTAL MIAMI-DADE COUNTY,Z,MFL,25.61,-80.41,0,0.00K,"A storm surge caused by the strong winds along the coast led to coastal flooding along several beachfront locations in Miami-Dade County. Several streets had standing water, including in Miami Beach. "
2023,October,FLORIDA,COASTAL MIAMI-DADE COUNTY,Z,MFL,25.61,-80.41,0,0.00K,A local emergency manager indicated minor coastal flooding with the morning high tide in Miami Beach. Water was reaching levels above the seawall and approaching the streets near the intersection of C
2023,September,VIRGINIA,NORTHAMPTON,Z,AKQ,36.98,-76.49,0,0.00K,"Tropical Storm Ophelia tracked northward across east central North Carolina and up through central Virginia from early Saturday morning, September 23rd into early Sunday morning, September 24th. The c"
2023,September,VIRGINIA,HAMPTON/POQUOSON,Z,AKQ,36.98,-76.49,0,0.00K,"Tropical Storm Ophelia tracked northward across east central North Carolina and up through central Virginia from early Saturday morning, September 23rd into early Sunday morning, September 24th. The c"
2023,September,VIRGINIA,YORK,Z,AKQ,36.98,-76.49,0,0.00K,"Tropical Storm Ophelia tracked northward across east central North Carolina and up through central Virginia from early Saturday morning, September 23rd into early Sunday morning, September 24th. The c"
2023,October,FLORIDA,COASTAL BROWARD COUNTY,Z,MFL,25.61,-80.41,0,0.00K,"Several members of the public reported, via social media, of coastal flooding on A1A Highway along the Intercoastal Waterway. This occurred during the morning high tide cycle with several inches of st"
2023,October,FLORIDA,COASTAL PALM BEACH COUNTY,Z,MFL,25.61,-80.41,0,0.00K,"Broadcast media reported, via social media, of coastal flooding occurring on N. Flagler Drive near the intersection of Banyan Blvd in West Palm Beach. This occurred during the morning high tide cycle "
2023,October,FLORIDA,COASTAL BROWARD COUNTY,Z,MFL,25.61,-80.41,0,0.00K,"A member of the public reported, via social media, of coastal flooding on A1A Highway along the Intercoastal Waterway. This occurred during the morning high tide cycle with several inches of standing "
2023,October,FLORIDA,COASTAL MIAMI-DADE COUNTY,Z,MFL,25.61,-80.41,0,0.00K,"Salt water flowed over the seawall along A1A between 45th and 53rd streets in Miami Beach, leading to standing water covering one lane. Tide levels at nearby Virginia Key peaked at 1.74 feet MHHW or 3"
2023,November,FLORIDA,COASTAL PALM BEACH COUNTY,Z,MFL,25.61,-80.41,0,0.00K,"A storm surge caused by the strong winds along the coast led to coastal flooding along several beachfront locations in Palm Beach County. Several streets had standing water, including near downtown We"
2023,November,FLORIDA,COASTAL BROWARD COUNTY,Z,MFL,25.61,-80.41,0,20.00K,A storm surge caused by the strong winds along the coast led to coastal flooding along several beachfront locations in Broward County. Most affected area was Hollywood Beach where seawater and sand sp
2023,October,VIRGINIA,NORTHAMPTON,Z,AKQ,36.98,-76.49,0,0.00K,Intensifying low pressure tracking northward off the New England coast produced strong north to northwest winds which caused minor to moderate (tidal) coastal flooding over portions of Northampton cou
2023,October,PUERTO RICO,SAN JUAN AND VICINITY,Z,SJU,18.43,-66.02,0,1.10K,"NWS employee observed coastal flood at Ocean Park, Ultimo Trolley."
2023,October,PUERTO RICO,NORTHEAST,Z,SJU,18.43,-66.02,0,1.10K,"Coastal flooding affected Road 187 in Loiza, Parcelas Suarez, Paseo Atlï¿½ï¿½ntico, due to large breaking waves. Road was closed."
2023,September,VIRGINIA,NORTHAMPTON,Z,AKQ,36.98,-76.49,0,0.00K,"Tropical Storm Ophelia tracked northward across east central North Carolina and up through central Virginia from early Saturday morning, September 23rd into early Sunday morning, September 24th. The c"
2023,September,MARYLAND,DORCHESTER,Z,AKQ,36.98,-76.49,0,0.00K,"Tropical Storm Ophelia tracked northward across east central North Carolina and up through central Virginia from early Saturday morning, September 23rd into early Sunday morning, September 24th. The c"
2023,October,VIRGINIA,VIRGINIA BEACH,Z,AKQ,36.98,-76.49,0,0.00K,Intensifying low pressure tracking northward off the New England coast produced strong north to northwest winds which caused minor to moderate (tidal) coastal flooding over portions of Virginia Beach.
2023,October,NORTH CAROLINA,EASTERN CURRITUCK,Z,AKQ,36.98,-76.49,0,0.00K,Intensifying low pressure tracking northward off the New England coast produced strong north to northwest winds which caused minor to moderate (tidal) coastal flooding over portions of Currituck count
2023,October,NORTH CAROLINA,EASTERN CURRITUCK,Z,AKQ,36.98,-76.49,0,0.00K,Intensifying low pressure tracking northeast off the Mid Atlantic coast produced strong north winds which caused minor to moderate (tidal) coastal flooding over portions of Currituck county adjacent t
2023,November,NORTH CAROLINA,EASTERN CURRITUCK,Z,AKQ,36.98,-76.49,0,0.00K,The combination of low pressure tracking toward the northern Atlantic and high pressure building toward the Mid Atlantic region from the west produced strong north winds which caused minor to moderate
2023,September,FLORIDA,COASTAL BROWARD COUNTY,Z,MFL,25.61,-80.41,0,0.00K,"Tidal flooding was reported near the times of high tide along and near the Intracoastal Waterway, mainly affecting typically flood prone areas near State Road A1A and Sheridan Street in Hollywood and "
2023,September,SOUTH CAROLINA,CHARLESTON,Z,CHS,32.9,-80.03,0,,The tide level at the National Ocean Service tide gage in Charleston Harbor measured a peak tide level of 8.06 feet above Mean Lower Low Water (MLLW). Major coastal flooding typically begins along the
2023,September,MARYLAND,ANNE ARUNDEL,Z,LWX,38.98,-77.47,0,0.00K,Tropical Storm Ophelia caused moderate coastal flooding at Annapolis on the 24th with the gauge at the Naval Academy reaching a crest of 3.75 ft MLLW. Lead time for this event was 30.5 hours.
2023,September,DISTRICT OF COLUMBIA,DISTRICT OF COLUMBIA,Z,LWX,38.98,-77.47,0,0.00K,Moderate coastal flooding was observed in Washington DC early on Sep 24th for one high tide cycle with the DC Waterfront NOS tide gauge cresting at 5.83 ft MLLW. Lead time for this event was 34.8 hour
2023,September,MARYLAND,ST. MARY'S,Z,LWX,38.98,-77.47,0,0.00K,Persistent onshore flow caused moderate coastal flooding at Straits Point at the end of the month on the heels of Tropical Storm Ophelia. This event was longer in duration than the flooding that occur
2023,September,VIRGINIA,ARLINGTON,Z,LWX,38.98,-77.47,0,0.00K,Tropical Storm Ophelia caused moderate coastal flooding in the City of Alexandria with the river gauge cresting at 4.44 ft MLLW early on Sep 24th (threshold is 4.2 ft). Lead time for this event was 9.
2023,September,NEW JERSEY,EASTERN ATLANTIC,Z,PHI,39.86,-74.46,0,0.00K,"Widespread roadway flooding was reported in the tidal areas of the county, and there were numerous road closures.  Many homes and other buildings were surrounded by flood waters with some minor proper"
2023,September,NEW JERSEY,WESTERN ATLANTIC,Z,PHI,39.86,-74.46,0,0.00K,"Widespread roadway flooding was reported in the tidal areas of the county, and there were numerous road closures.  Many homes and other buildings were surrounded by flood waters with some minor proper"
2023,September,NEW JERSEY,EASTERN CAPE MAY,Z,PHI,39.86,-74.46,0,0.00K,"Widespread roadway flooding was reported in the tidal areas of the county, and there were numerous road closures.  Many homes and other buildings were surrounded by flood waters with some minor proper"
2023,September,FLORIDA,COASTAL MIAMI-DADE COUNTY,Z,MFL,25.61,-80.41,0,0.00K,An emergency manager reported saltwater flooding in Miami Beach along the Intracoastal Waterway and Biscayne Bay shorelines during the high tide cycles. Standing water was less than 1 foot in parking 
2023,September,FLORIDA,COASTAL PALM BEACH COUNTY,Z,MFL,25.61,-80.41,0,0.00K,Broadcast media reported via social media of saltwater flooding on Flagler Drive on the western side of the Intracoastal Waterway in West Palm Beach. Standing water was less than 1 foot on nearby side
2023,September,NEW JERSEY,WESTERN CAPE MAY,Z,PHI,39.86,-74.46,0,0.00K,"Widespread roadway flooding was reported in the tidal areas of the county, and there were numerous road closures. Many homes and other buildings were surrounded by flood waters with some minor propert"
2023,September,DELAWARE,DELAWARE BEACHES,Z,PHI,39.86,-74.46,0,0.00K,"Widespread roadway flooding was reported in the tidal areas of the county, and there were numerous road closures. Many homes and other buildings were surrounded by flood waters with some minor propert"
2023,September,DELAWARE,INLAND SUSSEX,Z,PHI,39.86,-74.46,0,0.00K,"Widespread roadway flooding was reported in the tidal areas of the county, and there were numerous road closures. Many homes and other buildings were surrounded by flood waters with some minor propert"
2023,September,FLORIDA,COASTAL MIAMI-DADE COUNTY,Z,MFL,25.61,-80.41,0,0.00K,"The public shared pictures and videos of street flooding in Key Biscayne resulting from a combination of rainfall and high tides. Standing water of less than 1 foot was observed on roads, driveways, a"
2023,September,FLORIDA,COASTAL MIAMI-DADE COUNTY,Z,MFL,25.61,-80.41,0,0.00K,The public shared pictures of saltwater flooding in NE Miami near Northeast 10th Avenue and Northeast 79th Street. Standing water of 1 foot or less was observed on roads and sidewalks. Tide levels at 
2023,September,DELAWARE,KENT,Z,PHI,39.86,-74.46,0,0.00K,"Widespread roadway flooding was reported in the tidal areas of the county, and there were numerous road closures. Many homes and other buildings were surrounded by flood waters with some minor propert"
2023,September,NEW JERSEY,EASTERN CAPE MAY,Z,PHI,39.86,-74.46,0,0.00K,"Widespread roadway flooding was reported in the tidal areas of the county, and there were numerous road closures. Many homes and other buildings were surrounded by flood waters with some minor propert"
2023,September,PUERTO RICO,NORTHEAST,Z,SJU,18.43,-66.02,0,0.00K,"Emergency managers indicated that braking waves were reaching PR-187 at Playa Vacia  Talega. The road was passable, but sand was accumulating in the lanes."
2023,September,NEW JERSEY,WESTERN CAPE MAY,Z,PHI,39.86,-74.46,0,0.00K,"Widespread roadway flooding was reported in the tidal areas of the county, and there were numerous road closures. Many homes and other buildings were surrounded by flood waters with some minor propert"
2023,September,DELAWARE,DELAWARE BEACHES,Z,PHI,39.86,-74.46,0,0.00K,"Widespread roadway flooding was reported in the tidal areas of the county, and there were numerous road closures. Many homes and other buildings were surrounded by flood waters with some minor propert"
2023,September,DELAWARE,INLAND SUSSEX,Z,PHI,39.86,-74.46,0,0.00K,"Widespread roadway flooding was reported in the tidal areas of the county, and there were numerous road closures. Many homes and other buildings were surrounded by flood waters with some minor propert"
2023,September,NEW JERSEY,EASTERN ATLANTIC,Z,PHI,39.86,-74.46,0,0.00K,"Widespread roadway flooding was reported in the tidal areas of the county, and there were numerous road closures. Many homes and other buildings were surrounded by flood waters with some minor propert"
2023,September,NEW JERSEY,WESTERN ATLANTIC,Z,PHI,39.86,-74.46,0,0.00K,"Widespread roadway flooding was reported in the tidal areas of the county, and there were numerous road closures. Many homes and other buildings were surrounded by flood waters with some minor propert"
2023,September,MARYLAND,ST. MARY'S,Z,LWX,38.98,-77.47,0,0.00K,Moderate coastal flooding occurred at Straits Point over multiple high tide cycles reaching a crest of 4.29 ft MLLW (moderate flooding threshold is 3.5 ft MLLW) or just over 2 ft of inundation. Lead t
2023,August,NORTH CAROLINA,EASTERN CURRITUCK,Z,AKQ,36.98,-76.49,0,0.00K,"The combination of surface high pressure centered over the eastern Great Lakes and Tropical Storm Idalia lifting northeast then east off the North Carolina outer banks, resulted in very strong northea"
2023,August,VIRGINIA,VIRGINIA BEACH,Z,AKQ,36.98,-76.49,0,0.00K,"The combination of surface high pressure centered over the eastern Great Lakes and Tropical Storm Idalia lifting northeast then east off the North Carolina outer banks, resulted in very strong northea"
2023,August,VIRGINIA,NORTHAMPTON,Z,AKQ,36.98,-76.49,0,0.00K,"The combination of surface high pressure centered over the eastern Great Lakes and Tropical Storm Idalia lifting northeast then east off the North Carolina outer banks, resulted in very strong northea"
2023,September,FLORIDA,COASTAL DUVAL,Z,JAX,30.49,-81.7,0,0.00K,"The NOS tide site MYPF1 at Mayport recorded a peak tide value of 1.93 ft MHHW datum on 9/27 at 9:18 pm. Minor tidal flooding begins at 1.8 ft MHHW. At 8:54 pm on 9/28, the gage measured a peak water l"
2023,September,FLORIDA,COASTAL FLAGLER,Z,JAX,30.49,-81.7,0,0.00K,"At 5:02 pm on 9/29, the emergency manager reported minor coastal flooding across portions of South Flagler Avenue near South 23rd Street in Flagler County. Afternoon tides were peaking in the Matanzas"
2023,September,GEORGIA,COASTAL CAMDEN,Z,JAX,30.49,-81.7,0,0.00K,"On 9/27 at 8:30 pm, the NOS gage at Kings Bay Pier recorded a peak water level of 2.46 ft MHHW datum. Moderate flooding begins at this location at 2.5 ft MHHW. On 9/28 at 9:30 pm, the gage reached 2.3"
2023,September,FLORIDA,COASTAL NASSAU,Z,JAX,30.49,-81.7,0,0.00K,"The NOS tide gage FRDF1 at Fernandina Beach recorded a peak tide value of 2.43 ft MHHW on 9/27 at 9:36 pm. Minor tidal flooding begins at 2 ft MHHW at this location. On 9/28 at 9:18 pm, the gage measu"
2023,December,FLORIDA,COASTAL HILLSBOROUGH,Z,TBW,27.71,-82.4,0,0.00K,"Local EM reported numerous streets and roadways flooded across Hillsborough County, including portions of Bayshore Boulevard, South West Shore Boulevard, 22nd Street, and the Courtney Campbell Bridge."
2023,December,FLORIDA,COASTAL CHARLOTTE,Z,TBW,27.71,-82.4,0,0.00K,Broadcast media relayed reports of coastal flooding across Charlotte County along East Marion Avenue and Scott Street as well as immediate surroundings.
2023,December,NEW YORK,SOUTHERN NASSAU,Z,OKX,40.87,-72.86,0,,"Moderate to locally major coastal flooding occurred along the south shore of Nassau:||At the Freeport USGS tidal gauge, major floooding of 7.2 ft MLLW occurred at 1236 PM EST. Moderate flooding of 6.5"
2023,December,NEW YORK,SOUTHWEST SUFFOLK,Z,OKX,40.87,-72.86,0,,"Major coastal flooding occurred along the south shore of SW Suffolk, and major beach erosion also occurred along the south shore of Fire Island:||At the Watch Hill/Fire Island USGS tidal gauge, major "
2023,December,FLORIDA,COASTAL FLAGLER,Z,JAX,30.49,-81.7,0,0.00K,Tidal flooding produced low end flooding in Flagler Beach along South Flagler Avenue and South 23rd Street. There was no water intrusion into homes.
2023,December,FLORIDA,PINELLAS,Z,TBW,27.71,-82.4,0,0.00K,"Numerous reports received from pubic of streets and roadways flooded in and around Saint Petersburg, from around the Venetian and Eden Isles areas southward through Saint Petersburg down to around Coq"
2023,December,FLORIDA,COASTAL MANATEE,Z,TBW,27.71,-82.4,0,0.00K,Reports received from pubic of streets and roadways flooded across parts of Longboat Key in the vicinity of Broadway Street.
2023,December,NEW YORK,SOUTHEAST SUFFOLK,Z,OKX,40.87,-72.86,0,,"Moderate coastal flooding and major beach erosion occurred along the south shore of SE Suffolk:||At the East Moriches USGS tidal gauge, moderate coastal flooding of 5.3 ft MLLW or more occurred from 1"
2023,December,NEW YORK,NORTHEAST SUFFOLK,Z,OKX,40.87,-72.86,0,,"Moderate coastal flooding occurred along the shores of NE Suffolk:||At the Orient Harbor USGS tidal gauge, moderate coastal flooding of 5.8 ft MLLW occurred from 236 PM EST to 321 PM EST."
2023,December,FLORIDA,PINELLAS,Z,TBW,27.71,-82.4,0,0.00K,Fire Rescue reported multiple road closures due to flooding across parts of Tarpon Springs including US Highway 19 and Martin Luther King Drive.
2023,December,FLORIDA,COASTAL LEE,Z,TBW,27.71,-82.4,0,0.00K,"Broadcast media relayed reports of multiple road closures due to flooding across downtown Fort Myers, including Park Avenue, Palm Beach Boulevard, and First Street."
2023,December,FLORIDA,INALND ST. JOHNS,Z,JAX,30.49,-81.7,0,0.00K,Flooding was reported along Colee Cove Road due to heavy rain and tidal flooding from the St. Johns River.
2023,December,CALIFORNIA,NORTHERN MONTEREY BAY,Z,MTR,37.52,-122.04,0,0.01K,Capitola Village flooded as a result of high surf with waves 20-25 feet high.
2023,December,CALIFORNIA,NORTHERN MONTEREY BAY,Z,MTR,37.52,-122.04,0,0.01K,Several neighborhoods in coastal Santa Cruz County were evacuated as a result of coastal flooding.
2023,December,CALIFORNIA,COASTAL NORTH BAY INCLUDING POINT REYES NATIONAL SEASHORE,Z,MTR,37.52,-122.04,0,0.01K,"Stinson Beach was evacuated due to coastal flooding. KPIX television reported that one couple saw their street flooded, water close to their home being kept out by sandbags. One minor injury was repor"
2023,December,FLORIDA,PINELLAS,Z,TBW,27.71,-82.4,0,100.00K,"Reports received from pubic of streets and roadways flooded in Clearwater Beach area, with a few homes experiencing minor inundation within garages in North Beach."
2023,December,PENNSYLVANIA,LOWER BUCKS,Z,PHI,39.86,-74.46,0,0.00K,"Widespread roadway flooding occurred in the tidal communities of northwestern Burlington County. The tide gauge at Burlington reached 11.01 feet MLLW, and the tide gauge at Newbold (Bucks County, Penn"
2023,December,NEW JERSEY,EASTERN MONMOUTH,Z,PHI,39.86,-74.46,0,0.00K,"Widespread roadway flooding occurred in the tidal communities of Monmouth County. Water entered vulnerable buildings causing some damage.  The tide gauge at Sea Bright reached 6.49 feet MLLW, and the "
2023,December,NEW JERSEY,WESTERN MONMOUTH,Z,PHI,39.86,-74.46,0,0.00K,"Widespread roadway flooding occurred in the tidal communities of Monmouth County. Water entered vulnerable buildings causing some damage.  The tide gauge at Sea Bright reached 6.49 feet MLLW, and the "
2023,December,CALIFORNIA,ORANGE COUNTY COASTAL,Z,SGX,32.85,-117.11,0,0.00K,Low-lying beach parking lots closed in Seal Beach due to coastal flooding.
2023,December,PENNSYLVANIA,PHILADELPHIA,Z,PHI,39.86,-74.46,0,0.00K,Widespread roadway flooding occurred in the tidal areas of Philadelphia. The tide gauge at the US Coast Guard Station reached 9.59 feet MLLW.
2023,December,DELAWARE,NEW CASTLE,Z,PHI,39.86,-74.46,0,0.00K,Widespread roadway flooding occurred in the tidal areas of New Castle County. The tide gauge at Newport reached 8.66 feet MLLW and the tide gauge at Wilmington reached 8.46 feet MLLW.
2023,December,DELAWARE,DELAWARE BEACHES,Z,PHI,39.86,-74.46,0,0.00K,"Widespread roadway flooding was reported in the tidal areas of the county, and there were numerous road closures. Many homes and other buildings were surrounded by flood waters with some minor propert"
2023,December,DELAWARE,INLAND SUSSEX,Z,PHI,39.86,-74.46,0,0.00K,"Widespread roadway flooding was reported in the tidal areas of the county, and there were numerous road closures. Many homes and other buildings were surrounded by flood waters with some minor propert"
2023,December,NEW JERSEY,NORTHWESTERN BURLINGTON,Z,PHI,39.86,-74.46,0,0.00K,Widespread roadway flooding occurred in the tidal communities of northwestern Burlington County. The tide gauge at Burlington reached 10.49 feet MLLW.
2023,December,PENNSYLVANIA,LOWER BUCKS,Z,PHI,39.86,-74.46,0,0.00K,Widespread roadway flooding occurred in the tidal communities of lower Bucks County. The tide gauge at Burlington reached 10.49 feet MLLW.
2023,December,NEW JERSEY,EASTERN OCEAN,Z,PHI,39.86,-74.46,0,0.00K,"Widespread roadway flooding occurred in the tidal communities of Ocean County. Water entered vulnerable buildings causing some damage. The tide gauge at Mantoloking reached 3.20 feet MLLW, the tide ga"
2023,December,NEW JERSEY,WESTERN OCEAN,Z,PHI,39.86,-74.46,0,0.00K,"Widespread roadway flooding occurred in the tidal communities of Ocean County. Water entered vulnerable buildings causing some damage. The tide gauge at Mantoloking reached 3.20 feet MLLW, the tide ga"
2023,December,NEW JERSEY,NORTHWESTERN BURLINGTON,Z,PHI,39.86,-74.46,0,0.00K,"Widespread roadway flooding occurred in the tidal communities of northwestern Burlington County. The tide gauge at Burlington reached 11.01 feet MLLW, and the tide gauge at Newbold (Bucks County, Penn"
2023,December,NEW JERSEY,CAMDEN,Z,PHI,39.86,-74.46,0,0.00K,Widespread roadway flooding occurred in the tidal communities of Camden County. The tide gauge at the US Coast Guard Station in Philadelphia reached 9.59 feet MLLW.
2023,December,NEW JERSEY,MERCER,Z,PHI,39.86,-74.46,0,0.00K,"Widespread moderate flooding occurred along the tidal Delaware River and its tidal tributaries. There were road closures with the flood waters approaching some buildings. The tide gauge at Newbold, Pe"
2023,December,PENNSYLVANIA,PHILADELPHIA,Z,PHI,39.86,-74.46,0,0.00K,Widespread roadway flooding occurred in the tidal areas of Philadelphia. The tide at Bridesburg reached 9.55 feet MLLW.
2023,December,NEW JERSEY,CAMDEN,Z,PHI,39.86,-74.46,0,0.00K,Widespread roadway flooding occurred in the tidal communities of Camden County. The tide gauge at Bridesburg (Philadelphia) reached 9.55 feet MLLW.
2023,December,PENNSYLVANIA,DELAWARE,Z,PHI,39.86,-74.46,0,0.00K,Widespread roadway flooding occurred in the tidal communities of Delaware County. The tide gauge at the US Coast Guard Station in Philadelphia reached 9.59 feet MLLW and tide gauge at Marcus Hook reac
2023,December,NEW JERSEY,GLOUCESTER,Z,PHI,39.86,-74.46,0,0.00K,"Widespread roadway flooding occurred in the tidal communities of Gloucester County. The tide gauge at the US Coast Guard Station in Philadelphia reached 9.59 feet MLLW, and the tide gauge at Marcus Ho"
2023,December,NORTH CAROLINA,BEAUFORT,Z,MHX,34.78,-76.88,0,,"Strong southeast winds pushed water toward the western end of Pamlico Sound and up the Pamlico River, causing flooding in Washington. Water levels peaked at just after 8:00 pm EST."
2023,December,VIRGINIA,NORTHAMPTON,Z,AKQ,36.98,-76.49,0,0.00K,"Strong low pressure moving northward along the coast resulted in very strong southeast, south and then west winds which caused minor to moderate (tidal) coastal flooding over portions of Northampton c"
2023,December,MAINE,COASTAL HANCOCK,Z,CAR,46.87,-68.02,0,,Onshore winds sustained at 30 to 40 mph and gusting 60 to 70 mph piled water along the coast while also generating large crashing waves. Coastal flooding occurred around the time of the afternoon high
2023,December,MAINE,COASTAL WASHINGTON,Z,CAR,46.87,-68.02,0,,Onshore winds sustained at 30 to 40 mph and gusting 80 to 90 mph piled water along the coast while also generating large crashing waves. Coastal flooding occurred around the time of the afternoon high
2023,December,SOUTH CAROLINA,CHARLESTON,Z,CHS,32.9,-80.03,0,,Law enforcement reported Market Street in downtown Charleston closed to due saltwater flooding.
2023,December,SOUTH CAROLINA,CHARLESTON,Z,CHS,32.9,-80.03,0,,Law enforcement reported Bogard Street near Rutledge Avenue in downtown Charleston closed to due saltwater flooding.
2023,December,VIRGINIA,NORTHUMBERLAND,Z,AKQ,36.98,-76.49,0,0.00K,"Strong low pressure moving northward along the coast resulted in very strong southeast, south and then west winds which caused minor to moderate (tidal) coastal flooding over portions of Northumberlan"
2023,December,SOUTH CAROLINA,CHARLESTON,Z,CHS,32.9,-80.03,0,,Law enforcement reported Lockwood Drive between Wentworth Street and Broad Street in downtown Charleston closed to due saltwater flooding.
2023,December,SOUTH CAROLINA,CHARLESTON,Z,CHS,32.9,-80.03,0,,Law enforcement reported Bennett Street between Barre Street and Rutledge Avenue closed due to saltwater flooding.
2023,December,SOUTH CAROLINA,SOUTHERN COLLETON,Z,CHS,32.9,-80.03,0,,"A Colleton County emergency manager reported Lybrand Street and Dockside Road on Edisto Island, South Carolina closed due to saltwater flooding."
2023,December,SOUTH CAROLINA,SOUTHERN COLLETON,Z,CHS,32.9,-80.03,0,,"A Colleton County emergency manager Palmetto Boulevard on Edisto Island, South Carolina closed due to saltwater flooding."
2023,December,SOUTH CAROLINA,CHARLESTON,Z,CHS,32.9,-80.03,0,,A maximum tide level of 9.86 ft MLLW (4.10 ft MHHW) was observed at the Charleston Harbor Tide Gage (CHTS1). Major coastal flooding typically begins along the coasts of Charleston and Colleton countie
2023,December,SOUTH CAROLINA,SOUTHERN COLLETON,Z,CHS,32.9,-80.03,0,,"A Colleton County emergency manager reported the 100 Block and 300 Block of Palmetto Boulevard closed due to saltwater flooding. Additionally, Lybrand Street/Dockside Road was closed due to saltwater "
2023,December,SOUTH CAROLINA,SOUTHERN COLLETON,Z,CHS,32.9,-80.03,0,,A Colleton County emergency manager reported Highway 174 closed at the Edistonian Gas Station due to 2.5 ft of saltwater flooding moving across the causeway heading into Edisto Island Beach.
2023,December,SOUTH CAROLINA,CHARLESTON,Z,CHS,32.9,-80.03,0,,A video shared via social media showed saltwater flooding covering Highway 17 heading into West Ashley from downtown Charleston and indicated at least 6 cars stranded in water.
2023,December,SOUTH CAROLINA,CHARLESTON,Z,CHS,32.9,-80.03,0,,Law enforcement reported that Rivers Avenue is closed in both directions near Melbourne Avenue due to coastal flooding from adjacent Noisette Creek.
2023,December,FLORIDA,COASTAL PALM BEACH COUNTY,Z,MFL,25.61,-80.41,0,0.00K,"Broadcast media reported of a traffic alert in the town of Palm Beach due to coastal flooding during high tide. There was flooding on South Ocean Blvd, extending from 500 to 700 S Ocean Blvd. Tide lev"
2023,December,SOUTH CAROLINA,CHARLESTON,Z,CHS,32.9,-80.03,0,,Law Enforcement reported that Virginia Avenue is closed in both directions at Interstate 526 due to coastal flooding.
2023,December,SOUTH CAROLINA,SOUTHERN COLLETON,Z,CHS,32.9,-80.03,0,,A Colleton County emergency manager reported waves breaking under Coot's Restaurant along Edisto Beach and sea water approaching Palmetto Boulevard. Numerous interlocked and stacked concrete slabs wei
2023,December,FLORIDA,MAINLAND MONROE,Z,MFL,25.61,-80.41,0,100.00K,"The National Park Service reported coastal flooding that inundated the campgrounds, housing area, and maintenance areas around Flamingo. Eleven vehicles had water          intrusion and one required a"
2023,December,MARYLAND,ST. MARY'S,Z,LWX,38.98,-77.47,0,0.00K,A strong coastal low pressure system caused both moderate fresh water and coastal flooding along and east of the I-95 corridor. The Straits Point gage in St. Mary's County crested at 3.78' at 6 AM EST
2023,December,MARYLAND,ANNE ARUNDEL,Z,LWX,38.98,-77.47,0,0.00K,A strong coastal low pressure system raised water levels 1 to 2 ft above normal causing moderate coastal flooding at the City of Annapolis MD. The Annapolis National Ocean Service (NOS) station creste
2023,December,SOUTH CAROLINA,CHARLESTON,Z,CHS,32.9,-80.03,0,,A Charleston County emergency manager relayed a picture of saltwater flooding approximately 1 to 1.5 ft deep in a parking lot near the Shem Creek Boardwalk.
2023,December,SOUTH CAROLINA,TIDAL BERKELEY,Z,CHS,32.9,-80.03,0,,The public relayed a picture of saltwater flooding covering the boardwalk and dock at Beresford Creek on Daniel Island.
2023,December,NORTH CAROLINA,COASTAL NEW HANOVER,Z,ILM,34.3,-77.88,0,0.00K,Wrightsville Beach tide gage at Johnny Mercer Pier crested at 6.68 feet (MLLW).
2023,December,NORTH CAROLINA,INLAND NEW HANOVER,Z,ILM,34.3,-77.88,0,0.00K,The tide gage along the Lower Cape Fear River at downtown Wilmington crested at 7.03 feet (MLLW).
2023,December,MARYLAND,SOMERSET,Z,AKQ,36.98,-76.49,0,0.00K,"Strong low pressure moving northward along the coast resulted in very strong southeast, south and then west winds which caused minor to moderate (tidal) coastal flooding over portions of Somerset coun"
2023,December,MARYLAND,DORCHESTER,Z,AKQ,36.98,-76.49,0,0.00K,"Strong low pressure moving northward along the coast resulted in very strong southeast, south and then west winds which caused minor to moderate (tidal) coastal flooding over portions of Dorchester co"
2023,December,MARYLAND,DORCHESTER,Z,AKQ,36.98,-76.49,0,0.00K,"Strong low pressure moving northward along the coast resulted in very strong southeast, south and then west winds which caused minor to moderate (tidal) coastal flooding over portions of Dorchester co"
2023,December,NEW YORK,SOUTHERN QUEENS,Z,OKX,40.87,-72.86,0,,"Moderate coastal flooding occurred along the south shore of Queens:||At the Jamaica Bay (Inwood) USGS tidal gauge, moderate flooding above the threshold of 8.5 ft MLLW occurred from 1154 AM to 1230 PM"
2023,December,NORTH CAROLINA,OCRACOKE ISLAND,Z,MHX,34.78,-76.88,0,,NC Highway 12 on Ocracoke Island was closed due to severe ocean overwash and safety. The closure was between the pony pen and the ferry dock. Coastal flooding peaked during the late evening and early 
2023,December,NORTH CAROLINA,HATTERAS ISLAND,Z,MHX,34.78,-76.88,0,,NC Highway 12 north of Hatteras village was closed due to severe ocean overwash and multiple dune breaches. The closure was between Sandpiper Lane to the north and Elizabeth DR SR1272 to the south.
2021,May,LOUISIANA,WESTERN ORLEANS PARISH,Z,LIX,29.75,-89.82,0,0.00K,Report from Orleans EOC that Venetian Isles had a few inches of water over roadways and earlier report of water over highways.
2021,May,LOUISIANA,ST. JOHN THE BAPTIST,Z,LIX,29.75,-89.82,0,0.00K,Report of normally dry areas in Riverland Heights near Airline Highway has water seeping up from storm drains. Highway 51 was closed north of Laplace near Lake Pontchartrain and I-55 along with all on
2021,January,WASHINGTON,CENTRAL COAST,Z,SEW,47.68,-122.25,0,1000.00K,Coastal flooding inundated a picnic area at Rialto Beach in Olympic National Park during the morning hours of January 13.
2021,January,WASHINGTON,WESTERN WHATCOM COUNTY,Z,SEW,47.68,-122.25,0,100.00K,Coastal Flooding from King Tides led to flooding of the Bridge Community Center in Birch Bay.
2021,May,MISSISSIPPI,HANCOCK,Z,LIX,29.75,-89.82,0,0.00K,"By May 21st, 244 streets were impassable due to previous days high water from coatal flooding. The worst flooding was reported by 1800 LST May 20th with 2017 flooding streets, which was also at the ti"
2021,May,LOUISIANA,ST. JAMES,Z,LIX,29.75,-89.82,0,0.00K,"Report of many on and off ramps off of Interstate 10 and local roads were impassable, including LA 641."
2021,May,LOUISIANA,ST. CHARLES,Z,LIX,29.75,-89.82,0,0.00K,"Des Allemands and Bayou Gauche reporting very high water, with several roadways impassable."
2021,May,LOUISIANA,ASCENSION,Z,LIX,29.75,-89.82,0,0.00K,Report of coastal flooding across Alligator Bayou and Bayou Bluff.
2021,May,LOUISIANA,UPPER PLAQUEMINES,Z,LIX,29.75,-89.82,0,0.00K,Highest water levels during previous two nights high tide cycles put about 6 inches of water on Highway 23. Typical east bank areas exposed to easterly winds had high water east of Alliance Refinery a
2021,May,LOUISIANA,SOUTHEAST ST. TAMMANY PARISH,Z,LIX,29.75,-89.82,0,0.00K,Report that areas around and including Bayou Liberty has water over roadways from coastal flooding.
2021,February,MAINE,COASTAL HANCOCK,Z,CAR,46.87,-68.02,0,,Strong onshore winds...large waves along with a high astronomical tide led to coastal flooding across portions of coastal Hancock county around the time of high tide. Seawall Road was closed for sever
2021,May,LOUISIANA,LOWER PLAQUEMINES,Z,LIX,29.75,-89.82,0,0.00K,Highest water levels during previous two nights high tide cycles put about 6 inches of water on Highway 23 extending down across areas of lower Plaquemines Parish.
2021,May,LOUISIANA,NORTHWEST ST. TAMMANY PARISH,Z,LIX,29.75,-89.82,0,0.00K,Areas around Madisonville at Lakefront and one road in Lacombe reported to have water over roads.
2021,February,NEW HAMPSHIRE,COASTAL ROCKINGHAM,Z,GYX,43.89,-70.26,0,75.00K,"The astronomical high tide in Hampton of 9.2ft combined with a storm surge of 1.5ft to reach a 11.7ft storm tide, which was .7ft above the minor flood stage.  The tide remained above flood stage for 2"
2021,December,ALASKA,KUSKOKWIM DELTA,Z,AFC,64.81,-147.72,0,0.00K,Kipnik PD reports flooding in airport overflow areas and one road covered in water.
2021,September,PENNSYLVANIA,LOWER BUCKS,Z,PHI,39.86,-74.46,0,0.00K,"Moderate flooding occurred along the tidal Delaware River and its tidal tributaries in lower Bucks County, inundating adjacent roadways and properties.  The tide gauge at Newbold, Pennsylvania reached"
2021,September,NEW JERSEY,CAMDEN,Z,PHI,39.86,-74.46,0,0.00K,"Moderate flooding occurred along the tidal Delaware River and its tidal tributaries in Camden County, inundating adjacent roadways and properties.  The tide gauge at Bridesburg (Philadelphia) reached "
2021,November,NORTH CAROLINA,EASTERN CURRITUCK,Z,AKQ,36.98,-76.49,0,50.00K,"The combination of King Tides and high pressure centered north and west of the Mid Atlantic region and low pressure tracking northeast off the Southeast coast, produced northeast or north winds which "
2021,November,VIRGINIA,VIRGINIA BEACH,Z,AKQ,36.98,-76.49,0,15.00K,"The combination of King Tides and high pressure centered north and west of the Mid Atlantic region and low pressure tracking northeast off the Southeast coast, produced northeast or north winds which "
2021,September,NEW JERSEY,MERCER,Z,PHI,39.86,-74.46,0,0.00K,"Major flooding occurred along the tidal Delaware River and its tidal tributaries in Mercer County, inundating adjacent roadways and properties.  The tide gauge at Newbold, Pennsylvania reached a recor"
2021,May,NEW JERSEY,MIDDLESEX,Z,PHI,39.86,-74.46,0,0.00K,Widespread roadway flooding occurred in the tidal communities of Middlesex County on the night of May 28-29.  The tide gauge at Perth Amboy reached 8.48 feet MLLW.
2021,May,NEW JERSEY,EASTERN MONMOUTH,Z,PHI,39.86,-74.46,0,0.00K,"Widespread roadway flooding occurred in the tidal communities of Monmouth County on the night of May 28-29.  The tide gauge at Keansburg reached 8.24 feet MLLW, the tide gauge at Sandy Hook reached 7."
2021,September,NEW JERSEY,NORTHWESTERN BURLINGTON,Z,PHI,39.86,-74.46,0,0.00K,"Major flooding occurred along the tidal Delaware River and its tidal tributaries in Burlington County, inundating adjacent roadways and properties.  The tide gauge at Newbold, Pennsylvania reached a r"
2021,May,NEW JERSEY,WESTERN MONMOUTH,Z,PHI,39.86,-74.46,0,0.00K,"Widespread roadway flooding occurred in the tidal communities of Monmouth County on the night of May 28-29.  The tide gauge at Keansburg reached 8.24 feet MLLW, the tide gauge at Sandy Hook reached 7."
2021,May,DELAWARE,DELAWARE BEACHES,Z,PHI,39.86,-74.46,0,0.00K,"Widespread roadway flooding occurred in the tidal communities of Sussex County on the night of May 29-30.  The tide gauge at Lewes reached 7.05 feet MLLW, the tide gauge at Dewey Beach reached 4.34 fe"
2021,May,DELAWARE,INLAND SUSSEX,Z,PHI,39.86,-74.46,0,0.00K,"Widespread roadway flooding occurred in the tidal communities of Sussex County on the night of May 29-30.  The tide gauge at Lewes reached 7.05 feet MLLW, the tide gauge at Dewey Beach reached 4.34 fe"
2021,May,LOUISIANA,LOWER LAFOURCHE,Z,LIX,29.75,-89.82,0,0.00K,Areas near Chackbay and Bayou Gaugue had backwater flooding.
2021,September,PENNSYLVANIA,LOWER BUCKS,Z,PHI,39.86,-74.46,0,0.00K,"Major flooding occurred along the tidal Delaware River and its tidal tributaries in lower Bucks County, inundating adjacent roadways and properties.  The tide gauge at Newbold, Pennsylvania reached a "
2021,September,NEW JERSEY,MERCER,Z,PHI,39.86,-74.46,0,0.00K,"Moderate flooding occurred along the tidal Delaware River and its tidal tributaries in Mercer County, inundating adjacent roadways and properties.  The tide gauge at Newbold, Pennsylvania reached a le"
2021,September,NEW JERSEY,NORTHWESTERN BURLINGTON,Z,PHI,39.86,-74.46,0,0.00K,"Moderate flooding occurred along the tidal Delaware River and its tidal tributaries in Burlington County, inundating adjacent roadways and properties.  The tide gauge at Newbold, Pennsylvania reached "
2021,November,VIRGINIA,NORTHAMPTON,Z,AKQ,36.98,-76.49,0,15.00K,"The combination of King Tides and high pressure centered north and west of the Mid Atlantic region and low pressure tracking northeast off the Southeast coast, produced northeast or north winds which "
2021,December,ALASKA,BRISTOL BAY,Z,AFC,64.81,-147.72,0,0.00K,"Water over an Access Road near the harbor in Dillingham on Thu evening. (12/9)|Called Mitch (Port officer in Naknek) -- he said there were no known impacts, however in his 18 years of working there, h"
2021,November,VIRGINIA,NORTHAMPTON,Z,AKQ,36.98,-76.49,0,15.00K,"The combination of King Tides and high pressure centered north and west of the Mid Atlantic region and low pressure tracking northeast off the Southeast coast, produced northeast or north winds which "
2021,November,SOUTH CAROLINA,COASTAL HORRY,Z,ILM,34.3,-77.88,0,0.00K,NOS tide gauge at Springmaid Pier in Myrtle Beach measured a water level of 8.29 ft MLLW at 824 AM EST. Several coastal roads in the county had experienced some inundation.
2021,January,CALIFORNIA,NORTHERN MONTEREY BAY,Z,MTR,37.52,-122.04,0,0.00K,Photo showing water intruding into the Santa Cruz Small Craft Harbor.
2021,January,OREGON,NORTHERN OREGON COAST,Z,PQR,45.56,-122.98,0,0.00K,"Flooding on Highway 101 south of Seaside, Oregon during the period of high river levels and higher than normal tidal influence."
2021,January,NEW HAMPSHIRE,COASTAL ROCKINGHAM,Z,GYX,43.89,-70.26,0,100.00K,The astronomical tide in Hampton of 9.2 feet combined with a storm surge of 2.8 feet at high tide to reach a 12.0 foot storm tide (flood stages is 11.0 feet). The tide remained above flood stage for 2
2021,January,MAINE,COASTAL YORK,Z,GYX,43.89,-70.26,0,150.00K,The astronomical tide in Portland of 10.2 feet MLLW combined with a 2.0 foot storm surge to produce a 12.2 foot MLLW storm tide during the early afternoon hours. Flood stage is 12.0 feet at the Portla
2021,January,MAINE,COASTAL CUMBERLAND,Z,GYX,43.89,-70.26,0,125.00K,The astronomical tide in Portland of 10.2 feet MLLW combined with a 2.0 foot storm surge to produce a 12.2 foot MLLW storm tide during the early afternoon hours. Flood stage is 12.0 feet at the Portla
2021,January,OREGON,NORTHERN OREGON COAST,Z,PQR,45.56,-122.98,0,0.00K,"The Astoria, OR tide gage water level peaked at 11.7 feet at 1206PST. This compares to a predicted tide of 10.2 feet. The calculated surge height is 1.5 feet by subtracting the astronomical tide heigh"
2021,January,WASHINGTON,SOUTH COAST,Z,PQR,45.56,-122.98,0,0.00K,"The Toke Point, WA tide gage reported at peak water level of 12.81 feet at 1142PST. This compares to a predicted tide of 10.84 feet. The Willapa River near Willapa was approaching flood stage during t"
2021,January,OREGON,NORTHERN OREGON COAST,Z,PQR,45.56,-122.98,0,0.00K,"At Rockaway Beach in Tillamook county, logs were pushed into the parking lot of the Rockaway Beach City Center and Park.  At Cannon Beach  in Clatsop county, flooding occurred at a beach front home. B"
2021,January,CALIFORNIA,COASTAL NORTH BAY INCLUDING POINT REYES NATIONAL SEASHORE,Z,MTR,37.52,-122.04,0,0.00K,Photo showing flooding at the Richardson Bay Marina near Sausalito.
2021,January,CALIFORNIA,COASTAL NORTH BAY INCLUDING POINT REYES NATIONAL SEASHORE,Z,MTR,37.52,-122.04,0,0.00K,Photo showing flooding at the Manzanita Park and Ride near Sausalito.
2021,January,CALIFORNIA,SAN FRANCISCO BAY SHORELINE,Z,MTR,37.52,-122.04,0,0.00K,Flooding in parking lot of the Lowrie Yacht Harbor and a Mooring Rd.
2021,January,CALIFORNIA,SAN FRANCISCO BAY SHORELINE,Z,MTR,37.52,-122.04,0,0.00K,Flooding in Bucks Landing parking lot in las Gallinas Creek.
2021,January,CALIFORNIA,SAN FRANCISCO,Z,MTR,37.52,-122.04,0,0.00K,Flooding on Pier 14 in San Francisco.
2021,January,CALIFORNIA,SOUTHERN MONTEREY BAY AND BIG SUR COAST,Z,MTR,37.52,-122.04,0,0.00K,Photo showing was er intruding up staircase at San Carlos Beach in Monterey.
2021,February,NEW JERSEY,WESTERN CAPE MAY,Z,PHI,39.86,-74.46,0,0.00K,Widespread moderate coastal flooding occurred in the tidal communities of Cape May County during the morning and early afternoon of February 1.  There were numerous road closures.  The water level rea
2021,February,NEW JERSEY,EASTERN CAPE MAY,Z,PHI,39.86,-74.46,0,0.00K,Widespread moderate coastal flooding occurred in the tidal communities of Cape May County during the morning and early afternoon of February 1.  There were numerous road closures.  The water level rea
2021,February,NEW JERSEY,WESTERN CAPE MAY,Z,PHI,39.86,-74.46,0,0.00K,Widespread moderate coastal flooding occurred in the tidal communities of Cape May County during the night of February 1.  There were numerous road closures.  The water level reached 6.72 feet MLLW at
2021,February,NEW JERSEY,EASTERN CAPE MAY,Z,PHI,39.86,-74.46,0,0.00K,Widespread moderate coastal flooding occurred in the tidal communities of Cape May County during the night of February 1.  There were numerous road closures.  The water level reached 6.72 feet MLLW at
2021,February,DELAWARE,INLAND SUSSEX,Z,PHI,39.86,-74.46,0,0.00K,Widespread moderate coastal flooding occurred in the tidal communities of Sussex County during the morning and early afternoon of February 1.  There were numerous road closures.  The water level reach
2021,February,DELAWARE,DELAWARE BEACHES,Z,PHI,39.86,-74.46,0,0.00K,Widespread moderate coastal flooding occurred in the tidal communities of Sussex County during the morning and early afternoon of February 1.  There were numerous road closures.  The water level reach
2021,February,MASSACHUSETTS,EASTERN PLYMOUTH,Z,BOX,41.96,-71.13,0,0.00K,In Marshfield at 125 AM there was ten inches of water covering the Brant Rock Esplanade area due to coastal flooding. In Cohasset at 145 AM EST Surfside Rd was flooded. In Scituate at 159 AM EST Newpo
2021,February,MASSACHUSETTS,SUFFOLK,Z,BOX,41.96,-71.13,0,0.00K,At 110 AM EST minor coastal flooding caused the closure of a portion of Morrissey Blvd between UMASS Boston and Freeport St.
2021,February,MASSACHUSETTS,EASTERN ESSEX,Z,BOX,41.96,-71.13,0,0.00K,In Marblehead at 200 AM EST there was minor coastal flooding on Crowninshield Rd near Grace Oliver Beach. Twelve hours later on the next high tide cycle there was residual minor coastal flooding. At 2
2021,February,MAINE,COASTAL YORK,Z,GYX,43.89,-70.26,0,5.00K,"The astronomical tide in Portland of 10ft MLLW combined with a storm surge of 1.9ft to bring the storm tide water level up to 11.9ft, which was just below flood stage at the Portland tide gage.  The s"
2021,February,NEW JERSEY,WESTERN ATLANTIC,Z,PHI,39.86,-74.46,0,0.00K,Widespread moderate coastal flooding occurred in the tidal communities of Atlantic County during the morning and early afternoon of February 1.  There were numerous road closures.  The water level rea
2021,February,NEW JERSEY,EASTERN ATLANTIC,Z,PHI,39.86,-74.46,0,0.00K,Widespread moderate coastal flooding occurred in the tidal communities of Atlantic County during the morning and early afternoon of February 1.  There were numerous road closures.  The water level rea
2021,February,NEW JERSEY,WESTERN ATLANTIC,Z,PHI,39.86,-74.46,0,0.00K,Widespread moderate coastal flooding occurred in the tidal communities of Atlantic County during the night of February 1.  There were numerous road closures.  The water level reached 7.18 feet MLLW at
2021,February,NEW JERSEY,EASTERN ATLANTIC,Z,PHI,39.86,-74.46,0,0.00K,Widespread moderate coastal flooding occurred in the tidal communities of Atlantic County during the night of February 1.  There were numerous road closures.  The water level reached 7.18 feet MLLW at
2021,February,NEW JERSEY,MIDDLESEX,Z,PHI,39.86,-74.46,0,0.00K,Widespread moderate coastal flooding occurred in the tidal communities of Middlesex County on the morning of February 1.  There were numerous road closures.  The water level reached 8.26 feet MLLW at 
2021,February,NEW JERSEY,MIDDLESEX,Z,PHI,39.86,-74.46,0,0.00K,Widespread moderate coastal flooding occurred in the tidal communities of Middlesex County on the night of February 1.  There were numerous road closures.  The water level reached 8.45 feet MLLW at th
2021,February,NEW JERSEY,WESTERN MONMOUTH,Z,PHI,39.86,-74.46,0,0.00K,Widespread moderate coastal flooding occurred in the tidal communities of Monmouth County during the morning and early afternoon of February 1.  There were numerous road closures.  The water level rea
2021,February,NEW JERSEY,EASTERN MONMOUTH,Z,PHI,39.86,-74.46,0,0.00K,Widespread moderate coastal flooding occurred in the tidal communities of Monmouth County during the morning and early afternoon of February 1.  There were numerous road closures.  The water level rea
2021,February,NEW JERSEY,WESTERN MONMOUTH,Z,PHI,39.86,-74.46,0,0.00K,Widespread moderate coastal flooding occurred in the tidal communities of Monmouth County during the night of February 1.  There were numerous road closures.  The water level reached 8.24 feet MLLW at
2021,February,NEW JERSEY,EASTERN MONMOUTH,Z,PHI,39.86,-74.46,0,0.00K,Widespread moderate coastal flooding occurred in the tidal communities of Monmouth County during the night of February 1.  There were numerous road closures.  The water level reached 8.24 feet MLLW at
2021,February,NEW JERSEY,WESTERN OCEAN,Z,PHI,39.86,-74.46,0,0.00K,Widespread moderate coastal flooding occurred in the tidal communities of Ocean County during the morning and early afternoon of February 1.  There were numerous road closures.  The water level reache
2021,February,NEW JERSEY,EASTERN OCEAN,Z,PHI,39.86,-74.46,0,0.00K,Widespread moderate coastal flooding occurred in the tidal communities of Ocean County during the morning and early afternoon of February 1.  There were numerous road closures.  The water level reache
2021,February,NEW JERSEY,WESTERN OCEAN,Z,PHI,39.86,-74.46,0,0.00K,Widespread moderate coastal flooding occurred in the tidal communities of Ocean County during the night of February 1.  There were numerous road closures.  The water level reached 3.66 feet MLLW at Wa
2021,February,NEW JERSEY,EASTERN OCEAN,Z,PHI,39.86,-74.46,0,0.00K,Widespread moderate coastal flooding occurred in the tidal communities of Ocean County during the night of February 1.  There were numerous road closures.  The water level reached 3.66 feet MLLW at Wa
2021,February,NEW JERSEY,WESTERN OCEAN,Z,PHI,39.86,-74.46,0,0.00K,Widespread moderate coastal flooding occurred in the tidal communities of Ocean County during the late morning and early afternoon of February 2.  There were numerous road closures.  The water level r
2021,February,NEW JERSEY,EASTERN OCEAN,Z,PHI,39.86,-74.46,0,0.00K,Widespread moderate coastal flooding occurred in the tidal communities of Ocean County during the late morning and early afternoon of February 2.  There were numerous road closures.  The water level r
2021,November,OREGON,NORTHERN OREGON COAST,Z,PQR,45.56,-122.98,0,0.00K,Tidal overflow flooding occurred in the late morning through early afternoon hours on November 4th through 6th.  Fraser Road in Tillamook and the Pacific City Airport were flooded. The Garibaldi tide 
2021,November,WASHINGTON,SOUTH COAST,Z,PQR,45.56,-122.98,0,0.00K,"Tidal overflow flooding occurred in the late morning through early afternoon hours on 4th through 6th.  Waters covered fields around Raymond, WA. The water did not rise high enough to close highway 10"
2021,May,TEXAS,COASTAL WILLACY,Z,BRO,25.91,-97.42,0,,"High northerly winds, associated with a wake low developing behind a thunderstorm complex, contributed to enhanced northerly swell which led to coastal flooding across portions of Coastal Willacy Coun"
2021,May,TEXAS,COASTAL CAMERON,Z,BRO,25.91,-97.42,0,10.00K,"High northerly winds, associated with a wake low developing behind a thunderstorm complex, contributed to enhanced northerly swell which led to coastal flooding across portions of Coastal Cameron Coun"
2021,October,NEW JERSEY,EASTERN OCEAN,Z,PHI,39.86,-74.46,0,0.00K,Widespread moderate flooding occurred in the tidal areas around Barnegat Bay in Ocean County.  There were many road closures with the flood waters affecting numerous homes and businesses.  The tide ga
2021,October,NEW JERSEY,WESTERN OCEAN,Z,PHI,39.86,-74.46,0,0.00K,Widespread moderate flooding occurred in the tidal areas around Barnegat Bay in Ocean County.  There were many road closures with the flood waters affecting numerous homes and businesses.  The tide ga
2021,October,NEW JERSEY,EASTERN OCEAN,Z,PHI,39.86,-74.46,0,0.00K,Widespread moderate flooding occurred in the tidal areas around Barnegat Bay in Ocean County.  There were many road closures with the flood waters affecting numerous homes and businesses.  The tide ga
2021,October,NEW JERSEY,WESTERN OCEAN,Z,PHI,39.86,-74.46,0,0.00K,Widespread moderate flooding occurred in the tidal areas around Barnegat Bay in Ocean County.  There were many road closures with the flood waters affecting numerous homes and businesses.  The tide ga
2021,October,NEW JERSEY,CUMBERLAND,Z,PHI,39.86,-74.46,0,0.00K,Widespread moderate flooding occurred in the tidal areas of Cumberland County.  There were many road closures with the flood waters affecting numerous homes and businesses.  The tide gauge at Greenwic
2021,October,NEW JERSEY,SALEM,Z,PHI,39.86,-74.46,0,0.00K,Widespread moderate and locally major flooding occurred in the tidal areas of Salem County.  There were many road closures with the flood waters reaching numerous homes and businesses.  Some residents
2021,October,NEW JERSEY,NORTHWESTERN BURLINGTON,Z,PHI,39.86,-74.46,0,0.00K,Widespread moderate flooding occurred along the tidal Delaware River and its tidal tributaries. There were many road closures with the flood waters approaching numerous homes and businesses. The tide 
2021,October,MARYLAND,QUEEN ANNES,Z,PHI,39.86,-74.46,0,0.00K,Widespread moderate flooding occurred in the tidal areas of Queen Anne's County.  There were many road closures with the flood waters affecting numerous homes and businesses. The tide gauge at Claibor
2021,October,MARYLAND,CAROLINE,Z,PHI,39.86,-74.46,0,0.00K,Widespread moderate flooding occurred in the tidal areas of Caroline County.  There were several road closures with the flood waters approaching some homes and businesses.  The tide gauge at Claiborne
2021,October,MARYLAND,TALBOT,Z,PHI,39.86,-74.46,0,0.00K,Widespread moderate flooding occurred in the tidal areas of Talbot County.  There were many road closures with the flood waters affecting numerous homes and businesses.  The tide gauge at Claiborne re
2021,October,NEW JERSEY,EASTERN OCEAN,Z,PHI,39.86,-74.46,0,0.00K,Widespread moderate flooding occurred in the tidal areas around Barnegat Bay in Ocean County.  There were many road closures with the flood waters affecting numerous homes and businesses.  The tide ga
2021,October,NEW JERSEY,WESTERN OCEAN,Z,PHI,39.86,-74.46,0,0.00K,Widespread moderate flooding occurred in the tidal areas around Barnegat Bay in Ocean County.  There were many road closures with the flood waters affecting numerous homes and businesses.  The tide ga
2021,October,NEW JERSEY,GLOUCESTER,Z,PHI,39.86,-74.46,0,0.00K,Widespread moderate flooding occurred along the tidal Delaware River and its tidal tributaries. There were many road closures with the flood waters approaching numerous homes and businesses. The tide 
2021,October,MARYLAND,KENT,Z,PHI,39.86,-74.46,0,0.00K,Widespread moderate flooding occurred in the tidal areas of Kent County.  There were many road closures with the flood waters affecting numerous homes and businesses.  The tide gauge at Tolchester Bea
2021,October,PENNSYLVANIA,LOWER BUCKS,Z,PHI,39.86,-74.46,0,0.00K,Widespread moderate flooding occurred along the tidal Delaware River and its tidal tributaries.  There were many road closures with the flood waters approaching numerous homes and businesses.  The tid
2021,October,NEW JERSEY,MERCER,Z,PHI,39.86,-74.46,0,0.00K,"Widespread moderate flooding occurred along the tidal Delaware River and its tidal tributaries. There were road closures with the flood waters approaching some buildings.  The tide gauge at Newbold, P"
2021,July,PUERTO RICO,PONCE AND VICINITY,Z,SJU,18.43,-66.02,0,0.00K,Coastal flooding due to high waves in Sector Playa.
2021,July,MASSACHUSETTS,SUFFOLK,Z,BOX,41.96,-71.13,0,0.00K,High astronomical tides caused minor flooding on the southbound lanes of Morrissey Blvf between UMass-Boston and Freeport Street.  Report per MA Dept. of Conservation and Recreation.
2021,November,SOUTH CAROLINA,CHARLESTON,Z,CHS,32.9,-80.03,0,,Pictures received via the MyCoast program show several feet of water in the backyard of a home on Crab Walk on James Island. Several inches of water was inundating a ground level patio and water was u
2021,November,SOUTH CAROLINA,CHARLESTON,Z,CHS,32.9,-80.03,0,,A NWS employee reported Wampler Drive was flooded and impassable headed towards the James Island Yacht Club.
2021,November,SOUTH CAROLINA,CHARLESTON,Z,CHS,32.9,-80.03,0,,William Street was flooded and closed near the intersection with Pitt Street in the Old Village portion of Mount Pleasant.
2021,November,FLORIDA,COASTAL NASSAU,Z,JAX,30.49,-81.7,0,0.00K,"On Friday 11/5 at 10:06 am local time, the Fernandina Beach NOS Tide Gauge (FRDF1) reached a peak water level of 2.65 ft above MHHW datum. Moderate tidal flooding for this location begins at 2.50 ft M"
2021,November,SOUTH CAROLINA,CHARLESTON,Z,CHS,32.9,-80.03,0,,A NWS employee reported that Trapier Drive was flooded with deep water just past Robert E Lee Boulevard. A few homes also had water in their garages.
2021,November,SOUTH CAROLINA,CHARLESTON,Z,CHS,32.9,-80.03,0,,A NWS employee reported that Harbor View Road was flooded about halfway across near the James Island connector.
2021,November,SOUTH CAROLINA,CHARLESTON,Z,CHS,32.9,-80.03,0,,"A NWS employee reported significant flooding in the West Ashley area. Wappoo Road was flooded along the Stono River. Just off of Wappoo Road, Capri Drive was completely flooded with water surrounding "
2021,November,FLORIDA,COASTAL DUVAL,Z,JAX,30.49,-81.7,0,0.00K,"On Friday 11/5 at 10 am local time, the Mayport NOS tide gauge (MYPF1) reached a peak water level of 2.07 ft MHHW datum. Minor coastal flooding begins at 1.80 ft MHHW. At 10:42 am on 11/5, the tide ga"
2021,November,SOUTH CAROLINA,CHARLESTON,Z,CHS,32.9,-80.03,0,,"Extensive and significant flooding was reported across Downtown Charleston. Numerous roads were closed including Fishburne at Hagood Avenue, Highway 17 at Lockwood Boulevard, the Highway 61 on ramp fr"
2021,November,SOUTH CAROLINA,CHARLESTON,Z,CHS,32.9,-80.03,0,,Pictures received through the MyCoast program showed water flooding about half of the backyard of a home on Pignatelli Crescent in the Dunes West subdivision. The water was coming from Wagner Creek.
2021,November,SOUTH CAROLINA,CHARLESTON,Z,CHS,32.9,-80.03,0,,Pictures received through the MyCoast program showed homes off of Stono Watch Drive and Headquarters Plantation Drive that are completely surrounded by water.
2021,November,NORTH CAROLINA,HATTERAS ISLAND,Z,MHX,34.78,-76.88,0,,"Coastal flooding, wave run-up, and ocean overwash began affecting Hatteras Island during the evening high tide cycle on Nov. 6th.  Highway 12 in the area of the Cape Hatteras Motel in Buxton was cover"
2021,November,FLORIDA,EASTERN PUTNUM,Z,JAX,30.49,-81.7,0,0.00K,"At 6:30 pm on Friday November 5th, the tide gauge at Dunns Creek near Satsuma (DNSF1) reached a peak water level of 1.72 ft MHHW datum. Minor tidal flooding for this location begins at 1.50 ft MHHW. O"
2021,November,SOUTH CAROLINA,CHARLESTON,Z,CHS,32.9,-80.03,0,,Long Point Road between Boone Hall Plantation and Needlerush Parkway was closed due to flooding.
2021,November,SOUTH CAROLINA,CHARLESTON,Z,CHS,32.9,-80.03,0,,A picture received via Twitter showed that deep water was flooding Mill Street at the Shem Creek boat landing.
2021,November,SOUTH CAROLINA,SOUTHERN COLLETON,Z,CHS,32.9,-80.03,0,,Numerous pictures were received through the MyCoast program showing flooding extensive flooding across portions of Edisto Island. Water was rushing across Docksite Road near King Cotton Road. The enti
2021,November,FLORIDA,INALND ST. JOHNS,Z,JAX,30.49,-81.7,0,0.00K,"On Friday, November 5th, the tide gauge at Racy Point on the St. Johns River (SRPF1) reached a peak tide of 1.64 ft MHHW datum. Minor tidal flooding impacts begin around 1.5 ft MHHW. Around 5:30 pm on"
2021,November,SOUTH CAROLINA,CHARLESTON,Z,CHS,32.9,-80.03,0,,"Significant coastal flooding occurred in numerous locations in and around Folly Beach. Many of the reports were received via pictures through the MyCoast program, as well as from a NWS employee. Water"
2021,October,MASSACHUSETTS,BARNSTABLE,Z,BOX,41.96,-71.13,0,,"In Barnstable at 813 AM EDT (713 AM EST), ocean water inundated Route 6A between High Street and the Barnstable/Sandwich town line."
2021,October,MASSACHUSETTS,EASTERN PLYMOUTH,Z,BOX,41.96,-71.13,0,,"In Marshfield at 747 AM EDT (647 AM EST), the public reported minor coastal flooding on some of the lowest lying roadways in the Brant Rock section, surrounding some homes and businesses."
2021,November,SOUTH CAROLINA,CHARLESTON,Z,CHS,32.9,-80.03,0,,The National Ocean Service tide gauge located in Charleston Harbor measured a peak tide of 8.00 ft MLLW. Major coastal flooding typically begins along the coasts of Charleston and Colleton counties wh
2021,November,SOUTH CAROLINA,CHARLESTON,Z,CHS,32.9,-80.03,0,,"Charleston Police Department reported flooded roads around Downtown Charleston. Lockwood Drive between Wentworth and Broad Streets was closed, as well as portions of Washington Street near Society Str"
2021,November,SOUTH CAROLINA,CHARLESTON,Z,CHS,32.9,-80.03,0,,Water was covering the roadway near the intersection of 9th Street W Extended and 9th Saint W Extended.
2021,November,FLORIDA,COASTAL ST. JOHNS,Z,JAX,30.49,-81.7,0,0.00K,"Historic downtown St. Augustine and Anastasia Island had coastal flooding impacts. ||On Friday, November 5th, at 10:15 am, broadcast media reported that Cordova Street and St. George Street where subm"
2021,November,SOUTH CAROLINA,CHARLESTON,Z,CHS,32.9,-80.03,0,,Water was reported covering the roadway on 13th Street E just north of E Ashley Avenue. Report from the MyCoast program.
2021,November,SOUTH CAROLINA,SOUTHERN COLLETON,Z,CHS,32.9,-80.03,0,,Approximately 6 inches of water was reported covering Docksite Road on Edisto Island.
2021,November,SOUTH CAROLINA,CHARLESTON,Z,CHS,32.9,-80.03,0,,Mount Pleasant Police Department reported that Long Point Road near Needlerush Parkway had standing water across the road and officers were closing the road to traffic.
2021,November,FLORIDA,COASTAL PALM BEACH COUNTY,Z,MFL,25.61,-80.41,0,0.00K,A member of the public indicated high tide coastal flooding near South Lake Trail in Palm Beach. Water was reaching above the seawall and about ankle deep on the sidewalk. ||Tide levels at nearby Lake
2021,November,FLORIDA,COASTAL PALM BEACH COUNTY,Z,MFL,25.61,-80.41,0,0.00K,"Broadcast media reported via social media and television of minor salt water flooding along the eastern side of the intracoastal water way along South Lake Trail in Palm Beach, Flagler Drive (just nor"
2021,November,SOUTH CAROLINA,CHARLESTON,Z,CHS,32.9,-80.03,0,,"Approximately 10-12 inches of water was on the roadway at the intersection of Hassell Street and Washington Street. Also, several inches of water was covering the road near the intersection of N Marke"
2021,November,SOUTH CAROLINA,CHARLESTON,Z,CHS,32.9,-80.03,0,,The National Ocean Service tide gauge located in Charleston Harbor measured a peak tide of 8.26 ft MLLW at 11:00 am EST. This ranks as the 15th highest peak tide on record. Major coastal flooding typi
2021,November,SOUTH CAROLINA,CHARLESTON,Z,CHS,32.9,-80.03,0,,"Charleston Police Department reported numerous roads closed in Downtown Charleston. Impacted roads included Bennett Street between Barre Street and Rutledge Avenue, Lockwood Drive ramp between Highway"
2021,November,FLORIDA,COASTAL FLAGLER,Z,JAX,30.49,-81.7,0,,"On Friday 11/5 at around 10 AM during high tide, severe beach erosion was reported at Jungle Hut Road Park by the Flagler County emergency management. The dunes became impassable due to overwash which"
2021,November,SOUTH CAROLINA,CHARLESTON,Z,CHS,32.9,-80.03,0,,A web cam showed that the Highway 61 ramp off of Highway 17 is closed due to flooding.
2021,November,SOUTH CAROLINA,CHARLESTON,Z,CHS,32.9,-80.03,0,,Pictures received via social media indicated that the intersection of Seabrook Island Road and Andell Bluff Boulevard was flooded with 6 inches of water.
2021,November,SOUTH CAROLINA,CHARLESTON,Z,CHS,32.9,-80.03,0,,Pictures received via social media indicated that the intersection of Seabrook Island Road and Andell Bluff Boulevard was flooded with 6 inches of water.
2021,November,SOUTH CAROLINA,SOUTHERN COLLETON,Z,CHS,32.9,-80.03,0,,"Jungle Road was reported flooded near the intersection with Whaley Street. Also, water was reported under a home along Jungle Shores Drive."
2021,November,SOUTH CAROLINA,SOUTHERN COLLETON,Z,CHS,32.9,-80.03,0,,Water was reported up to the door entrances at Dockside restaurant and Edisto Seafood.
2021,November,SOUTH CAROLINA,SOUTHERN COLLETON,Z,CHS,32.9,-80.03,0,,Roadway flooding was reported on Scott Creek Drive.
2021,November,SOUTH CAROLINA,CHARLESTON,Z,CHS,32.9,-80.03,0,,The National Ocean Service tide gauge located in Charleston Harbor measured a peak tide of 8.51 ft MLLW at 10:24 am EST. This ranks as the 10th highest peak tide on record. Major coastal flooding typi
2021,November,SOUTH CAROLINA,CHARLESTON,Z,CHS,32.9,-80.03,0,,The National Ocean Service tide gauge located in Charleston Harbor measured a peak tide of 8.44 ft MLLW at 9:24 am EST. This ranks as the 12th highest peak tide on record. Major coastal flooding typic
2021,November,SOUTH CAROLINA,CHARLESTON,Z,CHS,32.9,-80.03,0,,The Kiawah Island Community Association reported coastal flooding at several locations across the island. Water was covering Club Cottage Lane at the intersection with Governors Drive. Was was complet
2021,November,FLORIDA,VOLUSIA,Z,MLB,28.11,-80.65,0,0.00K,Coastal flooding occurred along the Volusia County coast after strong northeast winds and large breaking surf persisted for seven consecutive high tide cycles from November 6-9. The strong winds occur
2021,November,FLORIDA,BREVARD,Z,MLB,28.11,-80.65,0,0.00K,Coastal flooding occurred along the Brevard County coast after strong northeast winds and large breaking surf persisted for seven consecutive high tide cycles from November 6-9. The strong winds occur
2021,November,FLORIDA,INDIAN RIVER,Z,MLB,28.11,-80.65,0,0.00K,Coastal flooding occurred along the Indian River County coast after strong northeast winds and large breaking surf persisted for seven consecutive high tide cycles from November 6-9. The strong winds 
2021,November,SOUTH CAROLINA,CHARLESTON,Z,CHS,32.9,-80.03,0,,"Charleston Police Department reported numerous roads closed in Downtown Charleston due to flooding. Impacted roads included Washington Street and Society Street, Fishburne Street between Hagood Avenue"
2021,November,SOUTH CAROLINA,CHARLESTON,Z,CHS,32.9,-80.03,0,,A web cam showed that the ramp between Highway 17 and Highway 61 is flooded all the way across the roadway and closed.
2021,November,SOUTH CAROLINA,CHARLESTON,Z,CHS,32.9,-80.03,0,,A picture received through the MyCoast program showed water completely covering Battery Island Drive near the intersection with Folly Road on James Island.
2021,November,FLORIDA,ST. LUCIE,Z,MLB,28.11,-80.65,0,0.00K,Coastal flooding occurred along the Saint Lucie County coast after strong northeast winds and large breaking surf persisted for seven consecutive high tide cycles from November 6-9. The strong winds o
2021,November,FLORIDA,MARTIN,Z,MLB,28.11,-80.65,0,0.00K,Coastal flooding occurred along the Martin County coast after strong northeast winds and large breaking surf persisted for seven consecutive high tide cycles from November 6-9. The strong winds occurr
2021,November,SOUTH CAROLINA,CHARLESTON,Z,CHS,32.9,-80.03,0,,A NWS employee relayed a picture of flood water under and surrounding homes on Headquarters Plantation Drive just off of Maybank Highway between Johns Island and James Island.
2021,November,SOUTH CAROLINA,CHARLESTON,Z,CHS,32.9,-80.03,0,,A NWS employee reported submerged docks on Wappoo Cut near the Wappoo Cut boat ramp.
2021,November,SOUTH CAROLINA,CHARLESTON,Z,CHS,32.9,-80.03,0,,A picture received through the MyCoast program showed water covering about half of the roadway on Old Military Road near where it crosses Seaside Creek.
2021,November,SOUTH CAROLINA,CHARLESTON,Z,CHS,32.9,-80.03,0,,Water was reported surrounding a restaurant just off Folly Beach Road.
2021,November,NORTH CAROLINA,COASTAL PENDER,Z,ILM,34.3,-77.88,0,0.00K,"Surf City beaches suffered significant beach erosion at several locations along the ocean front. In addition, there were some areas where the water flooded portions of North Shore Drive, 8th Street, a"
2021,November,GEORGIA,COASTAL CAMDEN,Z,JAX,30.49,-81.7,0,0.00K,"On Friday, November 5th, around 10:15 am, the Cumberland Island tide gauge at Sea Camp Dock (CSAG1) reached a peak water level of 2.33 ft MHHW. Moderate tidal flooding impact begin around 2.20 ft MHHW"
2021,November,NORTH CAROLINA,EAST CARTERET,Z,MHX,34.78,-76.88,0,,"Many reports of high water making roads impassable around the area of Sealevel. Some other areas that had high water on them, making them impassable include Front St. in Beaufort and Old Ferry Dock Rd"
2021,November,NORTH CAROLINA,COASTAL ONSLOW,Z,MHX,34.78,-76.88,0,,"Several reports of roads becoming impassable around the Sneads Ferry area.  River Rd. was impassable, with water up past docks and into the lawns of adjacent properties along the Intracoastal Waterway"
2021,November,SOUTH CAROLINA,CHARLESTON,Z,CHS,32.9,-80.03,0,,Pictures received via Twitter show significant tidal flooding around homes near the Shem Creek boat landing. Mill Street was completely inundated by at least several inches of water.
2021,November,SOUTH CAROLINA,CHARLESTON,Z,CHS,32.9,-80.03,0,,A picture received through the MyCoast program showed water completely inundating the backyard of a home on Crab Walk along Seaside Creek on James Island. Another picture showed several inches of wate
2021,November,SOUTH CAROLINA,CHARLESTON,Z,CHS,32.9,-80.03,0,,Mount Pleasant Police Department reported Long Point Road was flooded and closed near Needlerush Parkway.
2021,November,NORTH CAROLINA,COASTAL NEW HANOVER,Z,ILM,34.3,-77.88,0,0.00K,"NOS tide gauge at Johnny Mercer Pier in Wrightsville Beach measured a water level of 7.75 ft MLLW at 812 AM EST. Additionally, the areas around Wrightsville Beach Elementary School were flooded, sever"
2021,November,NORTH CAROLINA,COASTAL NEW HANOVER,Z,ILM,34.3,-77.88,0,0.00K,NOS tide gauge at Johnny Mercer Pier in Wrightsville Beach measured a water level of 7.71 ft MLLW at 918 AM EST. Coastal flooding occurred on several roads in the Wrightsville Beach area including par
2021,November,SOUTH CAROLINA,COASTAL HORRY,Z,ILM,34.3,-77.88,0,0.00K,NOS tide gauge at Springmaid Pier in Myrtle Beach measured a water level of 8.33 ft MLLW at 918 AM EST. Coastal flooding entered some homes in the Cherry Grove area and entered some businesses on Atla
2021,November,GEORGIA,COASTAL GLYNN,Z,JAX,30.49,-81.7,0,0.00K,"On Friday, November 5th, at 9:30 am, the Saint Simons Island tide gauge (BRNG1) reached a high tide of 2.31 ft MHHW datum. Minor tidal flooding impacts begin around 2.0 ft MHHW. On Saturday, November "
2021,November,NORTH CAROLINA,NORTHERN OUTER BANKS,Z,MHX,34.78,-76.88,0,,"The tide gauge at Duck shows that major flood stage (6.5 feet MLLW) was exceeded through multiple high tide cycles.  High water levels combined with breaking waves and wave run up on the beaches, brea"
2021,November,SOUTH CAROLINA,SOUTHERN COLLETON,Z,CHS,32.9,-80.03,0,,A picture received via social media showed deep water flooding a parking lot along Docksite Road.
2021,November,SOUTH CAROLINA,CHARLESTON,Z,CHS,32.9,-80.03,0,,A picture received through the MyCoast program showed water from Wagner Creek flooding about half of the backyard of a home on Pignatelli Crescent in the Dunes West subdivision.
2021,November,SOUTH CAROLINA,CHARLESTON,Z,CHS,32.9,-80.03,0,,A NWS employee reported water about halfway across Central Park Road where it crosses a branch of James Island Creek on James Island.
2021,October,MARYLAND,ANNE ARUNDEL,Z,LWX,38.98,-77.47,0,,Annapolis NOS tide gauge experienced moderate coastal flooding for four consecutive high tide cycles starting on the 28th and lasting through the 30th. Peak crest was 4.9 ft MLLW late on the 29th at 1
2021,October,DELAWARE,DELAWARE BEACHES,Z,PHI,39.86,-74.46,0,0.00K,Widespread moderate flooding occurred in the tidal areas of Sussex County.  There were many road closures with the flood waters affecting numerous homes and businesses.  The tide gauge at Dewey Beach 
2021,October,VIRGINIA,ARLINGTON,Z,LWX,38.98,-77.47,0,,"The Alexandria Dock, VA tide gauge experienced moderate coastal flooding for three consecutive tide cycles beginning late in the 28th and ending early on the 30th. Crest was 6.0 ft at 224 PM LST on th"
2021,October,MARYLAND,SOUTHEAST HARFORD,Z,LWX,38.98,-77.47,0,0.00K,Havre de Grace reached moderate coastal very early on the 30th with a crest of 5.6 ft later that day. No reports of moderate coastal flooding were received.
2021,October,MARYLAND,ST. MARY'S,Z,LWX,38.98,-77.47,0,,Straits Point tide gauge experienced moderate coastal flooding for several days starting the afternoon on the 28th and lasting through late in the 30th. Moderate coastal flooding was observed in the a
2021,October,DELAWARE,INLAND SUSSEX,Z,PHI,39.86,-74.46,0,0.00K,Widespread moderate flooding occurred in the tidal areas of Sussex County.  There were many road closures with the flood waters affecting numerous homes and businesses.  The tide gauge at Dewey Beach 
2021,October,DELAWARE,INLAND SUSSEX,Z,PHI,39.86,-74.46,0,0.00K,Widespread moderate and locally major flooding occurred in the tidal areas of Sussex County.  There were many road closures with the flood waters affecting numerous homes and businesses.  The tide gau
2021,October,DELAWARE,KENT,Z,PHI,39.86,-74.46,0,0.00K,Widespread moderate flooding occurred in the tidal areas of Kent County.  There were many road closures with the flood waters affecting numerous homes and businesses.  The tide gauge at Reedy Point re
2021,October,DELAWARE,NEW CASTLE,Z,PHI,39.86,-74.46,0,0.00K,Widespread moderate and locally major flooding occurred in the tidal areas of New Castle County.  There were many road closures with the flood waters affecting numerous homes and businesses.  The tide
2021,October,MARYLAND,CALVERT,Z,LWX,38.98,-77.47,0,,Solomons Island tide gauge had a record crest of 4.9 ft MLLW and was in moderate stage for two consecutive high tide cycles. The peak crest occurred at 9 PM LST on the 29th. Significant coastal floodi
2021,October,DISTRICT OF COLUMBIA,DISTRICT OF COLUMBIA,Z,LWX,38.98,-77.47,0,,Moderate coastal flooding was observed for three consecutive high tide cycles with DC Waterfront reaching major flood stage at 224 PM LST on the 29th of October having reached a crest of 7.12 ft MLLW.
2021,October,VIRGINIA,KING GEORGE,Z,LWX,38.98,-77.47,0,,"Moderate coastal flooding was observed at Dahlgren, VA on the 29th with a crest of 5.64 ft MLLW at 218 PM LST. Moderate coastal flooding was also reported along the Upper Machodoc Creek. Peak inundati"
2021,October,PENNSYLVANIA,PHILADELPHIA,Z,PHI,39.86,-74.46,0,0.00K,Widespread moderate flooding occurred along the tidal Delaware River and its tidal tributaries.  There were many road closures.  The tide gauge at Bridesburg reached a level of 9.66 feet MLLW.  The ti
2021,October,PENNSYLVANIA,PHILADELPHIA,Z,PHI,39.86,-74.46,0,0.00K,Widespread moderate to major flooding occurred along the tidal Delaware River and its tidal tributaries.  There were many road closures with the flood waters approaching some buildings.  The tide gaug
2021,October,PENNSYLVANIA,DELAWARE,Z,PHI,39.86,-74.46,0,0.00K,Widespread moderate flooding occurred along the tidal Delaware River and its tidal tributaries.  There were many road closures with the flood waters approaching numerous homes and businesses.  The tid
2021,October,PENNSYLVANIA,DELAWARE,Z,PHI,39.86,-74.46,0,0.00K,Widespread moderate to major flooding occurred along the tidal Delaware River and its tidal tributaries.  There were many road closures with the flood waters approaching numerous homes and businesses.
2021,October,VIRGINIA,NORTHAMPTON,Z,AKQ,36.98,-76.49,0,0.00K,"The combination of King Tides and high pressure over the Canadian Maritimes and low pressure just off the North Carolina coast, produced east northeast winds which caused minor to moderate (tidal) coa"
2021,October,VIRGINIA,NORTHAMPTON,Z,AKQ,36.98,-76.49,0,0.00K,"The combination of King Tides and high pressure over the Canadian Maritimes and low pressure just off the North Carolina coast, produced east northeast winds which caused minor to moderate (tidal) coa"
2021,October,VIRGINIA,LANCASTER,Z,AKQ,36.98,-76.49,0,0.00K,"The combination of King Tides and high pressure over the Canadian Maritimes and low pressure just off the North Carolina coast, produced east northeast winds which caused minor to moderate (tidal) coa"
2021,October,VIRGINIA,NORTHAMPTON,Z,AKQ,36.98,-76.49,0,0.00K,"The combination of King Tides and high pressure over the Canadian Maritimes and low pressure just off the North Carolina coast, produced east northeast winds which caused minor to moderate (tidal) coa"
2021,October,VIRGINIA,VIRGINIA BEACH,Z,AKQ,36.98,-76.49,0,0.00K,"The combination of King Tides and high pressure over the Canadian Maritimes and low pressure just off the North Carolina coast, produced east northeast winds which caused minor to moderate (tidal) coa"
2021,October,NORTH CAROLINA,EASTERN CURRITUCK,Z,AKQ,36.98,-76.49,0,0.00K,"The combination of King Tides and high pressure over the Canadian Maritimes and low pressure just off the North Carolina coast, produced east northeast winds which caused  moderate to barely major (ti"
2021,October,MARYLAND,ST. MARY'S,Z,LWX,38.98,-77.47,0,,"Straits Point stream gauge reached moderate flood stage of 3.5 ft during the specified time frame, reaching a peak of 3.76 ft at 5 PM LST."
2021,October,VIRGINIA,NORTHUMBERLAND,Z,AKQ,36.98,-76.49,0,0.00K,"The combination of King Tides and high pressure over the Canadian Maritimes and low pressure just off the North Carolina coast, produced east northeast winds which caused  minor to moderate (tidal) co"
2021,October,VIRGINIA,NORTHUMBERLAND,Z,AKQ,36.98,-76.49,0,200.00K,"Strong low pressure tracked from the Middle Mississippi Valley east northeast toward the Northeast United States from Thursday, October 28th into Saturday, October 30th. This system produced very stro"
2021,October,VIRGINIA,JAMES CITY,Z,AKQ,36.98,-76.49,0,0.00K,"The combination of King Tides and high pressure over the Canadian Maritimes and low pressure just off the North Carolina coast, produced east northeast winds which caused  minor to moderate (tidal) co"
2021,October,DELAWARE,DELAWARE BEACHES,Z,PHI,39.86,-74.46,0,0.00K,Widespread moderate and locally major flooding occurred in the tidal areas of Sussex County.  There were many road closures with the flood waters affecting numerous homes and businesses.  The tide gau
2021,October,VIRGINIA,JAMES CITY,Z,AKQ,36.98,-76.49,0,0.00K,"Strong low pressure tracked from the Middle Mississippi Valley east northeast toward the Northeast United States from Thursday, October 28th into Saturday, October 30th. This system produced very stro"
2021,October,NEW JERSEY,GLOUCESTER,Z,PHI,39.86,-74.46,0,0.00K,Widespread moderate to major flooding occurred along the tidal Delaware River and its tidal tributaries. There were many road closures with the flood waters approaching numerous homes and businesses. 
2021,October,NEW JERSEY,CAMDEN,Z,PHI,39.86,-74.46,0,0.00K,Widespread moderate flooding occurred along the tidal Delaware River and its tidal tributaries. There were many road closures with the flood waters approaching numerous homes and businesses . The tide
2021,October,NEW JERSEY,CAMDEN,Z,PHI,39.86,-74.46,0,0.00K,Widespread moderate to major flooding occurred along the tidal Delaware River and its tidal tributaries. There were many road closures with the flood waters approaching numerous homes and businesses. 
2021,October,PENNSYLVANIA,LOWER BUCKS,Z,PHI,39.86,-74.46,0,0.00K,Widespread moderate to major flooding occurred along the tidal Delaware River and its tidal tributaries.  There were many road closures with the flood waters affecting numerous homes and businesses.  
2021,October,NEW JERSEY,NORTHWESTERN BURLINGTON,Z,PHI,39.86,-74.46,0,0.00K,Widespread moderate to major flooding occurred along the tidal Delaware River and its tidal tributaries. There were many road closures with the flood waters affecting numerous homes and businesses. Th
2021,October,OREGON,NORTHERN OREGON COAST,Z,PQR,45.56,-122.98,0,0.00K,Minor Tidal Overflow along Fraser Road just outside of Tillamook.
2021,October,DISTRICT OF COLUMBIA,DISTRICT OF COLUMBIA,Z,LWX,38.98,-77.47,0,,The Potomac River tide gauge at Wisconsin Ave reached moderate coastal flooding at 1032 AM LST on Oct 29th with a crest of 8.19 ft at 224 PM LST.
2021,September,MARYLAND,DORCHESTER,Z,AKQ,36.98,-76.49,0,0.00K,"The remnants of tropical cyclone Ida tracked northeast through the area during Wednesday, September 1st into the early morning hours of Thursday, September 2nd. Southwest then west winds in advance of"
2021,October,MARYLAND,SOMERSET,Z,AKQ,36.98,-76.49,0,250.00K,"Strong low pressure tracked from the Middle Mississippi Valley east northeast toward the Northeast United States from Thursday, October 28th into Saturday, October 30th. This system produced very stro"
2021,October,MARYLAND,DORCHESTER,Z,AKQ,36.98,-76.49,0,250.00K,"Strong low pressure tracked from the Middle Mississippi Valley east northeast toward the Northeast United States from Thursday, October 28th into Saturday, October 30th. This system produced very stro"
2021,September,MARYLAND,DORCHESTER,Z,AKQ,36.98,-76.49,0,0.00K,"The remnants of tropical cyclone Ida tracked northeast through the area during Wednesday, September 1st into the early morning hours of Thursday, September 2nd. Southwest then west winds in advance of"
2021,October,VIRGINIA,ACCOMACK,Z,AKQ,36.98,-76.49,0,0.00K,"Strong low pressure tracked from the Middle Mississippi Valley east northeast toward the Northeast United States from Thursday, October 28th into Saturday, October 30th. This system produced very stro"
2021,October,VIRGINIA,LANCASTER,Z,AKQ,36.98,-76.49,0,0.00K,"Strong low pressure tracked from the Middle Mississippi Valley east northeast toward the Northeast United States from Thursday, October 28th into Saturday, October 30th. This system produced very stro"
2021,October,VIRGINIA,NORTHAMPTON,Z,AKQ,36.98,-76.49,0,0.00K,"Strong low pressure tracked from the Middle Mississippi Valley east northeast toward the Northeast United States from Thursday, October 28th into Saturday, October 30th. This system produced very stro"
2021,October,MARYLAND,DORCHESTER,Z,AKQ,36.98,-76.49,0,0.00K,"The combination of King Tides and high pressure over the Canadian Maritimes and low pressure just off the North Carolina coast, produced east northeast winds which caused minor to moderate (tidal) coa"
2021,October,MARYLAND,DORCHESTER,Z,AKQ,36.98,-76.49,0,1.00M,"Strong low pressure tracked from the Middle Mississippi Valley east northeast toward the Northeast United States from Thursday, October 28th into Saturday, October 30th. This system produced very stro"
2021,October,MARYLAND,WICOMICO,Z,AKQ,36.98,-76.49,0,150.00K,"Strong low pressure tracked from the Middle Mississippi Valley east northeast toward the Northeast United States from Thursday, October 28th into Saturday, October 30th. This system produced very stro"
2021,October,VIRGINIA,NORTHAMPTON,Z,AKQ,36.98,-76.49,0,0.00K,"Strong low pressure tracked from the Middle Mississippi Valley east northeast toward the Northeast United States from Thursday, October 28th into Saturday, October 30th. This system produced very stro"
2021,December,GUAM,BELAU,Z,GUM,13.49,144.84,0,0.00K,"A combination of north swell and King Tides, plus higher sea levels from an on going La Nina pattern produced an inundation event. Slight inundation was observed  during high tide at T Dock in Palau."
2021,December,GUAM,MICRONESIA,Z,GUM,13.49,144.84,0,2.00M,"After midday on the 5th a combination of north swell and King Tides, plus higher sea levels from an on going La Nina pattern produced an inundation event. ||The inundation caused crop damage over a fe"
2021,September,PENNSYLVANIA,PHILADELPHIA,Z,PHI,39.86,-74.46,0,0.00K,"Moderate flooding occurred along the tidal Delaware River and its tidal tributaries in Philadelphia, inundating adjacent roadways and properties.  The tide gauge at Bridesburg (Philadelphia) reached a"
2022,December,WASHINGTON,WESTERN WHATCOM COUNTY,Z,SEW,47.68,-122.25,0,,"Minor overflow in Birch Bay, no damage to homes/businesses.|Flood waters covering intersection at Roeder and Squalicum Way near Bellingham."
2022,December,WASHINGTON,WESTERN SKAGIT COUNTY,Z,SEW,47.68,-122.25,0,,State of emergency declared in La Conner due to flooding. Several roads closed due to flooding including highway 20. Flooding was also reported along a portion of Highway 20 near Anacortes.
2022,December,WASHINGTON,SEATTLE AND VICINITY,Z,SEW,47.68,-122.25,0,,Duwamish river and tidal flooding leading to evacuation of 15-18 homes and damage to several businesses. It was reported that 18 homes did sustain damage.
2022,December,WASHINGTON,TACOMA AREA,Z,SEW,47.68,-122.25,0,,"Minor overflow to county parks, no damage to homes/businesses. Flooding damage to several businesses in Gig Harbor."
2022,December,WASHINGTON,EVERETT AND VICINITY,Z,SEW,47.68,-122.25,0,,Numerous reports of impacts from coastal flooding: |In Everett: W. Marine View Drive ï¿½ï¿½ï¿½ multiple areas of water over the roadway. Road closed between 200. |Smith Island Road ï¿½ï¿½ï¿½ approxima
2022,December,WASHINGTON,SOUTHWEST INTERIOR,Z,SEW,47.68,-122.25,0,,Flooding in Olympia impacted 3 businesses.
2022,November,ALASKA,BRISTOL BAY,Z,AFC,64.81,-147.72,0,0.00K,A tug operator moving a fuel barge reported that westerly winds produced a storm surge of 2 to 3 ft along western Kuskokwim Bay near Quinhagak overnight between 11/1 and 11/2. The combination of surge
2022,October,VIRGINIA,NORFOLK,Z,AKQ,36.98,-76.49,0,0.00K,"Post Tropical Cyclone Ian lingering over the Mid Atlantic region and just off the coast, resulted in very strong northeast or north winds which caused minor (tidal) coastal flooding over portions of t"
2022,October,VIRGINIA,HAMPTON/POQUOSON,Z,AKQ,36.98,-76.49,0,0.00K,"Post Tropical Cyclone Ian lingering over the Mid Atlantic region and just off the coast, resulted in very strong northeast or north winds which caused minor (tidal) coastal flooding over portions of t"
2022,October,VIRGINIA,NORTHAMPTON,Z,AKQ,36.98,-76.49,0,0.00K,"Post Tropical Cyclone Ian lingering over the Mid Atlantic region and just off the coast, resulted in very strong northeast or north winds which caused minor to moderate (tidal) coastal flooding over p"
2022,October,VIRGINIA,NORTHAMPTON,Z,AKQ,36.98,-76.49,0,0.00K,"Post Tropical Cyclone Ian lingering over the Mid Atlantic region and just off the coast, resulted in very strong northeast or north winds which caused minor to moderate (tidal) coastal flooding over p"
2022,October,VIRGINIA,LANCASTER,Z,AKQ,36.98,-76.49,0,0.00K,"Post Tropical Cyclone Ian lingering over the Mid Atlantic region and just off the coast, resulted in very strong northeast or north winds which caused minor to moderate (tidal) coastal flooding over p"
2022,October,ALASKA,WESTERN ARCTIC COAST,Z,AFG,64.51,-165.42,0,0.00K,Water levels began rising early in the morning hours on the 6th. Water levels peaked in Point Lay at approximately 6 feet above the normal high tide line in the early morning hours on the 7th. The hig
2022,October,NEW JERSEY,EASTERN OCEAN,Z,PHI,39.86,-74.46,0,0.00K,Widespread roadway flooding and some property inundation occurred in the tidal areas of Ocean County.  The tide gauge at Waretown reached 3.37 feet MLLW and the tide gauge at Tuckerton reached 5.55 fe
2022,October,NEW JERSEY,WESTERN OCEAN,Z,PHI,39.86,-74.46,0,0.00K,Widespread roadway flooding and some property inundation occurred in the tidal areas of Ocean County.  The tide gauge at Waretown reached 3.37 feet MLLW and the tide gauge at Tuckerton reached 5.55 fe
2022,October,DELAWARE,DELAWARE BEACHES,Z,PHI,39.86,-74.46,0,0.00K,"Widespread roadway flooding and some property inundation occurred in the tidal areas of Sussex County.  The tide gauge at Lewes reached 7.43 feet MLLW, the tide gauge at Dewey Beach reached 4.99 feet "
2022,October,NEW JERSEY,WESTERN CAPE MAY,Z,PHI,39.86,-74.46,0,0.00K,"Widespread roadway flooding and some property inundation occurred in the tidal areas of Cape May County.  The tide gauge at Ocean City reached 6.37 feet MLLW, the tide gauge at Sea Isle City reached 7"
2022,October,ALASKA,BALDWIN PEN. & SELAWIK VALLEY,Z,AFG,64.51,-165.42,0,0.00K,Water levels began rising early on the morning of the 6th with water levels peaking early the morning of the 7th in Kotzebue approximately 4 feet above the normal high tide line. Several structures in
2022,October,DELAWARE,INLAND SUSSEX,Z,PHI,39.86,-74.46,0,0.00K,"Widespread roadway flooding and some property inundation occurred in the tidal areas of Sussex County.  The tide gauge at Lewes reached 7.43 feet MLLW, the tide gauge at Dewey Beach reached 4.99 feet "
2022,October,NEW JERSEY,EASTERN CAPE MAY,Z,PHI,39.86,-74.46,0,0.00K,"Widespread roadway flooding and some property inundation occurred in the tidal areas of Cape May County.  The tide gauge at Ocean City reached 6.37 feet MLLW, the tide gauge at Sea Isle City reached 7"
2022,October,DELAWARE,DELAWARE BEACHES,Z,PHI,39.86,-74.46,0,0.00K,Widespread roadway flooding and some property inundation occurred in the tidal areas of Sussex County.  The tide gauge at Lewes reached 7.08 feet MLLW and the tide gauge at Indian River Inlet reached 
2022,October,DELAWARE,INLAND SUSSEX,Z,PHI,39.86,-74.46,0,0.00K,Widespread roadway flooding and some property inundation occurred in the tidal areas of Sussex County.  The tide gauge at Lewes reached 7.08 feet MLLW and the tide gauge at Indian River Inlet reached 
2022,October,NEW JERSEY,EASTERN CAPE MAY,Z,PHI,39.86,-74.46,0,0.00K,"Widespread roadway flooding and some property inundation occurred in the tidal areas of Cape May County.  The tide gauge at Ocean City reached 6.53 feet MLLW, the tide gauge at Sea Isle City reached 7"
2022,October,NEW JERSEY,WESTERN CAPE MAY,Z,PHI,39.86,-74.46,0,0.00K,"Widespread roadway flooding and some property inundation occurred in the tidal areas of Cape May County.  The tide gauge at Ocean City reached 6.53 feet MLLW, the tide gauge at Sea Isle City reached 7"
2022,October,NEW JERSEY,EASTERN ATLANTIC,Z,PHI,39.86,-74.46,0,0.00K,"Widespread roadway flooding and some property inundation occurred in the tidal areas of Atlantic County.  The tide gauge at Absecon reached 6.91 feet MLLW, the tide gauge at the Atlantic City Marina r"
2022,October,NEW JERSEY,WESTERN ATLANTIC,Z,PHI,39.86,-74.46,0,0.00K,"Widespread roadway flooding and some property inundation occurred in the tidal areas of Atlantic County.  The tide gauge at Absecon reached 6.91 feet MLLW, the tide gauge at the Atlantic City Marina r"
2022,October,NEW JERSEY,SOUTHEASTERN BURLINGTON,Z,PHI,39.86,-74.46,0,0.00K,Widespread roadway flooding and some property inundation occurred in the tidal areas of southeastern Burlington County.  The tide gauge at Tuckerton (Ocean County) reached 5.99 feet MLLW.
2022,October,NEW JERSEY,SOUTHEASTERN BURLINGTON,Z,PHI,39.86,-74.46,0,0.00K,Widespread roadway flooding and some property inundation occurred in the tidal areas of southeastern Burlington County.  The tide gauge at Tuckerton (Ocean County) reached 5.55 feet MLLW.
2022,October,NEW JERSEY,EASTERN OCEAN,Z,PHI,39.86,-74.46,0,0.00K,"Widespread roadway flooding and some property inundation occurred in the tidal areas of Ocean County.  The tide gauge at Waretown reached 3.40 feet MLLW, the tide gauge at Ship Bottom reached 4.14 fee"
2022,October,NEW JERSEY,WESTERN OCEAN,Z,PHI,39.86,-74.46,0,0.00K,"Widespread roadway flooding and some property inundation occurred in the tidal areas of Ocean County.  The tide gauge at Waretown reached 3.40 feet MLLW, the tide gauge at Ship Bottom reached 4.14 fee"
2022,January,MASSACHUSETTS,SOUTHERN BRISTOL,Z,BOX,41.96,-71.13,0,0.00K,In Swansea at 730 AM EST the Old Providence Bridge was closed.
2022,January,DELAWARE,DELAWARE BEACHES,Z,PHI,39.86,-74.46,0,0.00K,"Widespread moderate tidal flooding occurred and there were numerous road closures.  The tide gauge at Lewes reached 7.51 feet MLLW, the tide gauge at Indian River Inlet reached 5.35 feet MLLW, and the"
2022,January,DELAWARE,INLAND SUSSEX,Z,PHI,39.86,-74.46,0,0.00K,"Widespread moderate tidal flooding occurred and there were numerous road closures.  The tide gauge at Lewes reached 7.51 feet MLLW, the tide gauge at Indian River Inlet reached 5.35 feet MLLW, and the"
2022,January,NEW JERSEY,EASTERN CAPE MAY,Z,PHI,39.86,-74.46,0,0.00K,"Widespread moderate tidal flooding occurred and there were numerous road closures.  The tide gauge at Sea Isle City reached 6.71 feet MLLW, the tide gauge at Stone Harbor reached 7.10 feet MLLW, the t"
2022,January,NEW JERSEY,WESTERN CAPE MAY,Z,PHI,39.86,-74.46,0,0.00K,"Widespread moderate tidal flooding occurred and there were numerous road closures.  The tide gauge at Sea Isle City reached 6.71 feet MLLW, the tide gauge at Stone Harbor reached 7.10 feet MLLW, the t"
2022,January,NEW JERSEY,EASTERN ATLANTIC,Z,PHI,39.86,-74.46,0,0.00K,"Widespread moderate tidal flooding occurred and there were numerous road closures.  The tide gauge at the Atlantic City Marina reached 6.79 feet MLLW, and the tide gauge on the Atlantic City oceanfron"
2022,January,NEW JERSEY,WESTERN ATLANTIC,Z,PHI,39.86,-74.46,0,0.00K,"Widespread moderate tidal flooding occurred and there were numerous road closures.  The tide gauge at the Atlantic City Marina reached 6.79 feet MLLW, and the tide gauge on the Atlantic City oceanfron"
2022,January,MASSACHUSETTS,EASTERN PLYMOUTH,Z,BOX,41.96,-71.13,0,0.00K,In Scituate at 630 AM EST there was water coming over the roadway on Lighthouse Road and Rebecca Rd. In Plymouth at 730 AM EST Warren Ave was closed due to coastal flooding. In Cohasset at 833 AM EST 
2022,January,MASSACHUSETTS,BARNSTABLE,Z,BOX,41.96,-71.13,0,0.00K,In Falmouth at 829 AM EST coastal flooding was reported on Menauhant Rd and at 946 AM EST a truck was stuck in coastal flooding on Surf Drive near Oyster Pond Rd. In Mashpee at 1007 AM EST 4 inches of
2022,January,MASSACHUSETTS,BARNSTABLE,Z,BOX,41.96,-71.13,0,0.00K,"In Sandwich at 1005 AM EST Route 6A at the Sandwich-Barnstable line at High St was experiencing flooding enough to make the road break up. Also, at 1107 AM EST Route 6A was impassable from the Barnsta"
2022,January,MASSACHUSETTS,EASTERN ESSEX,Z,BOX,41.96,-71.13,0,0.00K,In Nahant at 945 AM EST there was splashover flooding on Willow Rd. In Lynn at 1010 AM EST Lynn Shore Drive was closed at the Nahant rotary. In Ipswich at 1030 AM EST there was coastal flooding on Arg
2022,January,MASSACHUSETTS,DUKES,Z,BOX,41.96,-71.13,0,0.00K,In Vineyard Haven at 1037 AM EST there was significant coastal flooding at the 5 Corners area with roads closed.
2022,January,MASSACHUSETTS,SUFFOLK,Z,BOX,41.96,-71.13,0,0.00K,In Boston at 943 AM EST there was flooding at Long Wharf. At 951 AM EST in Boston there were lane closures on Morrissey Blvd. In Winthrop at 1000 AM EST Winthrop Parkway was closed due to coastal floo
2022,January,MASSACHUSETTS,EASTERN PLYMOUTH,Z,BOX,41.96,-71.13,0,0.00K,In Scituate at 1038 AM EST Front St by Long Wharf was flooded. In Cohasset at 1050 AM EST Margin St was flooded near Stockbridge St.
2022,January,NEW HAMPSHIRE,COASTAL ROCKINGHAM,Z,GYX,43.89,-70.26,0,500.00K,"In Hampton, the astronomical tide was 8.8 feet with a storm surge of 3.6 feet at high tide to reach a 12.4 foot storm tide. Flood stage in Hampton is 11.0 feet (MLLW). The Seavey Island tide gauge top"
2022,January,MAINE,COASTAL CUMBERLAND,Z,GYX,43.89,-70.26,0,10.00K,The astronomical tide in Portland of 9.6 feet combined with a storm surge of 3.1 feet at high tide to produce a 12.7 foot (MLLW) storm tide during the late morning hours. Flood stage in Portland is 12
2022,January,MARYLAND,SOMERSET,Z,AKQ,36.98,-76.49,0,0.00K,Low pressure lifting northward from the Southeast United States across the Mid Atlantic region produced strong south to southwest winds which caused minor to moderate (tidal) coastal flooding over por
2022,January,VIRGINIA,NORTHAMPTON,Z,AKQ,36.98,-76.49,0,0.00K,"A combination of higher astronomical tides and deepening surface low pressure tracking across North Carolina then northeast out to sea, produced very strong northeast or north winds which caused moder"
2022,January,VIRGINIA,VIRGINIA BEACH,Z,AKQ,36.98,-76.49,0,0.00K,"A combination of higher astronomical tides and deepening surface low pressure tracking across North Carolina then northeast out to sea, produced very strong northeast or north winds which caused moder"
2022,January,MASSACHUSETTS,EASTERN ESSEX,Z,BOX,41.96,-71.13,0,0.00K,"In Ipswich at 830 AM EST Jeffrey's Neck Rd, Argilla Rd, Water St, Island Park Rd, and Town Farm Rd were all impassable due to flooding."
2022,January,MASSACHUSETTS,DUKES,Z,BOX,41.96,-71.13,0,0.00K,In Oak Bluffs at 810 AM EST Seaview Ave was closed due to flooding. In Tisbury at 825 AM EST roads were closed due to flooding at Five Corners.
2022,January,MASSACHUSETTS,NANTUCKET,Z,BOX,41.96,-71.13,0,0.00K,In Nantucket at 815 AM EST Easy St and Washington St were flooded and impassable due to coastal flooding.
2022,October,ALASKA,NORTHERN ARCTIC COAST,Z,AFG,64.51,-165.42,0,0.00K,"Water levels at Utqiagvik saw a quick rise early in the morning hours on the 6th, with the water level peaking around 4 feet above the normal high tide line the afternoon of the 6th. Water levels slow"
2022,October,ALASKA,CHUKCHI SEA COAST,Z,AFG,64.51,-165.42,0,0.00K,Water began rising early in the morning hours of the 6th. Water levels peaked in Kivalina 4.46 feet above the normal high tide line the morning of the 7th. Minor flooding flooding of low lying was obs
2022,October,VIRGINIA,VIRGINIA BEACH,Z,AKQ,36.98,-76.49,0,0.00K,"Post Tropical Cyclone Ian lingering over the Mid Atlantic region and just off the coast, resulted in very strong northeast or north winds which caused minor to moderate (tidal) coastal flooding over p"
2022,October,VIRGINIA,NORTHUMBERLAND,Z,AKQ,36.98,-76.49,0,0.00K,"Post Tropical Cyclone Ian lingering over the Mid Atlantic region and just off the coast, resulted in very strong northeast or north winds which caused minor to moderate (tidal) coastal flooding over p"
2022,October,VIRGINIA,JAMES CITY,Z,AKQ,36.98,-76.49,0,0.00K,"Post Tropical Cyclone Ian lingering over the Mid Atlantic region and just off the coast, resulted in very strong northeast or north winds which caused minor to major (tidal) coastal flooding over port"
2022,October,NORTH CAROLINA,EASTERN CURRITUCK,Z,AKQ,36.98,-76.49,0,0.00K,"Post Tropical Cyclone Ian lingering over the Mid Atlantic region and just off the coast, resulted in very strong northeast or north winds which caused minor to major (tidal) coastal flooding over port"
2022,October,NORTH CAROLINA,HATTERAS ISLAND,Z,MHX,34.78,-76.88,0,,Major ocean overwash occurred in Rodanthe and the vicinity of old Highway 12. Some areas that received the flooding include Seagull St to South Shore Dr. Some locations became inaccessible. Some damag
2022,January,MAINE,COASTAL YORK,Z,GYX,43.89,-70.26,0,500.00K,The astronomical tide in Portland of 9.6 feet combined with a storm surge of 3.1 feet at high tide to produce a 12.7 foot (MLLW) storm tide during the late morning hours. Flood stage in Portland is 12
2022,January,MAINE,SAGADAHOC,Z,GYX,43.89,-70.26,0,10.00K,The astronomical tide in Portland of 9.6 feet combined with a storm surge of 3.1 feet at high tide to produce a 12.7 foot (MLLW) storm tide during the late morning hours. Flood stage in Portland is 12
2022,January,VIRGINIA,ACCOMACK,Z,AKQ,36.98,-76.49,0,0.00K,"A combination of higher astronomical tides and deepening surface low pressure tracking across North Carolina then northeast out to sea, produced very strong northeast or north winds which caused moder"
2022,January,NORTH CAROLINA,EASTERN CURRITUCK,Z,AKQ,36.98,-76.49,0,0.00K,"A combination of higher astronomical tides and deepening surface low pressure tracking across North Carolina then northeast out to sea, produced very strong northeast or north winds which caused moder"
2022,January,VIRGINIA,JAMES CITY,Z,AKQ,36.98,-76.49,0,0.00K,"A combination of higher astronomical tides and deepening surface low pressure tracking across North Carolina then northeast out to sea, produced very strong northeast or north winds which caused minor"
2022,January,VIRGINIA,YORK,Z,AKQ,36.98,-76.49,0,0.00K,"A combination of higher astronomical tides and deepening surface low pressure tracking across North Carolina then northeast out to sea, produced very strong northeast or north winds which caused moder"
2022,January,VIRGINIA,HAMPTON/POQUOSON,Z,AKQ,36.98,-76.49,0,0.00K,"A combination of higher astronomical tides and deepening surface low pressure tracking across North Carolina then northeast out to sea, produced very strong northeast or north winds which caused moder"
2022,January,VIRGINIA,NORTHAMPTON,Z,AKQ,36.98,-76.49,0,0.00K,"A combination of higher astronomical tides and deepening surface low pressure tracking across North Carolina then northeast out to sea, produced very strong northeast or north winds which caused moder"
2022,January,OREGON,CENTRAL OREGON COAST,Z,PQR,45.56,-122.98,0,0.00K,"Highway 126 at Cushman was closed due to high water caused by a combination of high tide of 11.9 feet as measured at the South Beach tide gauge, and rising of the Siuslaw river due to recent heavy rai"
2022,January,OREGON,NORTHERN OREGON COAST,Z,PQR,45.56,-122.98,0,0.00K,"During this time high seas and high river levels in the area contributed to the flooding.  As a result, the tide peaked around 12.5 feet around 1300PST at the Astoria tide gauge.  This event ranked #1"
2022,January,WASHINGTON,SOUTH COAST,Z,PQR,45.56,-122.98,0,0.00K,"The worst flooding in a number of years (over a decade per the Emergency Manager) in the Tokeland area. Water level made it up to the Tokeland Hotel.  In the Raymond area, a 1/2 miles stretch of Highw"
2022,January,VIRGINIA,LANCASTER,Z,AKQ,36.98,-76.49,0,0.00K,"A combination of higher astronomical tides and deepening surface low pressure tracking across North Carolina then northeast out to sea, produced very strong northeast or north winds which caused moder"
2022,January,VIRGINIA,NORTHAMPTON,Z,AKQ,36.98,-76.49,0,0.00K,"A combination of higher astronomical tides and deepening surface low pressure tracking across North Carolina then northeast out to sea, produced very strong northeast or north winds which caused moder"
2022,January,VIRGINIA,NORFOLK,Z,AKQ,36.98,-76.49,0,0.00K,"A combination of higher astronomical tides and deepening surface low pressure tracking across North Carolina then northeast out to sea, produced very strong northeast or north winds which caused moder"
2022,January,MARYLAND,DORCHESTER,Z,AKQ,36.98,-76.49,0,0.00K,Low pressure lifting northward from the Southeast United States across the Mid Atlantic region produced strong south to southwest winds which caused minor to moderate (tidal) coastal flooding over por
2022,May,DELAWARE,DELAWARE BEACHES,Z,PHI,39.86,-74.46,0,0.00K,Widespread roadway flooding occurred in the tidal areas of Sussex County.  The tide gauge at Dewey Beach reached 4.59 feet MLLW.  The tide gauge at Indian River Inlet reached 5.69 feet MLLW.  The tide
2022,May,DELAWARE,INLAND SUSSEX,Z,PHI,39.86,-74.46,0,0.00K,Widespread roadway flooding occurred in the tidal areas of Sussex County.  The tide gauge at Dewey Beach reached 4.59 feet MLLW.  The tide gauge at Indian River Inlet reached 5.69 feet MLLW.  The tide
2022,May,VIRGINIA,JAMES CITY,Z,AKQ,36.98,-76.49,0,0.00K,"A combination of surface high pressure centered over the Canadian Maritimes and surface low pressure spinning off the Mid Atlantic Coast, resulted in strong northeast or north winds which caused minor"
2022,May,VIRGINIA,YORK,Z,AKQ,36.98,-76.49,0,0.00K,"A combination of surface high pressure centered over the Canadian Maritimes and surface low pressure spinning off the Mid Atlantic Coast, resulted in strong northeast or north winds which caused minor"
2022,May,NORTH CAROLINA,EASTERN CURRITUCK,Z,AKQ,36.98,-76.49,0,0.00K,"A combination of surface high pressure centered over the Canadian Maritimes and surface low pressure spinning off the Mid Atlantic Coast, resulted in strong northeast or north winds which caused minor"
2022,April,MAINE,COASTAL HANCOCK,Z,CAR,46.87,-68.02,0,,Seawall Road was closed...in the vicinity of Seawall Pond...around the time of the early afternoon high tide on the 19th. The road was closed due to water and rocks covering the road. The road was re-
2022,April,MAINE,COASTAL WASHINGTON,Z,CAR,46.87,-68.02,0,,Several reports of water and sand covering roads were received in the vicinity of Roque Bluffs around the time of the early afternoon high tide on the 19th. Conditions improved with the falling tide.
2022,April,NEW JERSEY,MIDDLESEX,Z,PHI,39.86,-74.46,0,0.00K,Widespread roadway flooding occurred in the tidal areas of Middlesex County.  The tide gauge at Perth Amboy reached 8.43 feet MLLW.
2022,April,NEW JERSEY,EASTERN ATLANTIC,Z,PHI,39.86,-74.46,0,0.00K,Widespread roadway flooding occurred in the tidal areas of Atlantic County.  Seven residents were evacuated from two hotels in West Atlantic City.  The tide gauge at Absecon reached 7.26 feet MLLW.  T
2022,April,NEW JERSEY,WESTERN ATLANTIC,Z,PHI,39.86,-74.46,0,0.00K,Widespread roadway flooding occurred in the tidal areas of Atlantic County.  Seven residents were evacuated from two hotels in West Atlantic City.  The tide gauge at Absecon reached 7.26 feet MLLW.  T
2022,April,NEW JERSEY,EASTERN CAPE MAY,Z,PHI,39.86,-74.46,0,0.00K,Widespread roadway flooding occurred in the tidal areas of Cape May County.  The tide gauge at Ocean City reached 6.79 feet MLLW.  The tide gauge at Sea Isle City reached 7.41 feet MLLW.  The tide gau
2022,April,NEW JERSEY,WESTERN CAPE MAY,Z,PHI,39.86,-74.46,0,0.00K,Widespread roadway flooding occurred in the tidal areas of Cape May County.  The tide gauge at Ocean City reached 6.79 feet MLLW.  The tide gauge at Sea Isle City reached 7.41 feet MLLW.  The tide gau
2022,April,NEW JERSEY,CUMBERLAND,Z,PHI,39.86,-74.46,0,0.00K,Widespread roadway flooding occurred in the tidal areas of Cumberland County.  The tide gauge at Bivalve reached 8.91 feet MLLW.
2022,April,DELAWARE,DELAWARE BEACHES,Z,PHI,39.86,-74.46,0,0.00K,Widespread roadway flooding occurred in the tidal areas of Sussex County.  The tide gauge at Lewes reached 7.34 feet MLLW.  The tide gauge at Indian River Inlet reached 6.18 feet MLLW.
2022,April,DELAWARE,INLAND SUSSEX,Z,PHI,39.86,-74.46,0,0.00K,Widespread roadway flooding occurred in the tidal areas of Sussex County.  The tide gauge at Lewes reached 7.34 feet MLLW.  The tide gauge at Indian River Inlet reached 6.18 feet MLLW.
2022,April,DELAWARE,KENT,Z,PHI,39.86,-74.46,0,0.00K,Widespread roadway flooding occurred in the tidal areas of Kent County.  The tide gauge at Bowers Beach reached 7.94 feet MLLW.
2022,May,VIRGINIA,LANCASTER,Z,AKQ,36.98,-76.49,0,0.00K,"A combination of surface high pressure centered over the Canadian Maritimes and surface low pressure spinning off the Mid Atlantic Coast, resulted in strong northeast or north winds which caused minor"
2022,May,VIRGINIA,NORTHAMPTON,Z,AKQ,36.98,-76.49,0,0.00K,"A combination of surface high pressure centered over the Canadian Maritimes and surface low pressure spinning off the Mid Atlantic Coast, resulted in strong northeast or north winds which caused minor"
2022,May,VIRGINIA,NORFOLK,Z,AKQ,36.98,-76.49,0,0.00K,"A combination of surface high pressure centered over the Canadian Maritimes and surface low pressure spinning off the Mid Atlantic Coast, resulted in strong northeast or north winds which caused minor"
2022,May,VIRGINIA,NORTHUMBERLAND,Z,AKQ,36.98,-76.49,0,0.00K,"A combination of surface high pressure centered over the Canadian Maritimes and surface low pressure spinning off the Mid Atlantic Coast, resulted in strong northeast or north winds which caused minor"
2022,May,MARYLAND,DORCHESTER,Z,AKQ,36.98,-76.49,0,0.00K,"A combination of surface high pressure centered over the Canadian Maritimes and surface low pressure spinning off the Mid Atlantic Coast, resulted in strong northeast or north winds which caused minor"
2022,May,MARYLAND,DORCHESTER,Z,AKQ,36.98,-76.49,0,0.00K,"A combination of surface high pressure centered over the Canadian Maritimes and surface low pressure spinning off the Mid Atlantic Coast, resulted in strong northeast or north winds which caused minor"
2022,September,MARYLAND,ANNE ARUNDEL,Z,LWX,38.98,-77.47,0,0.00K,Tidal gauge went above moderate flood stage at 3AM on Sep 30 and it stayed above for several hours. Minor coastal flooding persisted over couple of days.
2022,May,MARYLAND,ST. MARY'S,Z,LWX,38.98,-77.47,0,0.00K,"Straits Point tidal gauge had 3 high tides during the period that reached moderate tidal flooding, the highest being 3.90 at 9:00 AM EST on May 10th."
2022,May,DISTRICT OF COLUMBIA,DISTRICT OF COLUMBIA,Z,LWX,38.98,-77.47,0,0.00K,DC Waterfront crested at 5.5 ft MLLW on Monday afternoon May 9th at 0218 PM LST.
2022,May,VIRGINIA,NORTHAMPTON,Z,AKQ,36.98,-76.49,0,0.00K,"A combination of surface high pressure centered over the Canadian Maritimes and surface low pressure spinning off the Mid Atlantic Coast, resulted in strong northeast or north winds which caused minor"
2022,May,VIRGINIA,VIRGINIA BEACH,Z,AKQ,36.98,-76.49,0,0.00K,"A combination of surface high pressure centered over the Canadian Maritimes and surface low pressure spinning off the Mid Atlantic Coast, resulted in strong northeast or north winds which caused minor"
2022,September,SOUTH CAROLINA,CHARLESTON,Z,CHS,32.9,-80.03,0,,Long Point Road was closed between Needlerush Parkway and Rice Planters Drive due to coastal flooding.
2022,September,SOUTH CAROLINA,CHARLESTON,Z,CHS,32.9,-80.03,0,,The City of Charleston reported multiple roads and portions of roads closed in downtown Charleston due to coastal flooding.
2022,September,SOUTH CAROLINA,SOUTHERN COLLETON,Z,CHS,32.9,-80.03,0,,Dockside restaurant on Edisto Island reported that water began entering the building at 6:30 pm EST. The restaurant was closed due to the flooding.
2022,September,SOUTH CAROLINA,CHARLESTON,Z,CHS,32.9,-80.03,0,,An NWS employee spoke to a few residents who reported that water was completely across Robbie Glover Road. Water was also knee deep at the Gadsdenville boat landing and on the road leading to it.
2022,September,SOUTH CAROLINA,CHARLESTON,Z,CHS,32.9,-80.03,0,,A maximum tide level of 8.14 feet Mean Lower Low Water (MLLW) or 2.38 feet Mean Higher High Water (MHHW) was observed at the Charleston Harbor National Ocean Service (NOS) tide gauge. Major coastal fl
2022,December,WASHINGTON,BREMERTON AND VICINITY,Z,SEW,47.68,-122.25,0,,Flooding to Port Orchard damaged some business/retail space. |Hood Canal waters rose above Seabeck Highway with some minor flooding in Seabeck itself. Several homes were reported to have flooded with 
2022,November,TEXAS,COASTAL CAMERON,Z,BRO,25.91,-97.42,0,0.00K,"A 2.1-foot storm tide, as observed by NOAA's National Ocean Service site at Port Isabel (PTIT2), affected Coastal Cameron County from November 18th through very early in the morning on November 21st. "
2022,November,TEXAS,CAMERON ISLAND,Z,BRO,25.91,-97.42,0,0.00K,"A 1.6 foot storm tide, as observed by the Texas Coastal Ocean Observing Network (TCOON) site at South Padre Island Brazos Santiago (BZST2), affected South Padre Island the weekend of November 19th and"
2022,July,CALIFORNIA,NORTH BAY INTERIOR VALLEYS,Z,MTR,37.52,-122.04,0,0.00K,Route 101 NB at Stinson Beach - SR 1 north offramp closed due to flooding.
2022,July,CALIFORNIA,NORTH BAY INTERIOR VALLEYS,Z,MTR,37.52,-122.04,0,0.00K,Route 101 NB at Stinson Beach - SR 1 north offramp closed due to flooding.
2022,October,ALASKA,KUSKOKWIM DELTA,Z,AFC,64.81,-147.72,0,0.00K,The tidal gauge at Kwigillingok along the Kuskokwim Delta Coast showed observed values peaking about 2 feet above the normal high tide (highest astronomical tide) line on the morning of October 2nd.
2022,July,CALIFORNIA,NORTH BAY INTERIOR VALLEYS,Z,MTR,37.52,-122.04,0,0.00K,Route 101 NB at Stinson Beach - SR 1 north offramp closed due to flooding.
2022,September,ALASKA,ERN NORTON SOUND NULATO HILLS,Z,AFG,64.51,-165.42,0,0.00K,The extratropical remnants of Typhoon Merbok moved north through the Bering Sea from Thursday September 15th to Saturday September 17th. Strong south to southwest winds resulted in a significant storm
2022,December,MAINE,LINCOLN,Z,GYX,43.89,-70.26,0,3.00M,"The morning of December 23rd had perfect alignment of a very high astronomical tide, peak storm surge of 2+ feet and large battering nearshore waves of 15 to 20 feet all coinciding at high tide.  The "
2022,September,ALASKA,ST LAWRENCE IS. BERING STRAIT,Z,AFG,64.51,-165.42,0,0.00K,The extratropical remnants of Typhoon Merbok moved north through the Bering Sea from Thursday September 15th to Saturday September 17th. Strong south to southwest winds resulted in a significant storm
2022,September,ALASKA,YUKON DELTA,Z,AFG,64.51,-165.42,0,0.00K,The extratropical remnants of Typhoon Merbok moved north through the Bering Sea from Thursday September 15th to Saturday September 17th. Strong south to southwest winds resulted in a storm surge that 
2022,September,ALASKA,SRN SEWARD PENINSULA COAST,Z,AFG,64.51,-165.42,0,0.00K,The extratropical remnants of Typhoon Merbok moved north through the Bering Sea from Thursday September 15th to Saturday September 17th. Strong south to southwest winds resulted in a significant storm
2022,December,NEW HAMPSHIRE,COASTAL ROCKINGHAM,Z,GYX,43.89,-70.26,0,10.00M,"Along the Seacoast of New Hampshire, the astronomical tide was 10.3 feet MLLW at 1030 am. The storm tide reached 13.2 feet MLLW due to an accompanying 2.9 foot storm surge. Flood stage is 11.0 feet ML"
2022,December,MARYLAND,DORCHESTER,Z,AKQ,36.98,-76.49,0,0.00K,Very strong southwest then west winds associated with the passage of an arctic front caused moderate to major (tidal) coastal flooding over portions of Dorchester county adjacent to the Chesapeake Bay
2022,December,MARYLAND,SOMERSET,Z,AKQ,36.98,-76.49,0,0.00K,Very strong southwest then west winds associated with the passage of an arctic front caused minor to moderate (tidal) coastal flooding over portions of Somerset county adjacent to the Chesapeake Bay. 
2022,December,MARYLAND,DORCHESTER,Z,AKQ,36.98,-76.49,0,0.00K,Very strong southwest then west winds associated with the passage of an arctic front caused moderate to major (tidal) coastal flooding over portions of Dorchester county adjacent to the Chesapeake Bay
2022,December,MARYLAND,DORCHESTER,Z,AKQ,36.98,-76.49,0,0.00K,Strong southeast winds in advance of low pressure and a frontal boundary caused minor to moderate (tidal) coastal flooding over portions of Dorchester county adjacent to the Chesapeake Bay. Bishops He
2022,December,VIRGINIA,NORTHUMBERLAND,Z,AKQ,36.98,-76.49,0,0.00K,Strong southeast winds in advance of low pressure and a frontal boundary caused minor to moderate (tidal) coastal flooding over portions of Northumberland county adjacent to the Potomac River. Lewiset
2022,December,VIRGINIA,ACCOMACK,Z,AKQ,36.98,-76.49,0,0.00K,Very strong southwest then west winds associated with the passage of an arctic front caused minor to moderate (tidal) coastal flooding over portions of Accomack county adjacent to the Chesapeake Bay. 
2022,September,FLORIDA,LAKE,Z,MLB,28.11,-80.65,0,13.20K,Video provided by FOX 35 showed at least a dozen power poles snapped along the west side of US 27 from Riddick Grove Rd extending southward for a few hundred yards. At least 11 poles snapped or knocke
2022,September,ALASKA,BALDWIN PEN. & SELAWIK VALLEY,Z,AFG,64.51,-165.42,0,0.00K,The extratropical remnants of Typhoon Merbok moved north through the Chukchi Sea from Saturday September 17th to Sunday September 18th. Strong south to southwest winds resulted in a storm surge that c
2022,September,ALASKA,CHUKCHI SEA COAST,Z,AFG,64.51,-165.42,0,0.00K,The extratropical remnants of Typhoon Merbok moved north through the Chukchi Sea from Saturday September 17th to Sunday September 18th. Strong south to southwest winds resulted in a storm surge that c
2022,December,MAINE,COASTAL YORK,Z,GYX,43.89,-70.26,0,15.00M,"The morning of December 23rd had perfect alignment of a very high astronomical tide, peak storm surge of 2+ feet and large battering nearshore waves of 15 to 20 feet all coinciding at high tide.  The "
2022,December,MAINE,COASTAL CUMBERLAND,Z,GYX,43.89,-70.26,0,10.00M,"The morning of December 23rd had perfect alignment of a very high astronomical tide, peak storm surge of 2+ feet and large battering nearshore waves of 15 to 20 feet all coinciding at high tide.  The "
2022,December,MAINE,COASTAL WALDO,Z,GYX,43.89,-70.26,0,200.00K,"The morning of December 23rd had perfect alignment of a very high astronomical tide, peak storm surge of 2+ feet and large battering nearshore waves of 15 to 20 feet all coinciding at high tide.  The "
2022,December,MAINE,SAGADAHOC,Z,GYX,43.89,-70.26,0,3.00M,"The morning of December 23rd had perfect alignment of a very high astronomical tide, peak storm surge of 2+ feet and large battering nearshore waves of 15 to 20 feet all coinciding at high tide.  The "
2022,September,FLORIDA,MONROE/UPPER KEYS,Z,KEY,24.6,-81.73,0,,Coastal flooding of 28 inches above street level was reported near the intersection of North Blackwater Lane and Stillwright Way.  Water had entered outbuildings and sheds of properties in the immedia
2022,September,VIRGINIA,NORFOLK,Z,AKQ,36.98,-76.49,0,0.00K,"A combination of surface high pressure centered over the Northeast United States and Tropical Cyclone Ian lifting northwest through eastern South Carolina, resulted in very strong east or northeast wi"
2022,September,VIRGINIA,NORTHAMPTON,Z,AKQ,36.98,-76.49,0,0.00K,"A combination of surface high pressure centered over the Northeast United States and Tropical Cyclone Ian lifting northwest through eastern South Carolina, resulted in very strong east or northeast wi"
2022,December,MAINE,KNOX,Z,GYX,43.89,-70.26,0,500.00K,"The morning of December 23rd had perfect alignment of a very high astronomical tide, peak storm surge of 2+ feet and large battering nearshore waves of 15 to 20 feet all coinciding at high tide.  The "
2022,September,VIRGINIA,CHESAPEAKE,Z,AKQ,36.98,-76.49,0,0.00K,"A combination of surface high pressure centered over the Northeast United States and Tropical Cyclone Ian lifting northwest through eastern South Carolina, resulted in very strong east or northeast wi"
2022,September,VIRGINIA,JAMES CITY,Z,AKQ,36.98,-76.49,0,0.00K,"A combination of surface high pressure centered over the Northeast United States and Tropical Cyclone Ian lifting northwest through eastern South Carolina, resulted in very strong east or northeast wi"
2022,September,VIRGINIA,YORK,Z,AKQ,36.98,-76.49,0,0.00K,"A combination of surface high pressure centered over the Northeast United States and Tropical Cyclone Ian lifting northwest through eastern South Carolina, resulted in very strong east or northeast wi"
2022,September,NORTH CAROLINA,EASTERN CURRITUCK,Z,AKQ,36.98,-76.49,0,0.00K,"A combination of surface high pressure centered over the Northeast United States and Tropical Cyclone Ian lifting northwest through eastern South Carolina, resulted in very strong east or northeast wi"
2022,December,SOUTH CAROLINA,CHARLESTON,Z,CHS,32.9,-80.03,0,,A maximum tide level of 8.31 ft MLLW (2.54 ft MHHW) was observed at the Charleston Harbor tide gage. Major coastal flooding typically begins along the coasts of Charleston and Colleton counties when t
2022,December,SOUTH CAROLINA,CHARLESTON,Z,CHS,32.9,-80.03,0,,The public reported Long Point Road closed between Needlerush Parkway and Oak Avenue due to flooding near Horlbeck Creek.
2022,December,SOUTH CAROLINA,CHARLESTON,Z,CHS,32.9,-80.03,0,0.00K,Law enforcement reported Lockwood Drive Ramp between US 17 and Lockwood Drive closed due to saltwater flooding.
2022,December,MASSACHUSETTS,EASTERN PLYMOUTH,Z,BOX,41.96,-71.13,0,5.00K,"In Duxbury at 950 AM, the public reported that Washington Street, King Caesar Road, and Gurnet Road were flooded and impassable due to coastal flooding.  In Scituate at 10 AM, Bailey's Causeway was fl"
2022,December,MASSACHUSETTS,SUFFOLK,Z,BOX,41.96,-71.13,0,,"In Boston at 950 AM, Morrissey Blvd. was closed in multiple areas due to coastal flooding. |A short while later, moderate coastal flooding completely inundated Harborwalk and Long Wharf.  In Revere at"
2022,December,MASSACHUSETTS,DUKES,Z,BOX,41.96,-71.13,0,5.00K,"The Vineyard Gazette and GoMV.Com showed photos of moderate flooding in Vineyard Haven on Water Street near the Steamship Authority and in the Five Corners area.  In Edgartown, moderate coastal floodi"
2022,December,MASSACHUSETTS,NANTUCKET,Z,BOX,41.96,-71.13,0,1.00K,"Minor to moderate flooding occurred on Nantucket, per photos from Massachusetts Coastal Zone Management.  Coastal flooding occurred on New Whale Street, Harbor View Way, Easy Street, Easton Street, an"
2022,December,MASSACHUSETTS,EASTERN NORFOLK,Z,BOX,41.96,-71.13,0,,"In Quincy, portions of East Squantum Street, Dorchester Street, and the causeway near Victory Road were flooded."
2022,December,RHODE ISLAND,NEWPORT,Z,BOX,41.96,-71.13,0,2.00K,"In Newport, at 633 AM, police reported that the Sachuest Point Refuge and Sachuest Point Road were flooded over by coastal flooding and, later, King Park was flooded. In Jamestown at 730 AM, a trained"
2022,December,RHODE ISLAND,BLOCK ISLAND,Z,BOX,41.96,-71.13,0,0.00K,"At 655 AM, two feet of water was observed over Coast Guard Road on Block Island."
2022,December,RHODE ISLAND,WASHINGTON,Z,BOX,41.96,-71.13,0,5.00K,"In Westerly between 713 AM and 715 AM, Twitter video revealed coastal flooding on both Atlantic Avenue and Watch Hill Road.  In Narragansett at 806 AM, coastal flooding caused Foddering Farm Road at H"
2022,December,NEW JERSEY,SOUTHEASTERN BURLINGTON,Z,PHI,39.86,-74.46,0,0.00K,Widespread roadway flooding occurred in the tidal communities of southeastern Burlington County.  The flood waters affected some vulnerable buildings.  The tide gauge at Tuckerton (Ocean County) reach
2022,December,RHODE ISLAND,SOUTHEAST PROVIDENCE,Z,BOX,41.96,-71.13,0,0.00K,The total water level at the Fox Point Barrier reached 9.37 feet - which was a 3 to 4 foot surge above astronomical tide.  This caused the barrier to be shut down (6.7 feet is their threshold).  Other
2022,December,RHODE ISLAND,BRISTOL,Z,BOX,41.96,-71.13,0,0.00K,"In Bristol at 805 AM, Poppasquash Road was impassable due to coastal flooding and Hope Street at Washington Street was closed.  In Warren at 830 AM, there was a social media post of coastal flooding o"
2022,December,RHODE ISLAND,EASTERN KENT,Z,BOX,41.96,-71.13,0,0.00K,"In East Greenwich at 914 AM, the public provided a Twitter photo of Water Street impassable due to coastal flooding."
2022,December,SOUTH CAROLINA,CHARLESTON,Z,CHS,32.9,-80.03,0,,Broadcast media shared a video via social media of water across the roadway at Fishburne Street and Hagood Street.
2022,December,SOUTH CAROLINA,CHARLESTON,Z,CHS,32.9,-80.03,0,,Law enforcement reported Beaufain Street closed between Lockwood Drive and Pitt Street due to saltwater flooding.
2022,December,SOUTH CAROLINA,CHARLESTON,Z,CHS,32.9,-80.03,0,,A NWS employee reported Lockwood Drive closed between Wentworth and Broad Street due to saltwater flooding.
2022,December,SOUTH CAROLINA,CHARLESTON,Z,CHS,32.9,-80.03,0,,Law enforcement reported Washington Street at Society Street closed due to saltwater flooding.
2022,October,VIRGINIA,NORTHAMPTON,Z,AKQ,36.98,-76.49,0,0.00K,"Post Tropical Cyclone Ian lingering over the Mid Atlantic region and just off the coast, resulted in very strong northeast or north winds which caused minor to moderate (tidal) coastal flooding over p"
2022,October,MARYLAND,DORCHESTER,Z,AKQ,36.98,-76.49,0,0.00K,"Post Tropical Cyclone Ian lingering over the Mid Atlantic region and just off the coast, resulted in very strong northeast or north winds which caused minor to moderate (tidal) coastal flooding over p"
2022,October,MARYLAND,DORCHESTER,Z,AKQ,36.98,-76.49,0,0.00K,"Post Tropical Cyclone Ian lingering over the Mid Atlantic region and just off the coast, resulted in very strong northeast or north winds which caused minor to moderate (tidal) coastal flooding over p"
2022,December,NEW JERSEY,EASTERN ATLANTIC,Z,PHI,39.86,-74.46,0,0.00K,"Widespread roadway flooding occurred in the tidal communities of Atlantic County.  The flood waters affected vulnerable buildings.  The tide gauge at Absecon reached 6.78 feet MLLW, the tide gauge at "
2022,December,NEW JERSEY,WESTERN ATLANTIC,Z,PHI,39.86,-74.46,0,0.00K,"Widespread roadway flooding occurred in the tidal communities of Atlantic County.  The flood waters affected vulnerable buildings.  The tide gauge at Absecon reached 6.78 feet MLLW, the tide gauge at "
2022,December,MASSACHUSETTS,EASTERN ESSEX,Z,BOX,41.96,-71.13,0,50.00K,"In Swampscott at 948 AM, amateur radio reported that a section of Humphrey Street was closed due to coastal flooding and at 1005 AM a section of Atlantic Avenue was closed.  In Lynn at 948 AM, amateur"
2022,December,MASSACHUSETTS,SOUTHERN BRISTOL,Z,BOX,41.96,-71.13,0,7.00K,"In Dartmouth at 555 AM, Smith Neck Road by Padanaram Bridge was closed due to splashover and debris.  In New Bedford at 646 AM, police reported 1 foot of coastal flooding on roadways and at 717 AM, Fo"
2022,December,MASSACHUSETTS,SOUTHERN PLYMOUTH,Z,BOX,41.96,-71.13,0,2.00K,"In Fairhaven at 630 AM, several inches of street flooding were reported on Beechwood Street, Cove Street, and at Wilbur Point.  Also in Fairhaven, at 7 AM, there were several inches of coastal floodin"
2022,December,MASSACHUSETTS,BARNSTABLE,Z,BOX,41.96,-71.13,0,8.00K,"In Bourne at 745 AM, Ocean Avenue was partially flooded.  In Wellfleet at 1010 AM, the Powers Landing Beach parking lot was closed due to coastal flooding.  In Chatham at 1015 AM, Champlain Road was f"
2022,December,NEW JERSEY,EASTERN CAPE MAY,Z,PHI,39.86,-74.46,0,0.00K,"Widespread roadway flooding occurred in the tidal communities of Cape May County.  The flood waters affected vulnerable buildings.  The tide gauge at Ocean City reached 6.59 feet MLLW, the tide gauge "
2022,December,NEW JERSEY,WESTERN CAPE MAY,Z,PHI,39.86,-74.46,0,0.00K,"Widespread roadway flooding occurred in the tidal communities of Cape May County.  The flood waters affected vulnerable buildings.  The tide gauge at Ocean City reached 6.59 feet MLLW, the tide gauge "
2022,December,NEW JERSEY,CUMBERLAND,Z,PHI,39.86,-74.46,0,0.00K,Widespread roadway flooding occurred in the tidal communities of Cumberland County. The flood waters affected vulnerable buildings. The tide gauge at Bivalve reached 8.72 feet MLLW.
2022,December,NEW JERSEY,SALEM,Z,PHI,39.86,-74.46,0,0.00K,"Widespread roadway flooding occurred in the tidal communities of Salem County.  The flood waters affected vulnerable buildings.  The tide gauge at Reedy Point (New Castle County, Delaware) reached 8.2"
2022,December,PUERTO RICO,NORTHEAST,Z,SJU,18.43,-66.02,0,0.40K,Emergency management from Loiza closed the street along the beach in sector Las Carreras due to coastal flooding.
2022,December,PUERTO RICO,NORTH CENTRAL,Z,SJU,18.43,-66.02,0,0.40K,Minor coastal flooding was reported along road 681 between Barceloneta and Arecibo.
2022,December,PUERTO RICO,SAN JUAN AND VICINITY,Z,SJU,18.43,-66.02,0,0.40K,The public reported minor coastal flooding on Park Blvd street in front of El Ultimo Trolley beach through social media.
2022,December,PUERTO RICO,NORTHEAST,Z,SJU,18.43,-66.02,0,0.40K,"Emergency managers from Loiza closed a segment of road PR-187 from el Terraplen to Puent Restauradores. Coastal flooding was reported along these areas of the road, but it was also closed as a precaut"
2022,December,VIRGIN ISLANDS,ST. CROIX,Z,SJU,18.43,-66.02,0,0.40K,A report from the public indicated coastal flooding along the restaurant Rum Runners parking lot near the Christiansted boardwalk.
2022,December,NEW JERSEY,WESTERN OCEAN,Z,PHI,39.86,-74.46,0,0.00K,"Widespread roadway flooding occurred in the tidal communities of Ocean County, with the flood waters affecting some vulnerable buildings.  The tide gauge at Mantoloking reached 3.17 feet MLLW, the tid"
2022,December,NEW JERSEY,MIDDLESEX,Z,PHI,39.86,-74.46,0,0.00K,Widespread roadway flooding occurred in the tidal communities of Middlesex County.  Water entered vulnerable buildings causing some damage.  The tide gauge at Perth Amboy reached 9.39 feet MLLW.
2022,December,NEW JERSEY,GLOUCESTER,Z,PHI,39.86,-74.46,0,0.00K,Widespread roadway flooding occurred in the tidal communities of Gloucester County. The  tide gauge at the US Coast Guard Station in Philadelphia reached 9.49 feet MLLW.
2022,December,NEW JERSEY,CAMDEN,Z,PHI,39.86,-74.46,0,0.00K,"Widespread roadway flooding occurred in the tidal communities of Camden County.  The  tide gauge at the US Coast Guard Station in Philadelphia reached 9.49 feet MLLW, and the tide gauge at Bridesburg "
2022,December,NEW JERSEY,NORTHWESTERN BURLINGTON,Z,PHI,39.86,-74.46,0,0.00K,"Widespread roadway flooding occurred in the tidal communities of northwestern Burlington County.  The tide gauge at Burlington reached 10.77 feet MLLW, and the tide gauge at Newbold (Bucks County, Pen"
2022,December,NEW JERSEY,MERCER,Z,PHI,39.86,-74.46,0,0.00K,"Roadway and property flooding occurred along the tidal Delaware River in Mercer County. The tide gauge at Newbold (Bucks County, Pennsylvania) reached 11.39 feet MLLW."
2022,December,PENNSYLVANIA,LOWER BUCKS,Z,PHI,39.86,-74.46,0,0.00K,"Widespread roadway flooding occurred in the tidal communities of lower Bucks County. The tide gauge at Burlington (Burlington County, New Jersey) reached 10.77 feet MLLW, and the tide gauge at Newbold"
2022,December,PENNSYLVANIA,PHILADELPHIA,Z,PHI,39.86,-74.46,0,0.00K,"Widespread roadway flooding occurred in the tidal areas of Philadelphia.  The tide gauge at the US Coast Guard Station reached 9.49 feet MLLW, and the tide gauge at Bridesburg reached 9.77 feet MLLW."
2022,December,NEW JERSEY,EASTERN OCEAN,Z,PHI,39.86,-74.46,0,0.00K,"Widespread roadway flooding occurred in the tidal communities of Ocean County, with the flood waters affecting some vulnerable buildings.  The tide gauge at Mantoloking reached 3.17 feet MLLW, the tid"
2022,December,NEW JERSEY,EASTERN MONMOUTH,Z,PHI,39.86,-74.46,0,0.00K,"Widespread roadway flooding occurred in the tidal communities of Monmouth County. Water entered vulnerable buildings causing some damage.  The tide gauge at Keansburg reached 8.99 feet MLLW, the tide "
2022,December,NEW JERSEY,WESTERN MONMOUTH,Z,PHI,39.86,-74.46,0,0.00K,"Widespread roadway flooding occurred in the tidal communities of Monmouth County. Water entered vulnerable buildings causing some damage.  The tide gauge at Keansburg reached 8.99 feet MLLW, the tide "
2022,December,NEW JERSEY,EASTERN OCEAN,Z,PHI,39.86,-74.46,0,0.00K,"Widespread roadway flooding occurred in the tidal communities of Ocean County.  Water entered vulnerable buildings causing some damage.  The tide gauge at Mantoloking reached 3.73 feet MLLW, the tide "
2022,December,NEW JERSEY,WESTERN OCEAN,Z,PHI,39.86,-74.46,0,0.00K,"Widespread roadway flooding occurred in the tidal communities of Ocean County.  Water entered vulnerable buildings causing some damage.  The tide gauge at Mantoloking reached 3.73 feet MLLW, the tide "
2022,December,DELAWARE,NEW CASTLE,Z,PHI,39.86,-74.46,0,0.00K,Widespread roadway flooding occurred in the tidal communities of New Castle County.  The flood waters affected vulnerable buildings.  The tide gauge at Reedy Point reached 8.29 feet MLLW.
2022,December,PENNSYLVANIA,DELAWARE,Z,PHI,39.86,-74.46,0,0.00K,Widespread roadway flooding occurred in the tidal communities of Delaware County. The tide gauge at the US Coast Guard Station in Philadelphia reached 9.49 feet MLLW.
2022,September,VIRGINIA,NORTHAMPTON,Z,AKQ,36.98,-76.49,0,0.00K,"A combination of surface high pressure centered over the Northeast United States and Tropical Cyclone Ian lifting northwest through eastern South Carolina, resulted in very strong east or northeast wi"
2022,June,VIRGIN ISLANDS,ST. THOMAS / ST. JOHN AND ADJACENT ISLANDS,Z,SJU,18.43,-66.02,0,0.00K,"The drought event across the USVI is a concern to agricultural interests, as hot and dry days increase water demands, while stressing pastures, crops and native vegetation. Additionally, the groundwat"
2022,September,MARYLAND,ST. MARY'S,Z,LWX,38.98,-77.47,0,0.00K,Tidal gauge went above moderate flood stage at 2AM on Sep 9 and it stayed above moderate category for two consecutive high tide cycles.
2022,September,ALASKA,KUSKOKWIM DELTA,Z,AFC,64.81,-147.72,0,,A severe storm surge moved into coastal areas of the Kuskokwim Delta during the height of onshore winds and high waves battering the coast as Merbok's center moved northeast towards the Seward Peninsu
2022,December,MARYLAND,ANNE ARUNDEL,Z,LWX,38.98,-77.47,0,0.00K,Low-end moderate coastal flooding occurred at Annapolis due to strong onshore flow.
2022,December,MARYLAND,ST. MARY'S,Z,LWX,38.98,-77.47,0,0.00K,Low-end moderate coastal flooding occurred at Straits Point due to strong onshore flow.
2022,December,NORTH CAROLINA,NORTHERN OUTER BANKS,Z,MHX,34.78,-76.88,0,0.00K,"Winds picked up during the morning hours with the passage of an arctic cold front. Peak wind gusts of 50-60 mph were observed during the late morning to early afternoon hours, though remained high thr"
2022,December,NORTH CAROLINA,HATTERAS ISLAND,Z,MHX,34.78,-76.88,0,0.00K,"Winds picked up during the morning hours with the passage of an arctic cold front. Peak wind gusts of 50-60 mph were observed during the late morning to early afternoon hours, though remained high thr"
2022,December,MAINE,COASTAL WASHINGTON,Z,CAR,46.87,-68.02,0,,Strong onshore winds and large breaking waves led to coastal flooding during the morning high tide cycle. The storm surge at the time of high tide was up to around 2 feet along with the large breaking
2022,December,MAINE,COASTAL HANCOCK,Z,CAR,46.87,-68.02,0,,Strong onshore winds and large breaking waves led to coastal flooding during the morning high tide cycle. The storm surge at the time of high tide was up to around 2 feet along with the large breaking
2022,December,WASHINGTON,SOUTH COAST,Z,PQR,45.56,-122.98,0,,"The tide at Toke Point, WA peaked at 11.4 feet at 1348PST.  Around 11 feet, minor flooding of low lying areas and roads around Raymond, WA occur."
2024,April,FLORIDA,PINELLAS,Z,TBW,27.71,-82.4,0,0.00K,Public reported minor coastal flooding via social media at Fred Howard Park.
2024,January,MARYLAND,SOMERSET,Z,AKQ,36.98,-76.49,0,0.00K,Strong west to southwest winds behind a cold front caused minor to moderate (tidal) coastal flooding over portions of Somerset county adjacent to the Chesapeake Bay. Crisfield reached 4.16 feet MLLW o
2024,January,MARYLAND,DORCHESTER,Z,AKQ,36.98,-76.49,0,0.00K,Strong west to southwest winds behind a cold front caused minor to moderate (tidal) coastal flooding over portions of Dorchester county adjacent to the Chesapeake Bay. Bishops Head reached 3.89 feet M
2024,April,ALABAMA,BALDWIN COASTAL,Z,MOB,30.68,-88.24,0,,Strong southerly flow caused coastal flooding along the causeway.
2024,April,ALABAMA,MOBILE COASTAL,Z,MOB,30.68,-88.24,0,,Bayou La Batre Police Department reported that Shell Belt road is impassable.
2024,April,MASSACHUSETTS,DUKES,Z,BOX,41.96,-71.13,0,0.00K,In Vineyard Haven at 7:13 AM EDT Seaview Ave and Beach Rd were closed due to flooding.
2024,April,MASSACHUSETTS,EASTERN PLYMOUTH,Z,BOX,41.96,-71.13,0,0.00K,In Cohasset at 7:04 AM EDT Margin St at Howard Gleason Rd was flooded and closed. In Hingham at 7:10 AM EDT Kilby St at Rockland St was closed.
2024,January,DELAWARE,DELAWARE BEACHES,Z,PHI,39.86,-74.46,0,0.00K,"Widespread roadway flooding was reported in the tidal areas of the county, and there were numerous road closures. Many homes and other buildings were surrounded by flood waters with some minor propert"
2024,January,DELAWARE,INLAND SUSSEX,Z,PHI,39.86,-74.46,0,0.00K,"Widespread roadway flooding was reported in the tidal areas of the county, and there were numerous road closures. Many homes and other buildings were surrounded by flood waters with some minor propert"
2024,January,MARYLAND,CAROLINE,Z,PHI,39.86,-74.46,0,0.00K,Widespread moderate flooding occurred in the tidal areas of Caroline County. There were several road closures with the flood waters approaching some homes and businesses. The tide gauge at Claiborne r
2024,January,NEW JERSEY,WESTERN MONMOUTH,Z,PHI,39.86,-74.46,0,0.00K,"Widespread roadway flooding occurred in the tidal communities of Monmouth County. Water entered vulnerable buildings causing some damage. The tide gauge at Keansburg reached 8.02 feet MLLW, the tide g"
2024,January,NEW JERSEY,EASTERN MONMOUTH,Z,PHI,39.86,-74.46,0,0.00K,"Widespread roadway flooding occurred in the tidal communities of Monmouth County. Water entered vulnerable buildings causing some damage. The tide gauge at Keansburg reached 8.02 feet MLLW, the tide g"
2024,January,MASSACHUSETTS,EASTERN NORFOLK,Z,BOX,41.96,-71.13,0,0.00K,In Quincy at 11:30 AM EST Victory Rd was closed.
2024,January,MASSACHUSETTS,SOUTHERN BRISTOL,Z,BOX,41.96,-71.13,0,0.00K,In Dartmouth at 7:03 AM EST Smith Neck Rd was closed due to coastal flooding. At 7:20 AM EST Padanaram Bridge was closed. In Bristol at 7:25 AM EST Poppasquash Rd was closed. In New Bedford at 7:34 AM
2024,January,NEW JERSEY,EASTERN OCEAN,Z,PHI,39.86,-74.46,0,0.00K,"Widespread roadway flooding occurred in the tidal communities of Ocean County. Water entered vulnerable buildings causing some damage. The tide gauge at Mantoloking reached 3.82 feet MLLW, the tide ga"
2024,January,NEW JERSEY,WESTERN OCEAN,Z,PHI,39.86,-74.46,0,0.00K,"Widespread roadway flooding occurred in the tidal communities of Ocean County. Water entered vulnerable buildings causing some damage. The tide gauge at Mantoloking reached 3.82 feet MLLW, the tide ga"
2024,January,NEW JERSEY,CUMBERLAND,Z,PHI,39.86,-74.46,0,0.00K,Widespread moderate flooding occurred in the tidal areas of Cumberland County. There were many road closures with the flood waters affecting numerous homes and businesses. The tide gauge at Greenwich 
2024,January,MASSACHUSETTS,BARNSTABLE,Z,BOX,41.96,-71.13,0,0.00K,In Falmouth at 9:32 AM EST Manauhant Rd and Grand Ave was closed. In Chatham at 11:25 AM EST Bridge St was flooded.
2024,January,MASSACHUSETTS,SUFFOLK,Z,BOX,41.96,-71.13,0,0.00K,In Boston at 11:00 AM EST Morrissey Blvd was closed and much of the Long Wharf was underwater. In Revere at 11:15 AM EST Pearl Ave and North Shore Rd were closed.
2024,January,MASSACHUSETTS,EASTERN PLYMOUTH,Z,BOX,41.96,-71.13,0,0.00K,In Duxbury at 11:25 AM EST Powder Point Ave was flooded. In Hingham at 12:15 PM EST Rockland and Kilby streets were flooded and impassable.
2024,January,NEW JERSEY,SALEM,Z,PHI,39.86,-74.46,0,0.00K,"Widespread moderate flooding occurred in the tidal areas of Salem County. There were many road closures with the flood waters reaching numerous homes and businesses. The tide gauge at Delaware City, D"
2024,January,NEW JERSEY,MIDDLESEX,Z,PHI,39.86,-74.46,0,0.00K,Widespread roadway flooding occurred in the tidal communities of Middlesex County. Water entered vulnerable buildings causing some damage. The tide gauge at Perth Amboy reached 8.83 feet MLLW.
2024,January,NEW JERSEY,EASTERN MONMOUTH,Z,PHI,39.86,-74.46,0,0.00K,Widespread moderate with locally major flooding occurred in the tidal communities of Monmouth County. Water entered vulnerable buildings causing some damage. The tide gauge at Keansburg reached 8.67 f
2024,January,MARYLAND,TALBOT,Z,PHI,39.86,-74.46,0,0.00K,Widespread moderate flooding occurred in the tidal areas of Talbot County. There were several road closures with the flood waters approaching some homes and businesses. The tide gauge at Claiborne rea
2024,January,MARYLAND,KENT,Z,PHI,39.86,-74.46,0,0.00K,Widespread moderate flooding occurred in the tidal areas of Kent County. There were many road closures with the flood waters affecting numerous homes and businesses. The tide gauge at Tolchester Beach
2024,January,PENNSYLVANIA,PHILADELPHIA,Z,PHI,39.86,-74.46,0,0.00K,Widespread moderate and major flooding occurred along the tidal Delaware River and its tidal tributaries with both high tides on January 10th. There were many road closures with water entering vulnera
2024,January,NEW JERSEY,EASTERN ATLANTIC,Z,PHI,39.86,-74.46,0,0.00K,"Widespread roadway flooding and some property inundation occurred in the tidal areas of Atlantic County. The tide gauge at the Atlantic City Marina reached 6.77 feet MLLW, the tide gauge on the oceanf"
2024,January,NEW JERSEY,WESTERN CAPE MAY,Z,PHI,39.86,-74.46,0,0.00K,"Widespread roadway flooding occurred in the tidal communities of Cape May County. The flood waters affected vulnerable buildings. The tide gauge at Ocean City reached 6.40 feet MLLW, the tide gauge at"
2024,January,NEW JERSEY,EASTERN CAPE MAY,Z,PHI,39.86,-74.46,0,0.00K,"Widespread roadway flooding occurred in the tidal communities of Cape May County. The flood waters affected vulnerable buildings. The tide gauge at Ocean City reached 6.40 feet MLLW, the tide gauge at"
2024,January,NEW JERSEY,WESTERN OCEAN,Z,PHI,39.86,-74.46,0,0.00K,"Widespread roadway flooding occurred in the tidal communities of Ocean County. Water entered vulnerable buildings causing some damage. The tide gauge at Mantoloking reached 3.51 feet MLLW, the tide ga"
2024,January,NEW JERSEY,SOUTHEASTERN BURLINGTON,Z,PHI,39.86,-74.46,0,0.00K,Widespread roadway flooding occurred in the tidal communities of southeastern Burlington County. The flood waters affected some vulnerable buildings. The tide gauge at Tuckerton (Ocean County) reached
2024,January,NEW JERSEY,WESTERN ATLANTIC,Z,PHI,39.86,-74.46,0,0.00K,"Widespread roadway flooding and some property inundation occurred in the tidal areas of Atlantic County. The tide gauge at the Atlantic City Marina reached 6.77 feet MLLW, the tide gauge on the oceanf"
2024,January,NEW JERSEY,WESTERN MONMOUTH,Z,PHI,39.86,-74.46,0,0.00K,Widespread moderate with locally major flooding occurred in the tidal communities of Monmouth County. Water entered vulnerable buildings causing some damage. The tide gauge at Keansburg reached 8.67 f
2024,January,NEW JERSEY,EASTERN OCEAN,Z,PHI,39.86,-74.46,0,0.00K,"Widespread roadway flooding occurred in the tidal communities of Ocean County. Water entered vulnerable buildings causing some damage. The tide gauge at Mantoloking reached 3.51 feet MLLW, the tide ga"
2024,January,NEW JERSEY,CAMDEN,Z,PHI,39.86,-74.46,0,0.00K,Widespread moderate and major flooding occurred along the tidal Delaware River and its tidal tributaries with both high tides on January 10th. There were many road closures with water entering vulnera
2024,January,NEW JERSEY,GLOUCESTER,Z,PHI,39.86,-74.46,0,0.00K,Widespread moderate to major flooding occurred along the tidal Delaware River and its tidal tributaries with both high tides on January 10th. There were many road closures with the flood waters approa
2024,January,PENNSYLVANIA,DELAWARE,Z,PHI,39.86,-74.46,0,0.00K,Widespread moderate to major flooding occurred along the tidal Delaware River and its tidal tributaries with both high tides on January 10th. There were many road closures with the flood waters approa
2024,January,DELAWARE,NEW CASTLE,Z,PHI,39.86,-74.46,0,0.00K,Widespread moderate to major flooding occurred in the tidal areas of New Castle County. There were many road closures with the flood waters affecting numerous homes and businesses. The tide gauge at N
2024,January,NEW JERSEY,CUMBERLAND,Z,PHI,39.86,-74.46,0,0.00K,Widespread moderate flooding occurred in the tidal areas of Cumberland County. There were many road closures with the flood waters affecting numerous homes and businesses. The tide gauge at Bivalve re
2024,January,DELAWARE,DELAWARE BEACHES,Z,PHI,39.86,-74.46,0,0.00K,"Some roadway flooding was reported in the tidal areas of the county, and there were some road closures. Some homes and other buildings were surrounded by flood waters with some minor property damage o"
2024,January,DELAWARE,INLAND SUSSEX,Z,PHI,39.86,-74.46,0,0.00K,"Some roadway flooding was reported in the tidal areas of the county, and there were some road closures. Some homes and other buildings were surrounded by flood waters with some minor property damage o"
2024,January,NEW JERSEY,NORTHWESTERN BURLINGTON,Z,PHI,39.86,-74.46,0,0.00K,Widespread moderate flooding occurred along the tidal Delaware River and its tidal tributaries. There were road closures with the flood waters approaching and entering some vulnerable buildings. The t
2024,January,NEW JERSEY,CAMDEN,Z,PHI,39.86,-74.46,0,0.00K,Widespread moderate flooding occurred along the tidal Delaware River and its tidal tributaries. There were many road closures with water entering vulnerable homes and businesses. The tide gauge at Bri
2024,January,NEW JERSEY,GLOUCESTER,Z,PHI,39.86,-74.46,0,0.00K,Widespread moderate flooding occurred along the tidal Delaware River and its tidal tributaries. There were many road closures with water entering vulnerable homes and businesses. The tide gauge at the
2024,November,WASHINGTON,TACOMA AREA,Z,SEW,47.68,-122.25,0,0.00K,The NOAA Tide Gauge in Tacoma reached 1.99  feet or 0.12 feet above minor flood stage.
2024,November,WASHINGTON,CENTRAL COAST,Z,SEW,47.68,-122.25,0,0.00K,The Westport tide gauge reached 2.48 feet or 0.23 feet above moderate flood threshold.
2024,March,MASSACHUSETTS,EASTERN PLYMOUTH,Z,BOX,41.96,-71.13,0,0.00K,In Cohasset at 11:05 AM EST Margin St at Stockbridge St was closed.
2024,March,MASSACHUSETTS,SOUTHERN BRISTOL,Z,BOX,41.96,-71.13,0,0.00K,"In Dartmouth at 8:40 AM EST Smith Neck Rd at Gulf Road was flooded. Also, at 8:55 AM EST Potomska Rd had 1 to 2 feet of coastal flooding."
2024,November,WASHINGTON,NORTH COAST,Z,SEW,47.68,-122.25,0,0.00K,The La Push tide gauge reached 2.95 feet or 0.36 feet above minor flood threshold.
2024,January,MASSACHUSETTS,BARNSTABLE,Z,BOX,41.96,-71.13,0,0.00K,In Centerville at 10:30  AM EST Long Beach Rd was flooded due to coastal flooding.
2024,January,MARYLAND,QUEEN ANNES,Z,PHI,39.86,-74.46,0,0.00K,Widespread moderate flooding occurred in the tidal areas of Queen Anne's County. There were several road closures with the flood waters approaching some homes and businesses. The tide gauge at Claibor
2024,January,RHODE ISLAND,EASTERN KENT,Z,BOX,41.96,-71.13,0,0.00K,In Warwick at 7:47 AM EST Arnolds Neck Dr. was flooded due to coastal flooding.
2024,January,RHODE ISLAND,WASHINGTON,Z,BOX,41.96,-71.13,0,0.00K,Minor to moderate coastal flooding occurred during the morning high tide along the South Coast. Several roads were closed due to 1 to 3 feet of flooding in Westerly and other locations along the south
2024,January,MASSACHUSETTS,SOUTHERN BRISTOL,Z,BOX,41.96,-71.13,0,0.00K,In New Bedford at 4:08 AM EST Padanaram Ave at Rogers St and part of East Rodney French Blvd was closed due to coastal flooding. In Dartmouth at 4:48 AM EST a section of Smith Neck Rd near the ocean w
2024,January,MASSACHUSETTS,EASTERN ESSEX,Z,BOX,41.96,-71.13,0,0.00K,In Salisbury at 9:20 AM EST Beach Rd was flooded from coastal flooding. In Salem at 10:44 AM EST Bridge St near the Council of Aging was closed. In Swampscott at 10:44 AM EST Humphrey St between Easte
2024,January,MASSACHUSETTS,SUFFOLK,Z,BOX,41.96,-71.13,0,0.00K,"In Revere at 10:08 AM EST Belle Ave and Pearl Ave was flooded due to coastal flooding. In Winthrop at 10:24 AM EST Morton St was flooded. Also, at 10:30 AM EST Winthrop Parkway from Revere St to Highl"
2024,January,MASSACHUSETTS,EASTERN PLYMOUTH,Z,BOX,41.96,-71.13,0,0.00K,In Hingham at 10:24 AM EST Rockland St was flooded.
2024,January,MARYLAND,CECIL,Z,LWX,38.98,-77.47,0,0.00K,"The NOS tide gauge at Chesapeake City reached a crest of 7.65' MLLW (4.3' MHHW) at 954 PM EST on Jan 9th. This was the second highest crest ever recorded at this location. However, flooding impacts fr"
2024,January,DISTRICT OF COLUMBIA,DISTRICT OF COLUMBIA,Z,LWX,38.98,-77.47,0,0.00K,The NOS tide gauge at Washington DC Southwest Waterfront reached a crest of 6.19' MLLW (3.0' MHHW) at 636 PM EST on Jan 9th. Lead time for this event was 12.9 hours.
2024,January,VIRGINIA,ARLINGTON,Z,LWX,38.98,-77.47,0,0.00K,The USGS tide gauge at City of Alexandria reached a crest of 4.9' NAVD88 at 642 PM EST on Jan 9th. This was the 7th highest crest ever at this location. Lead time for this event was 13.2 hours.
2024,January,CONNECTICUT,SOUTHERN NEW HAVEN,Z,OKX,40.87,-72.86,0,0.00K,"Moderate coastal flooding occurred at the New Haven NOS tidal gauge, with water levels above the moderate threshold of 9.3 ft MLLW from 1054 AM EST to 112 PM EST, and a peak water level of 10.1 ft MLL"
2024,January,CONNECTICUT,SOUTHERN NEW LONDON,Z,OKX,40.87,-72.86,0,0.00K,"Moderate coastal flooding occurred at the New London NOS tidal gauge, with water levels above the moderate threshold of 6.0 ft MLLW from 854 AM EST to 1148 AM EST, and a peak water level of 6.6 ft MLL"
2024,September,VIRGINIA,NORTHAMPTON,Z,AKQ,36.98,-76.49,0,0.00K,"The combination of strong high pressure over eastern Canada and weak low pressure off the southern New England coast, resulted in north to northeast winds which caused minor to moderate (tidal) coasta"
2024,January,NEW YORK,SOUTHEAST SUFFOLK,Z,OKX,40.87,-72.86,0,0.00K,"Widespread moderate to major coastal flooding occurred for several hours:||Major coastal flooding occurred at the East Moriches USGS tidal gauge, with water levels above the major threshold of 6.3 ft "
2024,January,NEW JERSEY,EASTERN ESSEX,Z,OKX,40.87,-72.86,0,0.00K,"Moderate coastal flooding occurred at the Bergen Point NY NOS tidal gauge, with water levels above the moderate threshold of 8.5 ft MLLW from 924 AM EST to 1106 AM EST, and a peak water level of 9.0 f"
2024,January,NEW JERSEY,EASTERN UNION,Z,OKX,40.87,-72.86,0,0.00K,"Moderate coastal flooding occurred at the Bergen Point NY NOS tidal gauge, with water levels above the moderate threshold of 8.5 ft MLLW from 924 AM EST to 1106 AM EST, and a peak water level of 9.0 f"
2024,January,NEW YORK,SOUTHERN WESTCHESTER,Z,OKX,40.87,-72.86,0,0.00K,"Moderate coastal flooding occurred at the Kings Point NOS tidal gauge, with water levels above the moderate threshold of 10.5 ft MLLW from 1100 AM EST to 136 PM EST, and a peak water level of 11.0 ft "
2024,January,CONNECTICUT,SOUTHERN NEW LONDON,Z,OKX,40.87,-72.86,0,0.00K,"Moderate coastal flooding occurred at the New London NOS tidal gauge, with water levels above the moderate threshold of 6.0 ft MLLW from 600 AM to 800 AM EST,|and a peak water level of 6.2 ft MLLW at "
2024,January,NEW YORK,NORTHERN WESTCHESTER,Z,OKX,40.87,-72.86,0,0.00K,"Moderate coastal flooding occurred at the Piermont USGS tidal gauge, with water levels above the moderate threshold of 6.9 ft MLLW from 800 AM to 945 AM EST, and a peak water level of 7.3 ft MLLW from"
2024,January,NEW YORK,SOUTHERN QUEENS,Z,OKX,40.87,-72.86,0,0.00K,"Moderate coastal flooding occurred at the East Rockaway Inlet USGS tidal gauge, with water levels above the moderate threshold of 7.2 ft MLLW from 518 AM EST to 748 AM EST, and a peak water level of 7"
2024,January,NEW YORK,NORTHERN WESTCHESTER,Z,OKX,40.87,-72.86,0,0.00K,"Moderate coastal flooding occurred at the Piermont USGS tidal gauge, with water levels above the moderate threshold of 6.9 ft MLLW from from 1015 AM EST to 1245 PM EST, and a peak water level of 7.5 f"
2024,January,NEW YORK,KINGS (BROOKLYN),Z,OKX,40.87,-72.86,0,0.00K,"Moderate coastal flooding occurred at the Inwood USGS tidal gauge on Jamaica Bay,with water levels above the moderate threshold of 8.5 ft MLLW from 624 AM to 818 AM EST, |and a peak water level of 8.8"
2024,January,NEW YORK,ROCKLAND,Z,OKX,40.87,-72.86,0,0.00K,"Moderate coastal flooding occurred at the Piermont USGS tidal gauge, with water levels above the moderate threshold of 6.9 ft MLLW from 800 AM to 945 AM EST, and a peak water level of 7.3 ft MLLW from"
2024,January,NEW YORK,NORTHERN NASSAU,Z,OKX,40.87,-72.86,0,0.00K,"Moderate coastal flooding occurred at the Kings Point NOS tidal gauge, with water levels above the moderate threshold of 10.5 ft MLLW from 1100 AM EST to 136 PM EST, and a peak water level of 11.0 ft "
2024,January,NEW YORK,BRONX,Z,OKX,40.87,-72.86,0,0.00K,"Moderate coastal flooding occurred at the Kings Point NOS tidal gauge, with water levels at the moderate threshold of 11.0 ft MLLW from 1212 PM EST to 1230 PM EST."
2024,January,NEW YORK,SOUTHERN NASSAU,Z,OKX,40.87,-72.86,0,0.00K,"Widespread moderate to locally major coastal flooding occurred along the south shore back bays:||Major coastal flooding occurred at the Freeport USGS tidal gauge, with water levels above the major thr"
2024,January,NEW YORK,NORTHEAST SUFFOLK,Z,OKX,40.87,-72.86,0,0.00K,"Moderate coastal flooding occurred at the Orient Harbor USGS tidal gauge, with water levels at the moderate threshold of 5.8 ft MLLW from 0924 AM EST to 1218 PM EST, and a peak water level of 6.2 ft M"
2024,January,CONNECTICUT,SOUTHERN MIDDLESEX,Z,OKX,40.87,-72.86,0,0.00K,"Moderate coastal flooding occurred at the nearby New Haven NOS tidal gauge, with water levels above the moderate threshold of 9.3 ft MLLW from 1054 AM EST to 112 PM EST, and a peak water level of 10.1"
2024,January,NEW JERSEY,HUDSON,Z,OKX,40.87,-72.86,0,0.00K,"Moderate coastal flooding occurred at the Bergen Point NY NOS tidal gauge, with water levels above the moderate threshold of 8.5 ft MLLW from 924 AM EST to 1106 AM EST, and a peak water level of 9.0 f"
2024,January,NEW YORK,SOUTHERN WESTCHESTER,Z,OKX,40.87,-72.86,0,0.00K,"Moderate coastal flooding occurred at the Piermont USGS tidal gauge, with water levels above the moderate threshold of 6.9 ft MLLW from 800 AM to 945 AM EST, and a peak water level of 7.3 ft MLLW from"
2024,January,NEW YORK,RICHMOND (STATEN IS.),Z,OKX,40.87,-72.86,0,0.00K,"Moderate coastal flooding occurred at the Great Kills USGS tidal gauge, with water levels above the moderate threshold of 8.2 ft MLLW from 648 AM to 736 AM EST, and a peak water level of 8.4 ft MLLW a"
2024,January,NEW YORK,NORTHEAST SUFFOLK,Z,OKX,40.87,-72.86,0,0.00K,"Moderate coastal flooding occurred at the Orient Harbor USGS tidal gauge, with water levels at the moderate threshold of 5.8 ft MLLW from 754 AM to 830 AM EST."
2024,January,NEW YORK,ROCKLAND,Z,OKX,40.87,-72.86,0,0.00K,"Moderate coastal flooding occurred at the Piermont USGS tidal gauge, with water levels above the moderate threshold of 6.9 ft MLLW from from 1015 AM EST to 1245 PM EST, and a peak water level of 7.5 f"
2024,January,NEW YORK,SOUTHEAST SUFFOLK,Z,OKX,40.87,-72.86,0,0.00K,"Moderate coastal flooding occurred at at the East Moriches USGS tidal gauge, with water levels above the moderate threshold of 5.3 ft MLLW from 954 AM EST to 1106 AM EST, and a peak water level of 5.4"
2024,January,NEW YORK,NORTHWEST SUFFOLK,Z,OKX,40.87,-72.86,0,0.00K,"Moderate coastal flooding occurred at the Old Field NY USGS tidal gauge, with water levels above the moderate threshold of 10.2 ft MLLW from 1130 AM EST to 118 PM EST, and a peak water level of 10.8 f"
2024,January,NEW YORK,SOUTHWEST SUFFOLK,Z,OKX,40.87,-72.86,0,0.00K,"Moderate coastal flooding occurred at at the Lindenhurst USGS tidal gauge, with water levels above the moderate threshold of 3.6 ft MLLW from 1030 AM EST to 106 PM EST, and a peak water level of 3.8 f"
2024,January,NEW YORK,SOUTHERN QUEENS,Z,OKX,40.87,-72.86,0,0.00K,"Moderate coastal flooding occurred at the East Rockaway Inlet USGS tidal gauge, with water levels above the moderate threshold of 7.2 ft MLLW from 806 AM EST to 1054 AM EST, and a peak water level of "
2024,January,NEW YORK,SOUTHWEST SUFFOLK,Z,OKX,40.87,-72.86,0,0.00K,"Widespread major coastal flooding occurred for several hours along the Great South Bay:||Major coastal flooding occurred at at the Lindenhurst USGS tidal gauge, with water levels above the major thres"
2024,January,NEW YORK,KINGS (BROOKLYN),Z,OKX,40.87,-72.86,0,0.00K,"Moderate coastal flooding occurred at the Rockaway Inlet USGS tidal gauge, with water levels above the moderate threshold of 8.6 ft MLLW from 0854 AM EST to 1048 AM EST, and a peak water level of 9.2 "
2024,January,NEW YORK,RICHMOND (STATEN IS.),Z,OKX,40.87,-72.86,0,0.00K,"Moderate coastal flooding occurred at the Bergen Point NY NOS tidal gauge, with water levels above the moderate threshold of 8.5 ft MLLW from 924 AM EST to 1106 AM EST, and a peak water level of 9.0 f"
2024,January,CONNECTICUT,SOUTHERN MIDDLESEX,Z,OKX,40.87,-72.86,0,0.00K,"Moderate coastal flooding occurred at the New London NOS tidal gauge, with water levels above the moderate threshold of 6.0 ft MLLW from 600 AM to 800 AM EST,|and a peak water level of 6.2 ft MLLW at "
2024,January,CONNECTICUT,SOUTHERN FAIRFIELD,Z,OKX,40.87,-72.86,0,0.00K,"Moderate coastal flooding occurred at the Bridgeport CT NOS tidal gauge, with water levels above the moderate threshold of 10.2 ft MLLW from 1106 AM EST to 106 PM EST, and a peak water level of 10.7 f"
2024,January,NEW YORK,SOUTHERN NASSAU,Z,OKX,40.87,-72.86,0,0.00K,"Major coastal flooding occurred at the Freeport USGS tidal gauge, with water levels above the major threshold of 7.2 ft MLLW from 836 AM EST to 1054 AM EST, and a peak water level of 7.8 ft MLLW from "
2024,January,NEW YORK,NORTHERN QUEENS,Z,OKX,40.87,-72.86,0,0.00K,"Moderate coastal flooding occurred at the Kings Point NOS tidal gauge, with water levels at the moderate threshold of 11.0 ft MLLW from 1212 PM EST to 1230 PM EST."
2024,March,MARYLAND,DORCHESTER,Z,AKQ,36.98,-76.49,0,0.00K,"High pressure produced persistent northeast then east winds from Monday, March 25th into Wednesday, March 27th. These winds caused moderate (tidal) coastal flooding over portions of Dorchester county "
2024,March,VIRGINIA,NORTHUMBERLAND,Z,AKQ,36.98,-76.49,0,0.00K,"High pressure produced persistent northeast then east winds from Monday, March 25th into Wednesday, March 27th. These winds caused moderate (tidal) coastal flooding over portions of Northumberland cou"
2024,March,MAINE,COASTAL HANCOCK,Z,CAR,46.87,-68.02,0,,Significant coastal flooding occurred around the time of high tide. Several coastal roads were closed due to the flooding. This included Seawall Road in Acadia National Park...which was destroyed in s
2024,March,MAINE,COASTAL WASHINGTON,Z,CAR,46.87,-68.02,0,,Significant coastal flooding occurred around the time of high tide. Several coastal roads were closed due to the flooding. Portions of Route 1 near Machias were flooded to depths of 1 to 3 feet...lead
2024,March,NEW JERSEY,WESTERN OCEAN,Z,PHI,39.86,-74.46,0,0.00K,"Widespread roadway flooding occurred in the tidal communities of Ocean County, with the flood waters affecting some vulnerable buildings. The tide gauge at Mantoloking reached 3.16 feet MLLW, and the "
2024,March,NEW JERSEY,EASTERN OCEAN,Z,PHI,39.86,-74.46,0,0.00K,"Widespread roadway flooding occurred in the tidal communities of Ocean County, with the flood waters affecting some vulnerable buildings. The tide gauge at Mantoloking reached 3.16 feet MLLW, and the "
2024,March,PENNSYLVANIA,DELAWARE,Z,PHI,39.86,-74.46,0,0.00K,Widespread moderate flooding occurred along the tidal Delaware River and its tidal tributaries. There were many road closures with water entering vulnerable homes and businesses. The tide gauge at the
2024,March,NEW JERSEY,SALEM,Z,PHI,39.86,-74.46,0,0.00K,"Widespread roadway flooding occurred in the tidal communities of Salem County. The flood waters affected vulnerable buildings. The tide gauge at Reedy Point (New Castle County, Delaware) reached 8.36 "
2024,March,DELAWARE,NEW CASTLE,Z,PHI,39.86,-74.46,0,0.00K,Widespread roadway flooding occurred in the tidal communities of New Castle County. The flood waters affected vulnerable buildings. The tide gauge at Reedy Point reached 8.36 feet MLLW and the tide ga
2024,March,NEW JERSEY,CUMBERLAND,Z,PHI,39.86,-74.46,0,0.00K,Widespread moderate flooding occurred in the tidal areas of Cumberland County. There were many road closures with the flood waters affecting numerous homes and businesses. The tide gauge at Bivalve re
2024,March,NEW JERSEY,MIDDLESEX,Z,PHI,39.86,-74.46,0,0.00K,Widespread roadway flooding occurred in the tidal communities of Middlesex County. Water entered vulnerable buildings causing some damage. The tide gauge at Perth Amboy reached 8.50 feet MLLW.
2024,March,NEW JERSEY,EASTERN MONMOUTH,Z,PHI,39.86,-74.46,0,0.00K,"Widespread roadway flooding occurred in the tidal communities of Monmouth County. Water entered vulnerable buildings causing some damage. The tide gauge at Keansburg reached 8.15 feet MLLW, the tide g"
2024,March,NEW JERSEY,WESTERN MONMOUTH,Z,PHI,39.86,-74.46,0,0.00K,"Widespread roadway flooding occurred in the tidal communities of Monmouth County. Water entered vulnerable buildings causing some damage. The tide gauge at Keansburg reached 8.15 feet MLLW, the tide g"
2024,March,MARYLAND,ANNE ARUNDEL,Z,LWX,38.98,-77.47,0,0.00K,"The Annapolis NOS tide gauge reached a crest of 3.45' at 336 AM on March 10th, 2024. Lead time for this event was 13.3 hours."
2024,March,DISTRICT OF COLUMBIA,DISTRICT OF COLUMBIA,Z,LWX,38.98,-77.47,0,0.00K,The Washington DC Waterfront NOS tide gauge reached a crest of 5.45' at 648 PM EST on March 9th. Lead time for this event was 6.6 hours.
2024,March,NEW JERSEY,NORTHWESTERN BURLINGTON,Z,PHI,39.86,-74.46,0,0.00K,"Widespread roadway flooding occurred in the tidal communities of northwestern Burlington County. The tide gauge at Burlington reached 10.58 feet MLLW, and the tide gauge at Newbold (Bucks County, Penn"
2024,March,NEW JERSEY,CAMDEN,Z,PHI,39.86,-74.46,0,0.00K,Widespread moderate flooding occurred along the tidal Delaware River and its tidal tributaries. There were many road closures with water entering vulnerable homes and businesses. The tide gauge at Bri
2024,March,NEW JERSEY,GLOUCESTER,Z,PHI,39.86,-74.46,0,0.00K,Widespread moderate flooding occurred along the tidal Delaware River and its tidal tributaries. There were many road closures with water entering vulnerable homes and businesses. The tide gauge at the
2024,March,PENNSYLVANIA,LOWER BUCKS,Z,PHI,39.86,-74.46,0,0.00K,"Widespread roadway flooding occurred in the tidal communities of lower Bucks County. The tide gauge at Burlington (Burlington County, New Jersey) reached 10.58 feet MLLW, and the tide gauge at Newbold"
2024,March,PENNSYLVANIA,PHILADELPHIA,Z,PHI,39.86,-74.46,0,0.00K,Widespread moderate flooding occurred along the tidal Delaware River and its tidal tributaries. There were many road closures with water entering vulnerable homes and businesses. The tide gauge at Bri
2024,March,MASSACHUSETTS,SUFFOLK,Z,BOX,41.96,-71.13,0,0.00K,In Boston at 11:23 AM EST Morrissey Boulevard was closed. In Revere at 11:25 AM EST Winthrop Parkway was down to one lane.
2024,January,MAINE,COASTAL HANCOCK,Z,CAR,46.87,-68.02,0,0.00K,"Record breaking water levels were recorded across the Hancock County coast. Bar Harbor tide gauge recorded a water level of 15.8 feet MLLW, the all time record. Many structures that were damaged in th"
2024,January,MAINE,CENTRAL WASHINGTON,Z,CAR,46.87,-68.02,0,0.00K,"Near record breaking water levels were recorded across the Hancock County coast. Cutler Farris wharf tide gauge recorded a water level of 18.89 feet MLLW, the second highest on record. Many structures"
2024,January,MAINE,SAGADAHOC,Z,GYX,43.89,-70.26,0,5.00M,An intense and rapidly deepening area of low pressure over the Great Lakes region (975 mb) combined with modestly high astronomical tides to produce the third highest storm tide ever in Portland (reco
2024,January,MAINE,LINCOLN,Z,GYX,43.89,-70.26,0,5.00M,An intense and rapidly deepening area of low pressure over the Great Lakes region (975 mb) combined with modestly high astronomical tides to produce the third highest storm tide ever in Portland (reco
2024,January,MAINE,KNOX,Z,GYX,43.89,-70.26,0,7.00M,An intense and rapidly deepening area of low pressure over the Great Lakes region (975 mb) combined with modestly high astronomical tides to produce the third highest storm tide ever in Portland (reco
2024,January,NEW HAMPSHIRE,COASTAL ROCKINGHAM,Z,GYX,43.89,-70.26,0,30.00M,"In the Portsmouth region at the Seavey Island gauge, the tide reached 13.17 feet MLLW at 1212 pm. The storm surge was recorded at 3.33 feet. The Hampton, New Hampshire gage topped out at 14.20 feet ML"
2024,January,MAINE,COASTAL YORK,Z,GYX,43.89,-70.26,0,30.00M,The astronomical tide in Portland was 11.2 feet (MLLW) at 1205 pm. Flood stage is 12 feet (MLLW). The gale to storm force onshore winds produced a storm surge of 3.37 feet in Portland Harbor. The resu
2024,January,MAINE,COASTAL CUMBERLAND,Z,GYX,43.89,-70.26,0,20.00M,The astronomical tide in Portland was 11.2 feet at 1205 pm. Flood stage is 12 feet (MLLW). The gale to storm force onshore winds produced a storm surge of 3.37 feet in Portland Harbor. The resulting s
2024,January,MAINE,SAGADAHOC,Z,GYX,43.89,-70.26,0,15.00M,The astronomical tide in Portland was 11.2 feet (MLLW) at 1205 pm. Flood stage is 12 feet (MLLW). The gale to storm force onshore winds produced a storm surge of 3.37 feet in Portland Harbor. The resu
2024,January,GUAM,MICRONESIA,Z,GUM,13.49,144.84,0,,"From Kosrae State, several videos were shared on social media on January 21st, showing coastal flooding, likely from the same large swell event that affected the Marshall Islands and Wake Island on Ja"
2024,January,MAINE,LINCOLN,Z,GYX,43.89,-70.26,0,5.00M,The astronomical tide in Portland was 11.2 feet (MLLW) at 1205 pm. Flood stage is 12 feet (MLLW). The gale to storm force onshore winds produced a storm surge of 3.37 feet in Portland Harbor. The resu
2024,January,MAINE,COASTAL YORK,Z,GYX,43.89,-70.26,0,15.00M,An intense and rapidly deepening area of low pressure over the Great Lakes region (975 mb) combined with modestly high astronomical tides to produce the third highest storm tide ever in Portland (reco
2024,January,GUAM,MICRONESIA,Z,GUM,13.49,144.84,0,1.00K,"A synoptic observer that sends data to the Weather Service Office in Chuuk, reported coastal flooding on Lukunoch Islands on January 22nd from 0900 ChST to 1500 ChST. Flooding came from the northeast,"
2024,January,GUAM,WAKE ISLAND,Z,GUM,13.49,144.84,0,,"The north shores began seeing higher than normal water levels on January 18th, with flooding occurring between 2200LST (2000ChST) on January 19th through 0900LST (0700 ChST) on January 20th. The Downt"
2024,January,MAINE,KNOX,Z,GYX,43.89,-70.26,0,5.00M,The astronomical tide in Portland was 11.2 feet (MLLW) at 1205 pm. Flood stage is 12 feet (MLLW). The gale to storm force onshore winds produced a storm surge of 3.37 feet in Portland Harbor. The resu
2024,January,MAINE,SOUTHERN PENOBSCOT,Z,CAR,46.87,-68.02,0,0.00K,"Tidal surge coming up the Bangor River flooded parts of downtown Bangor. The Bangor flood gage reached 13.11 feet, which is just above moderate flood stage. The walking paths around the Bangor waterfr"
2024,January,MAINE,COASTAL HANCOCK,Z,CAR,46.87,-68.02,0,0.00K,"Extensive damage was observed across Hancock County. Multiple structures were inundated in Winter Harbor and Castine. In Tremont and Swan Island, structures were destroyed, some of them historic. Nume"
2024,January,MAINE,KNOX,Z,GYX,43.89,-70.26,0,2.00M,An intense and rapidly deepening area of low pressure over the Great Lakes region (975 mb) combined with modestly high astronomical tides to produce the third highest storm tide ever in Portland (reco
2024,January,GUAM,MARSHALL ISLANDS,Z,GUM,13.49,144.84,0,55.00K,"Roi-Namur, one of the islands within the Kwajalein Atoll, experience very large surf, with some witness reports claiming waves exceeding 20 feet, with videos on land showing water of 3 to 4 feet hitti"
2024,January,MAINE,COASTAL WALDO,Z,GYX,43.89,-70.26,0,1.00M,The astronomical tide in Portland was 11.2 feet (MLLW) at 1205 pm. Flood stage is 12 feet (MLLW). The gale to storm force onshore winds produced a storm surge of 3.37 feet in Portland Harbor. The resu
2024,January,MAINE,COASTAL WASHINGTON,Z,CAR,46.87,-68.02,0,0.00K,"Significant erosion and damage occurred across Washington County. Many piers and wharfs were destroyed, especially in the Milbridge and Addison area. The dike at Machias became overtopped and water fl"
2024,January,MARYLAND,ST. MARY'S,Z,LWX,38.98,-77.47,0,0.00K,The Straits Point gauge reached a crest of 4.25' MLLW at 2 AM EST on Jan 10th. This crest was in the top 10th highest crests. Lead time for this event was 29.3 hours.
2024,January,MARYLAND,CALVERT,Z,LWX,38.98,-77.47,0,0.00K,The Solomons Island NOS tide gauge reached a crest of 4.37' MLLW at 1236 AM on Jan 10th making it the fourth highest crest on record at this location. Lead time for this event was 30.9 hours.
2024,January,MARYLAND,ANNE ARUNDEL,Z,LWX,38.98,-77.47,0,80.00K,The Annapolis National Ocean Service (NOS) tide gauge crested at 5.1' MLLW (3.7' MHHW) at 224 AM EST on Jan 10th which was just above the major flood threshold of 5' MLLW. This was the third highest c
2024,January,MARYLAND,SOUTHERN BALTIMORE,Z,LWX,38.98,-77.47,0,0.00K,The Fort McHenry NOS tide gauge reached a crest of 5.43' MLLW (3.7' MLLW) at 1242 AM on Jan 10th 2024. This was the 5th highest crest on record at this location. Lead time for this event was 26.3 hour
2024,January,MARYLAND,SOUTHEAST HARFORD,Z,LWX,38.98,-77.47,0,0.00K,"The USGS stream gauge at Havre de Grace reached a crest of 6.6' MLLW at 1006 PM on Jan 9th 2024. This was the highest crest ever recorded at this gauge, however, this gauge has only been around since "
2024,August,ALASKA,KUSKOKWIM DELTA,Z,AFC,64.81,-147.72,0,0.00K,"Between August 15 and 18, water levels exceeded one foot over the normal highest water line during each high tide cycle in both Kwigillingok and Kipnuk. The highest water levels were recorded by tide "
2024,January,NEW HAMPSHIRE,COASTAL ROCKINGHAM,Z,GYX,43.89,-70.26,0,15.00M,An intense and rapidly deepening area of low pressure over the Great Lakes region (975 mb) combined with modestly high astronomical tides to produce the third highest storm tide ever in Portland (reco
2024,January,MARYLAND,DORCHESTER,Z,AKQ,36.98,-76.49,0,0.00K,Strong southeast then south winds in advance of intense low pressure and an associated cold front caused moderate to major (tidal) coastal flooding over portions of Dorchester county adjacent to the C
2024,January,MARYLAND,SOMERSET,Z,AKQ,36.98,-76.49,0,0.00K,Strong southeast then south winds in advance of intense low pressure and an associated cold front caused moderate (tidal) coastal flooding over portions of Somerset county adjacent to the Chesapeake B
2024,January,MARYLAND,DORCHESTER,Z,AKQ,36.98,-76.49,0,0.00K,Strong southeast then south winds in advance of intense low pressure and an associated cold front caused moderate to major (tidal) coastal flooding over portions of Dorchester county adjacent to the C
2024,March,NEW HAMPSHIRE,COASTAL ROCKINGHAM,Z,GYX,43.89,-70.26,0,,"In the Portsmouth region at the Seavey Island gauge, the tide reached 11.97 feet MLLW at 10:47AM. The storm surge was recorded at 2.07 feet.  In Hampton, New Hampshire, Highland Ave along NH101 floode"
2024,January,VIRGINIA,NORTHUMBERLAND,Z,AKQ,36.98,-76.49,0,0.00K,Strong southeast then south winds in advance of intense low pressure and an associated cold front caused moderate (tidal) coastal flooding over portions of Northumberland county adjacent to the Potoma
2024,March,MARYLAND,ST. MARY'S,Z,LWX,38.98,-77.47,0,0.00K,The Straits Point gauge reached a crest of 3.8' at 1 AM on March 10th. Lead time for this event was 9.6 hours.
2024,March,MARYLAND,ANNE ARUNDEL,Z,LWX,38.98,-77.47,0,0.00K,A snap-back event followed by an onshore flow resulted in moderate coastal flooding with the Annapolis NOAA tide water gauge reaching a crest of 3.51' at 630 PM EST on March 27th. Lead time for this e
2024,January,PENNSYLVANIA,LOWER BUCKS,Z,PHI,39.86,-74.46,0,0.00K,Widespread moderate flooding occurred along the tidal Delaware River and its tidal tributaries. There were road closures with the flood waters approaching and entering some vulnerable buildings. The t
2024,January,PENNSYLVANIA,PHILADELPHIA,Z,PHI,39.86,-74.46,0,0.00K,Widespread moderate flooding occurred along the tidal Delaware River and its tidal tributaries. There were many road closures with water entering vulnerable homes and businesses. The tide gauge at Bri
2024,January,PENNSYLVANIA,DELAWARE,Z,PHI,39.86,-74.46,0,0.00K,Widespread moderate flooding occurred along the tidal Delaware River and its tidal tributaries. There were many road closures with water entering vulnerable homes and businesses. The tide gauge at the
2024,March,VIRGINIA,ARLINGTON,Z,LWX,38.98,-77.47,0,0.00K,The Alexandria VA USGS tide gauge reached a crest of 5.45' at 648 PM EST on March 9th. Lead time for this event was 7.3 hours.
2024,March,MARYLAND,SOMERSET,Z,AKQ,36.98,-76.49,0,0.00K,"Intensifying low pressure tracked from the Southeast United States northeast to just off the New England coast from Saturday, March 9th into Sunday, March 10th. The low produced very strong southeast "
2024,January,NEW JERSEY,MERCER,Z,PHI,39.86,-74.46,0,0.00K,Widespread moderate to major flooding occurred along the tidal Delaware River and its tidal tributaries with both high tides on January 10th. There were road closures with the flood waters approaching
2024,January,NEW JERSEY,NORTHWESTERN BURLINGTON,Z,PHI,39.86,-74.46,0,0.00K,Widespread moderate to major flooding occurred along the tidal Delaware River and its tidal tributaries with both high tides on January 10th. There were road closures with the flood waters approaching
2024,January,PENNSYLVANIA,LOWER BUCKS,Z,PHI,39.86,-74.46,0,0.00K,Widespread moderate to major flooding occurred along the tidal Delaware River and its tidal tributaries with both high tides on January 10th. There were road closures with the flood waters approaching
2024,March,MARYLAND,DORCHESTER,Z,AKQ,36.98,-76.49,0,0.00K,"Intensifying low pressure tracked from the Southeast United States northeast to just off the New England coast from Saturday, March 9th into Sunday, March 10th. The low produced very strong southeast "
2024,March,MARYLAND,DORCHESTER,Z,AKQ,36.98,-76.49,0,0.00K,"High pressure produced persistent northeast then east winds from Monday, March 25th into Wednesday, March 27th. These winds caused moderate (tidal) coastal flooding over portions of Dorchester county "
2024,March,MAINE,COASTAL CUMBERLAND,Z,GYX,43.89,-70.26,0,100.00K,The astronomical tide in Portland was 11.3 feet MLLW at 11:41 am. Flood stage is 12 feet MLLW. The easterly gales produced a storm surge of two feet in Portland Harbor. The storm tide topped out at 13
2024,March,MAINE,COASTAL WALDO,Z,GYX,43.89,-70.26,0,0.00K,The astronomical tide in Portland was 11.3 feet MLLW at 11:41 am. Flood stage is 12 feet MLLW. The easterly gales produced a storm surge of two feet in Portland Harbor. The storm tide topped out at 13
2024,March,MARYLAND,DORCHESTER,Z,AKQ,36.98,-76.49,0,0.00K,"Intensifying low pressure tracked from the Southeast United States northeast to just off the New England coast from Saturday, March 9th into Sunday, March 10th. The low produced very strong southeast "
2024,March,GUAM,MARSHALL ISLANDS,Z,GUM,13.49,144.84,0,,"Substantial inundation was already occurring on March 9th along the southeast-facing gravel road next to the Kwajalein Country Club extending SW toward the weather station, shortly after peak tide of "
2024,March,MAINE,COASTAL YORK,Z,GYX,43.89,-70.26,0,100.00K,The astronomical tide in Portland was 11.3 feet MLLW at 11:41 am. Flood stage is 12 feet MLLW. The easterly gales produced a storm surge of two feet in Portland Harbor. The storm tide topped out at 13
2024,March,VIRGINIA,NORTHUMBERLAND,Z,AKQ,36.98,-76.49,0,0.00K,"Intensifying low pressure tracked from the Southeast United States northeast to just off the New England coast from Saturday, March 9th into Sunday, March 10th. The low produced very strong southeast "
2024,March,GUAM,GUAM,Z,GUM,13.49,144.84,0,0.00K,"High surf generated by long-period north swell, generating high surf estimated to be exceeding 12 feet. This pushed water and debris up to the shelters at the Paseo in Hagatna, and the picnic areas an"
2024,March,MAINE,SAGADAHOC,Z,GYX,43.89,-70.26,0,0.00K,The astronomical tide in Portland was 11.3 feet MLLW at 11:41 am. Flood stage is 12 feet MLLW. The easterly gales produced a storm surge of two feet in Portland Harbor. The storm tide topped out at 13
2024,February,NEW JERSEY,WESTERN MONMOUTH,Z,PHI,39.86,-74.46,0,0.00K,Widespread roadway flooding occurred in the tidal communities of Monmouth County. Water entered vulnerable buildings causing some damage. The tide gauge at Sea Bright reached 6.20 feet MLLW.
2024,February,NEW JERSEY,EASTERN MONMOUTH,Z,PHI,39.86,-74.46,0,0.00K,Widespread roadway flooding occurred in the tidal communities of Monmouth County. Water entered vulnerable buildings causing some damage. The tide gauge at Sea Bright reached 6.20 feet MLLW.
2024,February,NEW JERSEY,WESTERN ATLANTIC,Z,PHI,39.86,-74.46,0,0.00K,"Widespread roadway flooding and some property inundation occurred in the tidal areas of Atlantic County. The tide gauge on the oceanfront at Atlantic City reached 7.09 feet MLLW, and the tide gauge at"
2024,February,NEW JERSEY,EASTERN ATLANTIC,Z,PHI,39.86,-74.46,0,0.00K,"Widespread roadway flooding and some property inundation occurred in the tidal areas of Atlantic County. The tide gauge on the oceanfront at Atlantic City reached 7.09 feet MLLW, and the tide gauge at"
2024,February,NEW JERSEY,EASTERN CAPE MAY,Z,PHI,39.86,-74.46,0,0.00K,"Widespread roadway flooding occurred in the tidal communities of Cape May County. The flood waters affected vulnerable buildings. The tide gauge at Sea Isle City reached 6.74 feet MLLW, the tide gauge"
2024,February,NEW JERSEY,WESTERN CAPE MAY,Z,PHI,39.86,-74.46,0,0.00K,"Widespread roadway flooding occurred in the tidal communities of Cape May County. The flood waters affected vulnerable buildings. The tide gauge at Sea Isle City reached 6.74 feet MLLW, the tide gauge"
2024,February,DELAWARE,DELAWARE BEACHES,Z,PHI,39.86,-74.46,0,0.00K,"Widespread roadway flooding was reported in the tidal areas of the county, and there were numerous road closures. Many homes and other buildings were surrounded by flood waters with some minor propert"
2024,February,DELAWARE,INLAND SUSSEX,Z,PHI,39.86,-74.46,0,0.00K,"Widespread roadway flooding was reported in the tidal areas of the county, and there were numerous road closures. Many homes and other buildings were surrounded by flood waters with some minor propert"
2024,February,MARYLAND,ST. MARY'S,Z,LWX,38.98,-77.47,0,0.00K,A persistent and long duration of NNE winds resulted in a marginal moderate coastal flood event at Straits Point. A crest of 3.53' MLLW occurred at 12 PM EST. Lead time for the event was 16.5 hours.
2024,February,GEORGIA,COASTAL GLYNN,Z,JAX,30.49,-81.7,0,0.00K,"Minor tidal flooding was observed along Lanier Blvd. At 7 am on 2/8/24, the tide gauge at the St. Simons Island Village Pier measured 1.47 ft MHHW at high tide which was just below Action Stage (1.5 f"
2024,January,NORTH CAROLINA,NORTHERN OUTER BANKS,Z,MHX,34.78,-76.88,0,0.00K,Dare County Sheriffs Office reported water coming across the roads near Billy's Seafood in Colington.
2024,January,NORTH CAROLINA,HATTERAS ISLAND,Z,MHX,34.78,-76.88,0,0.00K,NC DOT reported secondary roads in and around Rodanthe received minor ocean |overwash. Public shared photos of water covering Highway 12. The DOT also reported that Highway 12 had a layer of deep sand
2024,September,FLORIDA,SOUTH CENTRAL DUVAL,Z,JAX,30.49,-81.7,0,0.00K,Tidal flooding was reported again in |            downtown Jacksonville from Hogans Creek |            drainage right off of the St. Johns river. |            Roads and parking lots along Hogans Creek
2024,January,ALABAMA,MOBILE COASTAL,Z,MOB,30.68,-88.24,0,,Shell Belt Road South is impassable from Kennedy and all roads eastward. Coden Belt Road is also impassable.
2024,January,NORTH CAROLINA,OCRACOKE ISLAND,Z,MHX,34.78,-76.88,0,0.00K,The NC DOT reported Highway 12 was closed on Ocracoke Island between the Pony Pens and the Ferry Terminal.
2024,September,FLORIDA,SOUTH CENTRAL DUVAL,Z,JAX,30.49,-81.7,0,0.00K,Tidal flooding was reported in downtown |            Jacksonville from Hogans Creek drainage |            right off of the St. Johns river. Roads and |            parking lots along Hogans Creek were 
2024,May,MARYLAND,ST. MARY'S,Z,LWX,38.98,-77.47,0,0.00K,Elevated water levels due to light onshore flow resulted in moderate coastal flooding at Straits Point. Moderate coastal flooding occurred for multiple high tide cycles. The crest was at 3.7 ft and le
2024,May,MARYLAND,ANNE ARUNDEL,Z,LWX,38.98,-77.47,0,0.00K,Elevated water levels due to light onshore flow resulted in moderate coastal flooding at Annapolis. Crest was 3.5 ft and lead time was 6.6 hours.
2024,June,TEXAS,BOLIVAR PENINSULA,Z,HGX,29.47,-95.08,0,0.00K,"Widespread coastal flooding was reported along the Bolivar Peninsula, in particular across portions of Highway 87 which at times became impassable."
2024,June,TEXAS,COASTAL GALVESTON,Z,HGX,29.47,-95.08,0,0.00K,Widespread coastal flooding was reported around the city of Clear Lake Shores.
2024,June,TEXAS,COASTAL MATAGORDA,Z,HGX,29.47,-95.08,0,0.00K,Widespread coastal flooding was reported around Matagorda and Sargent.
2024,June,TEXAS,INLAND GALVESTON,Z,HGX,29.47,-95.08,0,0.00K,"Coastal flooding was reported along Dickinson Bayou, resulting in several roads becoming flooded."
2024,June,TEXAS,BRAZORIA ISLANDS,Z,HGX,29.47,-95.08,0,0.00K,"Widespread coastal flooding was reported in Surfside Beach, resulting in road closures. SH 332 was washed out by floodwaters. Some vehicles were flooded."
2024,June,TEXAS,MATAGORDA ISLANDS,Z,HGX,29.47,-95.08,0,,Beach Rd FM 2031 was flooded and impassable.
2024,July,PUERTO RICO,NORTHEAST,Z,SJU,18.43,-66.02,0,4.00K,"Emergency Managers from Humacao reported coastal flooding along PR-3 in Punta Salinas. The picture showed a sand accumulation in the road, but the road looked passable."
2024,July,PUERTO RICO,SOUTHEAST,Z,SJU,18.43,-66.02,0,4.00K,"Strong waves flooded the PR-1 highway near sector 80 in Salinas, bringing sand and stones over it."
2024,April,MARYLAND,DORCHESTER,Z,AKQ,36.98,-76.49,0,0.00K,"Intensifying low pressure tracked from the Tennessee Valley northward into the Great Lakes region from Thursday morning, April 11th into Friday morning, April 12th. This storm produced strong south to"
2024,April,MARYLAND,DORCHESTER,Z,AKQ,36.98,-76.49,0,0.00K,"Intensifying low pressure tracked from the Tennessee Valley northward into the Great Lakes region from Thursday morning, April 11th into Friday morning, April 12th. This storm produced strong south to"
2024,July,PUERTO RICO,SOUTHEAST,Z,SJU,18.43,-66.02,0,4.00K,"Media reported through social media water reaching the road PR-3 in Playa Guardarraya, Patillas."
2024,July,PUERTO RICO,PONCE AND VICINITY,Z,SJU,18.43,-66.02,0,0.00K,The swell action flooded the backyard of a residence near the community in Playita Cortada at Santa Isabel; no direct damage was reported to the residence.
2024,July,PUERTO RICO,SOUTHEAST,Z,SJU,18.43,-66.02,0,4.00K,"Swell action flooded the PR-701 near Sector Las 80 in Maunabo, bringing sand and rocks over it."
2024,June,VIRGIN ISLANDS,ST. CROIX,Z,SJU,18.43,-66.02,0,0.00K,Stations in the Mesonet registered heat indices values of 112 degrees for two hours or more.
2024,June,VIRGIN ISLANDS,ST. THOMAS / ST. JOHN AND ADJACENT ISLANDS,Z,SJU,18.43,-66.02,0,0.00K,Stations in the Mesonet registered heat indices values of 112 degrees for two hours or more.
2024,June,VIRGIN ISLANDS,ST. CROIX,Z,SJU,18.43,-66.02,0,0.00K,Stations in the Mesonet registered heat indices values of 112 degrees for two hours or more.
2024,April,MARYLAND,ST. MARY'S,Z,LWX,38.98,-77.47,0,0.00K,Southeast to south winds pushed water up the Chesapeake Bay and tidal Potomac River causing moderate coastal flooding at Straits Point. The gage crested just above the moderate coastal flood threshold
2024,April,DISTRICT OF COLUMBIA,DISTRICT OF COLUMBIA,Z,LWX,38.98,-77.47,0,0.00K,Southeast to south winds ahead of a cold front pushed water up the tidal Potomac River causing moderate coastal flooding at DC Waterfront.
2024,April,NEW JERSEY,WESTERN ATLANTIC,Z,PHI,39.86,-74.46,0,0.00K,Widespread roadway flooding occurred in the tidal communities of Atlantic County. The flood waters affected vulnerable buildings. The tide gauge on the oceanfront at Atlantic City reached 7.09 feet ML
2024,April,NEW JERSEY,GLOUCESTER,Z,PHI,39.86,-74.46,0,0.00K,Widespread roadway flooding occurred in the tidal communities of Gloucester County. The tide gauge at the US Coast Guard Station in Philadelphia reached 9.38 feet MLLW.
2024,April,MASSACHUSETTS,EASTERN ESSEX,Z,BOX,41.96,-71.13,0,0.00K,"In Nahant, at 6:55 AM EDT Willow Rd and White Way road were closed. In Ipswich, Jeffries Neck Rd Causeway at Island Park was closed at 7:35 AM EDT. In Salisbury at 7:39 AM EDT Rt 1A was closed at Sali"
2024,April,NEW JERSEY,EASTERN MONMOUTH,Z,PHI,39.86,-74.46,0,0.00K,"Widespread roadway flooding occurred in the tidal communities of Monmouth County. Water entered vulnerable buildings causing some damage. The tide gauge at Sandy Hook reached 7.70 feet MLLW, the tide "
2024,April,MASSACHUSETTS,SUFFOLK,Z,BOX,41.96,-71.13,0,0.00K,"In Boston, at 6:46 AM EDT Morrissey Blvd was closed from Freeport to JFK stations. In Revere Broadsound Ave to Winthrop Parkway was impassable. Leverett Ave at Broadsound Ave was flooded and impassabl"
2024,April,MASSACHUSETTS,BARNSTABLE,Z,BOX,41.96,-71.13,0,0.00K,In Provincetown at 8:40 AM EDT Commercial St was closed from Tremont to Franklin St. In Chatham Morris Island Rd was flooded and impassable at Dune Drive.
2024,April,MARYLAND,ANNE ARUNDEL,Z,LWX,38.98,-77.47,0,0.00K,"Strong southerly flow resulted in moderate coastal flooding at Annapolis early on the 12th. The Annapolis tide gage crested at 3.99' at 724 AM EST on April 12th, 2024. Lead time for this event was 20."
2024,April,MARYLAND,ST. MARY'S,Z,LWX,38.98,-77.47,0,0.00K,Strong southerly flow caused moderate coastal flooding at Straits Point. The crest was at 3.75' and lead time for the event was 18.1 hours.
2024,April,MARYLAND,ANNE ARUNDEL,Z,LWX,38.98,-77.47,0,0.00K,Easterly onshore flow followed by southerly winds led to moderate coastal flooding at Annapolis. The NOS tide gauge crested at 3.41'. Lead time was 2.5 hours.
2024,April,MARYLAND,ST. MARY'S,Z,LWX,38.98,-77.47,0,0.00K,Easterly flow followed by southerly winds resulted in moderate coastal flooding at Straits Point. The tide gauge crested at 3.57'. Lead time was 12.7 hours for this event.
2024,April,MARYLAND,ANNE ARUNDEL,Z,LWX,38.98,-77.47,0,0.00K,Southerly flow caused elevated anomalies that resulted in moderate coastal flooding at Annapolis. The NOS tide gage crested 3.42' and lead time was 0.7 hours.
2024,April,NEW JERSEY,WESTERN MONMOUTH,Z,PHI,39.86,-74.46,0,0.00K,"Widespread roadway flooding occurred in the tidal communities of Monmouth County. Water entered vulnerable buildings causing some damage. The tide gauge at Sandy Hook reached 7.70 feet MLLW, the tide "
2024,April,NEW JERSEY,EASTERN OCEAN,Z,PHI,39.86,-74.46,0,0.00K,"Widespread roadway flooding occurred in the tidal communities of Ocean County, with the flood waters affecting some vulnerable buildings. The tide gauge at Mantoloking reached 3.13 feet MLLW, the tide"
2024,April,NEW JERSEY,WESTERN OCEAN,Z,PHI,39.86,-74.46,0,0.00K,"Widespread roadway flooding occurred in the tidal communities of Ocean County, with the flood waters affecting some vulnerable buildings. The tide gauge at Mantoloking reached 3.13 feet MLLW, the tide"
2024,April,NEW JERSEY,SOUTHEASTERN BURLINGTON,Z,PHI,39.86,-74.46,0,0.00K,Widespread roadway flooding occurred in the tidal communities of southeastern Burlington County. The flood waters affected some vulnerable buildings. The tide gauge at Tuckerton (Ocean County) reached
2024,April,NEW JERSEY,NORTHWESTERN BURLINGTON,Z,PHI,39.86,-74.46,0,0.00K,"Widespread roadway flooding occurred in the tidal communities of northwestern Burlington County. The tide gauge at Burlington reached 10.58 feet MLLW, and the tide gauge at Newbold (Bucks County, Penn"
2024,April,NEW JERSEY,CAMDEN,Z,PHI,39.86,-74.46,0,0.00K,"Widespread roadway flooding occurred in the tidal communities of Camden County. The tide gauge at the US Coast Guard Station in Philadelphia reached 9.38 feet MLLW, and the tide gauge at Bridesburg (P"
2024,April,NEW JERSEY,MERCER,Z,PHI,39.86,-74.46,0,0.00K,"Roadway and property flooding occurred along the tidal Delaware River in Mercer County. The tide gauge at Newbold (Bucks County, Pennsylvania) reached 11.26 feet MLLW."
2024,April,PENNSYLVANIA,LOWER BUCKS,Z,PHI,39.86,-74.46,0,0.00K,"Widespread roadway flooding occurred in the tidal communities of lower Bucks County. The tide gauge at Burlington (Burlington County, New Jersey) reached 10.58 feet MLLW, and the tide gauge at Newbold"
2024,April,PENNSYLVANIA,PHILADELPHIA,Z,PHI,39.86,-74.46,0,0.00K,"Widespread roadway flooding occurred in the tidal areas of Philadelphia. The tide gauge at the US Coast Guard Station reached 9.38 feet MLLW, and the tide gauge at Bridesburg reached 9.74 feet MLLW."
2024,April,PENNSYLVANIA,DELAWARE,Z,PHI,39.86,-74.46,0,0.00K,Widespread roadway flooding occurred in the tidal communities of Delaware County. The tide gauge at the US Coast Guard Station in Philadelphia reached 9.38 feet MLLW.
2024,April,NEW JERSEY,EASTERN OCEAN,Z,PHI,39.86,-74.46,0,0.00K,"Roadway flooding occurred in the tidal communities of Ocean County, with the flood waters affecting some vulnerable buildings. The tide gauge at Mantoloking reached 3.00 feet MLLW."
2024,April,NEW JERSEY,WESTERN OCEAN,Z,PHI,39.86,-74.46,0,0.00K,"Roadway flooding occurred in the tidal communities of Ocean County, with the flood waters affecting some vulnerable buildings. The tide gauge at Mantoloking reached 3.00 feet MLLW."
2024,April,NEW JERSEY,CUMBERLAND,Z,PHI,39.86,-74.46,0,0.00K,Widespread moderate flooding occurred in the tidal areas of Cumberland County. There were many road closures with the flood waters affecting numerous homes and businesses. The tide gauge at Bivalve re
2024,April,NEW JERSEY,NORTHWESTERN BURLINGTON,Z,PHI,39.86,-74.46,0,,Widespread roadway flooding occurred in the tidal communities of northwestern Burlington County. The tide gauge at Burlington reached 10.50 feet MLLW.
2024,April,NEW JERSEY,CAMDEN,Z,PHI,39.86,-74.46,0,,Widespread moderate flooding occurred along the tidal Delaware River and its tidal tributaries. There were many road closures with water entering vulnerable homes and businesses. The tide gauge at Bri
2024,April,NEW JERSEY,GLOUCESTER,Z,PHI,39.86,-74.46,0,0.00K,Widespread moderate flooding occurred along the tidal Delaware River and its tidal tributaries. There were many road closures with water entering vulnerable homes and businesses. The tide gauge at the
2024,April,NEW JERSEY,SALEM,Z,PHI,39.86,-74.46,0,,"Widespread moderate flooding occurred in the tidal areas of Salem County. There were many road closures with the flood waters reaching numerous homes and businesses. The tide gauge at Delaware City, D"
2024,April,PENNSYLVANIA,LOWER BUCKS,Z,PHI,39.86,-74.46,0,,"Widespread roadway flooding occurred in the tidal communities of lower Bucks County. The tide gauge at Burlington (Burlington County, New Jersey) reached 10.50 feet MLLW."
2024,April,PENNSYLVANIA,PHILADELPHIA,Z,PHI,39.86,-74.46,0,0.00K,"Widespread roadway flooding occurred in the tidal areas of Philadelphia. The tide gauge at the US Coast Guard Station reached 9.49 feet MLLW, and the tide gauge at Bridesburg reached 9.76 feet MLLW."
2024,April,PENNSYLVANIA,DELAWARE,Z,PHI,39.86,-74.46,0,0.00K,Widespread roadway flooding occurred in the tidal communities of Delaware County. The tide gauge at the US Coast Guard Station in Philadelphia reached 9.49 feet MLLW and tide gauge at Marcus Hook reac
2024,April,DELAWARE,NEW CASTLE,Z,PHI,39.86,-74.46,0,0.00K,Widespread moderate flooding occurred in the tidal areas of New Castle County. There were many road closures with the flood waters affecting homes and businesses. The tide gauge at Wilmington reached 
2024,April,DELAWARE,DELAWARE BEACHES,Z,PHI,39.86,-74.46,0,0.00K,"Widespread roadway flooding was reported in the tidal areas of the county, and there were road closures. Many homes and other buildings were surrounded by flood waters with some minor property damage "
2024,April,DELAWARE,INLAND SUSSEX,Z,PHI,39.86,-74.46,0,0.00K,"Widespread roadway flooding was reported in the tidal areas of the county, and there were road closures. Many homes and other buildings were surrounded by flood waters with some minor property damage "
2024,April,NEW JERSEY,EASTERN ATLANTIC,Z,PHI,39.86,-74.46,0,0.00K,Widespread roadway flooding occurred in the tidal communities of Atlantic County. The flood waters affected vulnerable buildings. The tide gauge on the oceanfront at Atlantic City reached 7.09 feet ML
2024,June,TEXAS,COASTAL HARRIS,Z,HGX,29.47,-95.08,0,0.00K,"There was coastal flooding (water over a bridge) near the De Zavalla Road and Elsbeth Road intersection in the Channelview area. Additionally, the Lower Todville area of Seabrook was subject to widesp"
2024,September,FLORIDA,COASTAL MIAMI-DADE COUNTY,Z,MFL,25.61,-80.41,0,0.00K,Broadcast media reported tidal flooding during high tide in North Bay Village with water passing over their seawall. Collins Avenue in Miami Beach also saw tidal flooding. Tide levels at nearby Virgin
2024,September,FLORIDA,COASTAL BROWARD COUNTY,Z,MFL,25.61,-80.41,0,0.00K,Broadcast media reported tidal flooding along North Ocean Drive in Dania Beach. Flooding covered all lanes of the road and intruded onto sidewalks. Tide levels at nearby South Port Everglades peaked a
2024,September,VIRGINIA,ARLINGTON,Z,LWX,38.98,-77.47,0,0.00K,A prolonged period of onshore flow combined with high astronomical tides resulted in moderate coastal flooding at the City of Alexandria. Flooding began at 0924 PM EST and ended at 1100 PM. This was a
2024,September,VIRGINIA,ARLINGTON,Z,LWX,38.98,-77.47,0,0.00K,A prolonged period of onshore flow combined with high astronomical tides resulted in multiple days of moderate coastal flooding. The crest height was 4.29' NAVD88 and the time of crest was 1106 PM on 
2024,September,VIRGINIA,ARLINGTON,Z,LWX,38.98,-77.47,0,0.00K,A prolonged period of onshore flow combined with high astronomical tides resulted in multiple days of moderate coastal flooding at the City of Alexandria. The crest height was 4.23' MLLW and the time 
2024,September,MARYLAND,ANNE ARUNDEL,Z,LWX,38.98,-77.47,0,0.00K,"The coastal flood event that began on Sep 21 lasted for more than a week ending early on Sep 28, 2024. This event began at 106 AM EST on Sep 28 and lasted through 330 AM EST on Sep 28. Crest height wa"
2024,September,VIRGIN ISLANDS,ST. CROIX,Z,SJU,18.43,-66.02,0,0.00K,Stations in the Mesonet registered heat indices values of 112 degrees for two hours or more.
2024,September,VIRGIN ISLANDS,ST. CROIX,Z,SJU,18.43,-66.02,0,0.00K,Stations in the Mesonet registered heat indices values of 112 degrees for two hours or more.
2024,September,VIRGIN ISLANDS,ST. CROIX,Z,SJU,18.43,-66.02,0,0.00K,Stations in the Mesonet registered heat indices values of 112 degrees for two hours or more.
2024,September,TEXAS,COASTAL GALVESTON,Z,HGX,29.47,-95.08,0,0.00K,Bay Harbor area of Galveston had 16 to 18 inches of coastal flooding.
2024,September,TEXAS,BOLIVAR PENINSULA,Z,HGX,29.47,-95.08,0,0.00K,Water was running over Highway 87 and was bringing debris onto the roadway.
2024,September,DELAWARE,DELAWARE BEACHES,Z,PHI,39.86,-74.46,0,,"Some roadway flooding was reported in the tidal areas of the county, and there were some road closures. Some homes and other buildings were surrounded by flood waters with some minor property damage o"
2024,September,DELAWARE,INLAND SUSSEX,Z,PHI,39.86,-74.46,0,,"Some roadway flooding was reported in the tidal areas of the county, and there were some road closures. Some homes and other buildings were surrounded by flood waters with some minor property damage o"
2024,September,NEW JERSEY,EASTERN OCEAN,Z,PHI,39.86,-74.46,0,,"Widespread roadway flooding occurred in the tidal communities of Ocean County, with the flood waters affecting some vulnerable buildings. The tide gauge at Waretown reached 3.12 feet MLLW."
2024,September,NEW JERSEY,WESTERN OCEAN,Z,PHI,39.86,-74.46,0,,"Widespread roadway flooding occurred in the tidal communities of Ocean County, with the flood waters affecting some vulnerable buildings. The tide gauge at Waretown reached 3.12 feet MLLW."
2024,September,NEW JERSEY,WESTERN MONMOUTH,Z,PHI,39.86,-74.46,0,,Widespread roadway flooding occurred in the tidal communities of Monmouth County. Water entered vulnerable buildings causing some damage. The tide gauge at Belmar reached 6.90 feet MLLW.
2024,September,NEW JERSEY,EASTERN MONMOUTH,Z,PHI,39.86,-74.46,0,,Widespread roadway flooding occurred in the tidal communities of Monmouth County. Water entered vulnerable buildings causing some damage. The tide gauge at Belmar reached 6.90 feet MLLW.
2024,September,NEW JERSEY,WESTERN ATLANTIC,Z,PHI,39.86,-74.46,0,,"Widespread roadway flooding and some property inundation occurred in the tidal areas of Atlantic County. The tide gauge on the oceanfront at Atlantic City reached 7.2 feet MLLW, and the tide gauge at "
2024,September,NEW JERSEY,EASTERN ATLANTIC,Z,PHI,39.86,-74.46,0,,"Widespread roadway flooding and some property inundation occurred in the tidal areas of Atlantic County. The tide gauge on the oceanfront at Atlantic City reached 7.2 feet MLLW, and the tide gauge at "
2024,September,NEW JERSEY,WESTERN CAPE MAY,Z,PHI,39.86,-74.46,0,,"Widespread roadway flooding occurred in the tidal communities of Cape May County. The flood waters affected vulnerable buildings. The tide gauge at Cape May Harbor reached 7.23 feet MLLW, and the tide"
2024,September,NEW JERSEY,EASTERN CAPE MAY,Z,PHI,39.86,-74.46,0,,"Widespread roadway flooding occurred in the tidal communities of Cape May County. The flood waters affected vulnerable buildings. The tide gauge at Cape May Harbor reached 7.23 feet MLLW, and the tide"
2024,September,ALABAMA,MOBILE CENTRAL,Z,MOB,30.68,-88.24,0,0.00K,Water over US-90 causing road closure near Bankhead Tunnel.
2024,September,ALABAMA,BALDWIN CENTRAL,Z,MOB,30.68,-88.24,0,0.00K,Roadway flooded on I-10 EB @ MP 29.93 ramp to Exit 30/Causeway in Baldwin County. Road closed.
2024,September,ALABAMA,BALDWIN CENTRAL,Z,MOB,30.68,-88.24,0,0.00K,Roadway Flooded on I-10 WB @ MP 30.43 ramp to Exit 30/Causeway in Baldwin County.
2024,September,ALABAMA,MOBILE CENTRAL,Z,MOB,30.68,-88.24,0,0.00K,Roadway flooded on AL 163/Dauphin Island Parkway @ MP 3.53 before AL 193 in Mobile. Road closed.
2024,September,ALABAMA,BALDWIN CENTRAL,Z,MOB,30.68,-88.24,0,0.00K,Roadway Flooded on US 90 WB @ MP 38.95 ramp to Exit 30/I-10 in Spanish Fort. Road closed.
2024,September,ALABAMA,MOBILE COASTAL,Z,MOB,30.68,-88.24,0,0.00K,Water and storm debris on Bienville Blvd. Photos relayed on social media. Time estimated.
2024,September,ALABAMA,MOBILE COASTAL,Z,MOB,30.68,-88.24,0,0.00K,"Multiple photos relayed on social media of water over the roadway on Dauphin Island. Some roads are impassable, particularly along the west end of the island."
2024,September,ALABAMA,MOBILE CENTRAL,Z,MOB,30.68,-88.24,0,,Roadway Flooded on US 90 EB @ MP 34.01 at Cochrane Causeway in Mobile.
2024,September,ALABAMA,BALDWIN CENTRAL,Z,MOB,30.68,-88.24,0,0.00K,Water over roadway causing closure of right lane on US 90 EB at Exit 30/I-10 in Spanish Fort.
2024,September,ALABAMA,MOBILE CENTRAL,Z,MOB,30.68,-88.24,0,0.00K,Roadway Flooded on I-10 EB @ MP 27.58 ramp to Exit 27/Causeway in Mobile. Road closed.
2024,October,ALASKA,BERING STRAIT COAST,Z,AFG,64.51,-165.42,0,,Coastal flooding was reported along the Bering Strait coast as strong winds pushed water onshore. Teller officials reported that the Teller Road was under water.
2024,October,ALASKA,SHISHMAREF,Z,AFG,64.51,-165.42,0,,Widespread coastal flooding was reported across Diomede and Shishmaref as strong winds pushed water onshore. Diomede lost power and Alaska Energy Authority (AEA) was engaged. Two shipping containers w
2024,October,ALASKA,NORTHERN SEWARD PENINSULA,Z,AFG,64.51,-165.42,0,,Coastal flooding was reported on the northern Seward Peninsula as strong winds pushed water onshore. The village of Deering reported water over the runway and the road to the airport flooded.
2024,October,ALASKA,BALDWIN PENINSULA,Z,AFG,64.51,-165.42,0,,Widespread coastal flooding was reported in Kotzebue as strong winds pushed water onshore.  One residence partially collapsed into the ocean and 3 residences were evacuated. Numerous residences floode
2024,October,NEW JERSEY,WESTERN ATLANTIC,Z,PHI,39.86,-74.46,0,,Widespread roadway flooding and some property inundation occurred in the tidal areas of Atlantic County. The tide gauge on the oceanfront at Atlantic City reached 7.04 feet MLLW.
2024,October,NEW JERSEY,EASTERN ATLANTIC,Z,PHI,39.86,-74.46,0,,Widespread roadway flooding and some property inundation occurred in the tidal areas of Atlantic County. The tide gauge on the oceanfront at Atlantic City reached 7.04 feet MLLW.
2024,October,FLORIDA,SOUTH CENTRAL DUVAL,Z,JAX,30.49,-81.7,0,0.00K,Minor street flooding was observed in the |            Southhampton neighborhood on Alamo and Bee |            Streets during high tide.
2024,August,MARYLAND,ANNE ARUNDEL,Z,LWX,38.98,-77.47,0,0.00K,SE flow on the east side of TS Debby raised water levels on the Chesapeake Bay resulting in moderate coastal flooding at Annapolis. Peak water level was 4.54' MLLW or 3 ft of inundation (MHHW). Crest 
2024,August,MARYLAND,SOUTHERN BALTIMORE,Z,LWX,38.98,-77.47,0,0.00K,Persistent SE flow on the east of Tropical Storm Debby resulted in moderate coastal flooding at Baltimore. Peak water level height was 4.96' MLLW or 3.3' MHHW (inundation above ground level). Crest ti
2024,August,MARYLAND,SOUTHEAST HARFORD,Z,LWX,38.98,-77.47,0,0.00K,Persistent SE flow on the east side of Tropical Storm Debby caused moderate coastal flooding at Havre de Grace. Peak water level height was 6.35' MLLW and crest time was at 1218 PM EST on Aug 9. Lead 
2024,October,FLORIDA,COASTAL BROWARD COUNTY,Z,MFL,25.61,-80.41,0,0.00K,"Local broadcast media reported beach erosion and sand pushed against sea walls, onto homes, and across the historic Hollywood Beach Broadwalk. Ocean water also pushed inland into inlets, canals, and t"
2024,October,FLORIDA,COASTAL PALM BEACH COUNTY,Z,MFL,25.61,-80.41,0,0.00K,"Local broadcast media reported coastal flooding at ocean water pushed inland into inlets, local roadways in Manalapan and Lantana, and the State Road A1A. Tide levels at nearby Lake Worth Pier peaked "
2024,October,FLORIDA,COASTAL MIAMI-DADE COUNTY,Z,MFL,25.61,-80.41,0,0.00K,"Multiple posts from broadcast media, with pictures and videos, reported tidal flooding in usually flood-prone areas of Miami, Miami Beach, and Haulover Inlet. Tide levels at nearby Virginia Key peaked"
2024,October,MARYLAND,DORCHESTER,Z,AKQ,36.98,-76.49,0,0.00K,"The combination of high pressure to the north and Helene Remnant low pressure to the south, resulted in prolonged northeast and east winds which caused minor to moderate (tidal) coastal flooding over "
2024,October,VIRGINIA,NORTHUMBERLAND,Z,AKQ,36.98,-76.49,0,0.00K,"The combination of high pressure to the north and Helene Remnant low pressure to the south, resulted in prolonged northeast and east winds which caused minor to moderate (tidal) coastal flooding over "
2024,October,VIRGINIA,LANCASTER,Z,AKQ,36.98,-76.49,0,0.00K,"The combination of high pressure to the north and Helene Remnant low pressure to the south, resulted in prolonged northeast and east winds which caused minor to moderate (tidal) coastal flooding over "
2024,October,VIRGINIA,JAMES CITY,Z,AKQ,36.98,-76.49,0,0.00K,"The combination of high pressure to the north and Helene Remnant low pressure to the south, resulted in prolonged northeast and east winds which caused minor to moderate (tidal) coastal flooding over "
2024,October,ALASKA,YUKON DELTA COAST,Z,AFG,64.51,-165.42,0,,"Widespread coastal flooding was reported across the Yukon Delta coast as strong winds pushed water onshore. A tribal official from Kotlik reported water flooding and lifting boardwalks, as well as ext"
2024,September,VIRGINIA,ISLE OF WIGHT,Z,AKQ,36.98,-76.49,0,0.00K,Potential Tropical Cyclone Eight made landfall in South Carolina near the border with North Carolina on the afternoon of September 16. Strong northeast winds were present well north of the center of t
2024,October,ALASKA,EASTERN NORTON SOUND AND NULATO HILLS,Z,AFG,64.51,-165.42,0,,Widespread coastal flooding was reported across the eastern Norton Sound coast as strong winds pushed water onshore. Officials from Elim reported that Moses Point Road had logs and debris and had to b
2024,October,ALASKA,SOUTHERN SEWARD PENINSULA COAST,Z,AFG,64.51,-165.42,0,,"Coastal flooding was reported along the southern Seward Peninsula coast as strong winds pushed water onshore. The City of Nome reported debris and erosion at mile 25 on the Nome Council Highway, the r"
2024,October,ALASKA,ST. LAWRENCE ISLAND,Z,AFG,64.51,-165.42,0,,Minor coastal flooding was reported in Gambell as waves washed over the runway deposited debris. The airport closed due to the debris on the runway.
2024,August,VIRGINIA,ARLINGTON,Z,LWX,38.98,-77.47,0,0.00K,Persistent SE flow on the east side of TS Debby caused moderate coastal flooding in the City of Alexandria. Peak water level height was 4.38' NAVD88 and the crest time was 1018 AM EST. Lead time was 2
2024,August,DISTRICT OF COLUMBIA,DISTRICT OF COLUMBIA,Z,LWX,38.98,-77.47,0,0.00K,"Persistent SE wind flow on the east side of TS Debby resulted in moderate coastal flooding at DC Waterfront on Aug 9, 2024."
2024,August,VIRGIN ISLANDS,ST. CROIX,Z,SJU,18.43,-66.02,0,0.00K,Mesonet station CVAV3 Cotton Valley reported a heat index of 112F or more for more than 2 hours.
2024,August,MARYLAND,DORCHESTER,Z,AKQ,36.98,-76.49,0,0.00K,"The combination of high pressure centered well off the East Coast and Tropical Cyclone Debby tracking northward across western North Carolina, Virginia, and Pennsylvania from Thursday, August 8th thro"
2024,August,ALASKA,SOUTHERN SEWARD PENINSULA COAST,Z,AFG,64.51,-165.42,0,0.00K,"Water began rising during the morning hours of the 4th. Minor flooding of low-lying areas was observed in Golovin, including the old runway."
2024,August,ALASKA,SHISHMAREF,Z,AFG,64.51,-165.42,0,0.00K,"Water began rising during the morning hours of the 3rd. Minor flooding of low-lying areas was observed in Golovin, including the old runway."
2024,August,ALASKA,SOUTHERN SEWARD PENINSULA COAST,Z,AFG,64.51,-165.42,0,0.00K,"Water began rising during the morning hours of the 21st.  Minor flooding of low-lying areas was observed in Golovin, including the old runway."
2024,December,CALIFORNIA,NORTHERN MONTEREY BAY,Z,MTR,37.52,-122.04,0,0.01K,"Part of Capitola Village, including the Capitola Venetian Hotel, was evacuated due to high surf causing coastal flooding."
2024,December,WASHINGTON,SOUTH WASHINGTON COAST,Z,PQR,45.56,-122.98,0,,"Several highways and roads in the low-lying areas around Willapa Bay flooded due to the combination of high astronomical tides, large surf, and rainfall. A surge of 2.4 ft MLLW was calculated by subtr"
2024,December,ALASKA,KUSKOKWIM DELTA,Z,AFC,64.81,-147.72,0,0.00K,A tide gage in Kwigillingok measured water levels exceeding 2.3 feet above mean higher high water (MHHW) between December 18th and 19th. A local Tribal Resilience Office reported that lakes in Kwigill
2024,November,PUERTO RICO,SAN JUAN AND VICINITY,Z,SJU,18.43,-66.02,0,3.50K,"A video through social media reported flooding in the streets of Joffre, Marseille, Piccioni, and Delcasse in the Condado neighborhood, impacting residents and infrastructure."
2024,November,PUERTO RICO,SAN JUAN AND VICINITY,Z,SJU,18.43,-66.02,0,1.10K,"Emergency Managers reported coastal flooding near Barranquitas St. in Mirador-Peatonal, Condado."
2024,November,PUERTO RICO,SAN JUAN AND VICINITY,Z,SJU,18.43,-66.02,0,1.10K,"Coastal flooding was reported in Ashford Ave, near the intersection with Delcasse St. No people were reported trapped. At 12 PM Buoy 41053, around 2 miles northwest, reported a significant wave height"
2024,November,GEORGIA,COASTAL GLYNN,Z,JAX,30.49,-81.7,0,0.00K,"Coastal flooding was reported along Glynn Ave at the intersection with F J Torras Causeway. Nearby tidal gauges measured peak tides of 2-2.7 ft MHHW. Fort Pulaski, GA - Station ID: 8670870 tidal gauge"
2024,November,SOUTH CAROLINA,CHARLESTON,Z,CHS,32.9,-80.03,0,,"A maximum tide level of 8.08 ft Mean Lower Low Water (MLLW), or 2.32 ft Mean Higher High Water (MHHW), was observed at the Charleston Harbor National Ocean Service (NOS) tide gage. Major coastal flood"
2024,November,SOUTH CAROLINA,CHARLESTON,Z,CHS,32.9,-80.03,0,,"A maximum tide level of 8.25 ft Mean Lower Low Water (MLLW), or 2.49 ft Mean Higher High Water (MHHW), was observed at the Charleston Harbor National Ocean Service (NOS) tide gage. Major coastal flood"
2024,November,SOUTH CAROLINA,CHARLESTON,Z,CHS,32.9,-80.03,0,,Local broadcast media relayed a picture showing the intersection of Fishburne and Hagood flooded due to the high tide.
2024,November,LOUISIANA,EAST CAMERON,Z,LCH,30.13,-93.22,0,0.00K,Strong south winds ahead of a cold front and the remnants of Rafael in the gulf produced high tides along the coast of Cameron Parish. The tide level reached 2.1 feet above MHHW which produced minor f
2024,November,LOUISIANA,WEST CAMERON,Z,LCH,30.13,-93.22,0,0.00K,Strong south winds ahead of a cold front and the remnants of Rafael in the gulf produced high tides along the coast of Cameron Parish. The tide level reached 2.1 feet above MHHW which produced minor f
2024,September,LOUISIANA,EAST CAMERON,Z,LCH,30.13,-93.22,0,0.00K,"Hurricane Francine passed well south of Cameron, however minor flooding occurred at the coast. The water level at Cameron reached 2.16 feet above MHHW which caused shallow flooding near the courthouse"
2024,November,SOUTH CAROLINA,CHARLESTON,Z,CHS,32.9,-80.03,0,,City of Charleston Emergency Management reported that Broad Street at Lockwood Avenue was flooded and closed to traffic.
2024,November,SOUTH CAROLINA,CHARLESTON,Z,CHS,32.9,-80.03,0,,City of Charleston Emergency Management reported Washington Street at Society Street was flooded and closed to traffice.
2024,November,SOUTH CAROLINA,CHARLESTON,Z,CHS,32.9,-80.03,0,,The off ramp from Highway 17 onto Lockwood Drive in Downtown Charleston was flooded.
2024,November,SOUTH CAROLINA,CHARLESTON,Z,CHS,32.9,-80.03,0,,Local broadcast media shared video showing the exit ramp off of Highway 17 onto Highway 61 was flooded and closed to traffic.
2024,November,SOUTH CAROLINA,CHARLESTON,Z,CHS,32.9,-80.03,0,,Long Point Road was reported flooded and closed to traffic.
2024,September,LOUISIANA,WEST CAMERON,Z,LCH,30.13,-93.22,0,0.00K,"Hurricane Francine passed well south of Cameron, however minor flooding occurred at the coast. The water level at Cameron reached 2.16 feet above MHHW which caused waves to splash over Highway 82 near"
2024,November,SOUTH CAROLINA,CHARLESTON,Z,CHS,32.9,-80.03,0,,"Mount Pleasant Emergency Management relayed images showing businesses surrounded by water and flooded parking lots in the Shem Creek area. Also, a number of roads were flooded and impassable."
2024,November,SOUTH CAROLINA,CHARLESTON,Z,CHS,32.9,-80.03,0,,"City of Charleston Emergency Management reported that South Battery is closed at East Battery due to flooding. Also, East Bay Street at Society Street is closed as well."
2024,November,SOUTH CAROLINA,CHARLESTON,Z,CHS,32.9,-80.03,0,,Mount Pleasant Emergency Management reported that Long Point Road was flooded and closed to traffic.
2024,November,SOUTH CAROLINA,CHARLESTON,Z,CHS,32.9,-80.03,0,,Local broadcast media relayed a picture of tidal flooding covering the roadway on West 9th Street.
2024,November,SOUTH CAROLINA,CHARLESTON,Z,CHS,32.9,-80.03,0,,City of Charleston Emergency Management relayed a picture of tidal flooding covering the roadway across Washington Avenue between Laurens Street and Society Street.
2024,November,VIRGINIA,NORTHAMPTON,Z,AKQ,36.98,-76.49,0,0.00K,"An area of low pressure moved across the Outer Banks and out to sea on the night of November 14 into November 15. Winds became northwest as the low moved offshore on November 15, pushing water into th"
2024,November,VIRGINIA,JAMES CITY,Z,AKQ,36.98,-76.49,0,0.00K,An area of low pressure moved across the Outer Banks and out to sea on the night of November 14 into November 15. Winds became northeast ahead of the low and northwest behind the low as it moved offsh
2024,November,ALASKA,KENAI PENINSULA,Z,AFC,64.81,-147.72,0,,"The Gulf of Alaska low, centered south of Prince William Sound, was on a southeasterly track Saturday, November 16, 2024. With this low in place, a strong down (Cook) Inlet flow kept the morningï¿½ï¿½"
2024,November,ALASKA,KENAI PENINSULA,Z,AFC,64.81,-147.72,0,,"A Gulf of Alaska low, centered south of Prince William Sound, was on a southeasterly track over the course of the November 16-17, 2024 period. With this low in place, a strong down (Cook) Inlet flow k"
2024,September,DISTRICT OF COLUMBIA,DISTRICT OF COLUMBIA,Z,LWX,38.98,-77.47,0,0.00K,Moderate coastal flooding occurred at DC Waterfront. It began on Sep 21 at 9PM and ended that same evening at 1124 PM EST. The crest height was 5.62' and crest time was 1024 PM EST. This was a missed 
2024,September,FLORIDA,COASTAL MIAMI-DADE COUNTY,Z,MFL,25.61,-80.41,0,0.00K,"Multiple posts on social media with pictures and videos of tidal flooding in usually flood-prone areas of the city of Miami, Miami Beach, and in Matheson Hammock Park in Coral Gables. Tide levels at n"
2024,November,TEXAS,LOWER JEFFERSON COUNTY,Z,LCH,30.13,-93.22,0,0.00K,Tide levels at Sabine Pass reached 2.03 feet above MHHW at time of high tide during the evening of the 18th. This caused minor flooding of Highway 87 between Sabine Pass and Port Arthur.
2024,November,LOUISIANA,EAST CAMERON,Z,LCH,30.13,-93.22,0,0.00K,The tide level at Cameron reached 2.01 feet above MHHW at high tide. This caused minor flooding on Highway 82 near the courthouse for a few hours.
2024,November,LOUISIANA,WEST CAMERON,Z,LCH,30.13,-93.22,0,0.00K,The tide level at Cameron reached 2.01 feet above MHHW at high tide. Waves over washed Highway 82 near Holly Beach for a couple hours during the event in isolated locations.
2024,November,TEXAS,LOWER JEFFERSON COUNTY,Z,LCH,30.13,-93.22,0,0.00K,Strong south winds ahead of a cold front and the remnants of Rafael in the gulf produced high tides along the coast of Jefferson County. The tide level reached 2.1 feet above MHHW which produced minor
2024,September,DISTRICT OF COLUMBIA,DISTRICT OF COLUMBIA,Z,LWX,38.98,-77.47,0,0.00K,A prolonged period of onshore flow combined with high astronomical tides resulted in multiple days of coastal flooding at DC Waterfront. The crest height was 5.62' MLLW and the time of crest was 1012 
2024,September,DISTRICT OF COLUMBIA,DISTRICT OF COLUMBIA,Z,LWX,38.98,-77.47,0,0.00K,A prolonged period of onshore flow combined with high astronomical tides resulted in multiple days of moderate coastal flooding. The crest height was 5.49' NAVD88 and the time of crest was 1212 AM EST
2024,November,LOUISIANA,LOWER VERMILION PARISH,Z,LCH,30.13,-93.22,0,0.00K,Strong south winds ahead of a cold front and the remnants of Rafael in the gulf produced high tides along the coast of Vermilion Parish. The tide level reached 2.88 feet above MHHW at the Freshwater L
2024,September,MARYLAND,ANNE ARUNDEL,Z,LWX,38.98,-77.47,0,0.00K,A prolonged period of onshore flow combined with high astronomical tides resulted in multiple days of moderate coastal flooding at Annapolis. The Annapolis NOS tide gauge crested at 3.78' on Sep 22 at
2024,November,VIRGINIA,NORTHUMBERLAND,Z,AKQ,36.98,-76.49,0,0.00K,An area of low pressure moved across the Outer Banks and out to sea on the night of November 14 into November 15. Winds became northeast ahead of the low and northwest behind the low as it moved offsh
2024,November,VIRGINIA,WESTMORELAND,Z,AKQ,36.98,-76.49,0,0.00K,An area of low pressure moved across the Outer Banks and out to sea on the night of November 14 into November 15. Winds became northeast ahead of the low and northwest behind the low as it moved offsh
2024,November,VIRGINIA,LANCASTER,Z,AKQ,36.98,-76.49,0,0.00K,An area of low pressure moved across the Outer Banks and out to sea on the night of November 14 into November 15. Winds became northeast ahead of the low and northwest behind the low as it moved offsh
2024,November,VIRGINIA,MIDDLESEX,Z,AKQ,36.98,-76.49,0,0.00K,An area of low pressure moved across the Outer Banks and out to sea on the night of November 14 into November 15. Winds became northeast ahead of the low and northwest behind the low as it moved offsh
2024,September,MARYLAND,ANNE ARUNDEL,Z,LWX,38.98,-77.47,0,0.00K,A prolonged period of onshore flow combined with high astronomical tides resulted in multiple days of moderate coastal flooding. The crest height for this event was 3.7' MLLW and the time of crest was
2024,September,MARYLAND,ANNE ARUNDEL,Z,LWX,38.98,-77.47,0,0.00K,A prolonged period of onshore flow combined with high astronomical tides resulted in multiple days of moderate coastal flooding at Annapolis. The crest height was 3.53' MLLW and the time of crest was 
2024,September,MARYLAND,ANNE ARUNDEL,Z,LWX,38.98,-77.47,0,0.00K,A prolonged period of onshore flow combined with high astronomical tides resulted in multiple days of moderate coastal flooding at Annapolis. The crest height was 3.38 ft MLLW and the time of crest wa
2024,November,VIRGINIA,GLOUCESTER,Z,AKQ,36.98,-76.49,0,0.00K,An area of low pressure moved across the Outer Banks and out to sea on the night of November 14 into November 15. Winds became northeast ahead of the low and northwest behind the low as it moved offsh
2024,November,VIRGINIA,MATHEWS,Z,AKQ,36.98,-76.49,0,0.00K,An area of low pressure moved across the Outer Banks and out to sea on the night of November 14 into November 15. Winds became northeast ahead of the low and northwest behind the low as it moved offsh
2024,November,VIRGINIA,YORK,Z,AKQ,36.98,-76.49,0,0.00K,An area of low pressure moved across the Outer Banks and out to sea on the night of November 14 into November 15. Winds became northeast ahead of the low and northwest behind the low as it moved offsh
2024,November,VIRGINIA,HAMPTON/POQUOSON,Z,AKQ,36.98,-76.49,0,0.00K,An area of low pressure moved across the Outer Banks and out to sea on the night of November 14 into November 15. Winds became northeast ahead of the low and northwest behind the low as it moved offsh
2024,November,MARYLAND,DORCHESTER,Z,AKQ,36.98,-76.49,0,0.00K,"An area of low pressure moved across the Outer Banks and out to sea on the night of November 14 into November 15. Winds became northwest as the low moved offshore on November 15, pushing water into th"
2024,November,VIRGINIA,VIRGINIA BEACH,Z,AKQ,36.98,-76.49,0,0.00K,An area of low pressure moved across the Outer Banks and out to sea on the night of November 14 into November 15. Winds became northeast ahead of the low and northwest behind the low as it moved offsh
2024,November,NORTH CAROLINA,EASTERN CURRITUCK,Z,AKQ,36.98,-76.49,0,0.00K,An area of low pressure moved across the Outer Banks and out to sea on the night of November 14 into November 15. Winds became northeast ahead of the low and northwest behind the low as it moved offsh
2024,November,MARYLAND,SOMERSET,Z,AKQ,36.98,-76.49,0,0.00K,"An area of low pressure moved across the Outer Banks and out to sea on the night of November 14 into November 15. Winds became northwest as the low moved offshore on November 15, pushing water into th"
2024,November,MARYLAND,WICOMICO,Z,AKQ,36.98,-76.49,0,0.00K,"An area of low pressure moved across the Outer Banks and out to sea on the night of November 14 into November 15. Winds became northwest as the low moved offshore on November 15, pushing water into th"
2024,November,VIRGINIA,SURRY,Z,AKQ,36.98,-76.49,0,0.00K,An area of low pressure moved across the Outer Banks and out to sea on the night of November 14 into November 15. Winds became northeast ahead of the low and northwest behind the low as it moved offsh
2024,November,NEW JERSEY,WESTERN MONMOUTH,Z,PHI,39.86,-74.46,0,,Widespread roadway flooding occurred in the tidal communities of Monmouth County. Water entered vulnerable buildings causing some damage. The tide gauge at Belmar reached 6.92 feet MLLW and the tide g
2024,November,NEW JERSEY,EASTERN MONMOUTH,Z,PHI,39.86,-74.46,0,,Widespread roadway flooding occurred in the tidal communities of Monmouth County. Water entered vulnerable buildings causing some damage. The tide gauge at Belmar reached 6.92 feet MLLW and the tide g
2024,November,NEW JERSEY,EASTERN ATLANTIC,Z,PHI,39.86,-74.46,0,,"Widespread roadway flooding and some property inundation occurred in the tidal areas of Atlantic County. The tide gauge on the oceanfront at Atlantic City reached 7.28 feet MLLW, and the tide gauge at"
2024,November,NEW JERSEY,WESTERN ATLANTIC,Z,PHI,39.86,-74.46,0,,"Widespread roadway flooding and some property inundation occurred in the tidal areas of Atlantic County. The tide gauge on the oceanfront at Atlantic City reached 7.28 feet MLLW, and the tide gauge at"
2024,November,TEXAS,COASTAL SAN PATRICIO COUNTY,Z,CRP,27.78,-97.51,0,0.00K,Water is covering the roads around Indian Point Pier. The gates have been closed to traffic. This was the case for around 2 straight weeks.
2024,November,NEW JERSEY,EASTERN CAPE MAY,Z,PHI,39.86,-74.46,0,,"Widespread roadway flooding occurred in the tidal communities of Cape May County. The flood waters affected vulnerable buildings. The tide gauge at Cape May Harbor reached 7.26 feet MLLW, and the tide"
2024,November,NEW JERSEY,WESTERN CAPE MAY,Z,PHI,39.86,-74.46,0,,"Widespread roadway flooding occurred in the tidal communities of Cape May County. The flood waters affected vulnerable buildings. The tide gauge at Cape May Harbor reached 7.26 feet MLLW, and the tide"
2024,November,DELAWARE,DELAWARE BEACHES,Z,PHI,39.86,-74.46,0,,"Widespread roadway flooding was reported in the tidal areas of the county, and there were numerous road closures. Many homes and other buildings were surrounded by flood waters with some minor propert"
2024,November,DELAWARE,INLAND SUSSEX,Z,PHI,39.86,-74.46,0,,"Widespread roadway flooding was reported in the tidal areas of the county, and there were numerous road closures. Many homes and other buildings were surrounded by flood waters with some minor propert"
2024,November,FLORIDA,COASTAL PALM BEACH COUNTY,Z,MFL,25.61,-80.41,0,0.00K,"Video received via social media of salt water flooding during high tide along East Ocean       Avenue just west of the Intracoastal Waterway in Boynton Beach. Water was covering all lanes, as well as "
2024,September,TEXAS,LOWER JEFFERSON COUNTY,Z,LCH,30.13,-93.22,0,1.00K,The tide levels at Sabine Pass/Texas Point reached 2.36 feet above MHHW at high tide. This caused minor flooding along Highway 82 and minor damage to an out building at Sea Rim State Park.
2024,September,VIRGINIA,YORK,Z,AKQ,36.98,-76.49,0,0.00K,"The combination of strong high pressure over eastern Canada and weak low pressure off the southern New England coast, resulted in prolonged northeast, east and southeast winds which caused minor to mo"
2024,September,VIRGINIA,NORTHUMBERLAND,Z,AKQ,36.98,-76.49,0,0.00K,"The combination of strong high pressure over eastern Canada and weak low pressure off the southern New England coast, resulted in prolonged northeast, east and southeast winds which caused minor to mo"
2024,September,VIRGINIA,LANCASTER,Z,AKQ,36.98,-76.49,0,0.00K,"The combination of strong high pressure over eastern Canada and weak low pressure off the southern New England coast, resulted in prolonged northeast, east and southeast winds which caused minor to mo"
2024,September,MARYLAND,DORCHESTER,Z,AKQ,36.98,-76.49,0,0.00K,"The combination of high pressure to the north and Helene Remnant low pressure to the west southwest, resulted in prolonged southeast, east and northeast winds which caused minor to moderate (tidal) co"
2024,September,MARYLAND,DORCHESTER,Z,AKQ,36.98,-76.49,0,0.00K,"The combination of strong high pressure over eastern Canada and weak low pressure off the southern New England coast, resulted in prolonged northeast, east and southeast winds which caused minor to mo"
2024,September,MARYLAND,DORCHESTER,Z,AKQ,36.98,-76.49,0,0.00K,"The combination of strong high pressure over eastern Canada and weak low pressure off the southern New England coast, resulted in prolonged northeast, east and southeast winds which caused minor to ma"
2024,September,NORTH CAROLINA,EASTERN CURRITUCK,Z,AKQ,36.98,-76.49,0,0.00K,"The combination of strong high pressure over eastern Canada and weak low pressure off the southern New England coast, resulted in north to northeast winds which caused minor to moderate (tidal) coasta"
2024,August,FLORIDA,MAINLAND MONROE,Z,MFL,25.61,-80.41,0,0.00K,"An Everglades National Park ranger reported minor saltwater flooding in Flamingo, on the flood-prone campground adjacent to the water, during the high tide cycles. Standing water was less than one foo"
2024,September,VIRGINIA,NORTHAMPTON,Z,AKQ,36.98,-76.49,0,0.00K,"The combination of strong high pressure over eastern Canada and weak low pressure off the southern New England coast, resulted in prolonged northeast, east and southeast winds which caused minor to mo"
2024,September,MARYLAND,SOMERSET,Z,AKQ,36.98,-76.49,0,0.00K,"The combination of strong high pressure over eastern Canada and weak low pressure off the southern New England coast, resulted in prolonged northeast, east and southeast winds which caused minor to mo"
2024,August,FLORIDA,COASTAL COLLIER COUNTY,Z,MFL,25.61,-80.41,0,0.00K,An Everglades National Park ranger reported minor saltwater flooding in Everglades City during the high tide cycles. Standing water was less than 1 foot on several roads. Streets affected included Beg
2024,September,NORTH CAROLINA,EASTERN CURRITUCK,Z,AKQ,36.98,-76.49,0,0.00K,"The combination of strong high pressure over eastern Canada and weak low pressure off the southern New England coast, resulted in prolonged northeast, east and southeast winds which caused minor to mo"
2024,June,TEXAS,COASTAL CALHOUN COUNTY,Z,CRP,27.78,-97.51,0,0.00K,Several roads throughout Port O Connor have been closed.
2024,June,TEXAS,COASTAL NUECES COUNTY,Z,CRP,27.78,-97.51,0,0.00K,Social media reports of coastal flooding at the marina. Impassable in some spots.
2024,June,TEXAS,NUECES COUNTY ISLANDS,Z,CRP,27.78,-97.51,0,0.00K,Social media video of damage to the road along Padre Bali Park.
2024,September,FLORIDA,COASTAL FLAGLER,Z,JAX,30.49,-81.7,0,0.00K,"At 11:37 am, Flagler County emergency management (EM) Water was to the top of the sea walls in Palm Coast salt water canals. There were no reports of overtopping yet. At 1:25 pm, EM relayed that canal"
2025,January,TEXAS,COASTAL GALVESTON,Z,HGX,29.47,-95.08,0,0.00K,Texas Department of Transportation reported water on Texas highway 87 where it meets State highway 124.
2025,January,ALASKA,KUSKOKWIM DELTA,Z,AFC,64.81,-147.72,0,0.00K,"Kwigillingok, Alaska saw major flooding on January 10th. A tribal resilience coordinator reported that water levels were the highest ... seen thus far. He continued: A group of Russian Orthodox Christ"
2025,January,ALASKA,KUSKOKWIM DELTA,Z,AFC,64.81,-147.72,0,0.00K,"Below average sea ice extent, including shorefast ice, was insufficient to properly shelter communities along the Kuskokwim Delta coast from storm surge. A Kwigillingok community coordinator shared pi"
2025,January,PUERTO RICO,NORTHEAST,Z,SJU,18.43,-66.02,0,5.00K,"Severe coastal erosion caused by strong wave action from an incoming swell has impacted the intersection of Cll 10 and Cll 3 in Parcelas Suarez, Loiza. By morning, broadcast media showed parts of the "
2025,January,PUERTO RICO,NORTH CENTRAL,Z,SJU,18.43,-66.02,0,3.50K,"Emergency managers reported coastal flooding and debris deposition in the Cerro Gordo area of Vega Alta. The provided photo shows a flooded residential street, with standing water and scattered debris"
2025,January,PUERTO RICO,SAN JUAN AND VICINITY,Z,SJU,18.43,-66.02,0,1.10K,A video shared by 7 Quillas Grupo Tortuguero and reported by Broadcast Media through social media showed coastal flooding impacting Cll Park Blvd near Playa El Ultimo Trolley.
2025,January,PUERTO RICO,NORTHWEST,Z,SJU,18.43,-66.02,0,1.10K,Emergency manager reported coastal flood at Parque Colon. Water is entering the park facilities and leaving good amounts of sand in the area.
2025,January,PUERTO RICO,NORTHEAST,Z,SJU,18.43,-66.02,0,1.10K,NWS Employee reported sand over the road along PR-187 in Chatarra Beach in Pinones as a result from the coastal flood event during the early morning hours.
2025,January,PUERTO RICO,NORTHEAST,Z,SJU,18.43,-66.02,0,7.00K,"Emergency managers reported coastal flooding at Paseo Atlantico in Parcelas Suarez, Loiza. Due to the wave and beach action in the area roads are eroded causing partial loss of the main road. Trees ar"
2025,January,PUERTO RICO,NORTHEAST,Z,SJU,18.43,-66.02,0,1.10K,Emergency Managers from Loiza reported coastal flood along PR-187 at Vacia Talega Beach with impassable roads.
2025,May,DISTRICT OF COLUMBIA,DISTRICT OF COLUMBIA,Z,LWX,38.98,-77.47,0,0.00K,"Very heavy rains in the headwaters of the Potomac River in western Maryland in mid May, particularly at Westernport MD, led to excessive runoff that resulted in river flooding downstream eventually re"
2025,May,MARYLAND,ANNE ARUNDEL,Z,LWX,38.98,-77.47,0,0.00K,"Strong onshore flow between a strong high pressure center over Ontario, CA and low pressure passing to the south resulted in moderate coastal flooding at Annapolis. The crest occurred late on the 21st"
2025,May,MASSACHUSETTS,EASTERN ESSEX,Z,BOX,41.96,-71.13,0,0.00K,"In Salem, Bridge St was closed due to coastal flooding."
2025,March,GUAM,MARSHALL ISLANDS,Z,GUM,13.49,144.84,0,,"A Majuro Weather Service employee was traveling to Jaluit Atoll and reported that inundation occurred from the ocean side of the airfield at Jaluit atoll, causing debris to cover the runway and cancel"
2025,March,PUERTO RICO,MAYAGUEZ AND VICINITY,Z,SJU,18.43,-66.02,0,3.50K,"Emergency managers reported coastal flooding along Calle Marina near Parque Colï¿½ï¿½n in Aguadilla due to a northerly swell. At the time of the report, the road was impassable and closed."
2025,March,PUERTO RICO,MAYAGUEZ AND VICINITY,Z,SJU,18.43,-66.02,0,1.50K,Coastal flooding was reported near the boat ramp on PR-441 in Aguada.
2025,May,VIRGINIA,NORTHAMPTON,Z,AKQ,36.98,-76.49,0,0.00K,An area of low pressure occluded over the Ohio Valley on May 21 into May 22. This allowed for a period of elevated onshore flow which led to moderate coastal flooding across Northampton County. Bayfor
2025,May,VIRGINIA,RICHMOND,Z,AKQ,36.98,-76.49,0,0.00K,An area of low pressure occluded over the Ohio Valley on May 21 into May 22. This allowed for a period of elevated onshore flow which led to moderate coastal flooding across Richmond County. Tappahann
2025,May,VIRGINIA,EASTERN ESSEX,Z,AKQ,36.98,-76.49,0,0.00K,An area of low pressure occluded over the Ohio Valley on May 21 into May 22. This allowed for a period of elevated onshore flow which led to moderate coastal flooding across Essex County. Tappahannock
2025,May,VIRGINIA,NORTHUMBERLAND,Z,AKQ,36.98,-76.49,0,0.00K,An area of low pressure occluded over the Ohio Valley on May 21 into May 22. This allowed for a period of elevated onshore flow which led to moderate coastal flooding across Northumberland County. Lew
2025,May,VIRGINIA,WESTMORELAND,Z,AKQ,36.98,-76.49,0,0.00K,An area of low pressure occluded over the Ohio Valley on May 21 into May 22. This allowed for a period of elevated onshore flow which led to moderate coastal flooding across Westmoreland County. Lewis
2025,August,NEW JERSEY,WESTERN MONMOUTH,Z,PHI,39.86,-74.46,0,,"Widespread roadway flooding occurred in the tidal communities of Monmouth County. Water entered vulnerable buildings causing some damage. The tide gauge at Sea Bright reached 6.59 feet MLLW, the tide "
2025,August,DELAWARE,INLAND SUSSEX,Z,PHI,39.86,-74.46,0,,"Widespread roadway flooding was reported in the tidal areas of the county, and there were numerous road closures. Many homes and other buildings were surrounded by flood waters with some minor propert"
2025,August,DELAWARE,KENT,Z,PHI,39.86,-74.46,0,,"Widespread roadway flooding was reported in the tidal areas of the county, and there were numerous road closures. Many homes and other buildings were surrounded by flood waters with some minor propert"
2025,August,NEW JERSEY,EASTERN MONMOUTH,Z,PHI,39.86,-74.46,0,,"Widespread roadway flooding occurred in the tidal communities of Monmouth County. Water entered vulnerable buildings causing some damage. The tide gauge at Sea Bright reached 6.59 feet MLLW, the tide "
2025,August,NEW JERSEY,WESTERN OCEAN,Z,PHI,39.86,-74.46,0,,"Widespread roadway flooding occurred in the tidal communities of Ocean County. Water entered vulnerable buildings causing some damage. The tide gauge at Mantoloking reached 2.77 feet MLLW, the tide ga"
2025,August,NEW JERSEY,EASTERN OCEAN,Z,PHI,39.86,-74.46,0,,"Widespread roadway flooding occurred in the tidal communities of Ocean County. Water entered vulnerable buildings causing some damage. The tide gauge at Mantoloking reached 2.77 feet MLLW, the tide ga"
2025,August,NEW JERSEY,SOUTHEASTERN BURLINGTON,Z,PHI,39.86,-74.46,0,,Widespread roadway flooding occurred in the tidal communities of southeastern Burlington County. Water entered vulnerable buildings causing some damage. The tide gauge at Tuckerton reached 6.12 feet M
2025,August,NEW JERSEY,WESTERN ATLANTIC,Z,PHI,39.86,-74.46,0,,"Widespread roadway flooding and some property inundation occurred in the tidal areas of Atlantic County. The tide gauge at the Atlantic City Marina reached 7.40 feet MLLW, the tide gauge on the Inside"
2025,August,NEW JERSEY,WESTERN CAPE MAY,Z,PHI,39.86,-74.46,0,,"Widespread roadway flooding occurred in the tidal communities of Cape May County. The flood waters affected vulnerable buildings. The tide gauge at Ocean City reached 7.06 feet MLLW, the tide gauge at"
2025,August,NEW JERSEY,CUMBERLAND,Z,PHI,39.86,-74.46,0,,Widespread moderate flooding occurred in the tidal areas of Cumberland County. There were many road closures with the flood waters affecting numerous homes and businesses. The tide gauge at Bivalve re
2025,August,NEW JERSEY,EASTERN ATLANTIC,Z,PHI,39.86,-74.46,0,,"Widespread roadway flooding and some property inundation occurred in the tidal areas of Atlantic County. The tide gauge at the Atlantic City Marina reached 7.40 feet MLLW, the tide gauge on the Inside"
2025,August,DELAWARE,DELAWARE BEACHES,Z,PHI,39.86,-74.46,0,,"Widespread roadway flooding was reported in the tidal areas of the county, and there were numerous road closures. Many homes and other buildings were surrounded by flood waters with some minor propert"
2025,August,FLORIDA,COASTAL DUVAL,Z,JAX,30.49,-81.7,0,0.00K,A trained spotter reported minor tidal flooding along 2nd Ave North leading toward |            the intracoastal waterway. The road was |            completely flooded but passable around 805 |       
2025,August,NEW JERSEY,EASTERN CAPE MAY,Z,PHI,39.86,-74.46,0,,"Widespread roadway flooding occurred in the tidal communities of Cape May County. The flood waters affected vulnerable buildings. The tide gauge at Ocean City reached 7.06 feet MLLW, the tide gauge at"
2025,August,VIRGINIA,NORTHUMBERLAND,Z,AKQ,36.98,-76.49,0,0.00K,"Hurricane Erin passed well offshore and combined with high pressure to the north, resulting in a period of strong onshore winds and coastal flooding across eastern Virginia and the Virginia Eastern Sh"
2025,August,VIRGINIA,EASTERN ESSEX,Z,AKQ,36.98,-76.49,0,0.00K,"Hurricane Erin passed well offshore and combined with high pressure to the north, resulting in a period of strong onshore winds and coastal flooding across eastern Virginia and the Virginia Eastern Sh"
2025,August,MARYLAND,SOMERSET,Z,AKQ,36.98,-76.49,0,0.00K,"Hurricane Erin passed well offshore and combined with high pressure to the north, resulting in a period of strong onshore winds and coastal flooding across the Lower Maryland Eastern Shore. The gauge "
2025,August,VIRGINIA,WESTMORELAND,Z,AKQ,36.98,-76.49,0,0.00K,"Hurricane Erin passed well offshore and combined with high pressure to the north, resulting in a period of strong onshore winds and coastal flooding across eastern Virginia and the Virginia Eastern Sh"
2025,August,VIRGINIA,WESTERN ESSEX,Z,AKQ,36.98,-76.49,0,0.00K,"Hurricane Erin passed well offshore and combined with high pressure to the north, resulting in a period of strong onshore winds and coastal flooding across eastern Virginia and the Virginia Eastern Sh"
2025,August,VIRGINIA,RICHMOND,Z,AKQ,36.98,-76.49,0,0.00K,"Hurricane Erin passed well offshore and combined with high pressure to the north, resulting in a period of strong onshore winds and coastal flooding across eastern Virginia and the Virginia Eastern Sh"
2025,August,VIRGINIA,MIDDLESEX,Z,AKQ,36.98,-76.49,0,0.00K,"Hurricane Erin passed well offshore and combined with high pressure to the north, resulting in a period of strong onshore winds and coastal flooding across eastern Virginia and the Virginia Eastern Sh"
2025,August,VIRGINIA,MATHEWS,Z,AKQ,36.98,-76.49,0,0.00K,"Hurricane Erin passed well offshore and combined with high pressure to the north, resulting in a period of strong onshore winds and coastal flooding across eastern Virginia and the Virginia Eastern Sh"
2025,August,VIRGINIA,SUFFOLK,Z,AKQ,36.98,-76.49,0,0.00K,"Hurricane Erin passed well offshore and combined with high pressure to the north, resulting in a period of strong onshore winds and coastal flooding across eastern Virginia and the Virginia Eastern Sh"
2025,August,MARYLAND,INLAND WORCESTER,Z,AKQ,36.98,-76.49,0,0.00K,"Hurricane Erin passed well offshore and combined with high pressure to the north, resulting in a period of strong onshore winds and coastal flooding across the Lower Maryland Eastern Shore. The tide g"
2025,August,VIRGINIA,LANCASTER,Z,AKQ,36.98,-76.49,0,0.00K,"Hurricane Erin passed well offshore and combined with high pressure to the north, resulting in a period of strong onshore winds and coastal flooding across eastern Virginia and the Virginia Eastern Sh"
2025,August,VIRGINIA,NEWPORT NEWS,Z,AKQ,36.98,-76.49,0,0.00K,"Hurricane Erin passed well offshore and combined with high pressure to the north, resulting in a period of strong onshore winds and coastal flooding across eastern Virginia and the Virginia Eastern Sh"
2025,August,VIRGINIA,ISLE OF WIGHT,Z,AKQ,36.98,-76.49,0,0.00K,"Hurricane Erin passed well offshore and combined with high pressure to the north, resulting in a period of strong onshore winds and coastal flooding across eastern Virginia and the Virginia Eastern Sh"
2025,August,VIRGINIA,HAMPTON/POQUOSON,Z,AKQ,36.98,-76.49,0,0.00K,"Hurricane Erin passed well offshore and combined with high pressure to the north, resulting in a period of strong onshore winds and coastal flooding across eastern Virginia and the Virginia Eastern Sh"
2025,August,VIRGINIA,VIRGINIA BEACH,Z,AKQ,36.98,-76.49,0,0.00K,"Hurricane Erin passed well offshore and combined with high pressure to the north, resulting in a period of strong onshore winds and coastal flooding across eastern Virginia and the Virginia Eastern Sh"
2025,August,NORTH CAROLINA,EASTERN CURRITUCK,Z,AKQ,36.98,-76.49,0,0.00K,"Hurricane Erin passed well offshore and combined with high pressure to the north, resulting in a period of strong onshore winds and coastal flooding across portions of the northern North Carolina Oute"
2025,August,MARYLAND,ANNE ARUNDEL,Z,LWX,38.98,-77.47,0,0.00K,A snap-back event in the wake of departing Hurricane Erin resulted in widespread minor coastal flooding that lasted two days. The Annapolis National Ocean Service (NOS) gauge experienced moderate coas
2025,August,MARYLAND,DORCHESTER,Z,AKQ,36.98,-76.49,0,0.00K,"Hurricane Erin passed well offshore and combined with high pressure to the north, resulting in a period of strong onshore winds and coastal flooding across the Lower Maryland Eastern Shore. Bishop's H"
2025,August,MARYLAND,WICOMICO,Z,AKQ,36.98,-76.49,0,0.00K,"Hurricane Erin passed well offshore and combined with high pressure to the north, resulting in a period of strong onshore winds and coastal flooding across the Lower Maryland Eastern Shore. Bishop's H"
2025,August,VIRGINIA,NORTHAMPTON,Z,AKQ,36.98,-76.49,0,0.00K,"Hurricane Erin passed well offshore and combined with high pressure to the north, resulting in a period of strong onshore winds and coastal flooding across eastern Virginia and the Virginia Eastern Sh"
2025,August,VIRGINIA,ACCOMACK,Z,AKQ,36.98,-76.49,0,0.00K,"Hurricane Erin passed well offshore and combined with high pressure to the north, resulting in a period of strong onshore winds and coastal flooding across eastern Virginia and the Virginia Eastern Sh"
2025,August,MARYLAND,MARYLAND BEACHES,Z,AKQ,36.98,-76.49,0,0.00K,"Hurricane Erin passed well offshore and combined with high pressure to the north, resulting in a period of strong onshore winds and coastal flooding across the Lower Maryland Eastern Shore. The tide g"
2025,August,VIRGINIA,CHESAPEAKE,Z,AKQ,36.98,-76.49,0,0.00K,"Hurricane Erin passed well offshore and combined with high pressure to the north, resulting in a period of strong onshore winds and coastal flooding across eastern Virginia and the Virginia Eastern Sh"
2025,August,VIRGINIA,NORFOLK,Z,AKQ,36.98,-76.49,0,0.00K,"Hurricane Erin passed well offshore and combined with high pressure to the north, resulting in a period of strong onshore winds and coastal flooding across eastern Virginia and the Virginia Eastern Sh"
2025,October,PUERTO RICO,NORTHWEST,Z,SJU,18.43,-66.02,0,1.00K,"Coastal flooding occurred near the Aguadilla Boat Ramp, where Emergency Managers reported that water covered the ramp area around 8:30 PM AST. The inundation limited access to the facility, but no ves"
2025,October,DELAWARE,DELAWARE BEACHES,Z,PHI,39.86,-74.46,0,,"Widespread roadway flooding was reported in the tidal areas of the county, and there were numerous road closures. Many homes and other buildings were surrounded by flood waters with some minor propert"
2025,October,DELAWARE,INLAND SUSSEX,Z,PHI,39.86,-74.46,0,,"Widespread roadway flooding was reported in the tidal areas of the county, and there were numerous road closures. Many homes and other buildings were surrounded by flood waters with some minor propert"
2025,October,DELAWARE,KENT,Z,PHI,39.86,-74.46,0,,"Widespread roadway flooding was reported in the tidal areas of the county, and there were numerous road closures. Many homes and other buildings were surrounded by flood waters with some minor propert"
2025,October,NORTH CAROLINA,OCRACOKE ISLAND,Z,MHX,34.78,-76.88,0,,Distant Hurricanes Imelda and Humberto combined to produce large long period swells that inundated parts of Ocracoke Island. Highway 12 was closed for several days between the Pony Pens and the northe
2025,October,MARYLAND,INLAND WORCESTER,Z,AKQ,36.98,-76.49,0,,A coastal low lingering off the Southeast coast on October 12 resulted in a prolonged period of elevated northeast to north winds across the coastal waters. This led to moderate coastal flooding acros
2025,October,VIRGINIA,MATHEWS,Z,AKQ,36.98,-76.49,0,,A coastal low lingering off the Southeast coast on October 12 resulted in a prolonged period of elevated northeast to north winds across the Chesapeake Bay. This led to widespread moderate to major co
2025,October,VIRGINIA,JAMES CITY,Z,AKQ,36.98,-76.49,0,,A coastal low lingering off the Southeast coast on October 12 resulted in a prolonged period of elevated northeast to north winds across the Chesapeake Bay. This led to widespread moderate to major co
2025,October,SOUTH CAROLINA,CHARLESTON,Z,CHS,32.9,-80.03,0,,A maximum tide level of 8.00 ft MLLW (2.24 ft MHHW) was observed at the Charleston Harbor tide gage. Major coastal flooding typically begins along the coasts of Charleston and Colleton counties when t
2025,October,SOUTH CAROLINA,CHARLESTON,Z,CHS,32.9,-80.03,0,,A fire department reported the intersection of Oakwood Avenue and Carmela Court flooded due to saltwater inundation.
2025,October,SOUTH CAROLINA,CHARLESTON,Z,CHS,32.9,-80.03,0,,A fire department reported the intersection of Bainbridge Avenue and the Bainbridge Connector flooded due to saltwater inundation.
2025,October,SOUTH CAROLINA,CHARLESTON,Z,CHS,32.9,-80.03,0,,Emergency management reported a total of 35 roads closed by the City of Charleston due to coastal flooding.
2025,October,SOUTH CAROLINA,CHARLESTON,Z,CHS,32.9,-80.03,0,,Emergency management reported Beaufain Street closed between Gadsden Street and Barre Street due to coastal flooding.
2025,October,SOUTH CAROLINA,CHARLESTON,Z,CHS,32.9,-80.03,0,,Emergency management reported Long Point Road closed due to coastal flooding.
2025,October,PUERTO RICO,MAYAGUEZ AND VICINITY,Z,SJU,18.43,-66.02,0,1.00K,"Coastal flooding occurred at the boat ramp along PR-441 in Sector Guaniquilla, where Emergency Managers reported that water covered the ramp area at around 8:13 PM AST. Access to the ramp was limited,"
2025,October,PUERTO RICO,NORTHWEST,Z,SJU,18.43,-66.02,0,0.00K,"Coastal flooding occurred near Parque del Norte in Hatillo, where water covered a roadway and affected a boardwalk along the coast. No injuries were reported."
2025,October,PUERTO RICO,NORTH CENTRAL,Z,SJU,18.43,-66.02,0,1.00K,"Coastal flooding closed PR-681 near kilometer 16.2 in the Las Palmitas sector of Garrochales in Barceloneta. Water covered the roadway, but no injuries were reported."
2025,October,VIRGINIA,SUFFOLK,Z,AKQ,36.98,-76.49,0,,A coastal low lingering off the Southeast coast on October 12 resulted in a prolonged period of elevated northeast to north winds across the Chesapeake Bay. This led to moderate coastal flooding acros
2025,October,GEORGIA,COASTAL CHATHAM,Z,CHS,32.9,-80.03,0,,The City of Tybee Island reported the 19th Street beach crossover closed due to beach erosion from coastal flooding.
2025,October,GEORGIA,COASTAL CHATHAM,Z,CHS,32.9,-80.03,0,,"Emergency management reported many streets on Tybee Island impassable in a least one or two spots, including Catalina Drive, Chatham Avenue, 9th Street, Billfish Lane, Alley Street, and the intersecti"
2025,October,GEORGIA,COASTAL CHATHAM,Z,CHS,32.9,-80.03,0,0.00K,Emergency management reported Highway 80 closed from the Bull River Bridge to the Lazaretto Creek Bridge due to coastal flooding.
2025,October,SOUTH CAROLINA,CHARLESTON,Z,CHS,32.9,-80.03,0,,The media relayed a video on social media showing significant beach erosion from coastal flooding as additional waves washed ashore at Thomson Park in Breach Inlet.
2025,October,PUERTO RICO,NORTH CENTRAL,Z,SJU,18.43,-66.02,0,2.00K,"Coastal flooding occurred near the Puerto Rico Maritime Police (FURA) facility in Arecibo, where water reached the buildingï¿½ï¿½ï¿½s immediate surroundings. No injuries were reported."
2025,October,PUERTO RICO,NORTHEAST,Z,SJU,18.43,-66.02,0,1.00K,"Coastal flooding covered portions of PR-187 near the curve by Vacï¿½ï¿½a Talega Beach, partially obstructing the roadway. No vehicles were stranded, and no injuries were reported."
2025,October,PUERTO RICO,NORTHEAST,Z,SJU,18.43,-66.02,0,1.00K,"Coastal flooding covered portions of Street 10 in Parcelas Suï¿½ï¿½rez, partially obstructing the roadway. No vehicles were stranded, and no injuries were reported."
2025,October,VIRGINIA,RICHMOND,Z,AKQ,36.98,-76.49,0,0.00K,"Elevated winds and long-period swell led to coastal flooding in eastern Virginia, particularly on the tidal rivers. The tide gauge at Tappahannock, VA exceeded moderate flood threshold two times: reco"
2025,October,VIRGINIA,MATHEWS,Z,AKQ,36.98,-76.49,0,0.00K,"Elevated winds and long-period swell led to coastal flooding in eastern Virginia, particularly on the tidal rivers. The tide gauge at Windmill Point, VA recorded moderate flooding with a reading of 3."
2025,October,VIRGINIA,MIDDLESEX,Z,AKQ,36.98,-76.49,0,0.00K,"Elevated winds and long-period swell led to coastal flooding in eastern Virginia, particularly on the tidal rivers. The tide gauge at Windmill Point, VA recorded moderate flooding with a reading of 3."
2025,October,FLORIDA,EASTERN PUTNUM,Z,JAX,30.49,-81.7,0,0.00K,"At 5 pm on 10/1,  Putnam County EM reported tidal flooding |            affected multiple streets in the Welaka |            area. Nearby, the St. Johns River at Buffalo |            Bluff gauge measu"
2025,October,NORTH CAROLINA,HATTERAS ISLAND,Z,MHX,34.78,-76.88,0,,Distant Hurricanes Imelda and Humberto combined to produce large long period swells that inundated parts of Hatteras Island. Highway 12 was closed for several days around the high tide cycles near Pea
2025,October,NORTH CAROLINA,HATTERAS ISLAND,Z,MHX,34.78,-76.88,0,0.00K,"A strong coastal storm produced high winds and large waves on the Outer Banks through the weekend and into Monday, October 13th. The compromised dune structures from previous storms allowed for ocean "
2025,October,PUERTO RICO,NORTHEAST,Z,SJU,18.43,-66.02,0,4.00K,"Coastal flooding covered portions of PR-187 near kilometer 8.3 in the Kioskos area of Loï¿½ï¿½za. Water partially obstructed the roadway, and several vehicles became disabled in the flooded section. N"
2025,October,SOUTH CAROLINA,CHARLESTON,Z,CHS,32.9,-80.03,0,,Emergency management reported a road closure due to coastal flooding at the intersection of America Street and Cooper Street.
2025,October,SOUTH CAROLINA,CHARLESTON,Z,CHS,32.9,-80.03,0,,Emergency management reported a road closure due to coastal flooding on South Market Street between Church Street and State Street.
2025,October,SOUTH CAROLINA,CHARLESTON,Z,CHS,32.9,-80.03,0,,Emergency management reported Washington Street closed between Laurens Street and Hasell Street due to coastal flooding.
2025,October,SOUTH CAROLINA,CHARLESTON,Z,CHS,32.9,-80.03,0,,Emergency management reported the intersection of Broad Street and Lockwood Drive closed due to coastal flooding.
2025,October,PUERTO RICO,NORTHWEST,Z,SJU,18.43,-66.02,0,1.00K,"Coastal flooding covered the boat ramp and surrounding areas along PR-441 in Sector Guaniquilla at Aguada, limiting access. No injuries or additional impacts were reported."
2025,October,PUERTO RICO,NORTHEAST,Z,SJU,18.43,-66.02,0,1.00K,"Coastal flooding covered portions of PR-187 near Playa Chatarra in Piï¿½ï¿½ones, although the road remained passable. No injuries or additional impacts were reported."
2025,October,VIRGINIA,WESTERN ESSEX,Z,AKQ,36.98,-76.49,0,0.00K,"Elevated winds and long-period swell led to coastal flooding in eastern Virginia, particularly on the tidal rivers. The tide gauge at Tappahannock, VA exceeded moderate flood threshold two times: reco"
2025,October,VIRGINIA,LANCASTER,Z,AKQ,36.98,-76.49,0,0.00K,"Elevated winds and long-period swell led to coastal flooding in eastern Virginia, particularly on the tidal rivers. The tide gauge at Windmill Point, VA recorded moderate flooding with a reading of 3."
2025,October,NORTH CAROLINA,EASTERN CURRITUCK,Z,AKQ,36.98,-76.49,0,,A coastal low lingering off the Southeast coast from October 11 through October 13 resulted in a prolonged period of elevated northeast to north winds across portions of northeast North Carolina. This
2025,October,FLORIDA,COASTAL FLAGLER,Z,JAX,30.49,-81.7,0,0.00K,"At 8:30 am on 10/1, a trained spotter reported tidal flooding near the intersection of |            South 23rd Street and Flagler Ave in Flagler |            Beach. Water covered portions of the |    "
2025,October,VIRGINIA,ISLE OF WIGHT,Z,AKQ,36.98,-76.49,0,0.00K,"Elevated winds and long-period swell led to coastal flooding in eastern Virginia, particularly on the tidal rivers. The tide gauge at Smithfield, VA recorded moderate flooding with a reading of 4.01 f"
2025,October,VIRGINIA,EASTERN ESSEX,Z,AKQ,36.98,-76.49,0,0.00K,"Elevated winds and long-period swell led to coastal flooding in eastern Virginia, particularly on the tidal rivers. The tide gauge at Tappahannock, VA exceeded moderate flood threshold two times: reco"
2025,October,SOUTH CAROLINA,CHARLESTON,Z,CHS,32.9,-80.03,0,,Emergency management reported the split of Highway 17 and Highway 61 closed due to coastal flooding.
2025,October,SOUTH CAROLINA,CHARLESTON,Z,CHS,32.9,-80.03,0,,Emergency management reported the boat landing area at the Shem Creek Marina flooded with water across the intersection of Mill Street and Scott Street.
2025,October,VIRGINIA,WESTMORELAND,Z,AKQ,36.98,-76.49,0,,A coastal low lingering off the Southeast coast on October 12 resulted in a prolonged period of elevated northeast to north winds across the Chesapeake Bay. This led to moderate coastal flooding acros
2025,October,VIRGINIA,NORTHUMBERLAND,Z,AKQ,36.98,-76.49,0,,A coastal low lingering off the Southeast coast on October 12 resulted in a prolonged period of elevated northeast to north winds across the Chesapeake Bay. This led to moderate coastal flooding acros
2025,October,VIRGINIA,RICHMOND,Z,AKQ,36.98,-76.49,0,,A coastal low lingering off the Southeast coast on October 12 resulted in a prolonged period of elevated northeast to north winds across the Chesapeake Bay. This led to widespread moderate to major co
2025,October,GEORGIA,COASTAL CAMDEN,Z,JAX,30.49,-81.7,0,0.00K,"Moderate tidal flooding impacted Camden county at the coast with minor inundation extending inland along estuaries including the St. Mary's River. On 10/10 at 12:36 pm, the Atlantic Coast at Kings Bay"
2025,October,FLORIDA,COASTAL DUVAL,Z,JAX,30.49,-81.7,0,0.00K,"Moderate state tidal flooding impacted the Duval county coast and St. Johns River basin during this event. ||On 10/10 at 12:30 pm, the Mayport tide gauge (MYPF1) reached 2.44 ft MHHW during high tide."
2025,October,ALASKA,YUKON DELTA COAST,Z,AFG,64.51,-165.42,0,5.00K,Emergency managers reported at 15:00 local time on October 7th that boats were lost due to flood waters (caused by coastal flooding) inundating low-lying areas of the community.
2025,October,PUERTO RICO,NORTHEAST,Z,SJU,18.43,-66.02,0,2.00K,Emergency management officials reported coastal flooding along PR-187 in the Piï¿½ï¿½ones area of Loï¿½ï¿½za. Seawater and sand were pushed onto the roadway near Vacï¿½ï¿½a Talega and the Restauradore
2025,October,VIRGINIA,WESTERN ESSEX,Z,AKQ,36.98,-76.49,0,,A coastal low lingering off the Southeast coast on October 12 resulted in a prolonged period of elevated northeast to north winds across the Chesapeake Bay. This led to widespread moderate to major co
2025,October,VIRGINIA,EASTERN ESSEX,Z,AKQ,36.98,-76.49,0,,A coastal low lingering off the Southeast coast on October 12 resulted in a prolonged period of elevated northeast to north winds across the Chesapeake Bay. This led to widespread moderate to major co
2025,October,VIRGINIA,LANCASTER,Z,AKQ,36.98,-76.49,0,,A coastal low lingering off the Southeast coast on October 12 resulted in a prolonged period of elevated northeast to north winds across the Chesapeake Bay. This led to widespread moderate to major co
2025,October,FLORIDA,COASTAL NASSAU,Z,JAX,30.49,-81.7,0,0.00K,"Moderate tidal flooding impacted Nassau county along the coast and inland tributaries including the Amelia River and Nassau River. On 10/10 at 12:18 pm, the public reported that North Front Street was"
2025,October,ALASKA,BALDWIN PENINSULA,Z,AFG,64.51,-165.42,0,1.20M,An emergency manager in Kotzebue received a report at 09:46 local time of water just shy of the road the city uses to trigger mandatory evacuation orders (the road name was not specified). Later that 
2025,October,ALASKA,KIVALINA AND RED DOG DOCK,Z,AFG,64.51,-165.42,0,800.00K,The Anchorage Daily News posted an online article on their website stating a non-mandatory evacuation was issued at 13:30 local time on October 8th according to a Kivalina resident named Janet Mitchel
2025,October,FLORIDA,SOUTHEAST COASTAL ST. JOHNS COUNTY,Z,JAX,30.49,-81.7,0,0.00K,"On 10/2 at 6:25 pm, the Mizell Outfall river gauge peaked at 3.04 ft MHHW on the evening of the 2nd. Moderate tidal flooding criteria for this location begins at 3 ft. On 10/3 at 6:25 pm, the tide sta"
2025,October,FLORIDA,EASTERN CLAY,Z,JAX,30.49,-81.7,0,0.00K,"On 10/3 at 9 am, the Buckman Bridge River gauge reached 2.12 |            ft MHHW datum around 9 am. Moderate flood |            impact begin at 2 ft MHHW at this location. |            This gauge is "
2025,October,ALASKA,KUSKOKWIM DELTA COAST AND NUNIVAK ISLAND,Z,AFC,64.81,-147.72,0,0.00K,A tribal leader in Napakiak reported low-lying flooding and coastal erosion on the east side of the village. A tribal leader in Kipnuk noted coastal flooding of low lying areas and some boardwalks. A 
2025,October,VIRGINIA,MIDDLESEX,Z,AKQ,36.98,-76.49,0,,A coastal low lingering off the Southeast coast on October 12 resulted in a prolonged period of elevated northeast to north winds across the Chesapeake Bay. This led to widespread moderate to major co
2025,October,VIRGINIA,GLOUCESTER,Z,AKQ,36.98,-76.49,0,,A coastal low lingering off the Southeast coast on October 12 resulted in a prolonged period of elevated northeast to north winds across the Chesapeake Bay. This led to widespread moderate to major co
2025,October,VIRGINIA,EASTERN KING AND QUEEN,Z,AKQ,36.98,-76.49,0,,A coastal low lingering off the Southeast coast on October 12 resulted in a prolonged period of elevated northeast to north winds across the Chesapeake Bay. This led to moderate coastal flooding acros
2025,October,SOUTH CAROLINA,CHARLESTON,Z,CHS,32.9,-80.03,0,,Emergency management reported Fishburne Street and Hagood Avenue closed due to coastal flooding.
2025,October,SOUTH CAROLINA,CHARLESTON,Z,CHS,32.9,-80.03,0,,The Charleston Police Department reported the Highway 17 on-ramp to Highway 61 closed due to flooding.
2025,October,SOUTH CAROLINA,CHARLESTON,Z,CHS,32.9,-80.03,0,,The Charleston Police Department reported Washington Street and the intersection of South Market Street and Church Street closed due to flooding.
2025,October,SOUTH CAROLINA,CHARLESTON,Z,CHS,32.9,-80.03,0,,Emergency management reported Washington Street between Laurens Street and Hasell Street closed due to flooding.
2025,October,FLORIDA,COASTAL DUVAL,Z,JAX,30.49,-81.7,0,0.00K,"On 10/3, the gauge at Pottsburg Creek along U.S. |            Highway 90 reached 2.3 ft MHHW datum. |            Moderate flooding begins at 2.2 ft MHHW at |            this location. At 7:30 pm on 10"
2025,October,FLORIDA,SOUTH CENTRAL DUVAL,Z,JAX,30.49,-81.7,0,0.00K,The gage at Julington Creek at St. Johns |            river entrance JCSF1 measured 2.13 ft MHHW |            datum around 1030PM. Moderate Tidal Flooding |            begins at 2.00 ft MHHW at this l
2025,October,DELAWARE,DELAWARE BEACHES,Z,PHI,39.86,-74.46,0,,"Widespread roadway flooding was reported in the tidal areas of the county, and there were numerous road closures. Many homes and other buildings were surrounded by flood waters with some minor propert"
2025,October,DELAWARE,INLAND SUSSEX,Z,PHI,39.86,-74.46,0,0.00K,"Widespread roadway flooding was reported in the tidal areas of the county, and there were numerous road closures. Many homes and other buildings were surrounded by flood waters with some minor propert"
2025,October,NEW JERSEY,WESTERN MONMOUTH,Z,PHI,39.86,-74.46,0,,"Widespread roadway flooding occurred in the tidal communities of Monmouth County. Water entered vulnerable buildings causing some damage. The tide gauge at Sea Bright reached 6.97 feet MLLW, the tide "
2025,October,NORTH CAROLINA,SOUTHERN CRAVEN,Z,MHX,34.78,-76.88,0,0.00K,Coastal flooding began during the morning of October 10th as northeast to east winds picked up in strength due to low pressure offshore. High water closed some roads around downtown New Bern. The wate
2025,October,NORTH CAROLINA,OCRACOKE ISLAND,Z,MHX,34.78,-76.88,0,0.00K,"A strong coastal storm produced high winds and large waves on the Outer Banks through the weekend and into Monday, October 13th. The compromised dune structures from previous storms allowed for ocean "
2025,October,VIRGINIA,EASTERN KING WILLIAM,Z,AKQ,36.98,-76.49,0,,A coastal low lingering off the Southeast coast on October 12 resulted in a prolonged period of elevated northeast to north winds across the Chesapeake Bay. This led to moderate coastal flooding acros
2025,October,VIRGINIA,NEW KENT,Z,AKQ,36.98,-76.49,0,,A coastal low lingering off the Southeast coast on October 12 resulted in a prolonged period of elevated northeast to north winds across the Chesapeake Bay. This led to moderate coastal flooding acros
2025,October,VIRGINIA,CHARLES CITY,Z,AKQ,36.98,-76.49,0,,A coastal low lingering off the Southeast coast on October 12 resulted in a prolonged period of elevated northeast to north winds across the Chesapeake Bay. This led to widespread moderate to major co
2025,October,FLORIDA,NORTHEAST COASTAL ST. JOHNS COUNTY,Z,JAX,30.49,-81.7,0,0.00K,"The Tolomato River tide gauge (TOLF1) near the St. Augustine Airport peak at 2.42 ft MHHW around 1 pm on 10/10. On 10/11 around 1:54 pm local time, the gauge peaked at 2.57 ft MHHW. Moderate flooding "
2025,October,FLORIDA,SOUTHEAST COASTAL ST. JOHNS COUNTY,Z,JAX,30.49,-81.7,0,0.00K,"On 10/9 at 12:57 pm, tidal flooding from the Maria Sanchez Lake inundated the intersection of Cordova Street and St. Francis Street. The nearest tide gauge station at the St. Augustine Municipal Marin"
2025,October,SOUTH CAROLINA,SOUTHERN COLLETON,Z,CHS,32.9,-80.03,0,,"A NWS employee reported water flowing across Palmetto Boulevard near the curve on the far eastern end of Edisto Beach, South Carolina."
2025,October,SOUTH CAROLINA,CHARLESTON,Z,CHS,32.9,-80.03,0,,The Charleston Police Department reported Lockwood Drive closed due to flooding.
2025,October,SOUTH CAROLINA,CHARLESTON,Z,CHS,32.9,-80.03,0,,Emergency management reported the intersection of Montagu Street and Barre Street closed due to flooding.
2025,October,SOUTH CAROLINA,SOUTHERN COLLETON,Z,CHS,32.9,-80.03,0,,"A NWS employee reported coastal flooding on Docksite Road and Myrtle Street on Edisto Island, South Carolina."
2025,October,SOUTH CAROLINA,CHARLESTON,Z,CHS,32.9,-80.03,0,,Emergency management reported the intersection of Concord Street and North Market Street closed due to flooding.
2025,October,SOUTH CAROLINA,CHARLESTON,Z,CHS,32.9,-80.03,0,0.00K,A maximum tide level of 8.46 ft MLLW (2.70 ft MHHW) was observed at the Charleston Harbor tide gage. Major coastal flooding typically begins along the coasts of Charleston and Colleton counties when t
2025,October,VIRGINIA,NORTHAMPTON,Z,AKQ,36.98,-76.49,0,,A coastal low lingering off the Southeast coast on October 12 resulted in a prolonged period of elevated northeast to north winds across the Chesapeake Bay and coastal waters. This led to widespread m
2025,October,VIRGINIA,VIRGINIA BEACH,Z,AKQ,36.98,-76.49,0,,A coastal low lingering off the Southeast coast on October 12 resulted in a prolonged period of elevated northeast to north winds across the Chesapeake Bay. This led to widespread major coastal floodi
2025,October,ALASKA,EASTERN NORTON SOUND AND NULATO HILLS,Z,AFG,64.51,-165.42,0,,"On October 12th, a mandatory evacuation order was given for Shaktoolik and parts of Elim."
2025,October,GEORGIA,COASTAL GLYNN,Z,JAX,30.49,-81.7,0,0.00K,"Minor to moderate tidal flooding was reported at the St. Simons Island Village Pier tide gauge (BRNG1) between 10/9 and 10/11. On 10/9 at 11 am, the gauge reached 2.51 ft MHHW at high tide. On 10/10 a"
2025,October,NEW JERSEY,EASTERN MONMOUTH,Z,PHI,39.86,-74.46,0,,"Widespread roadway flooding occurred in the tidal communities of Monmouth County. Water entered vulnerable buildings causing some damage. The tide gauge at Sea Bright reached 6.97 feet MLLW, the tide "
2025,October,NEW JERSEY,EASTERN OCEAN,Z,PHI,39.86,-74.46,0,,"Widespread roadway flooding occurred in the tidal communities of Ocean County. Water entered vulnerable buildings causing some damage. The tide gauge at Waretown reached 4.21 feet MLLW, the tide gauge"
2025,October,NEW JERSEY,WESTERN OCEAN,Z,PHI,39.86,-74.46,0,,"Widespread roadway flooding occurred in the tidal communities of Ocean County. Water entered vulnerable buildings causing some damage. The tide gauge at Waretown reached 4.21 feet MLLW, the tide gauge"
2025,October,NEW JERSEY,SOUTHEASTERN BURLINGTON,Z,PHI,39.86,-74.46,0,,Widespread roadway flooding occurred in the tidal communities of southeastern Burlington County. Water entered vulnerable buildings causing some damage. The tide gauge at Tuckerton reached 6.39 feet M
2025,October,VIRGINIA,SURRY,Z,AKQ,36.98,-76.49,0,,A coastal low lingering off the Southeast coast on October 12 resulted in a prolonged period of elevated northeast to north winds across the Chesapeake Bay. This led to widespread moderate to major co
2025,October,VIRGINIA,NEWPORT NEWS,Z,AKQ,36.98,-76.49,0,,A coastal low lingering off the Southeast coast on October 12 resulted in a prolonged period of elevated northeast to north winds across the Chesapeake Bay. This led to widespread moderate to major co
2025,October,VIRGINIA,ISLE OF WIGHT,Z,AKQ,36.98,-76.49,0,,A coastal low lingering off the Southeast coast on October 12 resulted in a prolonged period of elevated northeast to north winds across the Chesapeake Bay. This led to widespread moderate to major co
2025,October,FLORIDA,COASTAL FLAGLER,Z,JAX,30.49,-81.7,0,0.00K,"This event produced Moderate level tidal flooding which impacted numerous roads, especially in Flagler Beach due to tidal flooding along the Matanzas River/ICW. On 10/10 around 3 pm, the tide gauge at"
2025,October,FLORIDA,SOUTH CENTRAL DUVAL,Z,JAX,30.49,-81.7,0,0.00K,"Moderate tidal flooding impacts occurred along the St. Johns River and its tributaries with this event. ||On 10/10 at 3:12 pm, the gauge on the Buckman Bridge reached 2.28 ft MHHW at high tide. Modera"
2025,October,ALASKA,KUSKOKWIM DELTA COAST AND NUNIVAK ISLAND,Z,AFC,64.81,-147.72,1,,Storm surge from strong southwesterly onshore winds brought water levels to over 6 feet above the normal highest tide line along the Kuskokwim Delta coast during the morning high tide October 12. Wate
2025,October,SOUTH CAROLINA,CHARLESTON,Z,CHS,32.9,-80.03,0,,"Emergency management reported Ashley Street closed due to flooding, mainly between Wentworth Street and Beaufain Street."
2025,October,SOUTH CAROLINA,CHARLESTON,Z,CHS,32.9,-80.03,0,,"The public reported coastal flooding on Seacrest Lane and 10th Street East in Folly Beach, South Carolina."
2025,October,SOUTH CAROLINA,CHARLESTON,Z,CHS,32.9,-80.03,0,,A NWS employee reported the parking lot of Dawhoo Boat Landing flooded just off Highway 174.
2025,October,SOUTH CAROLINA,BEAUFORT,Z,CHS,32.9,-80.03,0,,A NWS employee reported major beach erosion on Hilton Head Island near Coligny Beach Park.
2025,October,SOUTH CAROLINA,BEAUFORT,Z,CHS,32.9,-80.03,0,,"The Port Royal Fire Department reported flooding in Waterfront Park in Beaufort, South Carolina, including the Scott Street extension, the Charles Street extension and the playground parking lot."
2025,October,SOUTH CAROLINA,CHARLESTON,Z,CHS,32.9,-80.03,0,,The Mount Pleasant Police Department reported Long Point Road closed between Needle Rush Parkway and Rice Planters Drive due to flooding.
2025,October,VIRGINIA,ACCOMACK,Z,AKQ,36.98,-76.49,0,60.00K,A coastal low lingering off the Southeast coast on October 12 resulted in a prolonged period of elevated northeast to north winds across the Chesapeake Bay and coastal waters. This led to widespread m
2025,October,MARYLAND,MARYLAND BEACHES,Z,AKQ,36.98,-76.49,0,,A coastal low lingering off the Southeast coast on October 12 resulted in a prolonged period of elevated northeast to north winds across the coastal waters. This led to moderate coastal flooding acros
2025,October,ALASKA,YUKON DELTA COAST,Z,AFG,64.51,-165.42,0,100.00K,"A Facebook post from a resident of Kotlik at 0258AKST on October 12th indicated that a storage container was lifted and moved by high waters. At Scammon Bay, a member of the public reported minor floo"
2025,October,GEORGIA,INLAND CAMDEN,Z,JAX,30.49,-81.7,0,0.00K,"Minor tidal flooding impacted inland estuaries of Camden County with this event. On 10/10 around 2:30 pm, the Satilla River at Woodbine (SRWG1) reached 1.16 ft MHHW at high tide. Minor tidal flooding "
2025,October,NEW JERSEY,EASTERN ATLANTIC,Z,PHI,39.86,-74.46,0,,"Widespread roadway flooding and some property inundation occurred in the tidal areas of Atlantic County. The tide gauge at the Atlantic City Marina reached 7.38 feet MLLW, the tide gauge on the Inside"
2025,October,NEW JERSEY,WESTERN ATLANTIC,Z,PHI,39.86,-74.46,0,,"Widespread roadway flooding and some property inundation occurred in the tidal areas of Atlantic County. The tide gauge at the Atlantic City Marina reached 7.38 feet MLLW, the tide gauge on the Inside"
2025,October,NEW JERSEY,EASTERN CAPE MAY,Z,PHI,39.86,-74.46,0,,"Widespread roadway flooding occurred in the tidal communities of Cape May County. The flood waters affected vulnerable buildings. The tide gauge at Ocean City reached 6.95 feet MLLW, the tide gauge at"
2025,October,NEW JERSEY,WESTERN CAPE MAY,Z,PHI,39.86,-74.46,0,,"Widespread roadway flooding occurred in the tidal communities of Cape May County. The flood waters affected vulnerable buildings. The tide gauge at Ocean City reached 6.95 feet MLLW, the tide gauge at"
2025,October,VIRGINIA,WESTMORELAND,Z,AKQ,36.98,-76.49,0,0.00K,"Elevated winds and long-period swell led to coastal flooding in eastern Virginia, particularly on the tidal rivers. The tide gauge at Lewisetta, VA exceeded moderate flood threshold two times: recordi"
2025,October,VIRGINIA,NORTHUMBERLAND,Z,AKQ,36.98,-76.49,0,0.00K,"Elevated winds and long-period swell led to coastal flooding in eastern Virginia, particularly on the tidal rivers. The tide gauge at Lewisetta, VA exceeded moderate flood threshold two times: recordi"
2025,October,VIRGINIA,NEW KENT,Z,AKQ,36.98,-76.49,0,0.00K,"Elevated winds and long-period swell led to coastal flooding in eastern Virginia, particularly on the tidal rivers. The tide gauge at Jamestown, VA recorded moderate flooding with a reading of 4.64 fe"
2025,October,VIRGINIA,JAMES CITY,Z,AKQ,36.98,-76.49,0,0.00K,"Elevated winds and long-period swell led to coastal flooding in eastern Virginia, particularly on the tidal rivers. The tide gauge at Jamestown, VA recorded moderate flooding with a reading of 4.64 fe"
2025,October,FLORIDA,EASTERN PUTNUM,Z,JAX,30.49,-81.7,0,0.00K,"Moderate tidal flooding impacted Putnam county along the St. Johns River and its tributaries, including Dunn Creek and Deep Creek. ||On 10/10 at 7:15 am, the tide gauge at Dunns Creek near Satsuma (DN"
2025,October,FLORIDA,INLAND FLAGLER,Z,JAX,30.49,-81.7,0,0.00K,"On 10/11 around 8 am, the gauge at Shell Bluff (SAKF1) along Crescent Lake rose into Moderate flood stage. Water levels at this location peaked at 2.59 ft MHHW around 8 am on 10/12. Moderate tidal flo"
2025,October,SOUTH CAROLINA,CHARLESTON,Z,CHS,32.9,-80.03,0,,A member of the public submitted a photo on MyCoast.org showing a home being severely undermined by high tide and rough surf in the Beachwood East community on Wild Dunes.
2025,October,VIRGINIA,YORK,Z,AKQ,36.98,-76.49,0,,A coastal low lingering off the Southeast coast on October 12 resulted in a prolonged period of elevated northeast to north winds across the Chesapeake Bay. This led to widespread moderate to major co
2025,October,VIRGINIA,HAMPTON/POQUOSON,Z,AKQ,36.98,-76.49,0,60.00K,A coastal low lingering off the Southeast coast on October 12 resulted in a prolonged period of elevated northeast to north winds across the Chesapeake Bay. This led to widespread moderate to major co
2025,October,FLORIDA,WESTERN ST. JOHNS COUNTY,Z,JAX,30.49,-81.7,0,0.00K,"Moderate tidal flooding impacted the St. Johns river basin and its tributaries during this strong nor'easter event. ||On 10/10 at 5:45 am, the tide gauge at the St. Johns River at Racy Point (SPRF1) r"
2025,October,NEW JERSEY,WESTERN MONMOUTH,Z,PHI,39.86,-74.46,0,,"Widespread roadway flooding occurred in the tidal communities of Monmouth County. Water entered vulnerable buildings causing some damage. The tide gauge at Sea Bright reached 6.54 feet MLLW, and the t"
2025,October,NEW JERSEY,EASTERN MONMOUTH,Z,PHI,39.86,-74.46,0,,"Widespread roadway flooding occurred in the tidal communities of Monmouth County. Water entered vulnerable buildings causing some damage. The tide gauge at Sea Bright reached 6.54 feet MLLW, and the t"
2025,October,NEW JERSEY,EASTERN OCEAN,Z,PHI,39.86,-74.46,0,,"Widespread roadway flooding occurred in the tidal communities of Ocean County. Water entered vulnerable buildings causing some damage. The tide gauge at Waretown reached 3.62 feet MLLW, the tide gauge"
2025,October,NEW JERSEY,WESTERN OCEAN,Z,PHI,39.86,-74.46,0,,"Widespread roadway flooding occurred in the tidal communities of Ocean County. Water entered vulnerable buildings causing some damage. The tide gauge at Waretown reached 3.62 feet MLLW, the tide gauge"
2025,October,DELAWARE,DELAWARE BEACHES,Z,PHI,39.86,-74.46,0,,"Widespread roadway flooding was reported in the tidal areas of the county, and there were numerous road closures. Many homes and other buildings were surrounded by flood waters with some minor propert"
2025,October,VIRGINIA,SURRY,Z,AKQ,36.98,-76.49,0,0.00K,"Elevated winds and long-period swell led to coastal flooding in eastern Virginia, particularly on the tidal rivers. The tide gauge at Jamestown, VA recorded moderate flooding with a reading of 4.64 fe"
2025,October,MARYLAND,DORCHESTER,Z,AKQ,36.98,-76.49,0,0.00K,Strong northeast winds between coastal low pressure offshore and high pressure over eastern Canada resulted in an extended period of coastal flooding. The gauge at Bishop's Head measured major coastal
2025,October,MARYLAND,WICOMICO,Z,AKQ,36.98,-76.49,0,0.00K,Strong northeast winds between coastal low pressure offshore and high pressure over eastern Canada resulted in an extended period of coastal flooding. The gauge at Bishop's Head measured major coastal
2025,October,MARYLAND,DORCHESTER,Z,AKQ,36.98,-76.49,0,,A coastal low lingering off the Southeast coast on October 12 resulted in a prolonged period of elevated northeast to north winds across the Chesapeake Bay and coastal waters. This led to moderate coa
2025,October,MARYLAND,WICOMICO,Z,AKQ,36.98,-76.49,0,,A coastal low lingering off the Southeast coast on October 12 resulted in a prolonged period of elevated northeast to north winds across the Chesapeake Bay and coastal waters. This led to moderate coa
2025,October,MARYLAND,SOMERSET,Z,AKQ,36.98,-76.49,0,,A coastal low lingering off the Southeast coast on October 12 resulted in a prolonged period of elevated northeast to north winds across the Chesapeake Bay and coastal waters. This led to moderate to 
2025,October,MARYLAND,DORCHESTER,Z,AKQ,36.98,-76.49,0,0.00K,"South and southwesterly winds developed ahead of a strong cold front. Winds became westerly behind the front, allowing water trapped in the middle Chesapeake Bay to flood portions of the Maryland East"
2025,October,MARYLAND,SOMERSET,Z,AKQ,36.98,-76.49,0,0.00K,"South and southwesterly winds developed ahead of a strong cold front. Winds became westerly behind the front, allowing water trapped in the middle Chesapeake Bay to flood portions of the Maryland East"
2025,October,VIRGINIA,CHESAPEAKE,Z,AKQ,36.98,-76.49,0,0.00K,Strong northeast winds between coastal low pressure offshore and high pressure over eastern Canada resulted in an extended period of coastal flooding. The gauge at Lynnhaven Inlet recorded moderate co
2025,October,SOUTH CAROLINA,CHARLESTON,Z,CHS,32.9,-80.03,0,,A South Carolina Department of Natural Resources staff member relayed a picture of coastal flooding within the parking lot and grounds around the Marine Resources Research Institute building at Fort J
2025,October,VIRGINIA,CHESAPEAKE,Z,AKQ,36.98,-76.49,0,60.00K,A coastal low lingering off the Southeast coast on October 12 resulted in a prolonged period of elevated northeast to north winds across the Chesapeake Bay. This led to moderate coastal flooding acros
2025,October,VIRGINIA,NORFOLK,Z,AKQ,36.98,-76.49,0,100.00K,A coastal low lingering off the Southeast coast on October 12 resulted in a prolonged period of elevated northeast to north winds across the Chesapeake Bay. This led to moderate to major coastal flood
2025,October,DELAWARE,INLAND SUSSEX,Z,PHI,39.86,-74.46,0,,"Widespread roadway flooding was reported in the tidal areas of the county, and there were numerous road closures. Many homes and other buildings were surrounded by flood waters with some minor propert"
2025,October,MARYLAND,CAROLINE,Z,PHI,39.86,-74.46,0,,"Widespread roadway flooding was reported in the tidal areas of the county, and there were numerous road closures. Many homes and other buildings were surrounded by flood waters with some minor propert"
2025,October,MARYLAND,QUEEN ANNES,Z,PHI,39.86,-74.46,0,,"Widespread roadway flooding was reported in the tidal areas of the county, and there were numerous road closures. Many homes and other buildings were surrounded by flood waters with some minor propert"
2025,October,MARYLAND,TALBOT,Z,PHI,39.86,-74.46,0,0.00K,"Widespread roadway flooding was reported in the tidal areas of the county, and there were numerous road closures. Many homes and other buildings were surrounded by flood waters with some minor propert"
2025,October,VIRGINIA,NORTHAMPTON,Z,AKQ,36.98,-76.49,0,0.00K,Strong northeast winds between coastal low pressure offshore and high pressure over eastern Canada resulted in an extended period of coastal flooding. The gauge at the Chesapeake Bay Bridge Tunnel rec
2025,October,VIRGINIA,VIRGINIA BEACH,Z,AKQ,36.98,-76.49,0,0.00K,Strong northeast winds between coastal low pressure offshore and high pressure over eastern Canada resulted in an extended period of coastal flooding. The gauge at the Chesapeake Bay Bridge Tunnel rec
2025,October,VIRGINIA,CHARLES CITY,Z,AKQ,36.98,-76.49,0,0.00K,Strong northeast winds between coastal low pressure offshore and high pressure over eastern Canada resulted in an extended period of coastal flooding. The gauge at Scotland Ferry on the James River re
2025,October,VIRGINIA,SURRY,Z,AKQ,36.98,-76.49,0,0.00K,Strong northeast winds between coastal low pressure offshore and high pressure over eastern Canada resulted in an extended period of coastal flooding. The gauge at Scotland Ferry on the James River re
2025,October,SOUTH CAROLINA,CHARLESTON,Z,CHS,32.9,-80.03,0,,Emergency management reported 5th Avenue flooded in the curve along the 160 Block.
2025,October,SOUTH CAROLINA,SOUTHERN COLLETON,Z,CHS,32.9,-80.03,0,,Emergency management reported water flowing across the road along the 100 Block of Palmetto Boulevard.
2025,October,SOUTH CAROLINA,CHARLESTON,Z,CHS,32.9,-80.03,0,,Emergency management reported the intersection of Fishburne Street and Hagood Avenue closed due to coastal flooding.
2025,October,SOUTH CAROLINA,CHARLESTON,Z,CHS,32.9,-80.03,0,,Emergency management reported the intersection of Lockwood Drive and Broad Street closed due to coastal flooding.
2025,October,SOUTH CAROLINA,CHARLESTON,Z,CHS,32.9,-80.03,0,,Emergency management reported the intersection of Society Street and Washington Street closed due to coastal flooding.
2025,October,SOUTH CAROLINA,CHARLESTON,Z,CHS,32.9,-80.03,0,,Emergency management reported water rising from Shem Creek was beginning to enter businesses along the creek.
2025,October,SOUTH CAROLINA,CHARLESTON,Z,CHS,32.9,-80.03,0,,Emergency management reported Hagood Avenue closed between Line Street and Allway Street due to coastal flooding.
2025,October,VIRGINIA,PRINCE GEORGE,Z,AKQ,36.98,-76.49,0,0.00K,Strong northeast winds between coastal low pressure offshore and high pressure over eastern Canada resulted in an extended period of coastal flooding. The gauge at Scotland Ferry on the James River re
2025,October,VIRGINIA,NORFOLK,Z,AKQ,36.98,-76.49,0,0.00K,Strong northeast winds between coastal low pressure offshore and high pressure over eastern Canada resulted in an extended period of coastal flooding. The gauge at Lynnhaven Inlet recorded moderate co
2025,October,VIRGINIA,NORTHUMBERLAND,Z,AKQ,36.98,-76.49,0,0.00K,Strong northeast winds between coastal low pressure offshore and high pressure over eastern Canada resulted in an extended period of coastal flooding. The gauge at Lewisetta recorded major coastal flo
2025,October,VIRGINIA,WESTMORELAND,Z,AKQ,36.98,-76.49,0,0.00K,Strong northeast winds between coastal low pressure offshore and high pressure over eastern Canada resulted in an extended period of coastal flooding. The gauge at Lewisetta recorded major coastal flo
2025,October,VIRGINIA,ACCOMACK,Z,AKQ,36.98,-76.49,0,0.00K,Strong northeast winds between coastal low pressure offshore and high pressure over eastern Canada resulted in an extended period of coastal flooding. The gauge at Tangier Island recorded major coasta
2025,October,NORTH CAROLINA,OCRACOKE ISLAND,Z,MHX,34.78,-76.88,0,,Significant ocean overwash closed sections of N.C. 12 near between the pony pens and the north end of Ocracoke Island.
2025,October,NORTH CAROLINA,HATTERAS ISLAND,Z,MHX,34.78,-76.88,0,,Five oceanfront homes collapsed in Buxton and closed sections of N.C. 12 near the Pea Island Visitor Center near the high tide cycles.
2025,October,FLORIDA,COASTAL PALM BEACH COUNTY,Z,MFL,25.61,-80.41,0,0.00K,Social media video depicts significant tidal flooding along South Flagler Drive in West Palm Beach during high tide. Water reaches about halfway up car tires.
2025,October,FLORIDA,COASTAL MIAMI-DADE COUNTY,Z,MFL,25.61,-80.41,0,0.00K,Social media footage of several inches of standing water due to King Tides at the entrance ramp to MacArthur Causeway from Biscayne Blvd.
2025,October,FLORIDA,COASTAL MIAMI-DADE COUNTY,Z,MFL,25.61,-80.41,0,0.00K,"Social media footage of standing water on NE 18th Street in Edgewater due to tidal flooding (King Tides), several inches of water on the roadway with water visible over the curb."
2025,October,FLORIDA,COASTAL BROWARD COUNTY,Z,MFL,25.61,-80.41,0,0.00K,Social media footage from Dania Beach that shows a vehicle stalling out in tidal floodwaters near the intersection of A1A and Franklin Street. Water visibly covering the entirety of the street and sid
2025,October,FLORIDA,COASTAL MIAMI-DADE COUNTY,Z,MFL,25.61,-80.41,0,0.00K,Moderate coastal flooding reported in portions of Victoria Park along NE 20th Ave. Video showed water over the roadway.
2025,October,VIRGINIA,EASTERN ESSEX,Z,AKQ,36.98,-76.49,0,0.00K,Strong northeast winds between coastal low pressure offshore and high pressure over eastern Canada resulted in an extended period of coastal flooding. The gauge at Tappahannock recorded major tidal fl
2025,October,VIRGINIA,WESTERN ESSEX,Z,AKQ,36.98,-76.49,0,0.00K,Strong northeast winds between coastal low pressure offshore and high pressure over eastern Canada resulted in an extended period of coastal flooding. The gauge at Tappahannock recorded major tidal fl
2025,October,VIRGINIA,RICHMOND,Z,AKQ,36.98,-76.49,0,0.00K,Strong northeast winds between coastal low pressure offshore and high pressure over eastern Canada resulted in an extended period of coastal flooding. The gauge at Tappahannock recorded major tidal fl
2025,October,VIRGINIA,NEWPORT NEWS,Z,AKQ,36.98,-76.49,0,0.00K,Strong northeast winds between coastal low pressure offshore and high pressure over eastern Canada resulted in an extended period of coastal flooding. The gauge at Smithfield recorded moderate coastal
2025,October,VIRGINIA,ISLE OF WIGHT,Z,AKQ,36.98,-76.49,0,0.00K,Strong northeast winds between coastal low pressure offshore and high pressure over eastern Canada resulted in an extended period of coastal flooding. The gauge at Smithfield recorded moderate coastal
2025,October,SOUTH CAROLINA,CHARLESTON,Z,CHS,32.9,-80.03,0,,"Local officials from McClellanville, South Carolina posted several pictures on social media showing coastal flooding near the McClellanville Town Office, flooding throughout McClellanville Landing, an"
2025,October,FLORIDA,COASTAL PALM BEACH COUNTY,Z,MFL,25.61,-80.41,0,0.00K,"A member of the broadcast media relayed a picture of street flooding from King Tides along Flagler Drive in West Palm Beach. Water level estimates on the roadway look to be about 6 inches deep, with s"
2025,October,FLORIDA,COASTAL BROWARD COUNTY,Z,MFL,25.61,-80.41,0,0.00K,Member of public reports street flooding and shared video along Ocean Drive in Hollywood Beach area.
2025,October,FLORIDA,COASTAL COLLIER COUNTY,Z,MFL,25.61,-80.41,0,0.00K,Gulf Coast News reporter shared video of flooded sidewalks due to tidal flooding in Naples.
2025,October,FLORIDA,COASTAL BROWARD COUNTY,Z,MFL,25.61,-80.41,0,0.00K,Member of the public reported and shared video street flooding due to king tides in Dania Beach.
2025,October,MARYLAND,ANNE ARUNDEL,Z,LWX,38.98,-77.47,0,0.00K,"A snap-back event occurred early on Oct 02, 2025 resulting in moderate coastal flooding at Annapolis. The Annapolis NOS gauge reached a crest of 3.66' MLLW at 106 AM on Oct 6th. Lead time for this eve"
2025,October,VIRGINIA,MATHEWS,Z,AKQ,36.98,-76.49,0,0.00K,Strong northeast winds between coastal low pressure offshore and high pressure over eastern Canada resulted in an extended period of coastal flooding. The gauge at Windmill Point recorded moderate coa
2025,October,VIRGINIA,MIDDLESEX,Z,AKQ,36.98,-76.49,0,0.00K,Strong northeast winds between coastal low pressure offshore and high pressure over eastern Canada resulted in an extended period of coastal flooding. The gauge at Windmill Point recorded moderate coa
2025,October,VIRGINIA,LANCASTER,Z,AKQ,36.98,-76.49,0,0.00K,Strong northeast winds between coastal low pressure offshore and high pressure over eastern Canada resulted in an extended period of coastal flooding. The gauge at Windmill Point recorded moderate coa
2025,October,FLORIDA,COASTAL VOLUSIA COUNTY,Z,MLB,28.11,-80.65,0,100.00K,A strong coastal low developed offshore from the Southeast US along a stalled boundary draped across the central Florida peninsula. The tight pressure gradient resulted in several days of strong and g
2025,October,MARYLAND,ANNE ARUNDEL,Z,LWX,38.98,-77.47,0,0.00K,Strong southerly winds combined with high astronomical tides due to a New Moon raised water levels significantly along the western shore of the Chesapeake Bay with Annapolis experiencing moderate coas
2025,October,FLORIDA,WESTERN ST. JOHNS COUNTY,Z,JAX,30.49,-81.7,0,0.00K,"On 10/3 at 12:30 pm, the tide gauge at Racy Point along the St. Johns River reach reached 1.99 ft MHHW datum at 12:30 pm. Moderate tidal flooding for this          location begins at 2 ft MHHW. On 10/"
2025,November,WASHINGTON,SOUTH WASHINGTON COAST,Z,PQR,45.56,-122.98,0,10.00K,A video posted on social media showed water across the road in Raymond Washington near the intersection of Willapa Pl Way and Ocean Ave at 1315 on Thursday November 6th. It appears a car was stuck in 
2025,November,CALIFORNIA,NORTHERN HUMBOLDT COAST,Z,EKA,40.8,-124.55,0,0.00K,The North Spit Tide Guage reached 9.43 ft MLLW at the morning high tide. An NWS survey was conducted of coastal flooding around the bay. Flooding was observed on streets in King Salmon with roads clos
2025,November,CALIFORNIA,NORTHERN HUMBOLDT COAST,Z,EKA,40.8,-124.55,0,0.00K,North spit tide gauge reported a peak stage of 9.66 ft MLLW and was above coastal flood criteria for a couple hours.
2025,September,NORTH CAROLINA,OCRACOKE ISLAND,Z,MHX,34.78,-76.88,0,,Distant Hurricanes Imelda and Humberto combined to produce large long period swells that inundated parts of Ocracoke Island. Highway 12 was closed for several days between the Pony Pens and the northe
2025,September,VIRGINIA,HAMPTON/POQUOSON,Z,AKQ,36.98,-76.49,0,,"A coastal low lingered near the North Carolina and Virginia coastline on September 16, slowly moving northwest into the Chesapeake Bay by the evening of September 16. This low brought a prolonged peri"
2025,September,NORTH CAROLINA,HATTERAS ISLAND,Z,MHX,34.78,-76.88,0,,Distant Hurricanes Imelda and Humberto combined to produce large long period swells that inundated parts of Hatteras Island. Highway 12 was closed for several days around the high tide cycles near Pea
2025,September,VIRGINIA,SUFFOLK,Z,AKQ,36.98,-76.49,0,,"A coastal low lingered near the North Carolina and Virginia coastline on September 16, slowly moving northwest into the Chesapeake Bay by the evening of September 16. This low brought a prolonged peri"
2025,September,VIRGINIA,NEWPORT NEWS,Z,AKQ,36.98,-76.49,0,,"A coastal low lingered near the North Carolina and Virginia coastline on September 16, slowly moving northwest into the Chesapeake Bay by the evening of September 16. This low brought a prolonged peri"
2025,September,VIRGINIA,ISLE OF WIGHT,Z,AKQ,36.98,-76.49,0,,"A coastal low lingered near the North Carolina and Virginia coastline on September 16, slowly moving northwest into the Chesapeake Bay by the evening of September 16. This low brought a prolonged peri"
2025,September,FLORIDA,SOUTH CENTRAL DUVAL,Z,JAX,30.49,-81.7,0,0.00K,The media shared images and video of tidal flooding near Hogans Creek in downtown |            Jacksonville. This area floods nearby streets at minor tidal flooding category.
2025,September,NORTH CAROLINA,EASTERN CURRITUCK,Z,AKQ,36.98,-76.49,0,,"A coastal low lingered near the North Carolina and Virginia coastline on September 16, slowly moving northwest into the Chesapeake Bay by the evening of September 16. This low brought a prolonged peri"
2025,September,VIRGINIA,NORTHAMPTON,Z,AKQ,36.98,-76.49,0,,The combination of a weak area of low pressure well offshore on September 10 and high pressure across New England resulted in elevated northerly winds across the lower Chesapeake Bay. This led to loca
2025,September,VIRGINIA,NORFOLK,Z,AKQ,36.98,-76.49,0,,The combination of a weak area of low pressure well offshore on September 10 and high pressure across New England resulted in elevated northerly winds across the lower Chesapeake Bay. This led to loca
2025,September,VIRGINIA,VIRGINIA BEACH,Z,AKQ,36.98,-76.49,0,,The combination of a weak area of low pressure well offshore on September 10 and high pressure across New England resulted in elevated northerly winds across the lower Chesapeake Bay. This led to loca
2025,September,FLORIDA,COASTAL FLAGLER,Z,JAX,30.49,-81.7,0,0.00K,"At 3 pm on 9/9, Flagler County EM reported that water levels within the Intracoastal Waterway were peaking over docks and approaching the top of the sea wall. At 6:20 pm on 9/9, a mesonet stations at "
2025,September,FLORIDA,COASTAL NASSAU,Z,JAX,30.49,-81.7,0,0.00K,Pictures were shared via social media of a road closure due to minor tidal flooding along N Front St in Fernandina Beach.
2025,September,VIRGINIA,NORTHAMPTON,Z,AKQ,36.98,-76.49,0,,"A coastal low lingered near the North Carolina and Virginia coastline on September 16, slowly moving northwest into the Chesapeake Bay by the evening of September 16. This low brought a prolonged peri"
2025,September,VIRGINIA,CHESAPEAKE,Z,AKQ,36.98,-76.49,0,,"A coastal low lingered near the North Carolina and Virginia coastline on September 16, slowly moving northwest into the Chesapeake Bay by the evening of September 16. This low brought a prolonged peri"
2025,September,FLORIDA,NORTHEAST COASTAL ST. JOHNS COUNTY,Z,JAX,30.49,-81.7,0,0.00K,"Beginning September 9th, water would overtop the sea wall along Avenida Menendez near Castillo de San Marco and the Bayfront Marin House flooding the nearby sidewalks, road and parking lot during each"
2025,September,VIRGINIA,VIRGINIA BEACH,Z,AKQ,36.98,-76.49,0,80.00K,"A coastal low lingered near the North Carolina and Virginia coastline on September 16, slowly moving northwest into the Chesapeake Bay by the evening of September 16. This low brought a prolonged peri"
2025,September,VIRGINIA,NORFOLK,Z,AKQ,36.98,-76.49,0,80.00K,"A coastal low lingered near the North Carolina and Virginia coastline on September 16, slowly moving northwest into the Chesapeake Bay by the evening of September 16. This low brought a prolonged peri"
2025,September,FLORIDA,COASTAL FLAGLER,Z,JAX,30.49,-81.7,0,0.00K,A trained spotter shared photos of overwash |            and minor coastal flooding along A1A in |            Marineland. Nearby Atlantic Ocean at |            Matanzas River Inlet Bridge gauge creste
