yr,mo,dy,st,mag,slat,slon,len,wid
1950,10,9,NC,3,34.17,-78.6,2.0,880
1950,11,4,PA,3,40.2,-76.12,15.9,100
1950,12,2,IL,3,38.75,-89.67,18.0,200
1950,12,2,AR,3,36.12,-91.83,7.8,10
1950,1,13,AR,3,34.4,-94.37,0.6,17
1950,1,3,MO,3,38.77,-90.22,9.5,150
1950,1,3,IL,3,39.1,-89.3,3.6,130
1950,2,11,TX,3,29.67,-95.05,12.0,1000
1950,2,12,TX,3,31.8,-94.2,1.9,50
1950,2,12,LA,4,31.97,-94.0,82.6,100
1950,2,12,LA,3,31.63,-93.65,74.5,100
1950,3,26,AR,3,36.15,-91.83,5.7,200
1950,3,26,AR,3,34.98,-91.73,14.9,1760
1950,4,18,AL,3,30.67,-88.2,14.0,100
1950,4,28,OK,3,34.88,-99.28,20.8,400
1950,4,28,TX,4,32.42,-99.5,1.3,233
1950,4,28,OK,4,35.08,-96.4,4.5,200
1950,4,2,AR,3,35.75,-91.22,2.5,10
1950,5,18,KS,3,38.12,-96.82,14.9,100
1950,5,4,KS,4,38.03,-99.12,34.3,150
1950,5,5,KS,3,39.62,-95.62,17.3,440
1950,6,13,ND,3,46.8,-97.92,2.0,10
1950,6,14,ND,3,48.92,-103.77,23.7,10
1950,6,15,IA,3,41.98,-93.6,5.6,300
1950,6,25,WI,4,45.58,-89.58,13.1,880
1950,6,25,WI,3,43.95,-88.95,0.1,300
1950,6,3,MS,3,33.08,-89.58,2.0,50
1950,6,5,TX,3,30.18,-96.4,23.9,67
1950,6,8,KS,4,38.33,-97.93,17.1,700
1950,7,15,NE,4,41.8,-96.6,10.0,440
1950,7,19,OH,3,40.72,-84.08,9.7,300
1951,11,13,MO,3,36.62,-89.75,1.0,27
1951,11,13,KY,3,37.02,-88.33,2.0,10
1951,12,6,IL,3,41.33,-89.18,21.9,150
1951,1,6,LA,3,31.3,-92.47,16.8,317
1951,2,20,MS,3,33.45,-88.87,0.1,10
1951,3,2,KS,3,39.43,-98.55,38.1,10
1951,4,21,MS,3,31.68,-89.25,33.5,10
1951,4,30,KS,3,37.63,-98.75,12.8,440
1951,4,30,OK,3,35.43,-97.58,7.4,200
1951,5,14,KS,3,39.78,-101.33,0.1,10
1951,5,18,TX,4,33.42,-98.75,2.0,200
1951,5,20,KS,3,37.9,-101.2,12.8,900
1951,5,20,KS,3,39.78,-101.38,0.1,10
1951,5,25,KS,3,39.27,-97.18,4.1,440
1951,6,19,MN,4,44.88,-94.37,52.6,330
1951,6,21,IN,3,41.12,-86.48,5.4,1760
1951,6,27,KS,4,39.03,-99.88,0.8,300
1951,6,27,IL,3,39.95,-89.17,9.6,300
1951,6,27,IL,3,40.27,-89.47,18.2,200
1951,6,1,IA,3,42.07,-92.92,1.5,880
1951,6,6,KS,3,37.58,-101.37,44.8,10
1951,6,6,TX,3,35.43,-101.18,10.4,100
1951,6,8,OK,3,35.38,-98.8,10.9,173
1951,7,20,MN,3,44.93,-93.5,11.6,10
1951,8,21,CT,3,41.58,-72.5,0.1,10
1951,9,12,WI,3,44.63,-92.08,24.4,200
1951,9,26,WI,4,44.33,-89.3,26.4,100
1951,9,26,WI,4,43.47,-89.25,9.0,100
1952,11,16,MO,3,40.45,-95.07,21.6,600
1952,12,9,KY,3,37.68,-87.3,35.0,880
1952,2,13,AL,3,33.57,-87.67,5.6,100
1952,2,13,AL,3,33.6,-86.93,0.1,200
1952,2,13,TN,3,35.22,-86.6,7.4,350
1952,2,13,TN,4,35.2,-86.3,12.7,100
1952,2,13,TN,3,35.25,-85.83,5.1,400
1952,2,29,TN,4,35.15,-86.58,2.0,300
1952,2,29,AL,3,34.5,-85.7,3.3,400
1952,3,10,LA,3,32.23,-93.65,50.9,650
1952,3,21,AR,4,34.02,-94.02,13.0,833
1952,3,21,AR,3,34.72,-92.82,17.7,440
1952,3,21,AR,4,35.22,-91.7,14.6,1760
1952,3,21,AR,4,34.9,-91.85,7.6,10
1952,3,21,AR,3,34.53,-91.8,16.2,10
1952,3,21,AR,3,35.13,-91.45,17.6,600
1952,3,21,AR,4,35.0,-91.25,13.1,880
1952,3,21,AR,3,35.47,-91.2,28.5,440
1952,3,21,TN,4,36.02,-89.2,4.7,200
1952,3,21,AR,4,35.42,-91.0,0.1,880
1952,3,21,AR,3,35.6,-90.72,51.8,880
1952,3,21,AR,3,35.53,-90.42,9.4,200
1952,3,21,AR,3,35.67,-90.52,39.7,880
1952,3,21,MO,4,36.05,-89.82,6.5,880
1952,3,21,TN,3,35.95,-89.43,18.1,1000
1952,3,21,TN,4,36.1,-89.27,2.0,200
1952,3,21,MS,4,34.87,-89.68,29.6,427
1952,3,21,TN,3,35.85,-88.67,0.1,100
1952,3,21,TN,3,36.02,-88.27,5.1,177
1952,3,21,TN,4,35.27,-88.98,46.8,177
1952,3,22,KY,3,37.53,-85.72,2.7,10
1952,3,22,AL,4,34.6,-87.0,21.6,100
1952,3,3,AL,3,33.33,-87.9,3.3,440
1952,3,3,GA,3,32.8,-83.68,4.3,400
1952,4,21,TX,4,31.5,-97.45,2.3,200
1952,4,30,TX,3,31.45,-100.47,0.5,100
1952,4,4,LA,3,30.17,-92.87,36.7,100
1952,4,5,PA,3,39.8,-76.98,17.5,10
1952,5,10,SC,3,34.8,-82.25,22.7,83
1952,5,11,GA,3,31.37,-83.25,4.3,200
1952,5,15,CO,3,40.33,-104.57,7.4,150
1952,5,22,KS,4,38.98,-95.22,26.9,440
1952,6,10,ND,3,47.07,-104.0,8.8,300
1952,6,15,ND,3,47.4,-99.55,1.7,10
1952,6,23,IA,4,42.75,-95.85,24.1,400
1952,6,23,WI,3,45.42,-92.63,18.2,100
1952,7,19,MT,3,46.37,-104.28,55.5,10
1952,7,19,MT,3,46.97,-104.25,16.4,10
1952,7,1,ND,3,46.07,-96.95,0.5,10
1952,7,1,ND,4,47.05,-100.5,48.0,150
1952,8,13,NE,3,41.47,-97.28,44.4,1300
1952,8,13,NE,4,41.22,-96.58,26.7,110
1952,8,7,KS,3,39.0,-98.52,4.7,10
1952,9,17,NC,3,35.95,-75.6,1.0,50
1953,10,20,CO,3,38.13,-104.03,11.9,880
1953,12,1,TX,3,29.5,-97.93,5.1,1760
1953,12,2,TX,3,30.5,-96.97,3.3,100
1953,12,3,LA,4,31.07,-93.05,85.5,300
1953,12,3,MS,3,32.73,-91.07,18.8,300
1953,12,5,MS,5,32.33,-90.9,9.0,500
1953,1,20,AL,3,33.8,-87.23,1.5,50
1953,1,23,AL,3,31.53,-88.0,6.5,300
1953,2,20,AL,3,34.7,-87.7,0.1,20
1953,2,6,LA,3,30.48,-90.7,15.6,400
1953,3,13,TX,4,33.28,-99.95,13.9,50
1953,3,13,OK,3,34.88,-97.7,1.0,100
1953,3,13,OK,3,33.92,-97.27,45.3,200
1953,3,14,AR,3,35.22,-93.95,40.1,880
1953,3,14,AR,3,35.28,-93.28,12.2,880
1953,3,14,TN,3,35.53,-88.97,24.7,100
1953,3,15,NC,3,35.77,-78.1,30.1,27
1953,3,21,IA,3,43.27,-94.63,31.8,400
1953,4,18,AL,3,32.6,-85.58,39.8,400
1953,4,23,AR,3,35.48,-94.22,0.1,880
1953,4,28,TX,3,30.0,-97.17,0.5,200
1953,4,28,TX,3,29.55,-98.53,4.9,200
1953,4,28,TX,4,29.57,-98.7,1.0,1760
1953,4,30,GA,4,32.6,-83.6,1.0,333
1953,4,30,GA,3,32.7,-83.35,2.0,10
1953,4,6,AL,3,33.32,-87.0,0.5,37
1953,4,9,IL,3,40.18,-88.22,156.7,750
1953,5,10,KS,3,38.35,-96.67,52.2,10
1953,5,10,IA,4,40.87,-93.33,6.4,10
1953,5,10,IA,4,43.07,-93.52,26.6,10
1953,5,10,IA,4,43.45,-92.4,162.0,100
1953,5,10,IA,3,42.95,-91.33,6.6,400
1953,5,11,TX,4,31.53,-100.58,9.9,880
1953,5,11,TX,5,31.55,-97.15,20.9,583
1953,5,16,TX,3,31.23,-95.57,5.2,10
1953,5,17,LA,3,32.47,-91.75,41.6,100
1953,5,20,IA,3,42.15,-93.7,116.1,400
1953,5,20,IA,3,41.98,-91.57,38.6,400
1953,5,21,MI,4,42.92,-82.6,10.0,1760
1953,5,24,MT,3,46.98,-104.18,9.3,400
1953,5,29,ND,5,46.45,-100.67,14.8,600
1953,5,1,AL,4,33.22,-85.93,12.1,440
1953,5,1,AL,4,32.25,-88.38,0.1,100
1953,5,2,TN,4,35.52,-84.78,4.2,33
1953,5,9,KS,3,39.8,-97.9,13.5,10
1953,5,9,NE,3,40.25,-97.57,46.9,880
1953,6,27,IA,5,41.45,-94.7,0.1,100
1953,6,5,NE,3,40.18,-101.67,9.8,10
1953,6,5,OK,3,34.63,-97.17,16.9,10
1953,6,7,NE,4,41.33,-99.13,15.0,440
1953,6,7,NE,3,41.7,-98.02,8.0,250
1953,6,7,IA,3,42.55,-94.7,30.7,200
1953,6,8,MI,4,41.78,-83.57,5.4,200
1953,6,8,OH,4,41.22,-83.9,118.0,100
1953,6,8,MI,3,42.2,-84.0,11.3,70
1953,6,8,MI,3,42.58,-83.7,9.1,200
1953,6,8,MI,3,44.82,-83.47,1.8,100
1953,6,8,MI,5,43.1,-83.85,18.9,833
1953,6,8,MI,4,43.15,-83.18,33.8,833
1953,6,9,MA,4,42.47,-72.17,34.9,900
1953,6,9,NH,3,42.97,-70.97,1.5,100
1953,6,9,MA,3,42.17,-71.77,28.0,667
1954,10,11,KS,3,38.93,-99.22,8.6,10
1954,10,11,IN,3,39.45,-86.12,4.7,100
1954,10,22,TX,3,28.15,-97.43,20.5,333
1954,12,28,MS,3,31.63,-89.18,11.5,250
1954,12,5,AL,3,32.68,-85.42,51.0,200
1954,12,5,AL,3,33.78,-86.0,24.7,100
1954,2,15,AR,3,35.48,-93.48,1.0,100
1954,2,16,AR,3,35.52,-90.22,2.0,880
1954,3,13,AL,3,32.33,-85.03,7.0,1480
1954,3,13,GA,3,32.53,-84.37,49.5,300
1954,3,24,AR,3,36.35,-94.28,20.6,400
1954,3,24,MO,3,36.72,-93.67,1.0,300
1954,3,25,MO,4,37.32,-92.23,12.1,100
1954,3,25,MO,3,38.8,-90.8,21.6,20
1954,4,20,NE,3,40.58,-100.13,5.9,1760
1954,4,30,TX,3,30.42,-97.45,139.9,880
1954,4,30,OK,3,34.0,-95.52,1.0,150
1954,4,30,TX,3,32.92,-94.72,86.3,50
1954,4,30,TX,3,33.4,-94.63,111.6,1760
1954,4,30,AR,3,35.63,-94.4,40.7,440
1954,4,30,IA,4,42.1,-91.75,80.4,200
1954,4,5,MO,4,40.55,-95.38,6.3,900
1954,4,5,IA,3,40.6,-95.23,5.2,667
1954,4,7,IL,3,40.88,-88.42,42.6,400
1954,5,10,CT,3,41.92,-72.47,0.3,33
1954,5,17,NM,3,32.97,-103.37,0.1,10
1954,5,30,NE,4,41.73,-97.73,29.9,400
1954,5,1,TX,4,33.98,-99.72,68.6,440
1954,5,1,OK,3,34.23,-98.62,12.3,10
1954,5,1,OK,3,34.62,-98.0,6.2,100
1954,5,1,OK,3,34.17,-98.25,8.0,300
1954,5,1,OK,4,35.4,-97.37,59.2,10
1954,5,2,AR,3,34.5,-91.55,0.4,50
1954,5,2,TX,3,32.22,-95.67,0.1,10
1954,6,13,AR,3,35.68,-90.1,2.5,833
1954,6,17,NE,3,42.08,-97.05,23.6,163
1954,6,18,SD,3,42.85,-97.88,10.6,10
1954,6,18,SD,3,43.03,-97.5,0.1,30
1954,6,18,SD,3,43.05,-97.32,12.8,33
1954,6,19,SD,3,43.48,-96.72,0.1,43
1954,6,1,TX,3,34.02,-100.3,13.4,267
1954,6,1,TX,3,33.95,-98.67,5.9,50
1954,6,1,TX,3,34.1,-98.57,0.1,10
1954,6,9,IA,4,42.28,-94.72,9.9,440
1954,7,18,TX,3,32.32,-94.52,0.8,880
1954,9,18,FL,3,27.42,-80.33,0.1,10
1955,10,28,AR,3,33.8,-91.27,1.0,100
1955,11,15,AR,3,35.48,-92.03,36.5,133
1955,11,15,AR,3,35.43,-92.08,0.1,10
1955,11,15,AR,3,35.9,-91.08,3.8,880
1955,11,15,IN,3,37.97,-87.53,2.0,50
1955,11,15,OH,3,40.1,-84.77,21.0,400
1955,3,14,MO,3,39.65,-94.25,9.8,250
1955,3,20,MO,3,36.75,-89.37,3.6,250
1955,3,22,PA,3,39.97,-75.62,9.6,600
1955,3,1,OH,3,41.27,-80.67,2.5,40
1955,3,4,KY,3,37.72,-84.45,8.9,10
1955,4,12,TX,3,32.05,-95.52,5.6,300
1955,4,18,TX,3,35.4,-100.1,8.9,100
1955,4,22,MO,3,36.67,-89.52,12.4,10
1955,4,23,IA,3,40.72,-94.35,5.4,440
1955,4,24,AL,4,34.35,-87.05,8.6,200
1955,4,6,TX,3,33.63,-96.6,30.2,67
1955,4,6,TX,3,33.43,-98.4,21.7,10
1955,4,6,TX,3,33.57,-97.22,15.1,10
1955,5,25,TX,4,35.0,-100.22,45.1,1100
1955,5,25,OK,3,36.7,-97.62,13.3,440
1955,5,25,OK,5,36.72,-97.28,28.4,500
1955,5,25,OK,5,36.88,-97.15,56.4,1320
1955,5,26,AR,3,34.7,-93.07,28.8,1000
1955,5,3,WI,3,45.33,-89.72,6.8,10
1955,6,17,TX,3,34.85,-100.22,16.2,67
1955,6,26,WY,3,41.97,-104.32,2.0,27
1955,6,27,WY,3,41.88,-105.02,2.0,100
1955,6,27,NE,4,41.93,-103.8,26.0,10
1955,6,4,KS,4,39.52,-98.53,61.9,500
1955,6,4,KS,4,37.48,-100.03,72.2,100
1955,6,4,KS,3,38.07,-98.6,6.8,400
1955,6,4,KS,3,38.25,-98.42,5.9,200
1955,7,31,CO,3,37.43,-105.43,0.5,100
1955,7,1,ND,3,46.38,-100.3,1.3,40
1955,7,2,ND,4,46.5,-97.0,9.1,150
1955,7,2,MN,3,46.52,-96.7,18.7,440
1955,7,5,ND,4,48.43,-102.33,28.0,100
1955,7,7,MN,4,44.48,-96.2,30.0,10
1955,8,30,NY,3,42.33,-76.92,1.0,200
1956,10,29,NE,4,40.7,-101.22,147.7,440
1956,10,29,NE,3,40.12,-100.12,65.5,10
1956,10,29,KS,3,38.1,-99.48,14.9,440
1956,10,29,KS,3,38.85,-98.62,28.7,200
1956,10,29,KS,3,38.37,-98.77,0.6,147
1956,1,28,AR,3,35.2,-92.45,23.0,150
1956,2,14,AR,3,35.17,-93.0,33.0,300
1956,2,16,MS,3,33.8,-88.67,8.0,200
1956,2,17,TN,3,35.15,-87.3,10.4,1760
1956,2,24,MO,4,38.45,-90.92,77.6,500
1956,2,27,TN,3,36.47,-86.65,15.0,100
1956,3,6,IL,3,40.63,-88.0,9.4,500
1956,3,6,IN,4,40.57,-85.57,1.9,47
1956,4,10,FL,3,26.0,-80.23,7.8,200
1956,4,15,AL,4,33.5,-86.97,21.3,200
1956,4,28,NE,3,40.25,-97.38,39.3,10
1956,4,29,AR,3,34.55,-90.77,3.3,50
1956,4,2,KS,3,38.53,-98.55,5.4,10
1956,4,2,OK,3,36.68,-98.67,20.0,400
1956,4,2,KS,3,38.35,-98.57,20.1,350
1956,4,2,KS,3,38.25,-96.87,127.0,790
1956,4,2,OK,4,36.82,-96.97,108.3,880
1956,4,2,OK,3,35.5,-97.0,42.6,300
1956,4,3,OK,3,34.15,-95.22,2.0,100
1956,4,3,OK,4,36.77,-94.97,41.8,400
1956,4,3,WI,4,43.93,-88.97,11.5,440
1956,4,3,KY,3,37.52,-87.67,22.9,223
1956,4,3,MI,5,42.65,-86.22,58.8,400
1956,4,3,TN,4,35.58,-88.47,11.6,100
1956,4,3,MI,4,44.38,-86.26,50.3,400
1956,4,3,MI,3,42.27,-86.13,60.6,200
1956,4,3,IN,3,40.98,-85.97,1.5,70
1956,4,5,TX,3,30.68,-96.37,5.2,67
1956,4,8,OK,3,36.38,-97.9,7.3,400
1956,4,8,OK,3,36.25,-97.67,7.7,400
1956,5,12,MI,4,43.0,-83.68,6.6,100
1956,5,12,MI,4,42.25,-83.22,6.8,400
1956,5,3,AL,3,31.6,-86.55,3.8,83
1956,5,5,FL,3,30.43,-87.23,1.0,50
1956,6,17,TX,3,33.82,-102.18,1.0,20
1956,6,18,ND,3,47.3,-101.8,10.6,100
1956,6,5,ND,3,47.58,-101.2,0.1,10
1956,6,6,NE,4,40.97,-99.1,2.0,500
1956,7,15,KS,3,39.2,-98.1,7.1,880
1956,7,20,KS,3,38.18,-95.48,69.5,880
1956,8,12,IA,3,41.53,-92.75,5.1,200
1956,8,12,IN,3,41.23,-86.25,23.4,800
1956,8,13,IL,3,40.7,-89.5,3.8,27
1956,8,30,ND,3,46.9,-96.8,5.1,60
1956,8,5,OH,3,41.15,-80.7,0.1,10
1956,8,6,SD,3,43.42,-102.18,28.3,100
1957,10,12,NM,3,32.63,-108.17,8.2,50
1957,10,14,TX,3,30.12,-96.0,1.0,10
1957,10,15,LA,3,30.47,-92.08,37.9,100
1957,10,15,MS,3,32.22,-90.77,17.5,77
1957,10,22,TX,3,30.25,-94.97,4.3,100
1957,11,14,MS,3,33.45,-89.57,7.8,100
1957,11,16,LA,3,31.57,-93.4,1.0,100
1957,11,17,AL,4,33.9,-87.18,7.2,200
1957,11,18,MS,3,31.97,-88.78,9.0,77
1957,11,18,AL,4,33.98,-86.52,26.1,100
1957,11,20,MI,3,42.4,-83.1,1.5,100
1957,11,7,LA,3,30.97,-91.7,3.6,50
1957,11,7,LA,3,31.38,-92.67,13.3,67
1957,11,7,TX,3,29.95,-93.93,3.6,200
1957,11,7,TX,3,29.9,-94.0,1.5,10
1957,11,7,MS,3,33.28,-90.23,31.2,300
1957,11,7,TX,4,30.1,-93.73,12.9,200
1957,11,7,LA,3,30.35,-92.2,9.2,200
1957,11,8,NC,3,35.7,-77.75,46.9,150
1957,12,18,IL,3,37.97,-89.82,20.2,10
1957,12,18,IL,3,37.9,-89.8,17.7,10
1957,12,18,IL,3,38.08,-89.55,2.5,10
1957,12,18,IL,4,38.28,-89.08,16.8,250
1957,12,18,IL,3,37.83,-89.75,5.7,10
1957,12,18,IL,5,38.08,-89.25,5.4,200
1957,12,18,IL,4,37.7,-89.48,28.3,300
1957,12,18,IL,3,38.5,-88.63,19.6,200
1957,12,18,IL,3,38.93,-88.05,4.5,10
1957,12,18,IL,3,38.2,-88.7,2.5,150
1957,12,18,IL,3,38.17,-88.42,19.8,10
1957,12,19,AR,4,33.35,-93.25,17.7,10
1957,12,19,AR,3,34.38,-91.95,3.8,100
1957,1,22,OK,4,35.4,-94.68,0.1,880
1957,1,22,LA,3,32.6,-93.5,1.7,167
1957,3,20,TX,3,30.27,-96.83,7.2,10
1957,3,20,TX,3,30.32,-96.92,16.9,1760
1957,3,21,LA,3,29.5,-90.6,2.0,100
1957,4,18,TX,3,33.7,-96.73,1.0,17
1957,4,19,WI,4,43.87,-90.18,21.1,300
1957,4,19,WI,3,43.73,-90.43,9.0,400
1957,4,21,TX,4,33.6,-102.3,29.2,880
1957,4,21,TX,4,33.43,-101.63,15.5,100
1957,4,22,OK,3,35.1,-98.6,1.0,200
1957,4,24,TX,3,30.27,-97.37,14.7,880
1957,4,25,NE,4,40.58,-97.57,89.8,333
1957,4,25,NE,3,40.37,-97.95,34.7,220
1957,4,25,AR,3,35.8,-90.7,0.5,313
1957,4,26,TX,3,32.38,-94.9,1.0,10
1957,4,26,TX,3,32.48,-94.72,14.2,50
1957,4,2,TX,3,33.28,-96.62,10.7,33
1957,4,2,TX,3,32.85,-96.83,17.2,100
1957,4,2,OK,4,34.0,-96.65,5.2,200
1957,4,2,OK,4,33.93,-96.43,7.9,200
1957,4,2,TX,3,33.03,-97.55,0.1,10
1957,4,3,AR,3,35.8,-90.92,22.6,100
1957,4,4,MS,3,31.88,-89.77,40.2,167
1957,4,4,TN,3,35.05,-88.6,7.3,50
1957,4,8,AL,3,34.12,-87.98,51.4,100
1957,4,8,AL,3,34.32,-86.98,38.8,200
1957,4,8,AL,3,34.3,-86.6,16.3,10
1957,4,8,GA,3,31.85,-83.08,14.7,400
1957,4,8,SC,4,34.63,-80.58,121.4,150
1957,4,8,NC,4,34.68,-79.2,0.8,150
1957,4,8,NC,3,34.83,-78.08,8.0,150
1957,5,13,AR,3,34.22,-93.0,14.7,880
1957,5,13,AR,3,35.07,-92.47,17.5,63
1957,5,15,TX,3,35.02,-101.05,10.2,50
1957,5,15,TX,3,34.65,-101.5,1.0,10
1957,5,15,TX,4,34.47,-101.3,17.0,300
1957,5,20,KS,4,39.38,-97.73,44.6,400
1957,5,20,KS,3,39.57,-97.57,6.1,10
1957,5,20,KS,5,38.45,-95.5,69.4,440
1957,5,20,KS,3,38.5,-95.43,5.6,10
1957,5,20,OK,3,35.35,-95.08,20.4,200
1957,5,21,MN,4,45.58,-92.87,9.2,100
1957,5,21,MO,3,37.55,-91.5,10.2,440
1957,5,21,MO,3,37.77,-90.92,22.2,400
1957,5,21,MO,4,36.95,-91.17,9.1,500
1957,5,21,IL,3,37.57,-89.32,8.5,200
1957,5,21,IL,3,40.5,-90.8,13.7,120
1957,5,22,TX,3,31.9,-96.98,4.1,200
1957,5,23,AR,3,33.62,-91.83,5.2,27
1957,5,24,TX,3,34.18,-102.85,1.9,200
1957,5,24,TX,3,33.17,-101.78,37.3,200
1957,5,24,TX,3,32.32,-101.87,1.5,83
1957,5,24,OK,4,34.27,-98.5,21.6,880
1957,6,12,TX,3,32.68,-96.88,0.1,10
1957,6,14,IL,4,39.75,-89.7,4.3,220
1957,6,14,IN,3,41.07,-86.3,0.1,10
1957,6,15,KS,3,39.7,-99.07,14.3,10
1957,6,15,KS,3,39.77,-98.93,2.0,10
1957,6,20,ND,5,46.9,-97.35,52.4,500
1957,6,21,NE,3,40.9,-97.47,5.4,10
1957,6,28,MS,3,33.22,-88.58,5.4,50
1957,6,9,SD,3,45.03,-99.13,1.0,10
1957,7,16,ND,3,47.25,-98.2,0.1,10
1957,7,19,NE,3,40.78,-98.07,13.8,10
1957,7,4,MI,4,42.52,-83.73,29.9,50
1957,8,4,AZ,3,32.85,-113.2,12.0,10
1957,9,14,OK,4,34.95,-97.25,67.5,440
1958,10,19,FL,3,26.82,-80.67,20.2,440
1958,10,31,FL,3,27.53,-82.63,3.6,200
1958,10,8,MO,3,40.42,-94.63,23.1,300
1958,11,17,OK,3,34.28,-99.4,65.8,50
1958,11,17,OK,3,36.35,-97.72,39.2,10
1958,11,17,OK,3,35.15,-96.67,18.3,300
1958,11,17,KS,3,37.32,-96.52,8.5,880
1958,11,17,MO,3,37.63,-94.57,30.2,400
1958,2,26,MS,3,31.98,-90.53,69.7,60
1958,2,26,MS,3,31.97,-90.1,71.0,60
1958,2,26,MS,3,31.33,-88.9,29.1,100
1958,2,26,TN,3,35.23,-88.25,0.1,10
1958,4,15,FL,4,27.67,-82.62,0.1,300
1958,4,15,FL,3,29.87,-81.3,3.6,73
1958,4,15,FL,3,27.5,-80.57,14.8,10
1958,4,28,TX,3,31.9,-98.6,4.9,880
1958,4,2,TX,3,33.9,-98.5,16.4,333
1958,4,2,TX,3,33.65,-97.9,18.2,300
1958,4,5,IL,3,38.3,-89.87,60.5,100
1958,4,5,IL,3,37.9,-89.33,20.6,100
1958,4,6,AL,3,34.27,-86.22,25.7,100
1958,5,24,MN,3,45.15,-92.95,59.4,50
1958,5,30,ND,3,47.93,-99.8,10.7,10
1958,5,31,KS,3,37.25,-95.2,0.3,100
1958,5,3,TX,3,32.35,-95.22,59.2,440
1958,6,10,KS,4,37.85,-97.02,9.0,300
1958,6,12,KY,3,37.08,-89.0,0.1,10
1958,6,21,OK,3,36.3,-99.75,0.5,67
1958,6,4,WI,5,44.9,-92.33,33.7,880
1958,6,4,WI,4,44.93,-91.47,11.1,600
1958,6,4,WI,3,44.95,-91.17,4.3,300
1958,6,4,WI,4,44.77,-91.27,59.2,880
1958,6,6,TX,3,33.08,-96.08,1.0,50
1958,6,7,KS,3,37.65,-97.27,5.0,1760
1958,7,11,IL,3,39.48,-88.08,4.7,30
1958,7,14,IA,3,41.07,-94.6,14.8,100
1958,7,18,NE,3,40.78,-98.75,3.0,10
1958,7,20,KS,3,38.87,-101.93,3.3,700
1958,7,31,IN,3,39.52,-85.77,0.1,10
1958,8,11,ND,3,47.9,-97.2,0.1,10
1958,9,6,ND,3,46.9,-98.0,2.9,10
1959,10,4,TX,3,32.77,-96.58,27.6,67
1959,11,4,TX,3,32.03,-95.85,25.1,67
1959,11,4,TX,3,32.43,-94.43,15.5,67
1959,1,21,MS,3,34.35,-89.03,33.8,10
1959,1,21,MS,3,32.62,-89.7,26.1,10
1959,1,21,KY,3,37.4,-86.62,6.6,10
1959,2,10,MO,4,38.53,-90.6,23.9,200
1959,2,10,IN,3,38.75,-87.4,3.3,100
1959,2,10,KY,3,38.63,-85.0,1.5,440
1959,2,10,OH,3,39.08,-83.7,10.5,400
1959,3,14,AR,3,35.05,-92.22,18.0,33
1959,3,26,TN,3,36.25,-85.98,19.5,440
1959,3,31,OK,3,36.1,-96.5,3.8,100
1959,3,31,TX,3,33.7,-97.13,6.8,1760
1959,3,31,OK,3,33.88,-96.8,13.2,600
1959,3,31,TX,4,31.85,-97.22,10.4,1760
1959,3,31,AR,3,35.3,-93.75,2.0,300
1959,5,10,IA,4,41.5,-94.63,41.1,400
1959,5,10,TX,3,30.28,-97.72,11.0,667
1959,5,10,TX,3,30.77,-96.6,15.8,333
1959,5,12,AL,3,33.37,-86.95,8.6,440
1959,5,18,KS,3,39.82,-95.62,0.5,100
1959,5,18,KS,3,39.73,-95.33,6.5,400
1959,5,20,IA,4,40.7,-93.15,17.2,440
1959,5,21,TX,3,29.38,-94.77,4.3,67
1959,5,25,TX,3,35.32,-100.68,0.1,10
1959,5,26,WI,3,44.0,-91.42,34.3,67
1959,5,26,OK,3,34.32,-97.45,3.3,60
1959,5,30,SD,3,42.88,-97.28,0.1,10
1959,5,9,OK,3,36.43,-95.12,23.2,880
1959,5,9,OK,3,36.4,-95.8,23.4,50
1959,5,9,IA,3,41.2,-91.98,6.6,200
1959,5,9,OK,4,34.62,-96.58,6.2,900
1959,5,9,IA,3,40.87,-91.78,17.8,250
1959,6,17,FL,3,25.73,-80.28,12.7,333
1959,8,30,OK,3,34.2,-98.58,2.0,100
1959,9,26,MO,4,37.35,-92.67,7.8,100
1959,9,26,AR,3,35.6,-90.3,35.2,667
1959,9,27,OK,4,36.85,-95.25,20.4,440
1959,9,30,VA,3,38.3,-78.43,2.0,100
1959,9,30,VA,3,38.05,-78.62,0.8,200
1959,9,30,VA,3,37.87,-78.3,6.5,880
1960,10,11,TX,3,34.63,-102.72,1.0,100
1960,11,27,KS,3,39.55,-97.65,2.0,167
1960,2,25,FL,3,30.2,-82.63,0.8,100
1960,2,9,AR,3,35.35,-91.32,3.8,100
1960,4,12,TX,3,34.35,-102.3,5.2,100
1960,4,14,AR,3,35.47,-94.28,13.6,833
1960,4,14,AR,3,35.47,-93.4,2.0,100
1960,4,15,KS,3,38.58,-94.65,8.4,500
1960,4,16,IA,3,42.33,-92.58,29.8,800
1960,4,16,MO,3,40.3,-94.43,27.0,300
1960,4,16,KS,3,38.48,-95.28,9.2,77
1960,4,23,WY,3,41.03,-105.22,17.2,33
1960,4,28,OK,3,35.25,-98.33,3.3,100
1960,4,28,KS,3,37.7,-97.58,7.1,440
1960,4,28,OK,3,35.22,-97.95,3.6,200
1960,4,28,OK,3,35.3,-97.83,1.5,200
1960,4,28,OK,3,35.42,-97.55,11.7,333
1960,5,16,KS,3,39.77,-96.48,13.3,10
1960,5,19,KS,4,39.15,-96.33,20.6,10
1960,5,19,KS,4,39.18,-95.95,27.5,880
1960,5,19,KS,3,39.23,-95.43,11.5,10
1960,5,19,KS,3,39.22,-95.22,13.3,10
1960,5,24,TX,3,33.75,-100.85,3.3,17
1960,5,4,KS,3,39.38,-101.55,7.1,10
1960,5,4,OK,3,34.63,-97.9,0.1,10
1960,5,4,TX,3,32.8,-97.43,7.4,500
1960,5,4,OK,3,34.82,-96.83,18.3,10
1960,5,4,OK,3,35.52,-97.62,5.1,400
1960,5,4,OK,4,34.95,-96.8,8.0,10
1960,5,4,OK,4,34.02,-95.7,30.8,150
1960,5,5,OK,3,34.77,-97.5,7.3,200
1960,5,5,OK,3,34.95,-97.25,101.9,400
1960,5,5,OK,5,35.28,-96.93,71.8,800
1960,5,5,OK,3,35.48,-95.85,0.8,150
1960,5,5,OK,4,34.88,-95.3,62.4,200
1960,5,5,OK,3,35.38,-94.48,4.5,10
1960,5,5,OK,4,35.38,-94.55,5.4,10
1960,5,5,OK,3,35.18,-94.78,23.7,10
1960,5,6,AR,3,35.1,-92.62,26.7,300
1960,6,20,NE,3,41.38,-103.38,26.1,750
1960,6,22,IN,3,39.53,-87.35,0.1,10
1960,6,24,NJ,3,40.27,-74.77,12.9,200
1960,6,24,NY,3,42.8,-73.88,16.0,440
1960,6,27,NE,3,41.15,-102.75,15.2,10
1960,6,27,CO,3,40.82,-102.43,6.5,10
1960,6,28,KY,3,37.7,-87.92,14.2,10
1960,6,7,OK,3,34.52,-99.42,0.8,100
1960,8,5,NE,3,41.7,-99.2,10.3,150
1960,8,7,OK,3,36.97,-94.8,4.7,200
1960,9,11,SC,3,32.78,-79.83,8.8,100
1960,9,19,IN,3,39.63,-85.27,0.1,100
1961,11,22,TX,3,29.38,-98.53,1.0,50
1961,11,22,TX,3,31.73,-94.92,21.9,150
1961,11,22,TX,3,29.4,-96.08,2.0,200
1961,12,10,AL,3,31.12,-87.05,0.2,33
1961,12,11,AL,3,33.8,-85.78,3.3,200
1961,12,11,AL,3,32.63,-87.4,9.4,100
1961,2,17,OK,3,35.52,-97.38,16.8,300
1961,2,17,OK,3,34.8,-96.95,73.0,300
1961,3,12,AR,3,34.6,-92.2,5.4,100
1961,3,12,AR,3,35.28,-91.32,5.1,300
1961,3,13,TN,3,35.6,-85.92,9.3,250
1961,3,26,TX,3,32.48,-97.37,1.0,50
1961,3,26,TX,3,33.17,-94.9,0.2,10
1961,3,26,OK,3,35.27,-95.72,21.4,200
1961,3,26,TX,3,33.13,-95.22,13.0,60
1961,3,26,TX,3,32.18,-96.88,9.1,280
1961,3,26,OK,3,36.77,-96.83,8.0,100
1961,3,26,TX,3,33.23,-94.95,0.1,10
1961,3,27,TX,3,31.72,-94.58,13.8,200
1961,3,31,GA,3,32.25,-83.73,1.0,100
1961,3,31,AL,3,32.43,-85.03,8.2,167
1961,3,6,IL,3,39.1,-88.53,21.2,10
1961,3,6,IN,3,40.47,-86.13,2.0,300
1961,3,6,IN,3,40.47,-85.97,0.1,10
1961,3,7,AL,3,33.82,-87.9,25.9,10
1961,3,7,AL,3,34.25,-86.73,19.3,200
1961,4,16,PA,3,40.05,-77.52,0.1,110
1961,4,23,IA,3,42.03,-92.92,87.7,800
1961,4,23,IL,3,41.35,-88.22,51.7,10
1961,4,24,IL,3,39.7,-91.15,64.2,10
1961,4,25,IN,4,39.58,-85.8,63.1,550
1961,4,28,DE,3,39.67,-75.57,0.3,30
1961,4,30,OK,3,35.33,-97.95,2.0,77
1961,4,8,TX,3,33.6,-98.63,1.0,33
1961,5,14,IL,3,39.72,-91.3,127.1,100
1961,5,15,NY,3,42.1,-78.6,3.0,10
1961,5,21,OK,3,35.97,-96.77,0.1,10
1961,5,21,OK,3,35.95,-96.75,0.1,10
1961,5,30,NE,4,41.62,-99.87,48.1,10
1961,5,30,NE,3,41.62,-99.87,48.1,10
1961,5,30,NE,3,41.62,-99.87,48.1,10
1961,5,4,OK,3,35.63,-98.35,9.5,10
1961,5,4,TX,3,30.53,-102.37,1.1,10
1961,5,5,OK,4,34.73,-95.03,26.4,400
1961,5,5,OK,3,34.02,-95.5,0.1,10
1961,5,6,IN,3,41.53,-85.42,33.4,800
1961,5,7,AR,3,36.12,-92.78,14.2,1760
1961,5,7,AR,3,36.2,-92.5,43.8,333
1961,5,7,TX,3,32.93,-99.58,3.6,133
1961,5,7,KY,3,37.33,-87.52,58.0,880
1961,5,7,KS,4,39.17,-94.93,26.2,50
1961,5,7,OK,3,36.8,-95.1,8.9,400
1961,6,18,TX,3,29.32,-94.78,2.5,50
1961,6,21,SD,3,45.47,-98.23,156.3,10
1961,6,29,MT,4,47.1,-104.7,15.9,10
1961,6,3,TX,3,34.12,-102.53,25.1,200
1961,6,9,KY,3,37.67,-83.83,2.6,150
1961,6,9,MD,3,39.2,-76.62,0.1,100
1961,7,21,IN,3,40.18,-87.47,23.9,10
1961,7,23,IN,3,41.33,-85.68,0.1,10
1961,7,28,IN,3,40.18,-84.82,20.2,200
1961,7,28,OH,3,40.27,-84.18,0.5,200
1961,9,10,LA,3,30.0,-92.3,5.7,283
1961,9,11,TX,3,31.92,-95.28,0.1,10
1961,9,11,TX,3,29.77,-95.13,1.0,83
1961,9,12,TX,4,29.32,-94.78,1.0,100
1961,9,12,TX,3,29.27,-94.87,2.0,10
1961,9,12,TX,3,30.15,-94.73,0.5,17
1961,9,12,LA,3,32.23,-92.7,2.0,400
1961,9,12,TX,3,33.57,-95.27,0.5,300
1961,9,24,IN,3,40.12,-85.55,38.6,10
1961,9,1,IA,4,42.78,-93.0,26.6,27
1961,9,3,TX,3,33.38,-99.85,0.7,30
1962,3,11,IN,3,40.08,-86.48,3.0,10
1962,3,21,AL,3,33.75,-85.82,2.3,250
1962,3,21,GA,3,34.17,-84.42,10.0,33
1962,3,24,TX,3,32.67,-95.5,0.5,100
1962,3,31,MS,3,33.47,-88.3,3.0,880
1962,3,31,FL,3,30.62,-87.1,6.9,440
1962,4,26,OK,3,35.33,-99.65,3.6,300
1962,4,26,TX,3,33.98,-98.5,3.3,100
1962,4,30,IN,3,41.67,-86.52,36.5,10
1962,4,30,IN,3,41.3,-87.03,0.1,10
1962,5,14,NE,3,42.88,-99.92,53.8,1760
1962,5,14,SD,3,43.4,-98.38,70.4,1760
1962,5,15,SD,3,43.2,-99.4,0.1,10
1962,5,16,SD,3,43.07,-98.95,0.1,33
1962,5,21,NE,3,41.9,-97.9,71.7,500
1962,5,21,NE,3,42.87,-98.72,11.0,10
1962,5,21,SD,3,43.72,-98.05,1.0,167
1962,5,24,CT,3,41.55,-73.12,11.6,120
1962,5,24,KS,3,38.05,-98.18,0.1,10
1962,5,24,KS,3,38.03,-97.67,18.8,10
1962,5,25,OK,4,35.27,-99.2,7.2,250
1962,5,25,TX,3,32.83,-100.0,4.1,67
1962,5,25,OK,3,35.52,-98.72,1.5,10
1962,5,26,KS,3,38.97,-95.7,2.0,10
1962,5,26,OK,4,34.15,-98.45,10.1,400
1962,5,26,TX,4,33.17,-99.77,10.7,133
1962,5,27,TX,3,36.18,-100.88,4.5,200
1962,5,29,NE,4,42.68,-98.45,24.2,300
1962,5,31,TX,3,32.3,-99.55,2.0,33
1962,5,7,IA,3,41.67,-90.72,10.0,300
1962,6,15,NE,3,42.93,-101.12,0.1,10
1962,6,16,WY,3,42.92,-108.73,0.5,67
1962,6,16,KS,3,38.13,-100.72,34.6,50
1962,6,18,IN,3,39.92,-85.35,0.1,10
1962,6,5,SD,3,42.87,-97.9,9.5,1760
1962,7,21,NE,3,41.1,-97.78,25.2,880
1962,8,6,KS,4,39.52,-95.78,11.0,667
1962,8,6,KS,3,38.78,-95.25,4.1,10
1962,9,16,MN,4,43.97,-92.45,0.5,33
1963,11,8,TX,3,28.17,-97.42,1.0,50
1963,1,10,TN,3,35.75,-86.93,4.0,400
1963,3,11,TX,3,32.58,-96.3,2.0,33
1963,3,11,AL,4,33.9,-86.9,28.0,880
1963,3,11,MS,4,33.17,-89.65,45.2,440
1963,3,16,IL,3,37.73,-88.35,0.3,30
1963,3,17,AL,3,32.93,-87.15,2.7,100
1963,3,5,AL,4,33.37,-86.97,14.9,667
1963,4,17,IL,4,41.18,-88.1,57.3,130
1963,4,17,MI,3,41.92,-83.33,0.5,67
1963,4,19,IN,3,38.27,-86.6,85.3,1400
1963,4,22,IL,3,39.85,-89.85,42.9,10
1963,4,22,IL,3,39.95,-88.75,31.8,200
1963,4,22,IL,3,39.8,-88.27,38.6,1600
1963,4,22,IN,3,39.85,-86.03,0.3,200
1963,4,28,NE,3,40.38,-95.88,4.9,300
1963,4,29,MS,3,34.42,-90.57,5.7,440
1963,4,29,IN,3,39.62,-87.27,5.6,100
1963,4,29,TN,3,35.82,-89.22,9.3,300
1963,4,29,MS,4,34.12,-88.72,4.7,1000
1963,4,29,IN,3,40.58,-86.68,23.1,10
1963,4,29,IN,3,39.03,-87.47,23.9,50
1963,4,29,KY,3,36.87,-87.67,13.7,200
1963,5,12,NE,3,42.38,-97.47,12.8,10
1963,5,20,NH,3,42.9,-72.1,14.0,100
1963,5,21,TX,3,34.28,-103.05,5.9,50
1963,5,26,OK,3,35.73,-97.43,34.3,10
1963,5,26,OK,3,35.4,-97.32,0.1,10
1963,5,26,OK,3,35.15,-96.67,0.1,10
1963,6,6,SD,3,43.13,-101.93,24.4,1167
1963,7,15,OK,3,36.77,-100.62,0.1,10
1963,7,18,SD,3,44.98,-103.43,2.3,10
1963,7,19,WI,3,42.58,-88.25,10.6,33
1963,8,16,WI,3,43.3,-89.72,9.6,10
1963,8,16,WI,3,43.3,-89.72,9.6,10
1963,8,16,WI,3,43.3,-89.72,9.6,10
1963,8,3,PA,3,40.32,-79.88,0.1,10
1963,9,3,PA,3,41.42,-78.73,8.4,100
1964,10,3,LA,4,29.6,-90.37,1.5,67
1964,12,24,GA,3,33.5,-84.92,75.4,400
1964,12,25,FL,3,30.4,-86.58,12.8,67
1964,12,25,GA,3,32.72,-84.0,0.1,600
1964,1,24,AL,4,33.32,-86.43,3.3,100
1964,3,25,MO,3,37.05,-91.02,46.0,300
1964,3,25,AL,3,34.17,-87.27,5.4,267
1964,3,4,AR,3,33.35,-93.4,9.1,600
1964,3,4,TN,3,35.05,-88.27,27.6,300
1964,3,4,KY,4,36.7,-88.45,18.5,250
1964,3,4,KY,3,36.67,-88.9,7.2,880
1964,3,9,AL,3,34.5,-87.67,10.4,10
1964,3,9,AL,3,34.85,-87.38,5.2,10
1964,4,12,KS,3,38.75,-95.48,33.8,880
1964,4,12,KS,3,39.23,-95.02,14.0,440
1964,4,12,KS,4,38.12,-95.3,19.4,880
1964,4,12,IA,4,40.67,-95.23,13.1,400
1964,4,12,MO,3,38.7,-94.4,19.5,100
1964,4,20,IA,3,41.4,-95.05,6.1,350
1964,4,21,IL,3,40.42,-90.73,14.1,17
1964,4,22,KS,3,37.95,-98.88,59.7,880
1964,4,22,TX,3,33.43,-95.85,5.9,50
1964,4,24,LA,3,32.43,-94.03,20.6,500
1964,4,28,AL,3,33.6,-86.12,0.1,10
1964,4,28,AL,3,33.73,-85.42,15.7,33
1964,4,3,OK,3,33.95,-96.68,16.7,200
1964,4,3,TX,5,33.9,-98.5,4.7,500
1964,5,10,OK,3,35.87,-94.95,2.0,440
1964,5,29,NM,3,36.53,-104.58,3.0,10
1964,5,5,NE,4,41.4,-98.38,51.2,10
1964,5,5,ND,3,46.05,-96.6,5.2,440
1964,5,5,IA,3,42.52,-96.42,67.0,300
1964,5,5,NE,5,40.55,-98.37,79.7,880
1964,5,5,MN,3,45.58,-94.78,4.3,300
1964,5,5,KS,3,37.9,-98.8,20.4,880
1964,5,5,KS,3,37.08,-98.58,33.0,660
1964,5,7,IA,3,42.6,-91.9,2.3,200
1964,5,8,IA,3,42.78,-96.17,9.3,200
1964,5,8,MI,4,42.67,-82.83,3.3,833
1964,6,18,MN,3,45.63,-95.47,6.2,200
1964,6,19,IA,3,40.72,-95.35,11.5,350
1964,6,19,IA,3,40.73,-95.05,10.6,200
1964,6,21,KS,3,38.95,-97.37,8.9,10
1964,6,22,IA,3,40.75,-95.6,8.0,400
1964,6,22,IA,4,40.7,-95.45,11.9,400
1964,8,22,MI,3,42.0,-84.17,0.1,10
1964,8,22,WI,4,43.38,-87.92,2.2,50
1964,8,29,NC,3,34.8,-79.43,21.9,50
1964,8,29,IA,4,42.92,-94.23,15.8,100
1964,8,31,KS,3,38.8,-99.32,8.3,10
1964,9,3,WI,3,43.2,-90.63,17.1,800
1965,10,17,TX,3,33.92,-102.43,0.2,17
1965,10,7,NC,3,35.65,-79.83,1.0,33
1965,11,12,IN,3,41.55,-87.48,4.1,40
1965,11,16,OH,3,39.5,-83.48,3.8,100
1965,11,26,AR,3,36.05,-90.5,3.6,880
1965,11,26,IN,3,39.98,-86.33,14.7,527
1965,11,26,IN,3,41.7,-86.5,1.0,70
1965,11,26,IN,3,39.9,-85.83,1.0,200
1965,11,26,IN,3,40.1,-85.38,0.5,10
1965,11,26,IN,3,39.88,-85.52,1.9,10
1965,2,11,TX,3,31.62,-94.68,42.7,200
1965,2,11,LA,3,32.18,-94.03,33.0,117
1965,2,11,AL,3,33.2,-88.2,1.5,100
1965,2,23,FL,3,26.1,-80.17,5.7,60
1965,2,9,AR,3,33.5,-92.1,1.5,167
1965,2,9,AR,3,34.23,-91.52,10.5,333
1965,2,9,AR,3,34.6,-91.22,2.0,200
1965,3,16,OK,4,36.6,-98.1,82.7,300
1965,3,16,TX,3,32.0,-96.9,11.1,50
1965,3,17,MS,3,34.5,-88.78,14.7,400
1965,3,17,MS,3,33.47,-88.43,8.5,230
1965,3,17,AL,3,34.75,-87.67,29.8,10
1965,3,17,NC,3,35.0,-77.22,41.3,100
1965,4,10,KS,3,39.42,-95.12,23.2,200
1965,4,10,AR,4,35.05,-92.45,4.7,200
1965,4,11,IA,4,41.85,-90.93,91.5,200
1965,4,11,IL,4,42.22,-88.38,9.1,400
1965,4,11,IN,3,41.35,-86.58,35.6,250
1965,4,11,MI,4,43.02,-85.92,20.6,300
1965,4,11,IN,3,41.35,-87.2,33.1,10
1965,4,11,IN,4,41.52,-86.07,21.2,10
1965,4,11,IN,4,41.62,-85.7,21.6,177
1965,4,11,IN,4,41.73,-85.17,90.3,1760
1965,4,11,IN,4,40.33,-86.83,21.8,500
1965,4,11,IN,4,41.58,-86.2,37.0,333
1965,4,11,IN,4,40.4,-86.38,48.0,880
1965,4,11,MI,3,42.37,-85.6,14.2,150
1965,4,11,MI,3,42.65,-85.3,14.1,10
1965,4,11,MI,4,41.8,-85.0,80.5,10
1965,4,11,IN,4,40.02,-86.87,45.7,1667
1965,4,11,IN,4,40.55,-85.38,52.5,10
1965,4,11,MI,4,42.85,-84.65,21.0,100
1965,4,11,OH,4,41.67,-83.6,5.6,200
1965,4,11,OH,4,40.8,-84.2,32.5,400
1965,4,11,OH,4,40.35,-84.38,18.4,300
1965,4,11,OH,3,41.07,-83.13,15.0,300
1965,4,11,OH,4,41.23,-82.25,22.0,400
1965,4,14,TX,3,33.87,-97.67,1.0,200
1965,4,15,TN,3,35.87,-85.08,6.5,200
1965,4,15,TN,3,35.18,-84.87,10.4,600
1965,4,15,AL,3,34.7,-85.75,9.6,50
1965,4,19,TX,3,29.45,-96.0,0.2,150
1965,4,19,TX,3,26.7,-98.33,1.5,30
1965,4,23,IA,3,41.53,-92.42,47.4,10
1965,4,24,IL,3,41.15,-89.62,6.5,43
1965,4,8,KY,3,38.37,-82.65,6.9,200
1965,4,8,OH,3,38.87,-82.98,2.0,100
1965,5,13,KS,3,37.13,-97.3,62.5,100
1965,5,15,TX,3,32.45,-99.73,9.3,100
1965,5,15,TX,3,31.97,-102.1,1.0,10
1965,5,20,SD,3,45.92,-98.48,3.8,400
1965,5,24,SD,3,43.5,-97.5,9.0,20
1965,5,25,KS,3,37.7,-98.78,25.3,250
1965,5,4,KS,3,39.52,-100.67,5.2,100
1965,5,5,IA,4,42.3,-94.47,9.9,200
1965,5,5,MN,3,43.5,-92.02,65.2,100
1965,5,5,IA,4,43.28,-92.82,41.6,200
1965,5,6,MN,4,44.78,-93.75,12.3,300
1965,5,6,MN,4,44.85,-93.53,6.9,200
1965,5,6,MN,3,44.68,-94.17,15.5,167
1965,5,6,MN,4,45.03,-93.28,6.8,1000
1965,5,6,MN,4,44.98,-93.38,17.3,667
1965,5,8,NE,3,41.05,-98.75,10.2,10
1965,5,8,NE,4,41.23,-98.67,78.9,10
1965,5,8,NE,3,40.17,-97.57,40.1,10
1965,5,8,NE,3,42.1,-99.1,44.8,10
1965,5,8,SD,5,43.0,-99.72,30.1,1760
1965,5,8,NE,4,40.87,-98.6,125.7,10
1965,5,8,SD,3,43.17,-99.33,1.5,20
1965,6,16,MT,3,45.8,-108.5,20.6,10
1965,6,21,SD,3,42.95,-97.78,15.4,87
1965,6,26,SD,3,42.97,-97.82,35.6,163
1965,6,2,TX,4,33.9,-102.15,39.3,200
1965,6,3,TX,3,34.85,-100.2,8.8,10
1965,6,4,KS,3,37.83,-97.83,6.9,880
1965,6,4,TX,3,35.32,-100.15,6.8,50
1965,6,5,TX,3,27.23,-97.73,1.0,100
1965,6,7,SD,4,43.17,-97.23,7.8,647
1965,6,7,SD,3,42.92,-96.8,0.1,10
1965,6,7,IA,3,42.87,-96.3,11.5,100
1965,7,12,WY,3,44.25,-104.25,20.8,1400
1965,7,18,SD,3,44.6,-103.55,0.1,10
1965,7,1,NE,3,40.72,-96.42,12.8,10
1965,8,17,SC,3,33.83,-78.67,0.3,50
1965,8,25,IA,3,40.87,-91.3,3.0,100
1965,8,26,IA,4,42.3,-92.2,4.7,200
1965,9,14,IL,3,40.75,-89.72,6.6,200
1965,9,20,IA,3,41.33,-92.2,1.0,100
1965,9,21,TX,3,30.3,-101.8,10.0,10
1965,9,22,TX,3,32.6,-94.75,0.1,100
1965,9,22,TX,3,30.22,-95.73,0.8,10
1965,9,3,KS,3,37.65,-97.3,0.1,400
1966,10,14,IA,5,42.8,-93.65,9.7,1000
1966,10,14,IA,3,41.53,-93.1,29.5,200
1966,10,14,MO,3,38.78,-90.52,2.7,150
1966,11,10,MS,3,34.95,-88.52,3.3,27
1966,11,2,VA,3,37.97,-76.75,0.1,10
1966,12,8,MO,3,37.85,-90.78,1.3,200
1966,1,28,LA,3,29.92,-90.32,0.1,17
1966,2,9,TX,3,28.97,-96.67,2.0,33
1966,3,28,TX,3,29.45,-96.33,9.3,1760
1966,3,3,MS,5,32.18,-90.55,202.5,900
1966,4,11,OK,3,35.9,-95.77,7.3,100
1966,4,12,AR,3,34.4,-92.4,4.5,10
1966,4,18,TX,3,29.07,-95.45,2.0,50
1966,4,18,MS,3,30.42,-88.9,23.8,10
1966,4,19,KS,3,38.92,-94.8,7.7,150
1966,4,19,IA,3,41.85,-92.72,27.1,400
1966,4,19,IA,3,41.5,-90.5,2.0,100
1966,4,25,TX,3,28.82,-97.87,0.1,100
1966,4,27,OK,4,34.32,-96.53,10.2,300
1966,4,27,OK,3,34.88,-96.0,8.0,400
1966,4,4,FL,4,27.92,-82.8,135.8,300
1966,5,11,KS,3,39.65,-97.2,5.4,100
1966,5,11,KS,3,39.17,-95.8,9.9,660
1966,5,23,TX,3,33.38,-96.07,2.0,100
1966,6,11,MN,4,46.63,-94.37,72.8,333
1966,6,12,TX,3,33.3,-97.0,3.6,133
1966,6,16,VA,3,37.52,-78.77,1.0,100
1966,6,8,KS,3,39.07,-96.77,13.8,660
1966,6,8,KS,5,38.92,-95.92,21.1,880
1966,6,8,KS,4,39.17,-95.18,19.9,200
1966,7,31,ND,3,46.0,-99.47,26.4,280
1966,9,29,OH,3,41.45,-81.55,4.5,60
1967,10,24,MO,3,38.72,-90.48,21.8,100
1967,10,24,IN,3,38.48,-86.8,0.1,10
1967,10,24,IN,3,41.55,-87.22,0.1,10
1967,10,24,AL,3,34.8,-87.78,11.9,100
1967,10,24,AL,3,34.67,-87.67,15.0,10
1967,10,30,MS,3,30.38,-89.08,2.0,400
1967,10,30,FL,3,30.43,-87.27,0.1,10
1967,11,24,SC,3,33.93,-79.22,3.3,100
1967,12,10,FL,3,30.6,-86.2,0.1,10
1967,12,10,FL,3,30.07,-85.57,7.1,250
1967,12,18,AL,3,32.43,-88.15,7.6,10
1967,12,21,MO,4,37.68,-91.13,27.9,200
1967,12,21,TX,3,33.1,-96.1,0.1,33
1967,12,21,MO,3,37.83,-89.9,29.8,400
1967,12,21,IN,3,40.55,-85.4,0.1,10
1967,12,21,IN,3,40.48,-85.6,0.1,10
1967,12,2,MS,3,32.35,-90.77,82.3,50
1967,12,2,MS,3,31.37,-90.6,11.5,300
1967,12,2,MS,4,32.47,-89.47,7.6,300
1967,1,24,MO,3,39.1,-94.25,14.5,200
1967,1,24,MO,4,40.4,-92.53,25.7,440
1967,1,24,IA,3,40.87,-92.08,25.0,400
1967,1,24,IA,3,40.67,-91.32,4.3,300
1967,1,24,IL,3,42.05,-90.03,7.4,77
1967,1,24,IL,3,40.12,-90.22,5.1,80
1967,1,24,WI,3,42.6,-89.37,24.9,200
1967,1,24,MO,4,38.68,-90.55,25.0,200
1967,3,12,KY,3,36.82,-84.52,23.6,100
1967,3,12,KY,3,36.67,-84.12,2.0,100
1967,3,5,AR,3,34.48,-93.08,4.3,67
1967,3,6,AL,4,33.7,-87.17,20.9,440
1967,4,16,WI,3,42.52,-89.93,27.8,500
1967,4,16,IA,3,40.7,-92.1,19.4,500
1967,4,20,OK,3,34.97,-98.23,1.0,200
1967,4,21,MO,3,39.47,-93.77,14.6,440
1967,4,21,IA,3,41.0,-91.93,0.1,200
1967,4,21,MO,4,39.7,-93.17,59.0,500
1967,4,21,IL,4,42.22,-88.92,25.5,1200
1967,4,21,IL,4,42.15,-88.27,8.8,150
1967,4,21,IL,4,41.67,-87.83,15.0,200
1967,4,21,MI,3,42.9,-85.77,13.6,400
1967,4,21,MI,4,42.93,-84.8,12.0,50
1967,4,30,IA,3,43.1,-93.42,7.7,250
1967,4,30,IA,4,43.3,-93.17,13.3,400
1967,4,30,IA,3,43.33,-93.2,17.2,800
1967,4,30,MN,3,43.67,-93.58,18.4,100
1967,4,30,IA,4,43.45,-93.17,7.6,500
1967,4,30,MN,4,43.57,-93.43,38.7,100
1967,4,30,MN,4,43.8,-93.52,20.1,267
1967,5,19,MD,3,39.38,-79.33,0.3,33
1967,5,29,TX,3,28.4,-98.18,1.0,33
1967,5,1,LA,3,30.67,-92.93,5.2,750
1967,5,6,AL,3,33.45,-86.83,4.3,200
1967,5,7,KY,3,38.6,-83.7,2.0,10
1967,6,10,OK,4,35.6,-99.38,8.7,300
1967,6,10,OK,4,35.83,-98.3,0.1,10
1967,6,10,OK,3,35.85,-98.18,16.7,10
1967,6,11,KS,3,39.17,-95.67,43.9,10
1967,6,14,IA,3,42.8,-96.58,6.2,500
1967,6,23,KS,3,38.15,-101.25,35.6,10
1967,6,6,NE,3,40.18,-101.95,40.1,10
1967,6,8,IA,4,42.52,-94.18,2.0,200
1967,7,24,NY,3,42.42,-78.67,11.4,250
1967,7,3,TX,3,35.53,-100.45,2.3,33
1967,7,4,VA,3,36.55,-76.58,2.0,50
1967,8,18,TX,3,29.42,-94.92,0.5,50
1967,8,2,WI,3,43.13,-89.45,0.1,200
1967,9,20,TX,3,28.7,-96.22,1.0,100
1967,9,20,TX,3,29.07,-96.52,0.1,10
1967,9,20,TX,3,29.35,-97.07,4.3,333
1967,9,20,TX,3,29.65,-98.12,5.0,67
1967,9,20,TX,3,29.45,-96.85,2.0,167
1967,9,20,TX,3,28.07,-97.05,1.5,100
1967,9,20,TX,3,29.82,-96.23,19.9,10
1967,9,20,TX,3,29.82,-96.23,19.9,10
1968,11,11,GA,3,31.35,-83.93,2.0,100
1968,11,17,AL,3,32.9,-86.75,32.3,400
1968,11,18,GA,3,31.17,-82.3,0.5,33
1968,11,27,LA,3,32.75,-91.72,0.5,33
1968,11,3,MS,3,30.37,-89.08,2.0,123
1968,11,3,AL,3,30.77,-88.12,70.4,400
1968,11,5,TX,3,28.8,-97.0,14.4,200
1968,12,12,TX,3,30.32,-95.43,6.2,200
1968,12,28,GA,3,30.75,-84.63,0.5,100
1968,2,1,LA,3,32.4,-92.1,0.5,100
1968,3,11,LA,3,31.77,-93.1,1.0,100
1968,4,14,IN,3,39.07,-85.97,3.3,10
1968,4,19,AR,4,35.2,-94.27,2.0,300
1968,4,19,OK,3,35.28,-96.73,6.6,150
1968,4,23,KY,4,38.67,-84.37,78.7,550
1968,4,23,MI,3,43.7,-85.48,60.9,100
1968,4,23,OH,4,39.1,-84.27,24.1,300
1968,4,23,KY,3,38.72,-82.95,0.1,10
1968,4,23,OH,5,38.7,-82.8,34.0,400
1968,4,3,AR,4,33.92,-91.85,33.7,400
1968,4,3,AR,3,36.08,-90.47,3.6,100
1968,4,3,TN,3,35.33,-89.92,28.8,1760
1968,4,3,KY,4,36.63,-88.3,50.6,100
1968,5,13,KS,3,38.43,-101.17,140.4,320
1968,5,13,OK,3,34.93,-96.85,11.6,100
1968,5,15,IL,3,40.23,-89.83,12.6,600
1968,5,15,KS,3,38.63,-94.65,2.7,50
1968,5,15,IA,5,42.77,-93.12,62.1,600
1968,5,15,IA,5,42.67,-91.93,13.1,500
1968,5,15,IL,3,40.62,-87.7,7.1,400
1968,5,15,AR,3,36.38,-92.38,7.3,200
1968,5,15,AR,4,35.65,-91.47,0.3,300
1968,5,15,IL,3,38.4,-89.9,2.0,200
1968,5,15,AR,4,35.73,-91.18,20.9,250
1968,5,16,IN,3,40.73,-85.85,50.3,10
1968,5,16,TX,3,34.12,-99.33,2.0,23
1968,5,24,TX,3,32.63,-100.77,2.0,67
1968,5,24,TX,3,32.63,-100.6,4.1,67
1968,5,24,TX,3,32.63,-100.7,2.7,100
1968,5,6,TX,3,35.67,-100.63,0.5,100
1968,6,13,MN,5,44.17,-95.75,9.1,150
1968,6,18,KS,3,38.5,-99.3,0.5,220
1968,6,20,SD,3,45.53,-100.22,8.8,200
1968,6,20,SD,3,45.5,-100.03,0.1,10
1968,6,20,SD,3,43.68,-97.98,9.9,2667
1968,6,30,MN,3,46.2,-93.07,0.1,10
1968,8,18,NE,3,41.25,-95.95,21.3,10
1968,8,19,WI,4,45.08,-88.08,21.8,33
1968,8,20,NH,3,43.1,-72.8,1.0,27
1968,8,23,ND,3,47.13,-98.47,8.5,100
1968,9,22,IA,3,43.02,-96.07,4.7,50
1969,10,12,TX,3,32.67,-96.83,45.9,200
1969,12,12,WA,3,47.5,-122.4,3.8,100
1969,12,25,LA,3,30.0,-92.27,1.5,100
1969,12,25,LA,3,30.13,-91.35,13.5,50
1969,12,29,LA,3,31.5,-91.85,29.1,183
1969,1,23,MS,4,31.68,-91.05,117.8,200
1969,3,23,TX,3,29.8,-94.3,0.5,67
1969,3,24,VA,3,36.63,-78.8,0.1,20
1969,4,11,TX,3,28.8,-95.65,2.0,67
1969,4,12,LA,3,30.2,-90.9,10.7,100
1969,4,18,AL,4,31.83,-86.63,52.4,500
1969,4,18,SC,3,34.42,-80.13,77.3,440
1969,4,18,NC,3,34.95,-78.5,25.8,300
1969,4,19,TX,3,32.7,-102.67,0.1,50
1969,4,27,TX,3,33.72,-95.27,2.0,440
1969,5,10,OH,3,39.33,-84.77,54.5,400
1969,5,10,KY,3,37.95,-85.7,4.3,200
1969,5,12,TX,3,26.22,-97.68,0.1,10
1969,5,12,TX,3,26.1,-97.6,0.1,10
1969,5,14,TX,3,33.05,-95.48,0.5,10
1969,5,14,TX,3,31.92,-96.88,0.1,33
1969,5,16,TX,3,28.03,-97.83,0.5,20
1969,5,16,TX,3,33.92,-102.5,0.6,50
1969,5,27,TX,3,29.78,-94.7,1.5,67
1969,5,6,TX,3,30.63,-99.52,41.6,200
1969,5,6,TX,3,30.1,-98.58,38.9,100
1969,5,6,TX,3,34.2,-102.4,1.0,100
1969,5,8,OH,3,39.67,-84.13,1.9,150
1969,5,8,OH,3,40.3,-81.2,2.0,300
1969,6,20,NY,3,42.02,-79.63,84.1,10
1969,6,21,KS,3,38.82,-97.63,2.0,100
1969,6,22,MO,4,37.95,-91.1,20.2,800
1969,6,22,MO,4,37.73,-90.55,15.1,440
1969,6,22,MO,3,37.68,-90.07,18.1,100
1969,6,23,KS,4,37.65,-97.65,8.7,700
1969,6,24,KS,3,39.1,-100.03,47.0,700
1969,6,25,SD,3,45.45,-98.08,1.5,133
1969,6,26,WI,3,44.5,-88.4,15.3,100
1969,6,26,MI,3,44.75,-85.67,6.4,600
1969,6,26,MO,3,39.18,-94.63,10.1,100
1969,6,2,NY,3,43.0,-76.7,17.5,10
1969,7,26,IA,3,42.33,-95.6,22.5,200
1969,7,4,MI,3,42.12,-83.58,13.9,100
1969,7,7,SD,4,45.28,-103.75,1.8,133
1969,8,25,NH,3,43.87,-71.7,5.7,17
1969,8,6,MN,3,46.72,-94.73,17.3,167
1969,8,6,MN,4,46.78,-94.22,32.3,833
1969,8,6,MN,3,47.6,-92.83,10.0,300
1969,8,6,MN,3,46.9,-93.45,12.5,1500
1969,8,6,MN,3,47.8,-92.28,7.2,220
1969,8,6,MN,3,46.95,-92.98,18.4,2933
1969,8,6,MN,3,47.82,-92.13,3.8,250
1969,8,6,MN,3,47.05,-92.15,17.2,117
1969,8,9,IN,3,39.82,-86.22,0.1,167
1969,8,9,OH,3,39.22,-84.52,22.2,400
1969,9,8,TX,3,29.7,-95.22,0.8,50
1970,10,11,TX,3,29.92,-93.88,4.3,100
1970,10,3,MA,3,42.33,-72.17,35.4,60
1970,10,5,OK,4,35.33,-96.93,25.0,150
1970,10,8,AR,3,36.22,-94.53,6.9,200
1970,11,19,AR,3,34.78,-90.97,8.0,400
1970,11,19,IN,3,37.95,-86.77,2.0,100
1970,12,1,WI,3,44.33,-88.65,13.1,67
1970,3,17,LA,3,29.7,-91.3,1.0,50
1970,3,19,AL,3,32.83,-85.2,2.0,200
1970,3,3,TX,3,32.3,-94.98,0.5,67
1970,3,5,FL,3,28.62,-80.8,1.9,333
1970,4,17,TX,4,33.6,-102.63,30.0,880
1970,4,17,TX,4,34.0,-101.98,96.6,880
1970,4,17,TX,4,34.38,-102.62,130.0,880
1970,4,18,TX,4,34.65,-101.53,65.0,880
1970,4,19,LA,3,32.32,-93.67,6.8,50
1970,4,19,MS,4,34.72,-89.0,47.6,100
1970,4,19,AR,3,35.0,-90.45,1.8,100
1970,4,23,KY,3,38.22,-84.6,0.5,50
1970,4,24,KY,3,37.03,-88.33,25.4,10
1970,4,24,TN,3,35.03,-90.03,17.0,50
1970,4,24,MS,3,34.98,-90.05,12.3,50
1970,4,24,TN,3,35.07,-89.98,10.4,50
1970,4,26,OK,3,36.25,-98.15,1.0,10
1970,4,27,TN,4,36.45,-87.13,42.6,250
1970,4,30,MO,3,36.58,-90.6,8.2,100
1970,4,2,GA,3,33.33,-84.8,0.3,100
1970,4,2,GA,3,34.23,-84.18,6.5,50
1970,5,11,TX,5,33.55,-101.9,8.4,1333
1970,6,11,OK,3,35.5,-97.75,13.2,100
1970,6,11,OK,3,35.68,-94.77,51.8,250
1970,6,12,MO,4,39.55,-92.88,16.1,400
1970,6,12,MO,3,39.73,-92.48,8.5,200
1970,6,12,MO,3,39.15,-91.83,16.0,100
1970,6,13,KS,3,37.95,-99.47,7.3,10
1970,6,14,KS,3,39.48,-100.52,17.2,900
1970,6,15,SD,3,44.15,-96.95,0.1,200
1970,6,18,PA,3,40.4,-76.3,1.9,880
1970,6,24,TX,3,27.57,-97.78,1.5,200
1970,6,26,TX,3,29.22,-100.53,3.8,880
1970,7,19,MO,3,36.7,-91.4,5.0,200
1970,7,7,WI,3,46.25,-89.97,37.9,10
1970,8,19,NY,3,42.67,-78.88,2.3,300
1970,9,3,OH,3,39.65,-82.97,2.3,100
1970,9,9,IA,3,42.5,-90.67,4.7,300
1971,10,17,CO,3,38.35,-103.0,5.6,500
1971,10,17,KS,3,39.15,-101.32,0.1,10
1971,10,17,KS,3,39.9,-101.23,3.8,440
1971,10,17,TX,3,35.37,-101.1,2.3,100
1971,10,1,IA,3,43.03,-95.48,11.2,10
1971,12,10,MS,3,31.28,-89.98,19.1,133
1971,12,10,MS,3,31.48,-89.73,0.1,17
1971,12,14,AR,3,36.25,-92.6,23.6,880
1971,12,15,MS,3,31.58,-89.97,15.9,150
1971,12,20,AL,3,31.3,-87.52,1.0,100
1971,2,12,LA,3,30.22,-93.2,3.6,150
1971,2,21,LA,5,32.38,-91.47,109.2,500
1971,2,21,MS,4,32.7,-91.02,202.1,100
1971,2,21,MS,4,32.33,-90.73,65.2,10
1971,2,21,MS,3,33.85,-90.52,8.6,10
1971,2,22,OH,3,39.97,-82.93,6.8,100
1971,2,22,NC,3,35.08,-78.92,85.7,500
1971,2,26,AL,3,32.82,-87.93,4.3,50
1971,2,4,AL,3,34.03,-87.95,34.1,750
1971,2,7,FL,3,30.35,-87.17,1.0,100
1971,2,7,FL,3,29.9,-81.55,13.1,200
1971,3,12,OK,3,33.97,-96.88,41.6,250
1971,3,12,TX,3,33.38,-96.83,5.2,440
1971,3,12,TX,3,33.5,-96.6,5.1,440
1971,3,12,TX,3,33.5,-96.6,5.1,440
1971,3,12,TX,4,33.48,-94.48,5.1,880
1971,3,2,AL,3,31.68,-85.97,23.8,10
1971,3,2,AL,3,31.9,-87.82,4.9,100
1971,3,3,AL,3,31.72,-85.82,2.0,10
1971,4,19,TX,3,34.82,-102.37,6.1,133
1971,4,23,AL,4,31.5,-87.3,25.4,300
1971,4,23,GA,3,31.77,-84.63,13.9,500
1971,4,23,GA,3,32.02,-84.0,13.5,150
1971,4,27,IL,3,37.9,-89.8,4.5,200
1971,4,27,KY,3,37.28,-86.9,26.6,20
1971,4,27,KY,3,37.2,-86.95,27.4,150
1971,4,27,KY,4,37.15,-85.45,14.1,100
1971,4,27,TN,3,35.98,-86.23,15.0,200
1971,4,27,KY,4,37.08,-85.07,13.0,100
1971,5,10,AR,3,33.82,-93.9,20.3,300
1971,5,18,IA,3,41.9,-92.08,4.3,300
1971,5,18,IA,3,42.0,-91.87,4.3,200
1971,5,23,TX,3,31.93,-97.32,7.1,33
1971,5,23,AR,3,35.15,-92.65,5.6,400
1971,5,24,OH,3,40.48,-83.93,1.0,150
1971,5,24,MS,3,34.85,-88.58,9.8,10
1971,5,31,IA,3,43.22,-95.95,46.5,100
1971,5,31,IA,3,43.33,-95.53,8.6,250
1971,5,31,IA,3,43.37,-95.32,8.0,200
1971,5,31,IA,3,42.1,-92.3,9.4,600
1971,5,5,IA,3,40.75,-94.63,2.0,400
1971,5,5,OK,3,35.82,-95.75,37.0,600
1971,5,5,MO,3,39.62,-93.1,3.8,50
1971,5,5,MO,3,37.08,-94.57,13.1,70
1971,5,5,MO,3,39.72,-92.98,0.1,50
1971,5,7,TN,4,36.07,-88.78,50.9,100
1971,5,9,KS,3,38.0,-99.52,9.0,200
1971,5,9,MS,3,32.87,-89.53,1.0,10
1971,6,21,ND,3,47.52,-97.93,13.7,500
1971,6,22,LA,3,31.33,-92.55,0.1,17
1971,6,24,IA,3,43.07,-91.82,0.1,200
1971,6,2,OH,3,40.92,-84.0,31.5,200
1971,6,2,OH,3,41.08,-84.0,39.6,200
1971,6,2,PA,3,41.87,-80.13,29.3,10
1971,6,5,TX,3,35.92,-101.53,4.7,1320
1971,6,6,KS,3,38.8,-96.62,2.0,200
1971,6,7,OK,3,35.73,-98.77,1.5,50
1971,6,9,TX,4,36.03,-101.82,5.9,1320
1971,6,9,TX,4,36.27,-101.4,15.9,1760
1971,7,12,IA,3,43.33,-93.03,15.4,833
1971,7,12,IA,4,43.23,-92.45,10.9,1320
1971,7,12,IA,3,42.3,-91.52,0.1,833
1971,7,24,SD,3,43.77,-99.32,2.5,300
1971,7,29,CT,3,41.55,-73.05,0.1,200
1971,7,3,SD,3,44.27,-99.23,0.1,87
1971,7,9,SD,3,44.08,-99.6,0.1,10
1971,7,9,SD,3,43.88,-99.62,0.1,10
1971,9,13,MA,3,42.33,-72.67,0.5,10
1971,9,16,LA,3,30.45,-91.03,7.3,83
1971,9,17,AL,3,31.42,-86.17,0.3,100
1971,9,28,WI,3,44.92,-91.03,49.6,300
1971,9,28,WI,3,45.05,-89.6,78.4,200
1972,10,22,OK,3,33.9,-94.83,1.5,33
1972,10,22,TX,3,32.48,-94.28,0.5,30
1972,1,10,GA,3,33.67,-84.4,6.3,200
1972,1,13,AL,3,31.6,-85.4,16.8,200
1972,1,13,GA,3,32.87,-82.38,33.6,400
1972,1,9,MS,3,31.87,-89.28,18.2,100
1972,1,9,MS,3,31.7,-89.17,23.6,300
1972,2,29,LA,3,30.53,-91.38,1.0,200
1972,3,28,AR,3,33.15,-92.47,10.4,880
1972,4,19,OK,4,34.38,-97.55,28.2,10
1972,4,21,IL,3,37.55,-88.53,0.3,60
1972,4,21,MS,3,33.32,-90.43,12.8,150
1972,4,21,KY,3,37.28,-86.73,5.7,10
1972,4,21,TN,3,35.13,-87.53,32.3,200
1972,4,21,KY,3,37.5,-86.18,1.0,10
1972,4,21,MS,3,31.42,-90.47,9.1,150
1972,4,30,KS,3,38.53,-100.37,13.1,300
1972,4,30,KS,3,38.65,-100.48,1.0,50
1972,4,30,KS,3,38.22,-99.5,17.0,77
1972,4,30,KS,3,38.55,-100.03,6.8,440
1972,4,30,KS,4,38.08,-100.1,26.6,77
1972,4,30,KS,3,38.45,-99.72,2.7,200
1972,4,30,KS,3,38.92,-97.23,1.5,300
1972,4,5,OR,3,45.6,-122.63,8.7,440
1972,4,5,WA,3,47.75,-118.52,0.1,83
1972,4,7,AR,3,35.78,-92.33,2.0,100
1972,5,14,IN,4,39.77,-86.08,30.0,200
1972,5,15,NC,3,35.58,-77.52,8.5,120
1972,5,22,OK,3,35.02,-99.67,9.5,100
1972,5,2,PA,3,41.47,-80.22,7.9,33
1972,5,9,KS,3,37.12,-102.0,2.7,400
1972,6,19,FL,3,28.37,-80.67,4.9,100
1972,6,19,FL,3,28.47,-80.53,3.8,100
1972,6,20,AR,3,33.35,-92.08,0.3,150
1972,7,17,IL,3,41.07,-89.63,81.5,200
1972,7,20,NE,3,41.48,-99.6,32.8,150
1972,7,27,NE,3,41.2,-101.0,2.3,100
1972,8,10,AZ,3,34.75,-112.47,0.1,10
1972,8,2,MI,3,42.53,-83.48,0.1,43
1972,9,28,IL,4,42.28,-87.87,5.2,220
1972,9,29,MS,3,34.72,-88.97,45.5,880
1973,11,19,OK,3,35.13,-97.65,24.2,500
1973,11,20,MS,3,33.68,-90.05,11.9,10
1973,11,24,TX,3,32.35,-97.4,0.1,33
1973,11,24,MS,3,33.67,-90.2,0.1,10
1973,11,26,MS,3,33.58,-89.28,54.4,10
1973,11,26,MS,3,32.03,-90.38,0.1,10
1973,11,27,AL,3,34.63,-86.78,14.1,200
1973,12,13,GA,3,34.3,-83.87,9.5,200
1973,12,13,SC,3,34.27,-82.17,10.7,200
1973,12,13,SC,3,34.13,-82.17,17.7,150
1973,12,13,SC,4,34.18,-82.02,1.0,50
1973,12,13,SC,3,34.2,-81.72,17.3,200
1973,12,29,AL,3,31.32,-85.9,11.6,67
1973,12,29,AL,3,31.35,-85.35,15.0,70
1973,12,30,AL,3,31.45,-85.65,1.5,120
1973,12,3,TX,3,32.8,-95.68,3.0,27
1973,1,18,LA,3,32.13,-92.3,38.0,73
1973,3,10,TX,3,30.73,-98.23,7.8,250
1973,3,10,TX,4,31.53,-96.83,23.3,150
1973,3,10,TX,3,33.77,-96.85,6.8,100
1973,3,31,SC,4,34.08,-82.57,22.6,200
1973,4,15,TX,3,34.18,-101.75,7.6,200
1973,4,15,TX,4,28.83,-99.22,23.3,440
1973,4,15,TX,3,32.08,-96.47,3.8,200
1973,4,17,LA,3,30.17,-93.67,0.5,10
1973,4,17,LA,3,30.25,-93.17,0.5,10
1973,4,19,AR,3,35.75,-91.63,1.0,500
1973,4,19,MO,4,38.53,-93.53,10.0,880
1973,4,20,OK,3,34.78,-96.68,7.9,100
1973,4,20,AR,3,36.15,-93.15,7.8,500
1973,4,20,MO,3,37.57,-93.8,1.0,50
1973,4,20,MO,3,38.42,-93.4,5.0,50
1973,4,20,MO,3,38.3,-93.28,19.4,100
1973,4,20,MO,4,39.93,-92.48,3.8,440
1973,4,20,MO,3,38.45,-93.47,10.1,100
1973,4,20,MO,3,40.43,-92.05,9.5,440
1973,4,20,MO,3,37.38,-93.97,7.8,100
1973,4,21,MO,4,40.33,-93.55,14.6,440
1973,4,23,TX,3,32.37,-97.38,2.5,333
1973,4,26,LA,3,30.5,-91.08,0.3,70
1973,4,1,VA,3,38.8,-77.33,9.8,100
1973,5,10,OH,3,41.23,-83.43,50.1,27
1973,5,10,OH,3,40.23,-83.83,89.6,300
1973,5,19,AL,4,34.47,-85.75,5.4,400
1973,5,24,OK,4,35.4,-97.97,13.3,300
1973,5,26,OK,3,36.97,-95.92,0.3,100
1973,5,26,KS,3,37.72,-97.6,4.3,400
1973,5,26,OK,4,35.55,-95.32,3.6,500
1973,5,26,OK,3,35.57,-95.1,18.7,250
1973,5,26,AR,4,35.27,-91.37,54.8,300
1973,5,27,MS,3,31.53,-89.13,15.0,400
1973,5,27,SC,3,34.77,-82.43,60.2,150
1973,5,27,AL,4,32.53,-87.8,139.1,800
1973,5,27,AL,3,33.57,-86.7,41.6,800
1973,5,27,GA,3,33.72,-84.5,0.5,100
1973,5,28,GA,3,33.87,-83.63,18.7,200
1973,5,28,NJ,3,40.8,-74.5,0.4,50
1973,5,28,NJ,3,40.85,-74.72,0.4,50
1973,5,1,MO,3,40.42,-91.73,3.6,440
1973,5,6,TX,5,31.63,-97.48,10.6,100
1973,5,7,MO,3,36.75,-90.35,36.0,100
1973,6,15,ND,3,46.87,-97.25,0.1,10
1973,6,16,ND,3,47.37,-97.07,0.1,10
1973,6,18,OK,3,36.42,-96.33,2.5,40
1973,6,18,OK,3,35.32,-98.45,16.8,133
1973,6,18,OK,3,34.4,-99.02,3.3,50
1973,6,25,MN,3,46.4,-94.03,10.0,200
1973,6,29,KY,3,37.13,-84.08,0.5,100
1973,6,3,OH,3,41.2,-81.43,12.9,100
1973,6,3,TX,3,31.77,-95.17,0.1,33
1973,7,23,SD,3,44.35,-100.35,2.5,500
1973,7,1,SD,3,45.25,-98.5,0.3,30
1973,7,1,ND,3,46.03,-97.78,0.1,10
1973,7,1,ND,3,46.12,-97.17,0.1,10
1973,8,16,CA,3,33.62,-114.63,0.1,10
1973,8,28,NY,4,42.42,-73.42,9.8,313
1973,9,21,IA,3,42.53,-94.23,2.3,143
1973,9,24,OK,3,36.67,-95.12,20.8,100
1973,9,25,KS,3,38.35,-98.02,169.7,100
1973,9,25,KS,3,39.05,-97.58,69.9,67
1973,9,25,KS,3,37.1,-100.08,5.7,50
1973,9,25,KS,3,37.62,-99.75,8.8,73
1973,9,25,KS,3,37.8,-99.3,18.5,60
1973,9,25,KS,3,37.13,-99.52,58.0,80
1973,9,30,IL,3,40.23,-90.93,0.1,10
1974,10,28,TX,3,29.7,-95.02,3.3,50
1974,10,28,TX,3,29.63,-94.37,9.6,67
1974,10,29,LA,3,30.1,-92.68,31.3,200
1974,10,29,LA,3,30.18,-92.07,7.3,167
1974,10,31,TX,3,31.62,-95.58,2.0,500
1974,12,19,AL,3,31.93,-85.97,0.5,100
1974,12,19,AL,3,31.72,-85.88,11.3,300
1974,1,19,TX,3,31.3,-94.27,0.8,400
1974,1,26,AL,3,33.13,-85.47,21.3,150
1974,1,28,MS,3,32.12,-90.72,31.4,100
1974,1,28,AL,3,33.67,-87.83,0.8,50
1974,2,21,MS,3,31.55,-90.2,9.8,200
1974,2,21,MS,3,31.77,-89.95,14.2,10
1974,3,20,TX,3,31.35,-94.82,0.1,10
1974,3,20,TX,3,31.52,-94.12,85.2,200
1974,3,20,TX,3,31.35,-94.0,44.7,77
1974,4,13,MO,3,39.9,-92.27,0.1,50
1974,4,13,IL,3,40.27,-91.48,11.0,700
1974,4,20,NE,3,40.95,-99.43,63.5,880
1974,4,20,OK,3,35.27,-97.93,63.6,100
1974,4,20,NE,3,40.1,-97.93,41.6,10
1974,4,20,OK,3,34.22,-98.03,6.1,100
1974,4,21,WI,4,43.75,-88.83,26.0,200
1974,4,21,WI,3,43.55,-88.75,22.2,200
1974,4,21,WI,3,43.5,-88.75,58.6,200
1974,4,26,NE,3,41.33,-99.62,5.6,10
1974,4,26,NE,3,41.2,-99.3,6.1,10
1974,4,1,IL,3,38.72,-87.73,3.3,200
1974,4,1,KY,3,38.5,-85.23,3.3,300
1974,4,1,AL,3,34.7,-86.72,8.4,800
1974,4,3,TN,3,35.1,-84.92,18.1,350
1974,4,3,IN,5,38.07,-86.75,68.0,10
1974,4,3,OH,5,39.63,-84.05,31.3,533
1974,4,3,IN,3,38.77,-86.3,35.8,177
1974,4,3,IL,3,39.72,-89.13,20.9,350
1974,4,3,IL,3,40.52,-88.62,7.4,350
1974,4,3,IN,3,39.58,-85.87,20.7,440
1974,4,3,IN,4,39.75,-85.65,18.9,10
1974,4,3,IN,4,39.13,-85.72,35.6,1200
1974,4,3,IN,4,38.55,-85.75,35.6,1200
1974,4,3,KY,5,37.73,-86.53,32.0,440
1974,4,3,IN,4,40.05,-85.27,18.0,1400
1974,4,3,IN,4,38.77,-85.27,27.1,1133
1974,4,3,IL,3,39.98,-88.23,5.9,70
1974,4,3,IL,3,39.95,-88.07,14.9,350
1974,4,3,KY,4,37.42,-86.57,14.0,150
1974,4,3,IN,5,38.97,-84.88,20.8,533
1974,4,3,OH,4,39.18,-84.48,19.8,350
1974,4,3,IN,3,40.28,-87.48,25.9,700
1974,4,3,KY,4,38.2,-85.75,18.5,10
1974,4,3,IN,4,40.5,-87.13,108.7,1760
1974,4,3,KY,4,37.72,-85.9,37.9,10
1974,4,3,KY,3,36.72,-86.53,31.1,10
1974,4,3,MS,3,31.55,-89.18,12.0,100
1974,4,3,TN,3,35.18,-84.87,21.2,500
1974,4,3,GA,4,34.5,-85.05,29.5,200
1974,4,3,KY,4,37.22,-85.47,20.2,10
1974,4,3,KY,4,38.05,-85.07,79.4,10
1974,4,3,TN,3,35.83,-86.43,15.9,100
1974,4,3,AL,5,34.47,-87.48,52.0,500
1974,4,3,KY,3,37.43,-84.92,21.1,10
1974,4,3,AL,4,33.27,-88.2,110.6,500
1974,4,3,KY,4,36.65,-85.37,38.4,10
1974,4,3,IN,3,41.42,-85.47,36.2,1000
1974,4,3,KY,3,38.33,-84.43,19.3,10
1974,4,3,OH,3,38.82,-83.6,15.5,500
1974,4,3,AL,3,34.05,-85.82,20.9,100
1974,4,3,KY,3,36.85,-84.97,18.0,10
1974,4,3,KY,4,37.72,-84.5,31.9,10
1974,4,3,GA,4,34.37,-84.33,17.7,200
1974,4,3,TN,3,35.92,-86.05,14.6,100
1974,4,3,AL,5,34.7,-87.05,83.3,500
1974,4,3,OH,3,41.05,-84.45,8.7,177
1974,4,3,TN,4,35.0,-86.5,27.5,800
1974,4,3,KY,3,37.03,-84.4,22.3,10
1974,4,3,KY,3,37.98,-83.88,4.9,10
1974,4,3,TN,4,36.03,-85.57,28.4,700
1974,4,3,GA,4,34.95,-84.3,24.0,400
1974,4,3,TN,4,36.52,-85.08,11.0,300
1974,4,3,AL,5,33.83,-88.13,79.5,500
1974,4,3,KY,3,36.78,-84.7,13.9,10
1974,4,3,TN,4,36.25,-85.08,18.8,200
1974,4,3,MI,3,41.8,-83.52,0.3,30
1974,4,3,TN,3,35.25,-86.0,7.1,100
1974,4,3,KY,4,36.63,-84.78,16.1,10
1974,4,3,AL,3,34.53,-86.9,46.5,700
1974,4,3,KY,3,37.02,-84.87,28.8,10
1974,4,3,TN,3,36.35,-85.38,9.4,400
1974,4,3,TN,3,36.25,-84.67,12.2,350
1974,4,3,TN,3,36.48,-84.6,13.0,400
1974,4,4,WV,3,37.67,-81.27,9.2,10
1974,4,4,WV,3,37.8,-81.02,32.2,10
1974,4,4,VA,3,36.85,-81.92,8.4,177
1974,4,8,TN,3,35.43,-84.62,2.0,440
1974,4,8,SC,3,34.42,-82.75,1.0,100
1974,5,11,MI,3,42.42,-84.0,0.9,60
1974,5,13,IA,3,41.13,-95.07,10.9,20
1974,5,13,IA,3,41.62,-90.6,3.6,100
1974,5,14,TX,3,33.53,-96.85,2.0,33
1974,5,20,ND,3,46.53,-98.47,17.3,10
1974,5,28,IA,3,43.33,-93.22,3.8,150
1974,6,14,IL,3,41.38,-90.67,48.6,440
1974,6,16,NY,3,42.25,-73.83,49.1,67
1974,6,18,IA,4,41.73,-93.62,15.3,400
1974,6,20,IA,3,41.98,-90.27,10.6,200
1974,6,20,IN,3,41.28,-87.42,4.5,150
1974,6,21,KS,3,37.2,-100.7,2.7,30
1974,6,6,AR,3,34.98,-90.78,3.8,150
1974,6,6,AR,3,35.67,-93.53,11.7,300
1974,6,8,OK,3,35.4,-97.6,8.9,250
1974,6,8,OK,3,35.55,-97.35,10.2,600
1974,6,8,OK,3,35.48,-97.3,9.0,127
1974,6,8,OK,4,35.95,-96.65,29.0,400
1974,6,8,OK,3,35.68,-96.8,6.8,1300
1974,6,8,OK,3,35.62,-96.73,2.5,350
1974,6,8,OK,3,35.98,-96.0,63.6,100
1974,6,8,OK,3,36.0,-96.1,48.9,100
1974,6,8,KS,4,38.42,-96.22,37.5,1760
1974,6,8,OK,3,35.4,-96.68,29.9,1300
1974,6,8,OK,3,36.37,-94.9,2.7,150
1974,7,11,ND,3,48.33,-102.85,0.1,10
1974,7,14,MI,3,43.05,-83.55,1.0,33
1974,7,3,MI,3,45.08,-85.1,11.9,67
1974,8,10,IL,3,39.1,-88.33,0.1,10
1974,8,10,IL,3,39.55,-88.18,0.1,10
1974,8,12,IA,4,42.35,-91.48,5.0,400
1974,8,12,IA,4,41.75,-92.18,2.0,100
1974,8,15,CO,3,40.68,-103.17,2.0,150
1974,8,19,ND,3,46.28,-99.35,0.1,10
1974,9,13,TX,3,29.58,-95.75,3.6,73
1974,9,29,MA,3,42.6,-71.23,0.1,33
1975,11,9,IA,3,42.2,-92.47,39.4,10
1975,12,24,TX,3,29.02,-96.5,1.0,440
1975,12,31,FL,3,29.08,-82.17,2.0,200
1975,12,5,OK,3,35.67,-95.97,27.0,50
1975,12,5,OK,3,36.15,-95.97,1.5,700
1975,1,10,MS,4,31.18,-90.53,56.5,200
1975,1,10,AL,3,33.55,-86.32,18.8,150
1975,2,18,GA,3,32.55,-83.93,9.7,300
1975,2,22,AR,3,34.67,-92.38,14.4,80
1975,2,22,MS,3,34.45,-89.3,26.3,200
1975,2,23,AL,4,33.08,-87.6,14.4,500
1975,3,23,MS,3,34.42,-88.72,17.2,100
1975,3,24,GA,3,33.77,-84.53,14.8,500
1975,3,26,TX,3,35.43,-100.82,1.0,220
1975,3,28,AR,4,33.55,-92.12,5.4,250
1975,4,18,IL,3,38.25,-90.0,2.0,30
1975,4,23,MO,4,39.7,-93.97,11.4,400
1975,4,23,MO,3,39.73,-93.35,14.0,500
1975,4,23,MO,4,39.68,-92.67,28.2,1700
1975,4,24,MO,4,36.83,-94.58,11.9,500
1975,4,29,TX,3,29.07,-99.18,8.3,500
1975,5,10,CO,3,40.25,-103.37,8.0,440
1975,5,13,TX,3,31.83,-99.43,0.1,27
1975,5,18,CO,3,39.8,-104.73,4.1,440
1975,5,27,KS,3,38.53,-98.63,0.5,20
1975,5,2,OK,3,35.2,-99.08,4.7,150
1975,5,6,NE,4,42.2,-97.57,4.1,300
1975,5,6,NE,3,42.17,-97.47,44.8,90
1975,5,6,NE,3,41.97,-97.2,15.9,167
1975,5,6,NE,4,41.17,-96.07,8.0,267
1975,6,13,OK,3,36.12,-97.12,5.1,440
1975,6,13,IL,3,40.68,-90.25,6.6,1300
1975,6,15,NE,3,41.35,-97.95,63.2,200
1975,6,18,NE,3,40.37,-100.37,15.0,10
1975,6,18,NE,3,40.55,-100.35,21.9,10
1975,6,18,NE,3,40.95,-100.18,9.4,10
1975,6,18,NE,3,41.07,-100.17,28.4,10
1975,6,18,NE,4,41.35,-100.22,15.2,10
1975,6,25,WY,3,44.23,-104.35,11.5,440
1975,6,28,MN,4,46.87,-96.73,5.4,1320
1975,6,28,MN,3,46.87,-96.58,2.3,1760
1975,6,29,ND,4,46.53,-102.97,68.0,880
1975,6,4,WI,3,43.23,-89.23,2.3,33
1975,7,23,IL,3,40.55,-90.33,11.1,2630
1975,7,23,IL,3,40.57,-90.18,14.0,2630
1976,2,18,MS,3,32.55,-89.63,27.3,200
1976,2,21,MO,3,36.72,-90.48,23.7,300
1976,3,12,IL,3,41.63,-88.35,22.6,30
1976,3,12,IL,3,41.0,-87.7,38.5,250
1976,3,12,IN,3,41.7,-86.97,12.6,200
1976,3,12,IN,3,41.28,-86.65,12.1,40
1976,3,12,AL,3,32.58,-86.92,16.5,100
1976,3,12,AL,3,32.62,-86.07,4.9,400
1976,3,20,IL,3,39.42,-89.67,8.8,27
1976,3,20,IL,4,39.8,-88.8,63.7,800
1976,3,20,IN,4,40.47,-87.0,16.7,300
1976,3,20,LA,3,32.98,-91.32,4.6,50
1976,3,20,MI,4,42.52,-83.42,3.8,117
1976,3,20,MI,3,42.7,-82.97,17.1,100
1976,3,20,MS,3,33.6,-89.18,49.4,1400
1976,3,20,AL,3,34.22,-86.73,9.3,100
1976,3,20,AL,3,33.97,-86.62,19.2,40
1976,3,21,VA,3,38.35,-78.35,5.6,33
1976,3,21,PA,3,40.98,-75.18,0.5,100
1976,3,26,OK,4,34.77,-95.08,10.7,440
1976,3,26,OK,5,35.2,-94.7,11.9,440
1976,3,26,MO,3,37.03,-94.18,29.1,40
1976,3,26,AR,3,35.05,-93.42,16.1,100
1976,3,26,AR,3,35.05,-91.37,9.6,70
1976,3,26,MS,4,31.78,-90.02,18.5,880
1976,3,27,MS,3,30.97,-88.67,13.9,300
1976,3,29,MS,4,32.58,-90.22,22.3,880
1976,3,29,MS,4,31.78,-90.65,126.5,880
1976,3,29,AR,3,34.87,-92.17,17.2,100
1976,3,29,AR,3,35.55,-92.13,16.5,50
1976,3,30,MI,3,44.13,-84.22,11.4,100
1976,3,30,MI,3,44.27,-83.93,6.4,117
1976,3,30,MS,3,31.67,-91.18,31.7,1583
1976,3,4,IL,3,41.2,-89.57,0.8,100
1976,3,8,TX,3,29.37,-95.43,12.7,200
1976,4,15,TX,3,32.03,-100.1,9.9,10
1976,4,17,KS,4,37.07,-98.53,19.5,100
1976,4,17,TX,3,33.87,-99.5,14.7,150
1976,4,17,OK,4,34.88,-98.52,32.9,440
1976,4,19,TX,3,33.75,-97.58,10.4,373
1976,4,19,TX,5,31.72,-99.07,10.5,440
1976,4,19,TX,3,32.07,-98.88,2.2,250
1976,4,24,MS,3,34.28,-90.68,24.6,300
1976,4,29,TX,3,28.25,-97.68,1.0,33
1976,5,13,MS,3,34.92,-88.3,10.1,300
1976,5,25,TX,3,32.0,-97.13,0.1,10
1976,5,25,TX,3,32.57,-99.68,20.3,300
1976,5,26,TX,3,32.52,-99.65,1.0,300
1976,5,26,TX,3,32.4,-97.45,3.8,100
1976,5,26,TX,4,32.27,-97.28,18.8,300
1976,5,26,TX,3,32.9,-96.85,4.5,150
1976,5,26,TX,3,31.13,-97.53,2.0,100
1976,5,30,TX,3,31.23,-99.43,3.6,500
1976,6,13,IA,3,41.72,-94.1,17.9,100
1976,6,13,IA,5,41.93,-93.87,21.3,880
1976,6,13,IA,3,42.08,-93.73,0.1,333
1976,6,13,IL,4,41.67,-88.0,3.3,1760
1976,6,26,IA,4,41.45,-95.6,5.1,200
1976,6,29,IL,4,40.8,-89.75,4.9,40
1976,7,11,PA,3,40.35,-79.5,11.8,67
1976,7,28,IL,3,38.83,-89.67,0.1,10
1976,7,29,PA,3,41.2,-77.27,25.0,150
1976,9,26,IN,3,38.93,-85.9,4.9,100
1976,9,26,IN,3,38.8,-85.67,14.6,300
1977,10,1,OH,3,39.25,-84.67,0.7,150
1977,11,1,TX,3,33.47,-94.25,5.9,50
1977,12,13,TX,3,29.78,-95.28,25.1,400
1977,12,13,MS,3,31.03,-90.67,20.4,350
1977,12,24,MS,3,31.8,-90.33,8.0,440
1977,2,23,MS,3,33.13,-89.45,10.5,100
1977,2,23,MS,3,32.85,-89.48,11.4,177
1977,2,23,MS,4,33.02,-89.23,15.0,350
1977,3,28,MS,3,32.72,-89.97,24.5,250
1977,3,30,AL,3,34.33,-86.07,9.2,50
1977,3,2,OK,3,34.48,-97.77,4.3,200
1977,3,4,NC,3,35.48,-77.55,4.9,60
1977,4,19,TX,3,31.42,-102.93,4.3,200
1977,4,21,LA,3,30.3,-91.95,3.8,440
1977,4,2,MI,4,42.28,-85.55,12.4,183
1977,4,2,MI,4,42.43,-85.02,16.6,613
1977,4,4,MS,3,32.82,-89.0,11.7,100
1977,4,4,MS,3,33.05,-88.55,9.1,587
1977,4,4,AL,3,33.83,-86.25,7.3,150
1977,4,4,AL,5,33.52,-86.93,14.7,550
1977,4,4,GA,3,34.17,-85.2,8.8,400
1977,5,14,NM,3,35.85,-104.07,0.1,10
1977,5,15,OK,3,34.45,-97.63,0.8,180
1977,5,16,TX,3,34.85,-100.4,16.7,500
1977,5,16,TX,3,35.17,-100.28,12.1,500
1977,5,16,OK,3,35.4,-99.9,6.5,800
1977,5,16,OK,3,35.33,-99.87,18.2,1320
1977,5,16,NE,3,40.47,-98.55,47.3,50
1977,5,18,OK,4,36.65,-102.4,38.6,440
1977,5,18,NE,3,42.38,-101.28,18.8,50
1977,5,20,OK,3,34.65,-99.27,10.4,880
1977,5,20,OK,3,34.48,-99.1,1.5,200
1977,5,20,OK,3,35.7,-97.3,9.9,400
1977,5,4,MO,3,38.43,-94.55,29.8,500
1977,5,4,MO,3,39.0,-93.92,26.2,100
1977,5,4,MO,3,38.63,-93.4,11.2,700
1977,5,4,NE,3,41.6,-97.13,7.6,200
1977,5,4,MO,4,39.22,-94.3,12.0,400
1977,5,4,MO,4,39.32,-94.0,48.6,880
1977,5,4,KS,3,38.8,-95.37,31.6,300
1977,5,4,IA,4,42.53,-94.15,2.0,70
1977,5,4,IA,3,42.1,-92.68,17.8,30
1977,5,5,IL,4,40.25,-89.25,7.3,1000
1977,6,10,IA,3,43.23,-94.77,14.9,10
1977,6,13,CO,3,38.93,-105.02,4.9,100
1977,6,30,IL,3,41.58,-89.0,6.1,850
1977,6,5,WI,3,43.82,-88.73,69.5,400
1977,7,10,NE,3,41.6,-101.6,7.8,40
1977,7,30,WI,3,45.17,-92.22,9.1,200
1977,7,30,WI,4,45.1,-91.53,19.0,300
1977,7,6,ND,3,48.72,-101.5,17.2,10
1977,7,7,NE,4,42.15,-96.7,22.6,77
1977,7,7,IN,3,40.45,-86.27,11.6,70
1977,7,9,VA,3,37.72,-78.0,5.9,100
1977,8,21,IL,3,39.43,-88.65,26.9,77
1977,8,26,MN,3,46.35,-94.5,26.3,400
1977,8,31,WI,4,44.78,-90.1,31.8,1000
1977,8,6,IL,3,39.63,-89.72,4.1,100
1977,9,11,NE,3,40.58,-98.33,6.6,10
1977,9,26,NJ,3,40.37,-74.52,5.9,27
1978,10,12,OH,3,40.8,-80.92,7.3,250
1978,12,3,LA,4,32.5,-93.75,6.2,400
1978,12,3,LA,3,32.7,-93.55,61.1,10
1978,12,3,LA,3,32.47,-93.3,60.0,300
1978,1,26,VA,3,38.5,-77.3,0.7,250
1978,1,7,AR,3,35.03,-91.22,39.6,150
1978,2,9,CA,3,33.67,-115.78,2.0,67
1978,4,17,MS,4,33.47,-91.0,3.6,100
1978,4,17,MS,3,31.95,-91.18,18.5,100
1978,4,17,MS,3,32.12,-90.62,4.5,100
1978,4,18,MS,4,31.55,-90.12,19.1,100
1978,4,18,AL,3,31.53,-87.45,10.5,220
1978,4,19,VA,3,36.88,-77.57,35.6,100
1978,4,30,TX,3,36.37,-100.43,14.4,100
1978,4,30,OK,4,35.58,-97.75,9.3,1760
1978,4,7,NE,4,40.87,-98.27,31.2,77
1978,4,7,NE,4,41.18,-97.42,8.0,50
1978,5,11,TX,3,32.0,-97.13,7.2,10
1978,5,12,KY,3,36.82,-87.75,9.5,800
1978,5,23,WY,3,44.25,-105.75,14.5,180
1978,5,25,ND,3,46.83,-100.9,2.5,30
1978,5,31,KS,3,39.32,-96.38,37.0,1300
1978,5,4,FL,3,27.92,-82.7,1.5,200
1978,5,5,TX,3,32.88,-96.22,29.9,10
1978,6,25,IN,3,40.43,-86.97,27.4,10
1978,6,25,IN,3,39.75,-86.27,1.0,100
1978,7,20,NE,3,42.17,-104.0,53.2,23
1978,7,26,IL,3,39.8,-89.78,8.9,177
1978,7,4,ND,4,46.4,-101.88,26.0,250
1978,7,5,IA,3,43.18,-96.47,8.0,100
1978,8,15,IL,3,41.27,-90.78,6.4,77
1978,9,11,NE,3,40.6,-100.0,22.5,20
1978,9,16,IA,3,41.97,-93.18,31.8,200
1979,10,30,TX,3,32.62,-98.98,18.6,127
1979,10,30,OK,3,34.23,-97.27,8.4,530
1979,10,3,CT,4,41.88,-72.67,11.3,1400
1979,11,25,AL,3,32.38,-86.25,10.2,150
1979,1,24,FL,3,27.45,-82.65,7.0,20
1979,1,24,FL,3,26.98,-80.6,9.6,20
1979,2,23,TX,3,32.15,-95.5,10.3,33
1979,3,18,OK,3,36.9,-95.93,7.9,30
1979,3,29,MO,4,40.48,-95.15,18.8,500
1979,3,29,IA,3,40.58,-94.95,29.6,500
1979,3,29,IA,3,40.77,-94.38,57.0,500
1979,3,31,KY,3,37.02,-86.08,12.7,100
1979,3,2,TX,3,30.77,-99.38,7.1,150
1979,4,10,TX,4,34.2,-99.15,39.7,880
1979,4,10,OK,3,34.57,-98.42,4.5,170
1979,4,10,TX,4,33.82,-98.65,46.9,1320
1979,4,10,OK,3,34.35,-97.6,12.8,170
1979,4,10,TX,3,31.7,-99.75,25.0,880
1979,4,11,MO,3,37.02,-92.12,35.4,400
1979,4,19,NE,3,41.6,-98.48,10.8,17
1979,4,1,TX,3,32.58,-94.8,5.6,150
1979,4,8,AR,3,33.72,-93.08,62.4,1320
1979,4,8,AR,3,33.25,-91.88,17.7,1320
1979,5,21,TX,3,32.57,-98.82,2.0,1320
1979,5,2,OK,4,36.45,-98.35,20.6,880
1979,5,2,OK,3,36.18,-97.73,8.4,120
1979,5,3,TX,3,32.78,-95.52,7.2,400
1979,5,8,IA,3,42.45,-96.17,0.1,30
1979,6,24,CO,3,38.85,-104.92,4.3,50
1979,6,28,IA,3,43.25,-94.25,15.9,300
1979,6,28,IA,4,42.63,-94.6,14.9,33
1979,6,29,IL,4,41.52,-88.23,5.4,100
1979,6,6,TX,3,33.22,-98.62,7.1,400
1979,7,16,WY,3,41.17,-104.82,8.8,80
1979,8,28,IA,3,40.92,-95.77,38.3,533
1979,8,5,IL,3,42.02,-89.58,5.7,67
1979,9,5,VA,3,36.98,-76.42,2.5,50
1979,9,5,VA,3,38.78,-77.08,17.9,300
1980,10,15,KS,3,37.33,-96.75,13.3,150
1980,10,16,KS,3,38.82,-99.25,0.1,10
1980,10,27,LA,3,31.83,-93.5,5.6,500
1980,3,1,FL,3,26.17,-80.17,7.8,500
1980,4,13,MS,3,30.37,-89.1,15.9,400
1980,4,2,TX,4,33.6,-99.18,8.4,250
1980,4,7,WI,3,43.48,-88.97,1.2,67
1980,4,7,OK,3,35.13,-94.55,0.5,127
1980,4,7,TX,3,30.52,-97.7,31.7,100
1980,4,7,OK,3,36.45,-95.2,24.8,440
1980,4,7,AR,3,35.45,-93.5,3.6,1707
1980,4,7,MO,3,38.78,-90.33,7.3,100
1980,5,12,MO,3,38.67,-93.42,15.8,300
1980,5,13,MI,3,42.22,-86.22,21.0,300
1980,5,13,MI,3,42.3,-85.72,10.6,450
1980,5,16,MS,3,30.37,-89.15,11.5,800
1980,5,19,MS,3,30.23,-89.45,13.1,800
1980,5,19,MS,3,30.38,-89.18,10.6,800
1980,5,19,MS,3,30.9,-88.65,4.3,150
1980,5,20,SC,3,34.37,-79.55,10.7,517
1980,5,28,TX,3,34.52,-101.93,6.1,2333
1980,5,28,TX,3,34.53,-101.77,2.0,833
1980,6,2,IN,3,40.08,-87.07,18.1,10
1980,6,2,IA,4,40.62,-93.92,31.2,140
1980,6,3,PA,4,40.65,-79.73,11.8,10
1980,6,3,WV,3,39.53,-79.9,29.8,150
1980,6,3,NE,3,41.02,-98.4,6.4,700
1980,6,3,NE,3,40.97,-98.35,2.3,500
1980,6,3,NE,4,40.92,-98.3,1.1,1700
1980,6,5,WI,3,43.67,-91.22,26.9,10
1980,6,5,WI,3,43.13,-88.77,10.7,100
1980,6,7,PA,3,39.93,-77.02,1.5,400
1980,7,10,TN,3,36.2,-82.35,1.9,100
1980,7,15,WI,3,44.83,-91.52,1.0,440
1980,7,9,IN,4,39.62,-85.48,11.0,267
1980,9,20,IA,3,43.15,-95.15,1.5,300
1980,9,3,MN,3,45.53,-94.22,3.8,60
1981,10,13,TX,3,31.95,-96.15,7.2,100
1981,3,19,FL,3,28.5,-81.42,8.0,100
1981,3,29,IL,4,41.68,-89.95,5.1,33
1981,4,19,OK,3,36.07,-95.92,4.9,200
1981,4,19,OK,3,35.92,-95.1,3.0,100
1981,4,19,OK,3,36.03,-95.9,0.5,10
1981,4,19,OK,3,35.95,-96.0,9.9,880
1981,4,22,MO,4,36.6,-90.42,63.0,400
1981,4,22,MO,3,38.18,-90.5,7.1,100
1981,4,1,AL,3,32.25,-85.4,0.1,100
1981,4,3,IL,4,38.72,-90.13,11.9,567
1981,4,4,WI,4,43.43,-88.2,1.8,100
1981,5,13,TX,4,33.77,-95.7,8.8,400
1981,5,17,OK,3,35.22,-96.98,10.2,587
1981,5,17,OK,4,35.35,-96.6,33.6,600
1981,5,17,OK,3,35.33,-96.48,15.4,350
1981,5,22,OK,4,35.32,-98.37,16.7,1333
1981,5,22,OK,3,35.48,-99.03,10.3,267
1981,5,23,OK,3,34.08,-96.5,9.7,100
1981,5,9,TX,3,31.97,-97.02,5.2,73
1981,5,9,TX,3,31.95,-95.9,15.0,100
1981,6,13,OH,3,40.5,-82.9,3.8,350
1981,6,14,MN,3,44.82,-93.27,16.2,600
1981,6,19,KS,3,38.97,-95.27,7.7,200
1981,6,21,IL,3,40.23,-90.63,8.8,880
1981,6,22,MA,3,42.5,-72.03,7.1,167
1981,6,5,LA,3,31.3,-92.47,4.3,40
1981,7,26,PA,3,40.77,-75.58,3.3,50
1981,7,30,ND,3,46.73,-101.13,23.9,500
1981,8,3,SD,3,43.28,-97.15,12.8,440
1982,12,23,AR,3,34.18,-93.92,20.0,400
1982,12,23,AR,3,35.53,-92.65,14.0,500
1982,12,24,AR,3,34.98,-92.27,16.5,150
1982,12,24,AR,4,36.18,-91.62,63.0,440
1982,12,24,AR,3,35.17,-91.33,15.0,300
1982,12,2,AR,3,35.48,-94.23,1.0,500
1982,12,2,AR,3,34.58,-92.47,18.0,233
1982,12,2,AR,3,35.15,-92.17,24.0,350
1982,12,2,AR,3,35.03,-92.33,32.0,300
1982,12,2,AR,3,36.18,-91.62,9.0,250
1982,12,2,AR,3,35.63,-92.58,23.0,400
1982,12,2,IL,3,38.52,-89.7,10.5,100
1982,12,3,AR,3,33.55,-92.8,10.0,250
1982,1,3,MS,3,32.25,-89.17,11.0,300
1982,3,14,TX,3,31.87,-100.15,40.5,173
1982,3,15,OK,3,34.8,-96.7,6.0,60
1982,3,15,KS,3,37.02,-95.85,6.0,300
1982,3,15,KS,3,37.53,-94.8,70.0,600
1982,3,15,KS,3,37.02,-95.43,30.0,167
1982,3,15,KS,3,37.32,-94.65,9.0,400
1982,3,15,MO,3,38.08,-93.58,14.0,700
1982,3,18,TX,4,36.02,-101.73,88.0,880
1982,4,25,AL,3,30.25,-88.13,1.5,100
1982,4,25,AR,3,34.17,-92.98,9.0,880
1982,4,25,LA,3,32.22,-94.03,7.0,200
1982,4,25,LA,3,32.22,-94.03,7.0,200
1982,4,25,LA,3,32.63,-93.38,23.0,500
1982,4,26,AL,3,33.93,-88.0,12.0,200
1982,4,2,OK,3,33.97,-97.12,0.5,30
1982,4,2,OK,3,34.07,-95.95,8.0,100
1982,4,2,TX,3,33.63,-96.28,32.0,150
1982,4,2,OK,5,34.13,-95.57,53.0,500
1982,4,2,TX,4,33.65,-95.63,23.0,250
1982,4,2,TX,3,33.63,-95.03,52.0,233
1982,4,2,AR,4,33.93,-94.28,45.0,200
1982,4,2,AR,3,36.32,-93.0,1.0,100
1982,4,2,AR,3,33.63,-93.8,18.0,200
1982,4,2,MO,4,36.57,-92.22,20.0,500
1982,4,2,AR,3,36.43,-92.12,1.5,880
1982,4,2,AR,3,35.08,-92.45,3.5,440
1982,4,2,TN,3,36.03,-89.38,8.0,77
1982,4,2,MS,3,32.72,-89.52,42.0,400
1982,4,2,IL,3,41.05,-87.98,12.0,750
1982,5,10,MN,3,46.02,-96.47,15.0,80
1982,5,11,OK,3,34.62,-99.32,4.0,350
1982,5,11,OK,3,34.7,-99.27,10.0,700
1982,5,11,OK,3,34.97,-99.23,7.0,100
1982,5,11,TX,3,34.65,-100.72,15.0,40
1982,5,12,TX,3,32.48,-98.23,9.0,100
1982,5,12,TX,3,31.83,-98.68,13.0,100
1982,5,13,TX,3,30.5,-94.05,8.5,150
1982,5,16,TX,3,33.93,-99.4,15.0,150
1982,5,17,MN,3,43.58,-93.28,46.0,100
1982,5,19,TX,3,35.53,-101.03,1.5,587
1982,5,19,TX,3,35.55,-100.88,4.0,880
1982,5,19,TX,3,35.55,-100.82,2.0,100
1982,5,19,KS,3,39.07,-101.72,2.0,400
1982,5,29,IL,3,38.03,-89.67,10.0,200
1982,5,29,IL,4,37.8,-89.13,17.0,400
1982,5,7,MS,3,31.48,-89.72,6.0,200
1982,5,7,MS,3,31.28,-89.25,13.0,100
1982,5,9,TX,3,35.15,-102.08,8.2,40
1982,6,12,CO,3,39.82,-104.53,3.0,400
1982,6,15,MI,3,42.35,-84.37,13.0,500
1982,9,12,LA,3,31.72,-91.53,2.0,133
1983,11,15,AL,3,34.1,-86.87,17.0,200
1983,11,19,LA,3,32.83,-92.63,2.0,200
1983,11,19,LA,3,32.33,-90.93,0.5,100
1983,11,22,OK,3,34.65,-95.12,3.0,100
1983,11,22,OK,3,35.85,-94.75,19.0,100
1983,12,3,AL,3,33.58,-85.83,4.0,150
1983,12,6,LA,4,30.07,-90.52,7.0,200
1983,12,6,AL,3,32.4,-87.07,13.0,500
1983,1,31,TX,3,30.08,-94.18,1.0,40
1983,1,31,LA,3,30.02,-92.27,6.0,100
1983,1,31,LA,3,30.93,-92.17,5.0,100
1983,2,9,LA,3,30.43,-92.33,3.0,150
1983,2,9,LA,3,30.4,-92.18,21.0,150
1983,3,15,TX,3,26.05,-98.32,6.1,900
1983,3,20,LA,3,30.97,-90.03,2.0,200
1983,3,20,MS,3,31.15,-88.57,1.0,200
1983,3,26,KS,3,37.43,-94.7,7.0,100
1983,4,23,SC,3,33.17,-81.45,33.0,200
1983,4,29,MO,3,37.2,-93.45,5.5,100
1983,4,1,LA,4,32.65,-92.02,9.0,1000
1983,4,1,LA,3,32.12,-92.1,6.0,250
1983,4,1,LA,3,32.22,-91.75,21.0,300
1983,4,1,LA,3,32.43,-91.42,3.0,150
1983,4,1,LA,3,32.53,-91.22,4.0,150
1983,4,9,FL,3,28.72,-82.48,10.0,80
1983,5,13,OK,3,35.85,-97.95,8.8,250
1983,5,14,AR,3,34.18,-92.05,5.0,100
1983,5,14,AR,3,34.5,-91.53,0.8,250
1983,5,16,AL,3,31.38,-85.93,1.5,150
1983,5,18,LA,3,32.05,-91.27,9.0,100
1983,5,18,LA,3,32.33,-91.2,5.0,100
1983,5,19,AL,3,34.48,-85.68,1.2,473
1983,5,19,LA,3,31.6,-93.53,3.0,150
1983,5,19,LA,3,31.78,-93.08,2.0,200
1983,5,19,LA,3,31.87,-92.92,23.0,500
1983,5,19,LA,3,31.87,-92.3,12.0,500
1983,5,19,LA,3,32.18,-91.98,2.0,250
1983,5,20,LA,3,30.92,-91.93,2.0,200
1983,5,20,LA,3,29.75,-93.6,5.0,200
1983,5,22,VA,3,37.08,-77.97,3.5,37
1983,5,22,MD,3,39.7,-77.25,2.0,37
1983,5,1,MO,3,38.45,-91.92,9.0,400
1983,5,1,IL,3,39.3,-90.27,4.0,77
1983,5,1,MO,3,38.63,-90.15,16.0,1000
1983,5,2,MI,3,42.45,-82.95,23.0,200
1983,5,2,OH,3,41.33,-83.83,5.0,100
1983,5,2,OH,3,41.33,-81.65,12.0,100
1983,5,2,NY,3,42.15,-79.62,28.0,450
1983,5,2,NY,3,42.03,-76.68,15.0,300
1983,5,2,NY,3,42.0,-76.53,2.0,880
1983,5,2,NY,3,43.17,-76.62,20.0,200
1983,5,2,NY,3,43.23,-76.3,3.0,150
1983,5,2,NY,3,43.48,-75.37,3.0,450
1983,5,6,KS,3,38.9,-95.87,19.0,150
1983,6,21,SD,3,45.92,-100.28,6.0,600
1983,6,21,SD,3,45.4,-101.72,6.0,300
1983,7,18,SD,3,44.9,-97.17,0.5,100
1983,7,21,NJ,3,39.67,-74.28,0.2,10
1983,7,3,MN,4,45.22,-93.32,1.0,67
1983,7,3,WI,3,44.08,-90.23,1.0,50
1983,7,3,WI,4,42.97,-90.13,0.5,50
1984,10,14,LA,3,30.65,-91.15,16.0,150
1984,10,18,MO,3,36.77,-91.52,26.0,440
1984,10,31,OK,3,36.22,-99.0,20.0,250
1984,11,9,AR,3,33.73,-93.15,6.0,880
1984,12,13,TX,3,32.72,-96.63,10.0,500
1984,2,27,FL,3,30.05,-83.17,7.0,100
1984,3,15,AR,4,35.58,-92.45,41.0,440
1984,3,15,AR,4,35.47,-91.23,26.0,440
1984,3,24,AL,3,31.52,-87.93,4.0,60
1984,3,28,SC,3,34.32,-81.42,19.0,870
1984,3,28,SC,4,34.37,-81.32,21.0,1000
1984,3,28,SC,4,34.53,-80.63,4.0,530
1984,3,28,SC,4,34.58,-79.92,7.0,700
1984,3,28,SC,4,34.65,-79.75,17.0,2113
1984,3,28,SC,4,34.63,-79.6,40.0,2600
1984,3,28,NC,3,34.83,-78.87,40.0,1407
1984,3,28,NC,4,35.05,-78.25,21.0,1407
1984,3,28,NC,3,35.2,-77.9,9.0,527
1984,3,28,NC,4,35.33,-77.78,28.0,1223
1984,3,28,NC,3,36.13,-77.2,6.0,880
1984,3,28,NC,3,36.37,-76.7,14.0,880
1984,4,21,MS,3,33.63,-89.4,71.0,10
1984,4,21,TN,3,35.12,-90.17,3.0,20
1984,4,25,NE,3,41.18,-98.5,8.0,40
1984,4,26,MN,3,45.02,-93.23,5.5,60
1984,4,26,KS,3,39.4,-95.43,32.0,1200
1984,4,26,OK,4,36.08,-96.6,22.0,880
1984,4,26,OK,3,35.47,-96.05,22.0,1760
1984,4,27,WI,3,45.67,-89.82,29.0,87
1984,4,27,WI,3,44.53,-88.92,32.0,440
1984,4,27,WI,4,44.08,-88.75,27.5,60
1984,4,27,WI,4,42.98,-88.37,6.5,10
1984,4,27,IL,3,41.55,-88.33,9.0,200
1984,4,29,OK,4,35.95,-96.5,27.0,200
1984,4,29,MO,3,38.95,-90.92,8.0,50
1984,4,3,AR,3,35.73,-90.87,49.0,200
1984,5,12,SD,3,44.88,-97.73,27.0,1320
1984,5,20,LA,3,29.8,-93.35,3.0,150
1984,5,1,TX,3,34.05,-100.92,8.0,440
1984,5,2,LA,3,32.28,-94.02,61.0,250
1984,5,3,AL,3,32.37,-86.4,7.0,800
1984,5,7,TN,3,36.28,-88.35,6.0,100
1984,5,7,LA,3,32.73,-91.2,1.0,100
1984,5,8,VA,3,37.22,-77.42,2.0,1500
1984,5,8,VA,3,37.3,-77.3,5.0,1500
1984,6,11,NE,3,41.0,-98.58,14.0,200
1984,6,12,NE,3,40.27,-97.8,13.0,200
1984,6,12,MI,3,43.58,-83.93,48.0,500
1984,6,7,IA,3,40.73,-95.03,25.0,100
1984,6,7,IA,3,43.2,-94.22,9.0,150
1984,6,7,MO,4,40.42,-94.03,134.0,250
1984,6,7,MN,3,43.67,-93.35,14.0,100
1984,6,7,WI,5,42.97,-89.98,36.0,450
1984,6,8,WI,3,43.45,-89.23,29.0,200
1984,8,8,MI,3,43.0,-83.7,0.8,67
1984,9,2,MI,3,43.2,-82.78,15.6,400
1985,11,18,AR,3,36.18,-92.67,34.0,440
1985,3,17,FL,3,27.08,-82.48,3.0,400
1985,4,20,MN,3,43.9,-96.1,8.0,250
1985,4,21,TX,3,33.23,-99.0,4.5,400
1985,4,23,LA,3,33.0,-93.85,13.0,200
1985,4,5,AL,3,34.27,-86.75,3.0,100
1985,4,5,AL,3,34.2,-86.32,8.0,277
1985,4,5,AL,3,34.13,-86.18,8.0,500
1985,5,10,KS,3,38.93,-99.63,10.0,300
1985,5,10,KS,3,39.18,-99.52,30.0,300
1985,5,10,KS,4,39.42,-99.4,33.0,1000
1985,5,10,NE,3,40.77,-99.0,17.0,500
1985,5,10,KS,4,39.73,-99.15,56.0,1000
1985,5,22,NC,3,36.1,-80.27,3.5,200
1985,5,27,NE,3,41.75,-103.65,48.0,200
1985,5,30,IA,3,42.85,-91.53,34.0,1500
1985,5,31,OH,4,41.83,-80.55,14.0,400
1985,5,31,OH,3,41.43,-81.0,15.0,440
1985,5,31,OH,4,41.48,-80.52,56.2,350
1985,5,31,PA,3,41.7,-80.15,23.0,277
1985,5,31,PA,4,41.93,-79.95,28.0,440
1985,5,31,PA,3,41.72,-79.8,8.0,427
1985,5,31,NY,3,42.03,-79.23,13.0,177
1985,5,31,OH,5,41.2,-81.15,47.0,450
1985,5,31,PA,4,41.55,-79.62,29.0,800
1985,5,31,OH,3,40.17,-82.72,29.0,150
1985,5,31,PA,3,41.68,-79.48,17.0,800
1985,5,31,PA,4,41.18,-78.67,69.0,3330
1985,5,31,PA,4,41.63,-79.03,29.0,1000
1985,5,31,PA,3,40.82,-80.47,39.0,243
1985,5,31,PA,3,41.18,-77.15,19.0,910
1985,6,8,WI,3,45.93,-90.47,68.0,2640
1985,7,25,VA,3,38.2,-78.42,0.2,100
1985,8,16,AL,3,34.37,-87.08,45.0,100
1985,8,16,AL,3,34.07,-86.83,32.0,100
1985,8,16,TN,3,35.23,-87.02,12.0,500
1985,8,17,KS,3,38.8,-96.4,2.0,50
1985,8,2,WY,3,44.83,-107.95,0.2,10
1986,10,14,VA,3,36.78,-77.77,12.0,800
1986,10,14,VA,3,37.3,-76.95,5.0,33
1986,10,1,WV,3,39.3,-80.78,1.0,200
1986,11,25,AL,3,31.38,-85.93,44.0,200
1986,2,5,TX,3,30.03,-95.55,5.0,70
1986,2,6,TN,3,35.23,-84.82,10.0,270
1986,3,10,IN,3,39.37,-86.52,35.0,440
1986,3,10,IN,3,40.03,-84.98,7.6,440
1986,3,12,MS,3,31.9,-89.37,32.0,123
1986,3,12,MS,4,32.42,-88.77,23.0,440
1986,3,12,AL,3,33.18,-88.2,16.0,700
1986,3,12,AL,3,33.55,-88.05,6.0,500
1986,3,12,AL,3,33.93,-87.83,2.5,200
1986,4,19,TX,3,32.45,-100.43,4.5,600
1986,4,20,KY,3,36.83,-85.37,3.0,400
1986,5,14,TX,3,33.53,-98.7,20.0,250
1986,5,15,MI,3,41.93,-84.97,1.2,200
1986,5,7,TX,3,35.83,-100.45,7.0,300
1986,5,8,OK,3,35.48,-97.53,4.0,200
1986,6,26,ND,3,48.93,-100.6,8.0,2000
1986,7,28,NE,4,42.68,-96.97,52.5,73
1986,7,4,WI,3,45.73,-88.0,24.3,840
1986,9,18,KS,3,39.93,-97.98,7.0,500
1986,9,28,IA,4,41.75,-93.6,20.0,250
1987,11,15,TX,3,31.6,-95.7,10.5,250
1987,11,15,TX,3,31.82,-95.33,33.0,500
1987,11,15,TX,3,31.87,-94.18,48.0,500
1987,11,15,TX,3,33.07,-94.53,12.2,200
1987,12,14,AR,3,35.1,-90.23,25.0,200
1987,2,28,MS,4,31.5,-89.25,35.0,1230
1987,3,22,TX,3,36.2,-100.32,30.0,440
1987,5,22,TX,4,31.0,-103.68,3.0,1000
1987,5,25,TX,3,36.2,-101.4,3.0,530
1987,5,25,TX,3,36.27,-101.05,3.0,700
1987,7,11,MI,3,45.77,-87.87,71.0,150
1987,7,21,WY,4,43.9,-110.33,24.3,2550
1987,7,21,ND,3,47.63,-98.05,1.0,100
1987,7,23,MN,3,45.15,-93.48,5.0,170
1987,7,27,MN,3,44.57,-92.72,30.0,220
1988,11,15,AR,3,35.27,-92.6,29.0,400
1988,11,15,MO,3,38.8,-90.7,1.0,200
1988,11,15,IL,3,38.62,-90.0,9.0,200
1988,11,19,MS,3,33.9,-90.53,4.0,100
1988,11,19,MS,3,34.12,-88.65,12.5,120
1988,11,20,AL,3,33.2,-87.57,0.5,400
1988,11,27,NC,4,35.87,-78.75,83.0,400
1988,11,4,MS,3,34.53,-88.52,12.0,150
1988,11,4,MS,3,34.88,-88.22,7.0,200
1988,11,4,AL,3,34.57,-88.08,60.0,200
1988,11,4,MS,3,31.62,-88.6,8.0,200
1988,12,24,TN,4,35.92,-86.9,6.0,150
1988,1,19,MS,4,33.15,-89.58,13.0,700
1988,1,19,TN,3,35.07,-89.45,22.0,200
1988,1,19,MS,3,33.78,-88.87,10.0,100
1988,1,19,AL,3,34.12,-86.9,10.0,440
1988,4,19,FL,3,30.45,-83.42,12.0,300
1988,4,1,TX,3,32.55,-94.92,13.0,440
1988,5,8,IA,3,41.75,-90.78,32.0,150
1988,5,8,WI,3,42.58,-90.23,16.0,123
1988,5,9,KY,3,36.6,-83.75,5.0,500
1988,6,15,CO,3,39.73,-104.93,2.5,200
1988,7,14,NY,3,41.33,-74.53,7.2,80
1988,7,15,IA,3,41.27,-95.87,2.8,73
1988,7,5,MT,3,47.72,-109.83,3.0,200
1988,7,5,MT,3,47.97,-109.98,12.0,200
1988,7,5,MT,3,47.87,-109.92,10.0,200
1989,11,15,AL,4,34.65,-86.65,18.5,880
1989,11,15,GA,3,34.62,-83.6,8.0,1760
1989,1,7,IL,4,38.48,-87.78,19.0,200
1989,3,4,MS,3,32.38,-90.37,11.0,350
1989,3,5,GA,3,33.28,-84.83,14.0,120
1989,4,3,IN,3,38.25,-87.63,3.1,100
1989,5,16,TX,4,29.28,-100.42,17.0,300
1989,5,17,TX,3,30.77,-97.62,3.0,1700
1989,5,24,IA,4,40.98,-94.72,49.0,1760
1989,5,24,IA,4,42.23,-93.82,66.0,150
1989,5,30,IA,4,42.28,-93.17,11.0,200
1989,5,5,SC,4,35.08,-81.93,15.0,700
1989,5,5,NC,4,35.47,-81.58,14.0,800
1989,5,5,NC,3,36.1,-80.25,10.5,200
1989,5,5,NC,4,34.98,-80.73,13.0,500
1989,6,25,NE,3,41.17,-100.78,8.0,123
1989,6,6,KS,3,37.18,-101.02,12.0,500
1989,6,6,TX,3,33.62,-101.53,30.0,900
1989,6,7,TX,3,32.02,-94.42,6.0,447
1989,7,10,NY,4,42.83,-74.53,42.0,1320
1989,7,10,CT,4,41.38,-72.9,3.0,100
1990,10,18,VA,3,38.3,-77.97,3.5,33
1990,10,18,NC,3,34.98,-80.68,12.0,100
1990,10,18,VA,3,37.62,-77.1,5.0,430
1990,10,18,NJ,3,40.48,-74.77,0.5,100
1990,11,27,MO,3,38.88,-92.45,1.0,50
1990,11,27,MO,3,38.95,-92.33,12.0,50
1990,12,21,MS,3,33.75,-89.95,3.5,440
1990,12,21,LA,3,31.8,-91.5,18.0,300
1990,12,21,MS,3,33.18,-89.93,20.0,880
1990,12,21,MS,3,32.7,-90.07,11.0,880
1990,1,19,TX,3,31.22,-94.95,13.0,100
1990,3,13,KS,5,37.77,-98.02,48.0,1320
1990,3,13,IA,3,41.6,-90.28,15.5,250
1990,3,13,IA,4,42.23,-91.42,19.0,200
1990,3,13,NE,3,40.53,-99.0,32.0,200
1990,3,13,NE,4,40.05,-98.53,131.0,440
1990,3,13,OK,3,36.73,-97.98,19.0,200
1990,3,13,KS,5,38.15,-97.43,22.0,1320
1990,3,13,NE,3,40.88,-98.47,27.0,200
1990,3,13,OK,3,36.95,-97.83,22.0,200
1990,3,13,KS,3,38.15,-97.73,18.0,200
1990,3,13,OK,3,34.27,-97.75,22.0,200
1990,3,13,NE,3,40.32,-97.67,25.0,180
1990,3,13,NE,3,40.02,-97.62,13.0,150
1990,3,13,IA,3,42.02,-93.38,9.0,100
1990,3,14,TX,3,31.07,-97.5,9.0,50
1990,4,25,TX,4,32.78,-97.83,10.0,880
1990,4,25,KS,3,38.62,-99.73,37.0,500
1990,4,27,TX,3,31.6,-96.5,4.0,100
1990,5,14,TX,3,32.88,-99.88,0.2,10
1990,5,15,OK,3,36.12,-97.15,7.0,440
1990,5,24,KS,3,38.45,-98.55,26.0,1320
1990,5,24,KS,3,38.5,-98.18,60.0,400
1990,5,26,OK,3,35.47,-98.33,3.0,200
1990,5,31,TX,3,36.17,-101.05,14.0,1407
1990,5,4,VA,3,37.32,-77.82,8.0,500
1990,6,15,NE,4,40.15,-101.23,28.0,2640
1990,6,28,IA,3,42.63,-93.17,9.0,90
1990,6,1,TX,4,31.08,-102.35,22.0,1233
1990,6,1,NE,3,41.27,-99.83,25.0,50
1990,6,2,IL,4,38.57,-88.47,23.0,300
1990,6,2,IL,4,38.95,-88.27,12.5,200
1990,6,2,IN,3,38.65,-87.05,7.0,200
1990,6,2,IL,4,38.25,-88.47,106.0,300
1990,6,2,IN,4,38.78,-86.53,11.0,400
1990,6,2,IN,4,38.47,-87.48,13.0,200
1990,6,2,IN,4,38.85,-86.28,18.0,200
1990,6,2,IN,3,38.75,-86.1,41.0,150
1990,6,2,IN,3,38.37,-85.95,12.0,300
1990,6,2,IN,4,39.22,-84.92,33.0,1350
1990,6,2,KY,3,38.4,-85.5,10.0,73
1990,6,2,IN,3,38.57,-85.63,17.0,440
1990,6,6,CO,3,39.13,-103.88,7.0,500
1990,6,6,CO,3,39.17,-103.7,7.0,500
1990,8,28,IL,5,41.68,-88.35,16.4,600
1990,9,14,MI,3,42.48,-83.47,24.0,90
1991,11,19,IL,3,37.73,-88.93,1.5,70
1991,11,29,MO,4,37.1,-93.3,10.0,400
1991,2,19,TX,3,31.5,-94.25,5.0,300
1991,3,21,OK,3,34.77,-96.78,11.0,350
1991,3,22,MS,3,34.72,-89.17,23.0,500
1991,3,22,IA,3,41.9,-93.63,43.0,70
1991,3,22,TN,3,35.05,-88.72,22.0,200
1991,3,26,KS,3,37.8,-98.5,26.0,220
1991,3,26,KS,4,37.97,-98.05,13.0,300
1991,3,26,OK,3,36.7,-98.0,67.0,500
1991,3,26,KS,3,37.25,-96.75,15.0,200
1991,3,27,IL,3,41.58,-88.1,15.0,200
1991,3,27,MI,3,44.33,-83.97,35.0,100
1991,3,27,MI,3,44.48,-84.05,21.0,100
1991,3,27,MI,3,42.38,-84.9,2.0,400
1991,3,27,MI,3,41.72,-84.6,5.0,400
1991,3,27,IN,3,41.53,-85.07,21.0,200
1991,3,29,GA,3,33.83,-84.65,5.0,1320
1991,4,11,KS,3,39.43,-99.42,6.0,400
1991,4,12,OK,3,36.52,-97.92,9.0,800
1991,4,12,OK,3,36.65,-97.82,9.5,500
1991,4,24,TX,3,33.15,-99.77,3.5,200
1991,4,26,KS,3,39.95,-96.95,24.0,200
1991,4,26,NE,3,40.6,-96.4,14.0,350
1991,4,26,KS,5,37.47,-97.48,46.0,440
1991,4,26,OK,3,36.4,-97.77,6.0,350
1991,4,26,OK,4,36.43,-97.55,66.0,1500
1991,4,26,KS,4,37.07,-97.15,25.0,500
1991,4,26,TX,3,32.05,-95.3,3.0,200
1991,4,26,KS,3,37.47,-96.42,14.0,200
1991,4,26,IA,3,42.02,-95.35,7.7,150
1991,4,26,OK,4,36.17,-96.52,32.0,1700
1991,4,26,KS,3,37.75,-96.08,15.0,50
1991,4,26,OK,4,36.45,-95.72,4.0,1300
1991,5,10,TX,3,33.83,-102.57,8.5,450
1991,5,11,SD,3,44.2,-103.22,2.0,500
1991,5,15,OK,3,36.65,-99.98,11.5,900
1991,5,15,TX,3,35.07,-100.25,15.0,450
1991,5,16,KS,3,37.93,-100.15,22.0,880
1991,5,16,KS,3,37.5,-97.45,20.0,200
1991,5,26,OK,3,36.43,-99.33,12.5,1000
1991,5,27,NE,3,41.88,-96.47,6.0,1760
1991,5,28,MI,3,45.48,-87.73,10.0,150
1991,5,2,NE,3,40.75,-101.83,13.0,173
1991,6,9,NE,3,41.8,-103.52,3.5,150
1991,7,5,MN,3,46.47,-94.35,6.0,43
1992,10,3,FL,3,27.83,-82.7,2.6,500
1992,11,21,TX,3,30.02,-95.08,32.0,300
1992,11,21,TX,4,29.73,-95.28,30.0,1800
1992,11,21,LA,3,30.22,-93.03,6.0,73
1992,11,21,LA,3,31.47,-91.72,3.0,100
1992,11,21,LA,3,31.82,-91.6,38.0,200
1992,11,21,MS,3,31.43,-89.92,27.0,880
1992,11,21,MS,4,31.97,-90.23,128.0,880
1992,11,22,MS,4,31.85,-89.52,40.0,1760
1992,11,22,GA,4,33.92,-84.67,20.0,867
1992,11,22,GA,3,34.57,-83.93,10.0,867
1992,11,22,IN,3,39.25,-86.65,5.3,867
1992,11,22,IN,3,39.72,-86.9,12.0,867
1992,11,22,IN,3,39.4,-86.52,15.0,867
1992,11,22,IN,3,39.87,-86.12,9.0,433
1992,11,22,GA,4,33.18,-83.45,32.0,867
1992,11,22,KY,4,38.6,-85.07,26.7,60
1992,11,22,IN,3,39.43,-85.88,10.0,50
1992,11,22,OH,3,39.78,-84.75,20.0,500
1992,11,22,GA,3,33.68,-82.48,67.0,400
1992,11,23,NC,3,36.08,-79.18,5.5,1200
1992,11,23,NC,3,35.47,-78.68,160.0,100
1992,11,3,LA,3,32.45,-93.1,7.0,300
1992,2,18,OH,4,40.73,-84.57,2.8,40
1992,3,10,MS,3,32.25,-88.78,20.0,1760
1992,3,10,AL,3,32.58,-87.82,18.0,440
1992,3,9,MS,4,33.05,-90.88,20.0,880
1992,5,11,OK,3,34.65,-96.43,12.0,150
1992,5,11,OK,4,34.75,-95.95,10.0,400
1992,6,15,KS,4,39.42,-98.22,3.0,100
1992,6,15,KS,3,39.42,-98.2,2.0,100
1992,6,15,NE,3,40.48,-97.33,21.0,500
1992,6,15,KS,3,39.28,-97.83,3.0,800
1992,6,15,NE,3,40.77,-96.95,14.0,500
1992,6,15,KS,4,38.37,-97.67,6.0,73
1992,6,16,SD,3,44.08,-97.53,3.0,73
1992,6,16,SD,3,44.35,-97.17,4.0,100
1992,6,16,MN,5,43.8,-96.02,16.0,280
1992,6,16,SD,3,44.05,-99.43,2.0,73
1992,6,16,MN,4,43.95,-95.9,7.0,160
1992,6,16,MN,3,44.78,-95.85,6.0,23
1992,6,16,MN,3,44.1,-95.82,12.0,80
1992,6,16,MN,3,44.23,-95.58,16.0,90
1992,6,16,MN,3,44.35,-95.37,13.0,80
1992,6,16,IA,3,41.65,-95.8,26.0,200
1992,6,16,MN,3,44.78,-95.8,2.5,100
1992,6,16,MN,3,45.02,-94.23,10.0,120
1992,6,17,WI,3,42.88,-89.53,16.0,400
1992,6,27,TX,3,35.7,-101.95,5.0,300
1992,6,27,TX,4,35.68,-101.73,20.0,1583
1992,7,12,OH,3,41.23,-82.0,7.0,300
1992,7,12,OH,3,41.13,-81.48,8.0,100
1992,7,13,IA,3,42.18,-91.13,5.0,73
1992,7,30,IN,3,39.37,-86.13,7.0,200
1992,7,2,OK,3,36.4,-95.83,4.0,100
1992,8,25,LA,3,30.07,-90.45,9.0,150
1992,8,29,WI,3,44.07,-89.52,28.0,800
1993,2,21,TN,3,36.17,-85.6,10.0,100
1993,2,21,TN,3,36.02,-84.25,16.0,150
1993,2,21,TN,3,35.83,-84.42,30.0,100
1993,2,21,TN,3,35.43,-84.5,19.0,73
1993,2,21,AL,3,34.0,-85.65,19.0,100
1993,2,21,GA,3,33.95,-85.38,9.0,880
1993,2,21,GA,3,33.93,-84.7,8.0,880
1993,4,24,OK,4,36.15,-95.83,5.5,250
1993,4,24,OK,3,36.13,-95.82,8.0,250
1993,5,5,OK,3,36.5,-101.38,12.0,500
1993,5,5,OK,3,36.88,-101.35,18.5,1200
1993,5,5,NE,3,42.48,-102.68,13.0,250
1993,5,5,KS,4,37.12,-101.27,23.0,880
1993,5,7,KS,4,38.9,-98.52,25.5,880
1993,5,7,SD,3,43.6,-97.3,10.0,100
1993,5,7,NE,3,40.27,-98.45,75.0,2633
1993,6,19,IA,3,42.42,-91.53,9.0,200
1993,6,19,IA,3,42.32,-90.72,14.0,300
1993,6,29,WY,3,44.37,-104.05,3.0,150
1993,6,30,OH,3,39.2,-83.62,15.0,400
1993,6,6,NE,3,40.53,-99.63,60.0,1760
1993,6,6,NE,3,40.78,-99.17,50.0,880
1993,6,6,NE,3,40.72,-99.48,10.0,880
1993,6,7,SD,3,44.65,-98.62,5.0,400
1993,6,7,SD,3,43.8,-97.28,5.0,250
1993,6,7,SD,4,43.72,-96.92,54.0,800
1993,6,7,SD,4,43.88,-97.28,10.0,500
1993,6,7,SD,3,43.88,-96.97,6.0,100
1993,6,7,SD,3,44.0,-96.97,6.0,100
1993,6,8,OK,3,36.83,-97.07,11.5,150
1993,7,21,CO,3,39.68,-103.3,12.0,150
1993,7,24,NE,3,40.3,-97.07,9.0,1760
1993,7,7,CO,3,39.23,-102.48,9.0,500
1993,8,11,UT,3,40.23,-110.32,17.0,880
1993,8,6,VA,4,37.2,-77.43,1.0,250
1993,8,6,VA,3,37.58,-76.58,2.9,100
1994,11,27,TN,3,35.77,-89.47,16.0,100
1994,11,27,TN,3,36.42,-88.73,6.0,300
1994,11,27,TN,3,35.07,-89.83,16.0,200
1994,11,27,MS,3,31.88,-89.75,40.0,200
1994,3,27,AL,4,33.72,-86.15,50.0,880
1994,3,27,GA,4,34.13,-85.03,49.0,1760
1994,3,27,AL,3,34.43,-85.98,23.0,700
1994,3,27,GA,3,34.5,-84.22,44.0,2613
1994,3,27,GA,3,34.3,-84.95,40.0,2613
1994,3,27,GA,3,34.57,-84.03,23.0,1320
1994,3,27,GA,3,34.7,-83.42,28.0,1760
1994,3,27,GA,3,34.08,-85.33,21.0,880
1994,3,27,SC,3,35.15,-81.07,18.5,200
1994,4,14,IA,3,41.27,-94.7,14.0,130
1994,4,15,TN,3,35.32,-85.0,15.0,880
1994,4,25,TX,4,32.6,-96.75,6.0,800
1994,4,26,IN,4,40.48,-86.95,14.0,100
1994,5,13,TX,3,30.57,-98.27,3.5,880
1994,5,29,TX,3,32.62,-99.1,2.0,400
1994,5,29,TX,3,33.33,-98.82,7.0,600
1994,6,18,IA,3,43.1,-93.62,6.0,173
1994,6,26,TN,3,35.15,-87.95,38.0,880
1994,6,26,AL,3,34.82,-87.02,3.0,300
1994,6,4,NE,3,42.57,-102.75,12.0,500
1994,7,19,IA,3,43.3,-92.25,23.0,150
1994,7,27,PA,3,39.73,-75.78,4.0,100
1994,7,27,PA,3,40.23,-75.52,2.0,100
1994,7,5,WI,4,44.28,-87.82,3.5,150
1994,7,5,IA,3,42.33,-96.3,1.8,150
1994,8,16,SC,3,33.93,-81.23,8.0,440
1994,8,16,SC,3,33.92,-81.25,0.3,73
1994,8,16,SC,3,34.63,-81.52,30.0,250
1994,8,27,WI,3,44.65,-91.42,10.0,700
1994,8,27,WI,3,44.1,-89.92,10.5,850
1994,8,7,IA,3,43.47,-95.85,4.5,73
1995,11,11,MS,3,32.52,-90.4,15.0,200
1995,11,11,MS,3,31.73,-89.67,7.0,400
1995,11,2,SC,3,33.82,-81.1,1.5,250
1995,11,7,SC,4,34.1436,-79.3545,0.7,100
1995,2,16,AL,3,34.25,-86.58,14.0,703
1995,5,13,IL,4,40.58,-91.31,50.0,1000
1995,5,13,IL,4,40.37,-90.3,7.0,880
1995,5,13,IL,3,40.42,-89.93,25.0,880
1995,5,14,TX,3,31.47,-100.15,5.0,100
1995,5,15,KS,3,37.97,-100.62,6.0,900
1995,5,16,KS,3,37.88,-100.9,10.0,800
1995,5,16,KS,3,38.08,-99.63,7.0,1000
1995,5,17,MO,3,37.83,-94.47,14.0,400
1995,5,18,TN,4,35.0,-87.48,29.0,1000
1995,5,18,AL,4,34.83,-87.03,39.0,1300
1995,5,18,TN,3,35.8,-85.2,9.0,100
1995,5,27,IA,4,42.07,-94.9,36.0,400
1995,5,27,IA,4,41.07,-94.42,57.0,500
1995,5,27,IA,4,41.78,-94.65,30.0,250
1995,5,27,MO,3,40.57,-94.0,30.4,150
1995,5,29,MA,4,42.2,-73.43,11.5,300
1995,5,7,TX,3,33.52,-97.53,26.0,880
1995,5,7,TX,3,33.8,-97.43,34.1,880
1995,5,9,IA,3,41.58,-90.87,10.0,73
1995,5,9,IL,3,39.88,-89.73,50.0,880
1995,5,9,IL,3,41.3,-89.8,22.0,300
1995,6,2,TX,3,34.6,-102.78,10.0,500
1995,6,8,TX,4,35.5,-101.02,3.0,200
1995,6,8,TX,4,35.25,-100.6,29.0,600
1995,6,8,TX,4,35.5,-100.22,15.0,2200
1995,7,27,IA,3,42.6,-91.68,20.0,150
1995,7,4,MO,3,39.4,-92.43,26.0,23
1996,3,18,AL,3,32.65,-86.02,24.0,440
1996,3,5,AR,3,36.0,-92.0,46.5,150
1996,3,6,AL,3,32.42,-87.23,19.0,400
1996,4,14,AR,4,35.82,-92.35,44.0,880
1996,4,19,IL,3,40.32,-89.35,9.4,880
1996,4,19,IL,3,39.82,-89.18,14.5,440
1996,4,19,IL,3,40.07,-88.25,4.0,220
1996,4,19,IL,3,40.12,-87.95,2.0,1500
1996,4,19,IL,3,38.15,-88.75,17.0,400
1996,4,19,MO,3,37.73,-89.87,11.5,175
1996,4,21,OK,3,35.38,-94.45,10.1,1050
1996,4,21,AR,3,35.77,-93.77,15.0,1050
1996,5,17,SD,3,45.18,-96.58,18.0,200
1996,5,26,KS,3,37.1,-101.1,13.0,200
1996,5,26,KS,3,37.57,-100.75,28.0,900
1996,5,27,AR,3,33.97,-93.35,26.0,440
1996,5,27,AR,3,34.02,-92.9,15.0,440
1996,5,28,KY,4,38.15,-85.75,30.0,850
1996,5,30,CO,3,39.92,-103.18,0.5,1320
1996,5,31,SD,3,45.47,-98.48,32.0,400
1996,6,21,MI,3,43.33,-83.75,1.0,100
1996,7,18,WI,5,43.7,-88.62,13.3,400
1996,7,19,MD,3,39.5,-76.98,2.2,350
1997,11,21,AL,3,30.82,-88.07,1.0,300
1997,11,1,FL,3,29.02,-80.93,3.0,400
1997,1,24,TN,4,35.78,-86.5,6.5,300
1997,3,28,KY,3,37.37,-85.92,9.0,1200
1997,3,28,KY,3,37.43,-85.78,2.0,1200
1997,3,28,KY,3,36.88,-85.72,15.0,500
1997,3,29,TN,3,35.05,-85.32,8.0,100
1997,3,29,TN,3,35.15,-84.9,4.0,100
1997,3,1,MS,3,34.07,-89.43,5.0,400
1997,3,1,MS,3,34.17,-89.37,5.0,400
1997,3,1,MS,3,34.27,-89.23,10.0,400
1997,3,1,MS,3,34.38,-89.03,30.0,400
1997,3,1,AR,3,33.68,-93.57,18.0,880
1997,3,1,AR,4,33.9,-93.33,27.0,1053
1997,3,1,AR,3,35.07,-92.02,13.0,100
1997,3,1,AR,4,34.15,-93.0,24.0,527
1997,3,1,AR,4,34.52,-92.52,14.0,1407
1997,3,1,AR,4,34.62,-92.35,11.0,1407
1997,3,1,AR,3,35.83,-90.98,5.0,200
1997,3,1,AR,3,35.93,-90.9,5.0,200
1997,3,1,AR,3,35.98,-90.83,15.0,200
1997,3,1,AR,3,35.38,-91.02,3.0,200
1997,3,1,AR,3,35.43,-90.98,1.0,200
1997,3,1,AR,4,35.77,-90.18,20.0,200
1997,3,1,TN,4,35.95,-89.67,15.0,200
1997,3,1,TN,4,36.1,-89.17,10.0,200
1997,5,26,OK,3,35.17,-95.88,5.0,440
1997,5,27,TX,3,31.32,-97.33,3.7,150
1997,5,27,TX,3,31.17,-97.47,1.4,273
1997,5,27,TX,5,30.82,-97.62,5.1,650
1997,5,27,TX,3,30.55,-97.82,9.2,200
1997,5,27,TX,4,30.37,-98.02,5.6,440
1997,5,2,MS,3,33.17,-90.23,20.0,200
1997,6,11,TX,3,35.33,-100.45,9.0,600
1997,7,1,MN,3,45.12,-94.02,5.0,800
1997,7,2,MI,3,43.17,-83.72,2.0,1000
1997,7,2,MI,3,43.18,-83.62,1.7,1500
1997,7,2,OH,3,38.85,-84.18,12.0,500
1997,9,18,MN,3,46.07,-94.05,17.0,800
1998,10,16,KS,3,38.75,-99.63,26.0,1300
1998,10,4,OK,3,35.38,-96.77,10.0,880
1998,11,10,MO,3,38.95,-92.33,2.0,70
1998,2,22,FL,3,28.48,-81.72,18.0,200
1998,2,22,FL,3,28.7,-81.35,16.0,200
1998,2,22,FL,3,28.23,-81.48,28.0,250
1998,3,20,GA,3,34.38,-83.9,4.0,100
1998,3,20,NC,3,36.4,-79.98,12.0,300
1998,3,29,MN,4,43.95,-95.53,73.5,1500
1998,3,29,MN,3,44.28,-94.17,12.0,2200
1998,3,29,MN,3,44.33,-93.95,6.0,2200
1998,4,16,AR,4,35.87,-90.18,5.0,400
1998,4,16,TN,3,36.03,-89.32,4.0,100
1998,4,16,TN,3,36.0,-87.33,2.0,1300
1998,4,16,TN,3,36.57,-87.13,7.2,400
1998,4,16,TN,3,36.07,-86.92,42.1,880
1998,4,16,KY,3,36.92,-86.78,48.0,100
1998,4,16,TN,5,35.22,-88.02,69.4,1760
1998,4,16,KY,3,37.12,-85.43,20.0,100
1998,4,16,TN,3,36.53,-85.18,8.6,880
1998,4,1,VA,3,37.88,-77.62,5.0,400
1998,4,8,AL,3,33.28,-87.9,19.5,300
1998,4,8,AL,5,33.42,-87.35,30.3,1320
1998,4,9,GA,3,32.17,-81.58,8.0,440
1998,5,15,IA,3,41.28,-91.73,47.0,400
1998,5,15,WI,3,44.57,-91.83,8.0,60
1998,5,24,OK,3,36.65,-97.55,5.3,1300
1998,5,30,SD,4,43.75,-97.68,14.0,1150
1998,5,31,NY,3,42.92,-73.77,30.5,970
1998,5,31,NY,3,42.07,-76.15,62.0,200
1998,5,31,NY,3,42.53,-75.1,5.0,800
1998,5,31,PA,3,41.3,-75.1,20.0,200
1998,5,31,PA,3,39.75,-79.08,13.0,880
1998,5,31,PA,3,40.48,-75.9,8.3,120
1998,5,7,NC,4,35.87,-81.38,4.0,1320
1998,5,7,NC,3,36.02,-80.38,2.0,30
1998,5,7,SC,3,33.88,-82.03,5.0,880
1998,5,7,SC,3,33.67,-82.07,12.0,880
1998,6,11,IN,4,39.78,-85.95,13.2,400
1998,6,11,IN,3,40.4,-86.07,18.5,800
1998,6,2,PA,4,40.05,-79.22,36.5,1200
1998,6,2,PA,3,41.62,-76.05,26.0,500
1998,8,23,WI,3,45.02,-87.33,5.1,1300
1999,10,13,OH,3,39.6,-82.98,3.6,0
1999,12,9,MS,3,32.63,-90.35,6.0,400
1999,1,17,TN,3,35.77,-89.12,10.0,0
1999,1,17,TN,3,35.42,-89.18,22.0,300
1999,1,17,TN,4,35.58,-88.88,16.0,500
1999,1,21,AR,3,33.92,-92.63,11.0,500
1999,1,21,AR,3,35.43,-91.73,19.0,700
1999,1,21,AR,3,34.68,-91.27,16.0,200
1999,1,21,AR,4,36.28,-90.55,16.0,400
1999,1,21,AR,3,35.65,-91.43,31.0,0
1999,1,21,AR,3,34.3,-92.72,11.0,400
1999,1,21,AR,3,34.85,-91.65,39.0,417
1999,1,21,AR,3,34.55,-92.42,39.0,417
1999,1,21,AR,3,35.05,-91.92,8.0,1000
1999,1,21,LA,3,31.97,-91.6,22.0,0
1999,1,22,TN,3,36.05,-88.17,15.0,220
1999,1,22,TN,3,36.53,-87.35,4.3,880
1999,1,1,TX,3,30.0,-94.45,5.5,400
1999,2,27,MS,3,31.62,-90.23,17.0,440
1999,3,2,TX,3,30.9,-93.9,12.0,500
1999,3,5,AR,3,35.48,-92.62,10.0,350
1999,3,5,AR,3,34.23,-93.65,13.0,400
1999,4,14,MS,3,31.7,-89.47,25.5,880
1999,4,15,GA,3,32.05,-83.97,14.5,700
1999,4,3,TX,3,31.95,-94.03,5.4,150
1999,4,3,LA,4,32.53,-93.83,19.3,200
1999,4,3,LA,3,32.6,-93.08,8.5,200
1999,4,3,LA,3,32.82,-92.87,14.5,600
1999,4,8,IA,4,40.85,-94.9,49.0,1000
1999,4,8,IA,4,41.03,-94.32,56.0,1250
1999,4,8,IA,3,41.07,-93.52,39.0,0
1999,4,8,IA,3,40.75,-92.42,16.0,300
1999,4,8,IL,3,40.35,-91.45,7.5,200
1999,4,9,IN,3,38.88,-85.5,3.0,250
1999,4,9,IN,3,38.88,-85.42,15.0,450
1999,4,9,OH,4,39.23,-84.37,10.0,270
1999,5,11,TX,4,30.68,-99.1,7.0,1400
1999,5,11,TX,3,30.3,-99.2,3.5,200
1999,5,16,IA,3,41.63,-95.9,6.2,200
1999,5,16,IA,3,41.6,-95.87,7.5,440
1999,5,31,CO,3,39.35,-103.58,7.0,200
1999,5,3,OK,3,34.88,-98.32,6.0,100
1999,5,3,OK,3,34.97,-98.12,9.0,880
1999,5,3,OK,5,35.13,-97.85,37.0,1430
1999,5,3,KS,4,37.32,-97.4,24.0,880
1999,5,3,OK,3,35.65,-98.28,21.0,0
1999,5,3,OK,4,35.93,-97.95,15.0,880
1999,5,3,OK,4,35.88,-97.68,35.0,1760
1999,5,3,OK,3,35.55,-97.97,22.0,350
1999,5,3,OK,3,35.65,-96.8,16.0,450
1999,5,3,OK,3,35.92,-97.6,13.0,880
1999,5,4,OK,3,35.57,-94.55,38.2,0
1999,5,4,MO,3,37.98,-93.93,3.0,200
1999,5,4,TX,3,33.18,-95.17,71.5,50
1999,5,4,AR,3,33.25,-93.22,9.0,100
1999,5,5,TN,4,35.57,-87.92,6.0,580
1999,6,22,KS,3,38.37,-101.35,4.0,880
1999,6,1,OK,3,35.97,-95.25,2.0,350
1999,6,1,MO,3,38.0,-91.68,7.0,300
1999,6,1,OK,3,35.43,-95.52,4.5,350
1999,6,1,IL,3,39.32,-89.67,10.0,200
1999,6,3,KS,3,39.83,-99.8,10.0,1320
1999,6,3,NE,3,41.6,-99.17,14.0,1000
1999,6,6,ND,4,48.6,-97.78,8.0,500
2000,12,16,AL,4,33.05,-87.7,18.0,750
2000,12,16,AL,3,34.05,-85.93,12.8,500
2000,1,3,MS,3,34.17,-89.55,43.2,500
2000,1,3,KY,3,37.27,-88.08,24.0,440
2000,1,3,KY,3,37.72,-87.18,7.0,880
2000,2,13,GA,3,31.17,-84.27,9.2,300
2000,2,13,GA,3,31.02,-84.2,15.0,300
2000,3,10,TX,3,30.42,-96.68,21.0,800
2000,3,28,TX,3,32.75,-97.35,4.0,250
2000,3,28,TX,3,32.73,-97.12,8.0,300
2000,4,19,KS,3,37.22,-95.55,34.0,290
2000,4,23,TX,3,33.05,-94.38,16.0,880
2000,4,23,LA,3,32.43,-94.05,32.5,500
2000,4,23,LA,3,31.97,-93.47,19.3,200
2000,4,30,TX,3,33.37,-98.77,13.0,800
2000,5,11,IA,3,42.52,-92.45,18.6,210
2000,5,12,TX,3,31.9,-97.37,7.0,400
2000,5,17,NE,3,40.95,-100.37,11.5,1000
2000,5,23,KY,3,37.53,-86.3,6.0,100
2000,5,27,TN,3,36.32,-87.97,17.2,500
2000,7,25,MN,4,44.9,-95.67,9.0,160
2000,7,5,CO,3,40.68,-102.7,6.0,1320
2000,9,20,OH,4,39.65,-83.98,9.0,500
2001,10,12,TX,3,30.25,-98.67,2.5,400
2001,10,13,AL,3,30.42,-87.68,1.0,440
2001,10,24,IN,3,41.62,-86.43,47.0,1320
2001,10,24,OH,3,40.85,-84.32,32.0,440
2001,10,9,OK,3,35.43,-99.38,11.5,600
2001,10,9,OK,3,35.28,-99.0,6.0,500
2001,10,9,OK,3,35.08,-98.88,13.0,440
2001,10,9,NE,3,41.07,-97.87,18.0,1500
2001,11,24,LA,3,32.8,-91.88,30.0,880
2001,11,24,MS,4,33.47,-91.1,30.3,880
2001,11,24,MS,3,33.23,-90.63,5.0,400
2001,11,24,MS,4,32.43,-90.2,11.5,880
2001,11,24,AL,3,33.53,-88.05,38.9,300
2001,11,24,AL,4,33.92,-86.43,10.1,500
2001,11,26,TN,3,36.25,-88.25,5.0,200
2001,2,24,AR,3,33.68,-91.43,42.0,300
2001,2,24,MS,3,33.48,-90.15,22.0,400
2001,2,24,MS,3,34.03,-89.35,52.0,1000
2001,4,11,MO,3,40.38,-94.37,76.5,500
2001,4,21,KS,4,38.5,-98.78,5.0,660
2001,5,29,CO,3,38.07,-102.65,3.0,50
2001,5,29,TX,3,35.4,-101.38,10.0,440
2001,6,13,MN,3,46.17,-95.33,12.0,100
2001,6,13,NE,4,40.85,-97.08,8.0,400
2001,6,18,WI,3,45.78,-92.65,34.0,880
2001,7,18,ND,3,47.68,-98.45,5.0,150
2001,9,22,NE,3,40.43,-97.97,10.0,1250
2001,9,24,VA,4,38.57,-77.98,10.0,75
2001,9,24,MD,3,38.93,-76.98,17.5,200
2002,11,10,IN,3,40.67,-84.92,5.0,200
2002,11,10,OH,4,40.78,-84.77,52.8,880
2002,11,10,OH,3,40.35,-83.55,9.0,300
2002,11,10,OH,3,41.1,-83.17,21.0,100
2002,11,10,AL,3,33.75,-87.87,44.3,1175
2002,11,10,MS,3,33.38,-88.62,29.2,440
2002,11,10,TN,3,36.03,-84.6,8.3,300
2002,11,10,AL,3,33.77,-87.8,72.6,1175
2002,11,10,TN,3,35.9,-85.1,12.2,900
2002,12,18,AR,3,35.1,-92.32,9.8,150
2002,3,30,TX,3,31.1,-94.77,49.0,440
2002,3,30,TX,3,29.62,-95.02,0.7,60
2002,4,16,TX,3,32.75,-97.35,2.1,80
2002,4,17,OK,3,36.1,-99.08,8.0,600
2002,4,21,IL,3,38.35,-88.73,31.5,500
2002,4,24,MO,4,37.0,-91.02,40.5,650
2002,4,27,MO,3,37.22,-90.07,4.0,200
2002,4,28,IL,3,37.37,-89.33,19.3,400
2002,4,28,IL,3,37.35,-88.72,22.0,200
2002,4,28,KY,3,37.38,-87.88,22.0,880
2002,4,28,TN,3,35.75,-86.37,3.2,350
2002,4,28,MD,4,38.55,-77.18,38.0,650
2002,4,28,MD,3,38.42,-76.3,18.0,150
2002,5,7,KS,3,37.72,-99.57,4.0,900
2002,5,7,KS,3,37.7,-99.55,8.5,1800
2002,5,7,KS,3,37.68,-99.48,10.0,600
2002,6,23,SD,3,45.73,-98.62,10.0,900
2002,6,23,SD,4,45.68,-98.43,9.0,900
2002,8,11,ND,4,46.95,-99.3,1.0,300
2002,9,20,IN,3,39.23,-86.62,112.0,150
2002,9,2,WI,3,45.47,-91.13,16.0,440
2003,3,20,GA,3,31.18,-84.27,25.0,600
2003,4,24,MS,3,32.25,-90.0,12.0,600
2003,4,6,TX,3,31.9,-95.05,38.2,440
2003,5,10,KY,3,38.62,-83.72,25.0,200
2003,5,10,MO,3,39.67,-91.73,12.0,200
2003,5,10,IL,3,40.47,-89.68,17.5,440
2003,5,11,KY,3,37.42,-87.27,1.8,80
2003,5,11,TN,3,35.95,-86.98,1.0,300
2003,5,11,TN,3,35.95,-86.4,1.0,400
2003,5,4,KS,4,39.07,-94.83,21.0,500
2003,5,4,KS,4,37.42,-95.1,33.0,880
2003,5,4,MO,4,39.23,-94.48,5.0,200
2003,5,4,MO,3,37.57,-94.52,86.0,880
2003,5,4,KS,3,37.08,-94.95,25.0,880
2003,5,4,MO,3,36.92,-94.2,49.0,880
2003,5,4,MO,3,37.9,-92.83,14.0,400
2003,5,4,AR,3,35.0,-92.37,34.9,500
2003,5,4,AR,3,35.12,-91.45,43.0,300
2003,5,4,TN,4,35.52,-89.03,39.0,880
2003,5,4,TN,3,35.48,-88.93,21.0,440
2003,5,4,TN,3,36.42,-87.35,11.5,1000
2003,5,5,TN,3,35.27,-86.58,1.6,700
2003,5,6,MO,3,37.38,-89.67,2.0,50
2003,5,6,IL,4,37.27,-89.03,33.0,1000
2003,5,8,OK,4,35.33,-97.53,17.3,700
2003,5,8,KS,3,38.58,-95.75,25.0,800
2003,5,8,OK,3,36.58,-96.72,45.0,880
2003,5,8,KS,3,37.8,-95.95,23.0,350
2003,5,9,OK,3,35.55,-97.48,17.8,1320
2003,6,23,NE,4,42.5,-97.32,13.0,1200
2003,6,24,SD,3,44.0,-98.33,6.0,500
2003,6,24,SD,4,44.28,-97.77,10.0,1000
2003,6,24,SD,3,44.37,-98.03,3.5,300
2003,6,9,NE,3,42.53,-98.8,23.0,880
2003,7,21,PA,3,41.92,-77.93,2.5,200
2004,11,23,LA,3,31.88,-92.25,15.0,300
2004,11,23,MS,3,31.72,-91.2,18.0,600
2004,11,24,MS,3,32.92,-89.0,21.0,600
2004,12,10,SC,3,33.57,-80.83,1.5,80
2004,3,27,KS,3,37.97,-99.48,10.0,1300
2004,4,20,IL,3,41.25,-89.28,15.8,880
2004,5,12,KS,4,37.25,-97.98,1.2,500
2004,5,19,MN,3,48.92,-97.08,1.5,150
2004,5,21,IA,3,42.05,-91.82,3.0,200
2004,5,22,NE,4,40.32,-97.33,54.0,4400
2004,5,27,KY,3,38.08,-84.53,3.0,100
2004,5,29,MO,3,39.52,-94.83,7.0,400
2004,5,29,KS,3,37.37,-97.63,2.5,600
2004,5,29,KS,3,37.38,-97.6,2.5,500
2004,5,29,MO,4,39.88,-94.25,22.0,800
2004,5,29,OK,3,35.83,-96.6,7.5,700
2004,5,30,IN,3,38.33,-86.57,15.0,400
2004,5,30,IN,3,40.73,-86.13,4.5,360
2004,6,11,IA,3,42.9,-95.03,6.1,400
2004,6,11,IA,3,43.4,-92.55,12.0,150
2004,6,12,KS,3,37.47,-97.23,4.0,75
2004,6,23,WI,3,43.72,-89.03,33.3,400
2004,6,23,WI,3,43.67,-88.95,7.6,300
2004,7,13,IL,4,40.8,-89.33,9.6,440
2004,7,14,PA,3,40.28,-76.58,7.5,500
2004,7,18,ND,4,46.78,-98.38,12.0,200
2004,9,17,VA,3,38.52,-77.8,9.0,200
2004,9,7,SC,3,34.27,-80.58,7.0,880
2005,11,12,IA,3,42.17,-94.08,17.6,150
2005,11,15,KY,3,36.68,-88.63,44.0,500
2005,11,15,IN,3,38.68,-87.13,12.0,440
2005,11,15,KY,4,37.25,-87.53,15.0,800
2005,11,15,IN,3,39.32,-85.8,10.0,300
2005,11,27,AR,3,34.82,-92.93,19.0,800
2005,11,27,AR,3,35.07,-92.77,2.0,150
2005,11,27,AR,3,35.12,-92.72,15.0,700
2005,11,6,KY,3,37.83,-87.78,41.3,500
2005,11,6,KY,3,37.42,-88.05,11.2,150
2005,1,12,AR,3,33.02,-92.73,24.0,900
2005,3,22,GA,3,31.05,-84.92,18.0,1250
2005,4,21,KS,3,37.42,-95.35,5.0,200
2005,4,6,MS,3,32.13,-90.12,15.0,600
2005,4,6,MS,3,31.77,-89.67,28.0,600
2005,5,12,TX,3,33.58,-101.5,6.0,500
2005,5,13,TX,3,33.63,-99.63,16.3,1000
2005,6,9,KS,3,38.85,-100.0,6.0,200
2005,6,9,TX,3,33.87,-101.6,15.0,900
2005,8,18,WI,3,42.92,-89.43,18.6,600
2005,9,24,LA,3,31.72,-91.55,14.0,100
2006,11,15,MS,3,31.35,-89.63,13.02,500
2006,11,15,MS,3,31.62,-89.08,15.88,850
2006,11,16,NC,3,34.34,-78.24,2.15,300
2006,1,2,GA,3,33.15,-84.45,3.0,440
2006,3,11,MO,3,37.82,-90.0,53.5,400
2006,3,11,MO,3,38.12,-90.33,5.1,200
2006,3,12,MO,3,39.05,-93.2,35.0,350
2006,3,12,OK,3,36.1,-95.1,29.0,440
2006,3,12,MO,3,39.32,-92.48,19.7,300
2006,3,12,OK,3,36.23,-94.65,25.0,700
2006,3,12,MO,4,39.45,-92.18,29.0,500
2006,3,12,MO,3,36.98,-93.8,42.0,250
2006,3,12,MO,3,37.85,-93.43,17.0,200
2006,3,12,MO,3,37.25,-92.87,32.0,200
2006,3,13,MO,3,38.85,-91.32,6.0,300
2006,3,13,MO,3,39.05,-91.37,44.5,300
2006,4,2,AR,3,36.22,-90.97,77.0,880
2006,4,2,AR,3,35.22,-91.05,38.0,500
2006,4,2,TN,3,36.12,-89.52,18.0,880
2006,4,2,TN,3,36.07,-89.03,31.0,880
2006,4,2,TN,3,36.18,-89.05,8.0,880
2006,4,2,KY,3,36.9,-87.63,29.7,700
2006,4,7,TN,3,36.28,-87.28,18.8,880
2006,4,7,TN,3,36.32,-86.77,22.7,880
2006,5,9,TX,3,33.37,-96.52,9.3,300
2006,8,24,SD,3,45.67,-99.68,14.0,300
2006,8,24,MN,3,44.27,-94.27,33.0,880
2006,8,24,SD,3,44.43,-98.78,24.5,500
2006,8,1,MN,3,43.9,-94.72,1.5,440
2006,8,5,MN,3,48.9,-95.33,4.0,500
2006,9,22,IL,3,37.2,-88.8,3.5,125
2006,9,22,MO,4,37.68,-89.83,27.5,225
2007,10,18,KY,3,37.77,-87.17,6.99,360
2007,10,18,IN,3,38.47,-85.55,4.8,440
2007,10,18,IN,3,41.3,-86.17,20.33,880
2007,2,24,AR,3,33.02,-92.73,26.0,250
2007,2,24,AR,3,33.74,-91.75,29.1,880
2007,2,28,KS,4,38.13,-95.1,28.01,800
2007,2,2,FL,3,28.88,-82.05,16.17,450
2007,2,2,FL,3,28.96,-81.59,26.03,450
2007,3,28,TX,3,35.13,-100.94,6.35,600
2007,3,28,TX,3,35.32,-100.55,7.99,1760
2007,3,28,CO,3,38.02,-102.12,28.0,900
2007,3,28,KS,3,38.08,-100.07,29.09,1320
2007,3,28,TX,3,35.69,-100.49,7.77,1408
2007,3,1,MO,3,36.59,-92.15,15.0,200
2007,3,1,AL,4,32.12,-87.41,18.32,500
2007,3,1,AL,4,31.28,-85.92,10.33,500
2007,3,1,GA,3,32.72,-83.93,9.72,448
2007,3,1,GA,3,31.92,-84.55,43.2,1790
2007,4,15,SC,3,33.79,-80.5,19.04,300
2007,4,20,NE,3,40.64,-100.28,15.74,440
2007,4,24,TX,3,28.64,-100.41,4.0,400
2007,5,4,KS,5,37.36,-99.45,28.81,3000
2007,5,4,KS,3,37.63,-99.26,23.5,3872
2007,5,4,KS,3,37.69,-99.07,18.22,2110
2007,5,4,KS,3,37.9,-98.95,17.4,1515
2007,5,5,SD,3,43.68,-98.42,4.0,200
2007,5,5,OK,3,35.39,-99.87,7.7,150
2007,6,1,IA,3,41.27,-91.19,15.75,774
2007,6,7,WI,3,45.01,-89.0,40.0,1320
2007,8,24,MI,3,42.59,-84.83,6.5,300
2007,8,26,ND,3,47.76,-97.93,6.0,580
2007,8,26,ND,4,47.72,-97.61,5.0,1400
2008,11,15,NC,3,35.75,-77.92,8.19,100
2008,1,10,MS,3,32.9,-90.0,9.73,1320
2008,1,10,MS,3,33.13,-89.52,23.59,880
2008,1,10,MS,3,33.66,-88.37,13.25,2500
2008,1,10,AL,3,33.48,-87.51,5.62,350
2008,1,7,IL,3,42.39,-88.83,13.2,100
2008,1,7,WI,3,42.55,-88.33,10.78,200
2008,1,7,MO,3,37.28,-93.16,50.39,300
2008,1,7,MO,3,37.9,-92.06,1.77,400
2008,1,7,MO,3,37.91,-92.03,4.67,400
2008,2,17,AL,3,32.4,-86.48,14.65,440
2008,2,26,GA,3,33.56,-85.29,7.21,100
2008,2,5,AR,4,35.1,-93.07,121.84,1320
2008,2,5,MS,3,34.41,-89.53,7.15,1000
2008,2,5,TN,3,35.37,-89.37,31.13,600
2008,2,5,TN,4,35.68,-88.86,7.61,125
2008,2,5,TN,4,35.27,-88.29,16.17,880
2008,2,5,KY,3,37.16,-87.23,18.05,375
2008,2,5,TN,3,36.38,-86.34,50.32,880
2008,2,6,KY,3,36.64,-86.11,9.44,440
2008,2,6,AL,4,34.4,-87.29,16.7,880
2008,2,6,AL,4,34.67,-85.84,10.9,660
2008,3,15,GA,3,34.09,-85.11,16.93,880
2008,3,15,SC,3,34.23,-81.76,27.51,1320
2008,3,15,SC,3,33.24,-80.86,10.11,1320
2008,4,11,TN,3,35.27,-87.4,10.34,100
2008,4,11,TN,3,35.33,-87.2,4.71,100
2008,4,28,VA,3,36.71,-76.69,24.0,400
2008,5,10,OK,4,37.0,-95.14,75.51,1760
2008,5,10,AR,3,34.49,-91.59,14.05,1320
2008,5,11,GA,3,32.34,-82.58,7.66,150
2008,5,11,GA,3,32.28,-82.24,7.32,200
2008,5,11,GA,4,31.41,-81.46,11.0,700
2008,5,22,CO,3,40.23,-104.75,38.69,1760
2008,5,23,KS,4,38.94,-100.29,11.39,1320
2008,5,23,KS,3,37.34,-99.73,20.9,3170
2008,5,23,KS,3,38.61,-99.88,9.01,715
2008,5,23,OK,3,36.67,-99.56,5.0,1100
2008,5,23,OK,3,36.95,-99.12,11.0,980
2008,5,23,KS,3,37.75,-99.04,18.2,1935
2008,5,23,KS,3,37.48,-98.63,21.9,1430
2008,5,25,IA,5,42.55,-92.88,40.97,2100
2008,5,25,MN,3,45.18,-93.05,5.96,220
2008,5,25,IA,3,42.6,-92.02,31.99,1232
2008,5,29,KS,3,39.47,-98.32,18.91,2000
2008,5,29,KS,3,39.72,-97.97,55.22,1320
2008,5,2,MO,3,39.29,-94.49,0.92,75
2008,5,2,AR,3,35.31,-92.6,45.3,1600
2008,5,2,AR,3,35.23,-90.52,20.23,400
2008,5,8,MS,3,34.26,-88.79,7.56,200
2008,5,8,NC,3,35.98,-80.38,2.9,300
2008,6,11,NE,3,41.8,-96.12,14.23,440
2008,6,11,KS,3,38.75,-97.68,16.45,225
2008,6,11,KS,3,38.89,-97.11,15.26,880
2008,6,11,KS,4,39.13,-96.71,8.64,440
2008,6,3,IN,3,39.46,-85.68,9.68,150
2008,6,6,MN,3,46.98,-95.02,7.29,400
2008,7,11,MN,3,45.07,-95.14,7.98,200
2008,7,7,ND,3,48.85,-99.92,20.6,250
2009,12,23,TX,3,31.31,-94.72,4.06,300
2009,2,10,TX,4,33.93,-97.62,36.99,880
2009,2,18,GA,3,33.67,-82.87,19.74,880
2009,2,18,GA,3,33.26,-82.89,10.4,500
2009,2,19,GA,3,30.8239,-83.7993,1.45,500
2009,3,26,MS,3,31.7883,-89.8579,17.42,500
2009,3,28,KY,3,37.6414,-87.7964,12.35,400
2009,3,8,IN,3,38.8498,-86.6062,1.06,1408
2009,4,10,KY,3,37.1199,-87.4888,2.02,75
2009,4,10,TN,4,35.7579,-86.848,23.25,750
2009,4,10,AL,3,34.495,-86.249,32.53,440
2009,4,10,GA,3,33.2922,-82.935,6.8,880
2009,4,10,GA,3,33.469,-82.263,17.68,880
2009,4,10,SC,3,33.41,-81.85,14.57,880
2009,4,10,GA,3,33.12,-82.191,26.33,880
2009,4,9,OK,3,34.01,-94.48,37.18,850
2009,4,9,AR,3,34.5444,-94.3334,14.84,1075
2009,4,9,AR,3,33.04,-94.04,9.89,850
2009,5,8,MO,3,36.8821,-91.9291,2.17,800
2009,5,8,KY,3,37.65,-84.47,21.12,150
2009,7,8,ND,3,46.8554,-102.816,2.29,350
2009,8,19,IL,3,39.9555,-89.5611,24.27,880
2010,10,6,AZ,3,35.9342,-111.001,0.01,1100
2010,11,29,LA,4,31.7947,-92.808,13.96,400
2010,11,29,MS,3,32.905,-89.719,9.6,400
2010,12,31,OK,3,35.9977,-94.5655,21.1,500
2010,12,31,MO,3,37.6857,-92.1901,7.5,500
2010,12,31,MO,3,37.9394,-91.8018,11.0,500
2010,12,31,MO,3,38.4918,-90.4706,6.65,440
2010,12,31,IL,3,39.9842,-89.862,3.63,200
2010,1,20,TX,3,32.4869,-94.1689,15.56,1087
2010,3,28,NC,3,35.9616,-80.0785,4.29,250
2010,4,22,TX,3,34.1688,-100.512,12.25,975
2010,4,24,LA,4,32.4032,-91.2993,148.97,3080
2010,4,24,AL,3,34.1917,-86.4146,18.61,1320
2010,4,24,AL,3,33.7336,-87.2864,29.64,400
2010,4,24,AL,3,34.3181,-86.1085,21.25,1320
2010,4,24,AL,3,34.5256,-85.5888,14.35,440
2010,4,24,AL,4,34.3439,-85.7105,16.62,880
2010,4,30,AR,3,35.4173,-92.765,20.28,700
2010,4,30,AR,3,35.446,-91.2711,7.74,1000
2010,5,10,OK,3,36.808,-98.031,47.66,1500
2010,5,10,OK,4,35.289,-97.504,24.0,2000
2010,5,10,OK,4,35.1808,-97.4273,22.25,880
2010,5,10,OK,3,35.34,-97.108,6.5,880
2010,5,10,OK,3,35.246,-96.984,37.2,2200
2010,5,10,OK,3,34.245,-97.319,4.9,400
2010,5,14,TX,3,31.8344,-102.73,4.28,500
2010,5,22,SD,4,45.448,-99.7479,5.7,1200
2010,5,2,MS,3,34.8008,-89.1893,29.58,880
2010,6,17,MN,4,46.087,-95.437,39.56,2288
2010,6,17,ND,4,47.54,-97.3,17.0,150
2010,6,17,MN,4,46.41,-95.18,10.0,1936
2010,6,17,MN,3,47.64,-96.18,15.0,150
2010,6,17,MN,4,43.5755,-93.6404,16.91,1760
2010,6,17,MN,3,43.702,-93.4188,18.15,1320
2010,6,17,MN,3,43.7567,-93.2367,5.01,600
2010,6,17,MN,3,43.8588,-93.1273,4.32,440
2010,6,25,IA,4,43.44,-95.951,13.65,800
2010,6,5,IL,3,41.0998,-88.7302,8.55,440
2010,6,5,IL,3,41.0636,-87.7523,7.75,175
2010,6,5,OH,4,41.5512,-83.538,8.8,400
2010,6,5,IN,3,40.6382,-86.1844,7.45,250
2010,7,26,MT,3,48.6597,-105.002,18.0,880
2010,8,12,ND,3,48.813,-102.187,5.03,400
2010,8,7,ND,4,46.11,-96.63,5.0,600
2010,9,16,OH,3,39.1571,-81.7897,9.05,500
2011,11,7,TX,4,34.33,-99.22,17.39,500
2011,12,22,GA,3,34.3753,-85.0146,11.42,880
2011,1,1,MS,3,33.0394,-89.8123,23.45,1300
2011,1,1,MS,3,33.0609,-88.464,9.63,1330
2011,2,28,KY,3,38.351,-85.1598,2.26,150
2011,3,23,TN,3,35.6596,-84.2322,5.8,500
2011,4,10,WI,3,45.1113,-89.8858,21.15,1050
2011,4,14,OK,3,34.2923,-96.2509,17.0,1320
2011,4,15,MS,3,32.2908,-90.3754,16.53,528
2011,4,15,MS,3,32.6882,-88.9872,48.52,1760
2011,4,15,AL,3,33.012,-87.739,18.37,500
2011,4,15,AL,3,32.1899,-88.0057,15.33,800
2011,4,15,MS,3,31.1311,-88.6325,18.3,500
2011,4,15,AL,3,32.5803,-86.5818,9.29,400
2011,4,16,NC,3,35.3378,-79.313,65.23,500
2011,4,16,NC,3,35.0164,-79.1338,52.86,800
2011,4,16,NC,3,35.3636,-77.8427,20.42,400
2011,4,16,VA,3,37.1532,-76.704,46.89,800
2011,4,16,NC,3,36.087,-76.9502,17.88,1300
2011,4,16,NC,3,34.7335,-77.3765,3.76,450
2011,4,19,IL,3,39.4427,-89.825,4.32,200
2011,4,22,MO,4,38.7364,-90.4863,21.3,880
2011,4,25,AR,3,34.5903,-93.039,16.78,300
2011,4,26,KY,3,36.6625,-87.5071,2.57,300
2011,4,27,MS,3,33.0877,-90.0775,23.0,1760
2011,4,27,MS,3,33.4462,-89.3691,70.42,1800
2011,4,27,AL,3,33.2448,-87.8817,22.46,704
2011,4,27,AL,3,33.163,-87.3716,20.26,200
2011,4,27,AL,3,33.5979,-87.3278,18.9,375
2011,4,27,MS,3,34.2084,-89.5653,13.57,440
2011,4,27,MS,5,32.7992,-89.1088,28.28,900
2011,4,27,AL,4,34.0757,-87.0097,46.88,880
2011,4,27,MS,3,33.7114,-89.3164,51.45,1320
2011,4,27,AL,5,34.1043,-88.1479,132.0,2200
2011,4,27,AL,4,33.2506,-88.1814,127.8,1408
2011,4,27,MS,5,34.0455,-88.445,37.1,1320
2011,4,27,MS,3,32.8496,-88.4528,23.74,1056
2011,4,27,AL,4,34.6208,-85.9814,46.98,1260
2011,4,27,MS,3,32.1397,-89.6912,8.87,440
2011,4,27,AL,4,33.0297,-87.935,80.68,2600
2011,4,27,AL,4,34.7948,-85.909,30.24,1320
2011,4,27,MS,3,32.2882,-89.1817,10.27,440
2011,4,27,AL,3,34.0289,-87.9421,31.84,1320
2011,4,27,AL,3,32.6152,-88.0543,72.13,1760
2011,4,27,MS,4,32.0296,-89.5042,122.04,1050
2011,4,27,AL,3,33.8129,-87.8108,7.96,880
2011,4,27,AL,5,34.3907,-85.9784,36.63,1320
2011,4,27,AL,4,33.6792,-86.5699,97.33,1760
2011,4,27,TN,4,35.5324,-84.0504,14.45,1320
2011,4,27,GA,4,34.8744,-85.1785,48.0,800
2011,4,27,AL,4,32.6174,-86.193,44.18,880
2011,4,27,GA,3,34.2703,-84.8674,23.05,880
2011,4,27,TN,4,35.34,-85.42,40.16,880
2011,4,27,GA,3,34.6656,-83.9427,36.99,900
2011,4,27,TN,3,36.035,-82.808,15.8,1500
2011,4,27,GA,3,33.1663,-84.5806,21.68,880
2011,4,27,GA,3,32.9958,-84.321,30.82,1056
2011,4,27,TN,3,36.106,-82.702,13.6,1000
2011,4,27,VA,3,36.65,-81.95,19.63,1320
2011,4,9,IA,3,42.1535,-95.8283,3.38,1200
2011,4,9,IA,3,42.3549,-95.286,10.14,1760
2011,4,9,IA,3,42.5191,-95.1291,29.37,2640
2011,4,9,IA,4,42.7293,-94.8557,3.2,587
2011,5,21,KS,3,38.5053,-96.0036,10.11,700
2011,5,22,MO,5,37.0524,-94.5932,21.62,1600
2011,5,22,OK,3,36.4812,-94.8951,17.93,1550
2011,5,24,OK,3,36.059,-98.644,13.2,880
2011,5,24,OK,3,35.35,-98.441,8.6,800
2011,5,24,OK,5,35.444,-98.287,63.1,1760
2011,5,24,OK,4,35.008,-97.961,33.3,880
2011,5,24,OK,4,34.88,-97.732,23.1,880
2011,5,24,AR,4,35.2781,-93.9515,45.71,2200
2011,5,24,AR,3,35.4227,-93.5302,29.01,1430
2011,5,25,MO,3,36.8147,-90.8492,47.41,1200
2011,5,25,IN,3,38.8597,-86.3642,6.75,300
2011,5,26,LA,3,30.6156,-90.0491,6.06,150
2011,6,20,KS,3,39.4898,-99.872,11.87,600
2011,6,20,KS,3,39.7377,-99.7765,3.94,100
2011,6,20,KS,3,39.9001,-99.6932,8.4,100
2011,6,20,NE,3,40.7833,-99.364,10.0,1320
2011,6,20,NE,3,41.0764,-97.7156,9.49,880
2011,6,1,MA,3,42.1,-72.75,37.58,880
2011,7,17,ND,3,46.49,-98.63,16.18,880
2011,8,11,NE,3,42.5634,-100.209,0.52,900
2012,10,17,MS,3,32.4374,-89.4521,14.36,880
2012,12,25,TX,3,31.1613,-95.3208,9.72,300
2012,12,25,MS,3,30.65,-89.681,60.34,300
2012,1,23,AL,3,33.6228,-86.7411,15.69,800
2012,2,29,MO,3,36.9,-90.1891,19.96,700
2012,2,29,IL,4,37.6945,-88.65,26.09,325
2012,3,15,MI,3,42.3956,-83.9571,7.57,800
2012,3,18,NE,3,41.0149,-100.872,6.7,100
2012,3,18,NE,3,41.1444,-100.872,1.71,100
2012,3,2,AL,3,34.7597,-86.9531,33.99,250
2012,3,2,TN,3,35.128,-85.1608,41.0,400
2012,3,2,IN,4,38.4316,-86.1893,45.05,800
2012,3,2,IN,3,39.0667,-85.407,8.69,350
2012,3,2,KY,4,38.791,-84.633,9.85,880
2012,3,2,KY,3,38.835,-84.353,20.41,440
2012,3,2,KY,3,37.905,-83.6146,84.99,1580
2012,3,2,KY,3,37.7012,-83.2745,49.04,1320
2012,3,2,GA,3,33.8681,-85.2964,29.02,200
2012,3,3,GA,3,31.008,-83.2517,10.45,390
2012,4,14,KS,4,38.406,-98.257,50.28,400
2012,4,14,KS,3,37.6134,-99.3765,48.02,1720
2012,4,14,KS,3,37.9451,-98.8958,39.67,2640
2012,4,14,KS,3,37.155,-97.8,18.11,400
2012,4,14,KS,3,37.548,-97.348,13.2,1760
2012,4,14,OK,3,36.1133,-99.7837,34.0,400
2012,4,3,TX,3,32.7495,-96.47,7.73,150
2012,5,19,KS,3,37.3576,-98.2344,9.72,100
2012,5,19,KS,3,37.27,-98.22,9.68,150
2013,10,4,NE,4,42.128,-97.077,18.34,2429
2013,10,4,NE,3,42.4339,-97.8817,6.43,590
2013,10,4,IA,4,42.3319,-96.1086,24.7,2600
2013,11,17,IL,4,40.622,-89.5678,46.36,880
2013,11,17,IL,4,38.42,-89.45,10.59,200
2013,11,17,IL,3,39.8413,-88.3291,18.74,440
2013,11,17,IL,3,40.2351,-88.1663,29.83,880
2013,11,17,MO,3,37.0209,-89.7338,14.25,600
2013,11,17,IN,3,40.3462,-86.8342,37.91,100
2013,11,17,KY,3,37.098,-88.8781,42.5,500
2013,11,17,KY,3,37.7006,-87.9403,14.12,200
2013,11,17,KY,3,37.1533,-87.4898,8.23,200
2013,1,30,GA,3,34.3411,-84.9527,21.78,900
2013,2,10,MS,4,31.2802,-89.4665,21.65,1320
2013,4,11,MS,3,32.6393,-88.8665,66.35,1320
2013,5,15,TX,4,32.412,-97.754,2.5,400
2013,5,15,TX,3,32.255,-97.495,7.79,1733
2013,5,18,KS,4,38.1429,-99.4706,7.0,1100
2013,5,19,OK,3,35.693,-97.232,20.84,1200
2013,5,19,OK,4,35.2531,-97.3001,23.0,1500
2013,5,20,OK,5,35.284,-97.628,13.85,1900
2013,5,27,KS,3,39.857,-98.543,5.74,1580
2013,5,28,KS,3,39.6676,-96.1213,4.4,900
2013,5,28,KS,3,39.0376,-97.709,2.33,1000
2013,5,31,OK,3,35.485,-98.096,16.2,4576
2013,5,31,MO,3,38.6867,-90.7498,31.71,1760
2013,5,31,MO,3,38.8009,-90.1493,10.64,150
2013,6,12,IA,3,42.8824,-93.6832,6.2,200
2014,12,23,MS,3,31.2273,-89.8331,12.51,880
2014,4,25,NC,3,35.51,-77.12,20.99,350
2014,4,27,AR,4,34.7787,-92.652,41.1,1320
2014,4,28,MS,3,34.2261,-88.8242,30.97,440
2014,4,28,MS,4,32.88,-89.43,33.39,1320
2014,4,28,AL,3,34.7753,-87.2324,15.56,600
2014,4,28,MS,3,32.2291,-90.2225,29.72,400
2014,4,28,MS,3,32.3703,-89.4564,4.27,150
2014,4,28,TN,3,35.0066,-86.5497,26.76,500
2014,4,28,AL,3,34.0957,-86.7598,8.88,350
2014,4,28,MS,3,31.7419,-89.0892,10.46,880
2014,4,28,AL,3,34.1703,-86.0439,11.73,600
2014,4,29,AL,3,32.465,-85.2336,11.45,1200
2014,5,11,NE,3,40.4926,-98.1207,20.21,1300
2014,5,11,NE,3,40.6922,-97.4531,19.14,2640
2014,5,14,OH,3,39.6808,-83.848,8.93,400
2014,5,22,NY,3,42.82,-74.19,6.79,440
2014,6,16,NE,4,41.893,-97.33,12.11,400
2014,6,16,NE,4,41.9528,-97.1369,23.94,500
2014,6,16,NE,4,41.9742,-97.04,11.5,500
2014,6,16,NE,4,42.127,-96.8686,15.84,530
2014,6,16,WI,3,43.0024,-89.5579,0.96,100
2014,6,17,MT,3,45.4783,-104.183,10.0,880
2014,6,17,NE,3,42.5371,-97.2563,3.96,2059
2014,6,18,SD,4,44.0372,-98.4032,11.5,880
2014,6,3,KS,3,39.97,-96.0455,6.33,500
2014,7,27,TN,3,36.4695,-83.9766,4.66,800
2015,11,16,KS,3,37.0933,-100.87,51.26,2000
2015,11,16,TX,3,35.299,-101.021,31.86,750
2015,11,16,TX,3,35.457,-100.966,10.92,500
2015,12,23,MS,3,34.0,-90.71,61.57,800
2015,12,23,MS,4,34.5955,-89.7055,75.09,1300
2015,12,23,TN,3,35.1353,-87.9651,48.38,800
2015,12,26,TX,3,32.4623,-96.909,8.52,125
2015,12,26,TX,4,32.796,-96.5894,13.04,550
2015,4,9,IL,4,41.853,-89.2896,30.14,700
2015,5,10,TX,3,32.4095,-95.619,10.22,700
2015,5,16,TX,3,34.3801,-99.5061,40.41,1600
2015,5,25,OK,3,33.983,-96.2684,18.8,700
2015,5,6,OK,3,35.1576,-97.8032,10.3,1500
2015,5,6,KS,3,37.8404,-97.6507,16.48,300
2015,5,6,KS,3,39.8584,-97.5478,1.87,100
2015,5,6,OK,3,35.4061,-97.4769,2.0,700
2015,5,9,TX,3,32.3032,-99.0133,3.79,1400
2015,6,22,IA,3,41.1657,-93.1169,11.12,575
2015,6,22,IL,3,41.3082,-88.3823,16.26,1320
2015,6,4,CO,3,40.25,-105.08,6.71,440
2015,7,13,KS,3,38.19,-97.99,5.32,350
2016,10,6,KS,3,38.7815,-97.4704,6.48,140
2016,11,29,AL,3,34.4406,-87.0913,6.2,175
2016,11,30,AL,3,34.69,-85.78,13.48,206
2016,11,30,TN,3,35.1109,-84.7264,4.6,155
2016,2,15,FL,3,30.8707,-87.381,16.45,300
2016,2,23,LA,3,29.9903,-91.0794,7.78,350
2016,2,23,FL,3,30.4907,-87.2052,2.99,300
2016,2,24,VA,3,37.2318,-78.8576,16.89,400
2016,2,24,VA,3,37.8001,-76.9989,30.34,500
2016,5,10,KY,3,36.7551,-88.7525,19.03,450
2016,5,22,TX,3,32.25,-101.6411,4.01,500
2016,5,22,TX,3,31.9235,-101.5261,3.71,200
2016,5,23,TX,3,34.3068,-100.7142,9.99,800
2016,5,24,KS,3,37.5031,-100.1355,14.7,675
2016,5,24,KS,3,38.237,-100.1663,11.02,300
2016,5,24,KS,3,37.8614,-100.0489,1.9,150
2016,5,24,KS,3,38.1961,-100.0382,7.7,700
2016,5,24,KS,3,37.8645,-99.2707,8.3,1100
2016,5,25,KS,4,38.9955,-97.4365,25.09,900
2016,5,9,OK,4,34.559,-97.357,8.9,400
2016,5,9,OK,3,34.565,-97.146,16.6,1500
2016,5,9,OK,3,34.391,-96.638,9.06,700
2016,5,9,OK,3,33.9647,-95.9914,13.8,3100
2016,6,11,MT,3,46.31,-104.25,3.0,200
2016,7,7,KS,3,37.96,-96.45,4.19,1144
2016,8,24,IN,3,40.4613,-86.1884,8.63,300
2016,8,24,IN,3,41.1475,-84.9187,5.16,500
2016,8,27,ND,3,47.49,-97.1,3.0,300
2017,1,21,MS,3,31.1855,-89.4799,31.06,900
2017,1,22,GA,3,30.9998,-83.5841,24.66,700
2017,1,22,GA,3,31.4373,-84.3447,70.4,2200
2017,2,28,IL,3,41.3239,-88.9504,11.5,800
2017,2,28,IL,3,40.9128,-89.3609,17.77,600
2017,2,28,MO,4,37.7238,-90.0055,53.47,1100
2017,2,28,IL,3,38.137,-88.1148,44.13,440
2017,2,7,LA,3,30.0105,-90.0,10.09,600
2017,2,7,LA,3,30.621,-90.903,6.43,350
2017,3,6,MO,3,38.959,-94.2394,17.74,400
2017,4,14,TX,3,34.572,-102.359,3.55,1936
2017,4,29,TX,4,32.2572,-96.018,21.42,1760
2017,4,29,TX,3,32.3991,-95.8756,39.71,1760
2017,5,16,WI,3,45.2529,-92.1619,82.53,1320
2017,5,16,KS,3,38.1987,-99.0186,26.64,300
2018,12,1,IL,3,39.414,-89.395,12.49,900
2018,12,2,GA,3,30.78,-81.55,7.09,900
2018,3,19,AL,3,33.8453,-85.9472,34.99,2175
2018,4,15,VA,3,37.3264,-79.241,20.4,600
2018,5,1,KS,3,38.94,-97.883,15.78,880
2018,6,26,KS,3,37.8115,-96.3084,9.15,500
2018,6,28,SD,3,45.4092,-104.0405,3.59,900
2018,6,1,WY,3,44.329,-105.711,3.76,200
2018,6,6,WY,3,41.469,-105.676,11.3,600
2018,7,19,IA,3,41.4602,-92.9371,9.17,800
2018,7,19,IA,3,42.0829,-93.0275,8.41,1200
2018,7,28,WY,3,42.6452,-105.5134,4.44,350
2019,10,20,TX,3,32.8685,-96.9149,15.76,1300
2019,12,16,LA,3,30.8471,-93.2657,62.61,550
2019,12,16,MS,3,31.194,-90.8942,29.28,880
2019,12,16,MS,3,31.3902,-89.5764,5.83,560
2019,12,16,MS,3,31.7925,-89.6781,18.63,1320
2019,12,16,MS,3,31.672,-89.1726,61.19,350
2019,2,23,MS,3,33.4865,-88.4346,9.74,440
2019,3,3,AL,4,32.4472,-85.4818,68.04,1600
2019,3,3,FL,3,30.4934,-84.1262,8.83,700
2019,4,13,TX,3,30.8832,-96.6999,32.48,250
2019,4,13,TX,3,31.428,-95.2718,41.13,880
2019,4,19,VA,3,36.8564,-79.8906,8.11,250
2019,4,25,LA,3,32.5112,-92.6729,11.15,1000
2019,4,30,OK,3,33.9711,-96.2071,27.6,1400
2019,5,17,NE,3,40.6119,-100.2722,2.12,400
2019,5,17,KS,3,37.3497,-100.1384,29.62,600
2019,5,18,TX,3,31.5142,-100.0926,18.01,1760
2019,5,18,TX,3,31.835,-99.7791,5.79,1760
2019,5,18,TX,3,31.8604,-99.5939,7.84,300
2019,5,20,TX,3,31.7333,-102.3041,5.8,225
2019,5,21,KS,3,39.9243,-95.9335,5.9,300
2019,5,22,KS,3,37.1096,-94.6244,9.22,440
2019,5,22,MO,3,37.308,-94.2343,11.29,880
2019,5,22,MO,3,38.3344,-92.6132,32.68,1500
2019,5,23,TX,3,36.4807,-100.1212,15.7,1500
2019,5,25,OK,3,35.5,-97.955,2.2,75
2019,5,27,IA,3,40.667,-91.9983,7.27,100
2019,5,27,IN,3,40.981,-86.1276,13.72,800
2019,5,27,IN,3,40.577,-85.392,12.76,1200
2019,5,27,OH,3,40.5515,-84.6911,10.84,250
2019,5,27,OH,3,39.9759,-84.4679,10.49,1320
2019,5,27,OH,4,39.8243,-84.4632,18.17,1050
2019,5,27,OH,3,39.769,-84.1092,9.92,1230
2019,5,28,KS,4,38.8381,-95.3665,29.07,1760
2019,8,20,IA,3,41.2582,-93.5239,5.4,710
2019,9,24,WI,3,44.8649,-91.6908,6.97,725
2020,3,28,AR,3,35.8094,-90.6852,12.53,600
2020,3,3,TN,3,36.1717,-86.9562,60.13,1600
2020,3,3,TN,4,36.1715,-85.6628,8.39,900
2020,4,12,LA,3,32.4706,-92.1699,8.01,300
2020,4,12,LA,3,32.6215,-92.0977,2.6,400
2020,4,12,MS,4,31.2763,-90.1732,21.17,1936
2020,4,12,MS,4,31.4641,-89.7579,67.43,3960
2020,4,12,MS,3,31.3712,-90.1101,83.22,2041
2020,4,12,GA,3,34.9407,-85.2582,19.34,1500
2020,4,13,GA,3,32.8496,-84.3335,16.63,1200
2020,4,13,GA,3,33.0298,-84.033,5.3,300
2020,4,13,SC,3,34.617,-83.084,16.71,1000
2020,4,13,SC,3,33.2751,-81.7048,37.88,800
2020,4,13,SC,3,33.2754,-81.5438,8.49,50
2020,4,13,SC,3,33.3158,-81.3944,35.68,770
2020,4,13,SC,3,33.3177,-81.2903,1.39,40
2020,4,13,SC,3,33.2071,-81.2742,5.37,800
2020,4,13,SC,4,32.7045,-81.2899,23.73,1300
2020,4,13,SC,3,33.1816,-79.9901,5.74,400
2020,4,19,MS,4,31.0707,-89.9646,53.76,2275
2020,4,22,TX,3,30.8409,-95.1824,28.51,1100
2020,5,17,LA,3,30.4597,-92.2678,3.93,100
2020,7,8,MN,4,46.09,-95.94,8.86,650
2020,8,3,NC,3,35.887,-76.89,10.0,600
2021,10,24,MO,3,37.7049,-90.4095,16.74,450
2021,10,24,MO,3,37.5425,-90.3921,18.84,880
2021,12,10,AR,4,35.7867,-90.5511,81.17,1800
2021,12,10,MO,3,38.598,-90.907,24.77,150
2021,12,10,IL,3,38.757,-90.058,4.22,300
2021,12,10,TN,4,36.483,-89.135,168.53,2600
2021,12,10,TN,3,36.12,-89.26,122.62,2000
2021,12,11,KY,3,36.8594,-87.0315,28.02,1400
2021,12,11,KY,3,36.916,-86.618,29.26,440
2021,12,11,KY,3,37.408,-85.427,14.54,450
2021,1,25,AL,3,33.5965,-86.8256,10.4,900
2021,2,15,NC,3,33.9118,-78.5096,21.9,275
2021,3,25,AL,3,32.9386,-87.5753,11.11,1400
2021,3,25,AL,3,33.1157,-87.1707,50.13,1140
2021,3,25,AL,3,33.7026,-86.1053,38.17,1700
2021,3,25,AL,3,32.6892,-87.7387,79.66,2300
2021,3,25,GA,4,33.2533,-85.1895,38.56,1850
2021,4,10,LA,3,30.666,-91.9586,8.71,200
2021,4,27,TX,3,33.751,-99.921,8.4,400
2021,6,20,IL,3,41.7451,-88.1947,17.6,600
2021,7,14,IA,3,42.2605,-94.7834,10.81,505
2021,7,29,PA,3,40.13,-75.005,3.4,530
2021,8,7,WI,3,43.1305,-90.7199,9.38,1100
2021,9,1,NJ,3,39.6769,-75.25,12.37,400
2022,11,29,LA,3,31.9743,-92.0655,7.9,300
2022,11,30,MS,3,31.3351,-88.5049,19.03,500
2022,11,4,TX,4,33.5995,-95.749,44.71,1700
2022,11,4,TX,4,33.5047,-95.2418,60.23,1056
2022,11,4,TX,3,33.0218,-94.8157,16.91,650
2022,11,4,TX,3,33.3163,-94.5625,15.65,800
2022,12,13,LA,3,32.772,-92.4683,9.06,500
2022,3,21,TX,3,33.0446,-98.3298,34.5,880
2022,3,22,MS,3,32.6016,-88.8976,9.21,800
2022,3,22,LA,3,29.8849,-90.0535,11.47,320
2022,3,30,AR,3,36.122,-94.156,5.2,350
2022,3,30,AL,3,32.7471,-87.1201,29.24,1200
2022,3,31,FL,3,30.6376,-85.5108,12.14,200
2022,3,5,IA,4,41.2334,-94.2013,70.57,900
2022,3,5,IA,3,40.9405,-93.3854,11.28,350
2022,4,12,TX,3,30.8846,-97.788,16.55,770
2022,4,29,KS,3,37.6262,-97.193,12.65,250
2022,4,5,GA,3,32.548,-83.6024,3.89,820
2022,4,5,SC,3,32.9286,-81.3756,13.28,1000
2022,4,5,GA,4,32.1202,-81.6561,14.39,1300
2022,4,5,SC,3,33.0993,-81.218,34.49,500
2022,5,20,MI,3,44.9743,-84.8794,17.54,200
2022,5,30,SD,3,44.7958,-96.8255,13.31,100
2022,5,4,TX,3,33.935,-99.616,23.1,600
2023,12,9,TN,3,36.5746,-87.4718,47.22,600
2023,1,12,AL,3,32.5212,-86.7312,82.31,1500
2023,1,12,GA,3,33.1654,-84.4785,31.16,2200
2023,1,24,TX,3,29.5958,-95.2483,23.3,1000
2023,3,24,MS,4,32.84,-91.0,59.23,1320
2023,3,24,MS,3,33.31,-90.04,29.43,1550
2023,3,24,MS,3,33.8527,-88.7576,36.56,1600
2023,3,26,GA,3,32.8984,-85.1856,21.54,500
2023,3,31,AR,3,34.7251,-92.4824,34.23,800
2023,3,31,IA,3,41.0615,-92.3334,26.09,1000
2023,3,31,IA,4,41.31,-92.03,19.9,700
2023,3,31,AR,3,35.1818,-90.9611,72.55,1600
2023,3,31,TN,3,35.4621,-89.8323,39.18,2000
2023,3,31,IL,3,38.9018,-88.0604,40.89,700
2023,3,31,IN,3,39.2978,-86.7282,5.92,400
2023,3,31,IN,3,39.5363,-86.1042,5.48,316
2023,3,31,IN,3,40.4811,-85.5929,6.35,200
2023,3,31,TN,3,35.1559,-88.8175,86.01,1400
2023,4,19,OK,3,35.082,-97.634,10.9,1200
2023,4,19,OK,3,35.229,-97.111,0.6,250
2023,4,30,VA,3,36.883,-76.086,4.5,350
2023,4,1,AL,3,34.9746,-86.5738,12.03,215
2023,4,1,DE,3,38.757,-75.6398,14.3,700
2023,4,4,IL,3,40.3308,-90.3233,19.92,600
2023,6,15,TX,3,36.4135,-100.8302,6.31,880
2023,6,18,MS,3,32.0179,-89.2884,6.46,1350
2023,6,21,TX,3,34.12,-100.85,9.14,600
2023,6,23,CO,3,37.89,-102.38,13.12,320
2023,7,19,NC,3,36.0009,-77.8778,13.53,600
2023,8,7,NY,3,43.46,-75.51,16.0,700
2023,8,8,CO,3,40.1455,-102.9141,15.65,212
2024,10,9,FL,3,26.8878,-81.0381,15.46,250
2024,10,9,FL,3,26.5555,-80.3321,32.89,457
2024,10,9,FL,3,27.374,-80.427,21.24,500
2024,11,3,OK,3,35.364,-97.438,2.4,400
2024,11,3,OK,3,34.291,-97.969,21.7,500
2024,11,3,OK,3,35.4,-97.242,25.1,1000
2024,12,28,TX,3,30.15,-95.33,10.34,1675
2024,12,28,TX,3,29.65,-94.7,67.88,880
2024,12,28,MS,3,31.3773,-90.8606,25.98,1500
2024,1,9,FL,3,30.1384,-85.7526,5.2,550
2024,3,14,OH,3,40.5193,-84.1664,31.33,1000
2024,3,14,IN,3,40.1785,-85.1251,41.34,700
2024,4,26,NE,3,41.2028,-98.6199,9.31,600
2024,4,26,NE,3,40.8575,-96.6121,5.25,700
2024,4,26,NE,4,41.2,-96.33,31.89,1900
2024,4,26,IA,3,41.26,-95.9,19.06,550
2024,4,26,IA,3,41.18,-95.73,13.31,900
2024,4,26,IA,3,41.32,-95.62,40.27,1900
2024,4,27,OK,3,34.474,-96.992,9.91,440
2024,4,27,OK,3,35.001,-96.442,27.9,1760
2024,4,27,OK,4,33.915,-97.144,26.8,900
2024,4,30,KS,3,39.39,-96.44,2.24,100
2024,5,21,IA,3,40.856,-95.201,33.86,1300
2024,5,21,IA,4,40.8996,-94.9285,40.65,1600
2024,5,22,TX,3,31.5844,-101.1025,4.79,400
2024,5,25,TX,3,33.526,-97.745,47.27,1400
2024,5,25,OK,3,36.3072,-95.7651,23.9,2000
2024,5,25,TX,3,33.3542,-96.7565,0.71,175
2024,5,25,OK,3,36.3013,-94.6176,7.9,3200
2024,5,26,AR,3,36.1745,-93.0533,21.6,2000
2024,5,26,AR,3,36.1943,-92.6909,34.6,1760
2024,5,26,MO,3,36.8013,-89.7204,19.57,300
2024,5,26,MO,3,37.0177,-91.7876,12.42,750
2024,5,26,IL,3,37.5804,-89.0161,4.87,300
2024,5,26,KY,3,37.1103,-88.069,34.14,700
2024,5,30,TX,3,31.66,-102.07,5.34,250
2024,5,2,TX,3,32.6241,-99.8609,3.29,210
2024,5,3,TX,3,31.8374,-100.4901,3.53,350
2024,5,6,OK,4,36.3304,-96.3559,40.8,1700
2024,5,8,TN,3,35.6095,-87.0007,11.53,900
2024,5,8,AL,3,34.7367,-87.2176,3.76,228
2024,5,8,AL,3,34.6407,-85.8578,12.34,880
2024,6,25,NE,3,42.09,-101.54,40.01,500
2024,6,2,TX,3,30.1531,-102.4236,0.91,250
2024,7,9,IN,3,37.93,-87.869,5.84,300
2024,8,8,NC,3,35.6527,-77.9637,6.5,200
2024,9,27,NC,3,35.9744,-77.7994,0.25,100
